23:55:42 | INFO  | __init__.py | PyTorch version 2.9.1+cu128 available.
23:55:42 | INFO  | __init__.py | JAX version 0.6.2 available.
23:55:45 | INFO  | atomic_chec~| [atomic_save] installed crash-safe checkpoint plugin (write to sibling .tmp + fsync + atomic rename)
[2026-06-07 23:55:45,514][root][INFO] - Cached 'action' from '/data1/likun-share/junjxu/.stable_worldmodel/datasets/phyworld_uniform_motion_id1k.h5'
[2026-06-07 23:55:45,515][root][INFO] - Cached 'proprio' from '/data1/likun-share/junjxu/.stable_worldmodel/datasets/phyworld_uniform_motion_id1k.h5'
23:55:45 | INFO  | utils.py    | Created ViT-tiny from scratch with config: {'hidden_size': 192, 'num_hidden_layers': 12, 'num_attention_heads': 3, 'intermediate_size': 768, 'image_size': 224, 'patch_size': 14}
[init_from_ckpt] /data1/likun-share/junjxu/.stable_worldmodel/lewm_paper_pusht/weights.pt
[init_from_ckpt] prefixes=('encoder.', 'projector.', 'pred_proj.') loaded=216 unexpected=0 missing=89
23:55:48 | INFO  | module.py   | Setting up DataModule
23:55:48 | INFO  | utils.py    | ── Module ────────────────────────────────────────
23:55:48 | WARN  | module.py   | ! No hyperparameters provided - hyperparameter logging is disabled.
23:55:48 | INFO  | module.py   |   Setting custom forward method.
23:55:48 | INFO  | module.py   |   Setting attribute: self.model = <class 'jepa.JEPA'>
23:55:48 | INFO  | module.py   |   Setting attribute: self.sigreg = <class 'module.SIGReg'>
23:55:48 | INFO  | module.py   |   Setting attribute: self.optim = <class 'dict'>
23:55:48 | INFO  | module.py   |   No metrics configuration provided - automatic metric tracking is disabled.
/home/likun-share/junjxu/wm/le-wm/.venv/lib/python3.10/site-packages/lightning/fabric/connector.py:571: `precision=bf16` is supported for historical reasons but its usage is discouraged. Please set your precision to bf16-mixed instead!
Using bfloat16 Automatic Mixed Precision (AMP)
23:55:48 | INFO  | env_info.py |   EnvironmentDumpCallback initialized (filename=environment.json, async=True)
23:55:48 | INFO  | utils.py    | ── HuggingFaceCheckpoint ─────────────────────────
23:55:48 | INFO  | hf_models.py|   save_dir: <cyan>hf_exports</cyan>
23:55:48 | INFO  | hf_models.py|   per_step: <cyan>False</cyan>  (False ⇒ overwrite single 'last/' subdir; True ⇒ keep step_N/)
Adding 14 callbacks from entry point 'stablepretraining_callbacks': PrintProgressBar, ModuleRegistryCallback, LoggingCallback, EnvironmentDumpCallback, TrainerInfo, SklearnCheckpoint, WandbCheckpoint, TrackioCheckpoint, SwanLabCheckpoint, ModuleSummary, SLURMInfo, LogUnusedParametersOnce, HuggingFaceCheckpointCallback, HardwareMonitor
GPU available: True (cuda), used: True
TPU available: False, using: 0 TPU cores
💡 Tip: For seamless cloud logging and experiment tracking, try installing [litlogger](https://pypi.org/project/litlogger/) to enable LitLogger, which logs metrics and artifacts automatically to the Lightning Experiments platform.
23:55:48 | INFO  | utils.py    | ── SIGTERM preempt handler — install ─────────────
23:55:48 | INFO  | manager.py  |   SLURM_JOB_ID         = None
23:55:48 | INFO  | manager.py  |   SLURM_RESTART_COUNT  = '0'
23:55:48 | INFO  | manager.py  |   SLURM_PROCID         = '?'
23:55:48 | INFO  | manager.py  |   SLURM_NODEID         = '?'
23:55:48 | INFO  | manager.py  |   → not under SLURM (SLURM_JOB_ID unset); leaving SIGTERM handler as-is. Forwarding to submitit's USR signal would be a no-op since submitit isn't running upstream.
23:55:48 | WARN  | manager.py  | User didn't specify seed, runs won't be exactly reproducible!
23:55:48 | INFO  | manager.py  |   Manager init: ckpt_path=None, weights_only=True
23:55:48 | INFO  | utils.py    | ── WorkingDirectory ──────────────────────────────
23:55:48 | INFO  | manager.py  |   cwd: /home/likun-share/junjxu/wm/le-wm
23:55:48 | INFO  | utils.py    | ── Seed ──────────────────────────────────────────
23:55:48 | INFO  | manager.py  |   seed: None
/home/likun-share/junjxu/wm/le-wm/.venv/lib/python3.10/site-packages/lightning/fabric/utilities/seed.py:44: No seed found, seed set to 0
Seed set to 0
23:55:48 | INFO  | utils.py    | ── RunDirectory ──────────────────────────────────
23:55:48 | INFO  | manager.py  |   cache_dir = /data1/likun-share/junjxu/.cache_stable-pretraining
23:55:48 | INFO  | manager.py  |   ddp: launch_key=(single-process) rank=0 is_rank_zero=True
23:55:48 | INFO  | utils.py    | ── RunDirectory: requeue probe ───────────────────
23:55:48 | INFO  | manager.py  |   SLURM session key   = (no SLURM)
23:55:48 | INFO  | manager.py  |   SLURM_RESTART_COUNT = 0
23:55:48 | INFO  | manager.py  |   in_requeue          = False
23:55:48 | INFO  | utils.py    | ── RunDirectory: fresh ───────────────────────────
23:55:48 | INFO  | manager.py  |   no user ckpt_path — training from scratch / pretrained backbone.
23:55:48 | INFO  | manager.py  |   created run_dir = /data1/likun-share/junjxu/.cache_stable-pretraining/runs/20260607/235548/85a215805937
23:55:48 | INFO  | manager.py  |   wrote run_meta.json with run_id=85a215805937
23:55:48 | INFO  | manager.py  |   SLURM index = (no SLURM, skipped)
23:55:48 | WARN  | manager.py  | ! cache_dir is set but the Trainer was passed as an already-instantiated object. Cannot override default_root_dir cleanly. Consider passing the trainer as a config dict instead.
23:55:48 | WARN  | manager.py  | ! Hydra run.dir='outputs/2026-06-07/23-55-45' will be ignored for trainer outputs (cache_dir takes precedence).
23:55:48 | WARN  | manager.py  | ! Hydra sweep.dir='multirun/2026-06-07/23-55-45' will be ignored for trainer outputs (cache_dir takes precedence).
23:55:48 | INFO  | logger.py   | [RegistryLogger] run_id=85a215805937 run_dir=/data1/likun-share/junjxu/.cache_stable-pretraining/runs/20260607/235548/85a215805937 — sidecar.json + summary.json + metrics.csv will live here
23:55:48 | INFO  | utils.py    | ── RegistryLogger ────────────────────────────────
23:55:48 | INFO  | manager.py  |   run_dir: /data1/likun-share/junjxu/.cache_stable-pretraining/runs/20260607/235548/85a215805937
23:55:48 | INFO  | manager.py  |   run_id:  85a215805937
23:55:48 | INFO  | utils.py    | ── CSVLogger ─────────────────────────────────────
23:55:48 | INFO  | manager.py  |   root_dir: /data1/likun-share/junjxu/.cache_stable-pretraining/runs/20260607/235548/85a215805937/
23:55:48 | INFO  | manager.py  |   save_dir: /data1/likun-share/junjxu/.cache_stable-pretraining/runs/20260607/235548/85a215805937
23:55:48 | INFO  | manager.py  |   log_dir: /data1/likun-share/junjxu/.cache_stable-pretraining/runs/20260607/235548/85a215805937/
23:55:48 | INFO  | utils.py    | ── SignalHandlers (after submitit setup (spt SIGTERM installed in __init__)) ──
23:55:48 | INFO  | manager.py  |   SIGUSR1  → SIG_DFL (default OS action — terminate process)
23:55:48 | INFO  | manager.py  |   SIGUSR2  → SIG_DFL (default OS action — terminate process)
23:55:48 | INFO  | manager.py  |   SIGCONT  → SIG_DFL (default OS action — terminate process)
23:55:48 | INFO  | manager.py  |   SIGTERM  → SIG_DFL (default OS action — terminate process)
23:55:48 | INFO  | utils.py    | ── Callbacks ─────────────────────────────────────
23:55:48 | INFO  | manager.py  |   count: 19
23:55:48 | INFO  | utils.py    | ── CacheDirCheckpointing ─────────────────────────
23:55:48 | INFO  | manager.py  |   Saving checkpoints to: /data1/likun-share/junjxu/.cache_stable-pretraining/runs/20260607/235548/85a215805937/checkpoints
23:55:48 | WARN  | manager.py  |   Redirecting HuggingFaceCheckpointCallback from 'hf_exports' to '/data1/likun-share/junjxu/.cache_stable-pretraining/runs/20260607/235548/85a215805937/hf_exports' (cache_dir is active — prevents races on a shared cache)
23:55:48 | INFO  | manager.py  |   Added requeue checkpoint (filename='last')
23:55:48 | INFO  | utils.py    | ── LoadPath resolution ───────────────────────────
23:55:48 | INFO  | manager.py  |   in_requeue = False
23:55:48 | INFO  | manager.py  |   user ckpt_path = None
23:55:48 | INFO  | manager.py  |   user weights_only = True
23:55:48 | INFO  | manager.py  |   → no ckpt_path; training from scratch.
23:55:48 | INFO  | utils.py    | ── TrainerFit ────────────────────────────────────
23:55:48 | INFO  | manager.py  |   ckpt_path:     None
23:55:48 | INFO  | manager.py  |   weights_only:  None
23:55:48 | INFO  | utils.py    | ── SignalHandlers (before Trainer.fit() (handler installed in __init__)) ──
23:55:48 | INFO  | manager.py  |   SIGUSR1  → SIG_DFL (default OS action — terminate process)
23:55:48 | INFO  | manager.py  |   SIGUSR2  → SIG_DFL (default OS action — terminate process)
23:55:48 | INFO  | manager.py  |   SIGCONT  → SIG_DFL (default OS action — terminate process)
23:55:48 | INFO  | manager.py  |   SIGTERM  → SIG_DFL (default OS action — terminate process)
23:55:48 | INFO  | manager.py  |   → entering Trainer.fit(); lightning's _SignalConnector will now register its own handlers. SIGTERM will become _HandlersCompose([_sigterm_notifier_fn, _sigterm_handler_fn, spt._handler]); USR-sig binding from submitit is preserved (lightning skips USR registration when one already exists).
💡 Tip: For seamless cloud uploads and versioning, try installing [litmodels](https://pypi.org/project/litmodels/) to enable LitModelCheckpoint, which syncs automatically with the Lightning model registry.
You are using a CUDA device ('NVIDIA A800-SXM4-80GB') that has Tensor Cores. To properly utilize them, you should set `torch.set_float32_matmul_precision('medium' | 'high')` which will trade-off precision for performance. For more details, read https://pytorch.org/docs/stable/generated/torch.set_float32_matmul_precision.html#torch.set_float32_matmul_precision
23:55:50 | OK    | module.py   | ✓ dataset for fit loaded
23:55:50 | INFO  | module.py   |   setup was done by user
23:55:50 | INFO  | utils.py    | ── EnvironmentDump ───────────────────────────────
23:55:50 | INFO  | env_info.py |   log_dir: /home/likun-share/.cache/stable-pretraining
23:55:50 | INFO  | env_info.py |   Running environment dump in background thread (non-blocking)
23:55:50 | INFO  | env_info.py |   Collecting environment information...
23:55:50 | OK    | env_info.py | ✓ Background thread started successfully
23:55:50 | OK    | env_info.py | ✓ Python 3.10.12
23:55:50 | INFO  | trainer_inf~|   linking trainer to DataModule
23:55:50 | OK    | env_info.py | ✓ System: Linux 5.15.0-113-generic (x86_64)
23:55:50 | INFO  | utils.py    | ── Callbacks (in order) ──────────────────────────
23:55:50 | INFO  | env_info.py |   Hostname: 10-116-90-13
23:55:50 | INFO  | utils.py    |     [ 0] ModelObjectCallBack
23:55:50 | INFO  | utils.py    |     [ 1] RichProgressBar
23:55:50 | INFO  | utils.py    |     [ 2] RichModelSummary
23:55:50 | INFO  | utils.py    |     [ 3] PrintProgressBar
23:55:50 | INFO  | utils.py    |     [ 4] ModuleRegistryCallback
23:55:50 | INFO  | utils.py    |     [ 5] LoggingCallback
23:55:50 | INFO  | utils.py    |     [ 6] EnvironmentDumpCallback
23:55:50 | INFO  | utils.py    |     [ 7] TrainerInfo
23:55:50 | INFO  | utils.py    |     [ 8] SklearnCheckpoint
23:55:50 | INFO  | utils.py    |     [ 9] WandbCheckpoint
23:55:50 | INFO  | utils.py    |     [10] TrackioCheckpoint
23:55:50 | INFO  | utils.py    |     [11] SwanLabCheckpoint
23:55:50 | INFO  | utils.py    |     [12] ModuleSummary
23:55:50 | INFO  | utils.py    |     [13] SLURMInfo
23:55:50 | INFO  | utils.py    |     [14] LogUnusedParametersOnce
23:55:50 | INFO  | utils.py    |     [15] HuggingFaceCheckpointCallback
23:55:50 | INFO  | utils.py    |     [16] HardwareMonitor
23:55:50 | INFO  | utils.py    |     [17] ModelCheckpoint
23:55:50 | INFO  | utils.py    |     [18] _RunDirCallback
23:55:50 | INFO  | utils.py    |     [19] ModelCheckpoint
23:55:50 | INFO  | utils.py    |   ⚑ marks order-sensitive callbacks; see AGENTS.md → Callback ordering for the full rules.
23:55:50 | INFO  | utils.py    | ── SklearnCheckpoint ─────────────────────────────
23:55:50 | INFO  | checkpoint_~|   Sklearn Modules:
23:55:50 | INFO  | checkpoint_~| 
┏━━━━━━━━━━┳━━━━━━━━┳━━━━━━━━┓
┃ Module   ┃ Name   ┃ Type   ┃
┣━━━━━━━━━━╋━━━━━━━━╋━━━━━━━━┫
┗━━━━━━━━━━┻━━━━━━━━┻━━━━━━━━┛
23:55:50 | INFO  | utils.py    | ── WandbCheckpoint ───────────────────────────────
23:55:50 | INFO  | utils.py    | ── TrackioCheckpoint ─────────────────────────────
23:55:50 | INFO  | utils.py    | ── SwanLabCheckpoint ─────────────────────────────
23:55:50 | INFO  | utils.py    | ── PyTorch Modules ───────────────────────────────
23:55:50 | WARN  | module.py   | ! You are calling self.parameters which also gives callbacks parameters, to remove them, pass `with_callbacks=False`
23:55:50 | INFO  | trainer_inf~| \n+---------------------------------------------------------+----------------------+--------------------------+--------------------------+---------+
| Module                                                  | Trainable parameters | Non Trainable parameters | Uninitialized parameters | Buffers |
+---------------------------------------------------------+----------------------+--------------------------+--------------------------+---------+
|                                                         |             18034784 |                        0 |                        0 |    8245 |
| callbacks_modules                                       |                    0 |                        0 |                        0 |       0 |
| callbacks_metrics                                       |                    0 |                        0 |                        0 |       0 |
| model                                                   |             18034784 |                        0 |                        0 |    8194 |
| model.encoder                                           |              5501376 |                        0 |                        0 |       0 |
| model.encoder.embeddings                                |               162624 |                        0 |                        0 |       0 |
| model.encoder.embeddings.patch_embeddings               |               113088 |                        0 |                        0 |       0 |
| model.encoder.embeddings.patch_embeddings.projection    |               113088 |                        0 |                        0 |       0 |
| model.encoder.embeddings.dropout                        |                    0 |                        0 |                        0 |       0 |
| model.encoder.layers                                    |              5338368 |                        0 |                        0 |       0 |
| model.encoder.layers.0                                  |               444864 |                        0 |                        0 |       0 |
| model.encoder.layers.0.attention                        |               148224 |                        0 |                        0 |       0 |
| model.encoder.layers.0.attention.q_proj                 |                37056 |                        0 |                        0 |       0 |
| model.encoder.layers.0.attention.k_proj                 |                37056 |                        0 |                        0 |       0 |
| model.encoder.layers.0.attention.v_proj                 |                37056 |                        0 |                        0 |       0 |
| model.encoder.layers.0.attention.o_proj                 |                37056 |                        0 |                        0 |       0 |
| model.encoder.layers.0.layernorm_before                 |                  384 |                        0 |                        0 |       0 |
| model.encoder.layers.0.layernorm_after                  |                  384 |                        0 |                        0 |       0 |
| model.encoder.layers.0.mlp                              |               295872 |                        0 |                        0 |       0 |
| model.encoder.layers.0.mlp.activation_fn                |                    0 |                        0 |                        0 |       0 |
| model.encoder.layers.0.mlp.fc1                          |               148224 |                        0 |                        0 |       0 |
| model.encoder.layers.0.mlp.fc2                          |               147648 |                        0 |                        0 |       0 |
| model.encoder.layers.0.dropout                          |                    0 |                        0 |                        0 |       0 |
| model.encoder.layers.1                                  |               444864 |                        0 |                        0 |       0 |
| model.encoder.layers.1.attention                        |               148224 |                        0 |                        0 |       0 |
| model.encoder.layers.1.attention.q_proj                 |                37056 |                        0 |                        0 |       0 |
| model.encoder.layers.1.attention.k_proj                 |                37056 |                        0 |                        0 |       0 |
| model.encoder.layers.1.attention.v_proj                 |                37056 |                        0 |                        0 |       0 |
| model.encoder.layers.1.attention.o_proj                 |                37056 |                        0 |                        0 |       0 |
| model.encoder.layers.1.layernorm_before                 |                  384 |                        0 |                        0 |       0 |
| model.encoder.layers.1.layernorm_after                  |                  384 |                        0 |                        0 |       0 |
| model.encoder.layers.1.mlp                              |               295872 |                        0 |                        0 |       0 |
| model.encoder.layers.1.mlp.activation_fn                |                    0 |                        0 |                        0 |       0 |
| model.encoder.layers.1.mlp.fc1                          |               148224 |                        0 |                        0 |       0 |
| model.encoder.layers.1.mlp.fc2                          |               147648 |                        0 |                        0 |       0 |
| model.encoder.layers.1.dropout                          |                    0 |                        0 |                        0 |       0 |
| model.encoder.layers.2                                  |               444864 |                        0 |                        0 |       0 |
| model.encoder.layers.2.attention                        |               148224 |                        0 |                        0 |       0 |
| model.encoder.layers.2.attention.q_proj                 |                37056 |                        0 |                        0 |       0 |
| model.encoder.layers.2.attention.k_proj                 |                37056 |                        0 |                        0 |       0 |
| model.encoder.layers.2.attention.v_proj                 |                37056 |                        0 |                        0 |       0 |
| model.encoder.layers.2.attention.o_proj                 |                37056 |                        0 |                        0 |       0 |
| model.encoder.layers.2.layernorm_before                 |                  384 |                        0 |                        0 |       0 |
| model.encoder.layers.2.layernorm_after                  |                  384 |                        0 |                        0 |       0 |
| model.encoder.layers.2.mlp                              |               295872 |                        0 |                        0 |       0 |
| model.encoder.layers.2.mlp.activation_fn                |                    0 |                        0 |                        0 |       0 |
| model.encoder.layers.2.mlp.fc1                          |               148224 |                        0 |                        0 |       0 |
| model.encoder.layers.2.mlp.fc2                          |               147648 |                        0 |                        0 |       0 |
| model.encoder.layers.2.dropout                          |                    0 |                        0 |                        0 |       0 |
| model.encoder.layers.3                                  |               444864 |                        0 |                        0 |       0 |
| model.encoder.layers.3.attention                        |               148224 |                        0 |                        0 |       0 |
| model.encoder.layers.3.attention.q_proj                 |                37056 |                        0 |                        0 |       0 |
| model.encoder.layers.3.attention.k_proj                 |                37056 |                        0 |                        0 |       0 |
| model.encoder.layers.3.attention.v_proj                 |                37056 |                        0 |                        0 |       0 |
| model.encoder.layers.3.attention.o_proj                 |                37056 |                        0 |                        0 |       0 |
| model.encoder.layers.3.layernorm_before                 |                  384 |                        0 |                        0 |       0 |
| model.encoder.layers.3.layernorm_after                  |                  384 |                        0 |                        0 |       0 |
| model.encoder.layers.3.mlp                              |               295872 |                        0 |                        0 |       0 |
| model.encoder.layers.3.mlp.activation_fn                |                    0 |                        0 |                        0 |       0 |
| model.encoder.layers.3.mlp.fc1                          |               148224 |                        0 |                        0 |       0 |
| model.encoder.layers.3.mlp.fc2                          |               147648 |                        0 |                        0 |       0 |
| model.encoder.layers.3.dropout                          |                    0 |                        0 |                        0 |       0 |
| model.encoder.layers.4                                  |               444864 |                        0 |                        0 |       0 |
| model.encoder.layers.4.attention                        |               148224 |                        0 |                        0 |       0 |
| model.encoder.layers.4.attention.q_proj                 |                37056 |                        0 |                        0 |       0 |
| model.encoder.layers.4.attention.k_proj                 |                37056 |                        0 |                        0 |       0 |
| model.encoder.layers.4.attention.v_proj                 |                37056 |                        0 |                        0 |       0 |
| model.encoder.layers.4.attention.o_proj                 |                37056 |                        0 |                        0 |       0 |
| model.encoder.layers.4.layernorm_before                 |                  384 |                        0 |                        0 |       0 |
| model.encoder.layers.4.layernorm_after                  |                  384 |                        0 |                        0 |       0 |
| model.encoder.layers.4.mlp                              |               295872 |                        0 |                        0 |       0 |
| model.encoder.layers.4.mlp.activation_fn                |                    0 |                        0 |                        0 |       0 |
| model.encoder.layers.4.mlp.fc1                          |               148224 |                        0 |                        0 |       0 |
| model.encoder.layers.4.mlp.fc2                          |               147648 |                        0 |                        0 |       0 |
| model.encoder.layers.4.dropout                          |                    0 |                        0 |                        0 |       0 |
| model.encoder.layers.5                                  |               444864 |                        0 |                        0 |       0 |
| model.encoder.layers.5.attention                        |               148224 |                        0 |                        0 |       0 |
| model.encoder.layers.5.attention.q_proj                 |                37056 |                        0 |                        0 |       0 |
| model.encoder.layers.5.attention.k_proj                 |                37056 |                        0 |                        0 |       0 |
| model.encoder.layers.5.attention.v_proj                 |                37056 |                        0 |                        0 |       0 |
| model.encoder.layers.5.attention.o_proj                 |                37056 |                        0 |                        0 |       0 |
| model.encoder.layers.5.layernorm_before                 |                  384 |                        0 |                        0 |       0 |
| model.encoder.layers.5.layernorm_after                  |                  384 |                        0 |                        0 |       0 |
| model.encoder.layers.5.mlp                              |               295872 |                        0 |                        0 |       0 |
| model.encoder.layers.5.mlp.activation_fn                |                    0 |                        0 |                        0 |       0 |
| model.encoder.layers.5.mlp.fc1                          |               148224 |                        0 |                        0 |       0 |
| model.encoder.layers.5.mlp.fc2                          |               147648 |                        0 |                        0 |       0 |
| model.encoder.layers.5.dropout                          |                    0 |                        0 |                        0 |       0 |
| model.encoder.layers.6                                  |               444864 |                        0 |                        0 |       0 |
| model.encoder.layers.6.attention                        |               148224 |                        0 |                        0 |       0 |
| model.encoder.layers.6.attention.q_proj                 |                37056 |                        0 |                        0 |       0 |
| model.encoder.layers.6.attention.k_proj                 |                37056 |                        0 |                        0 |       0 |
| model.encoder.layers.6.attention.v_proj                 |                37056 |                        0 |                        0 |       0 |
| model.encoder.layers.6.attention.o_proj                 |                37056 |                        0 |                        0 |       0 |
| model.encoder.layers.6.layernorm_before                 |                  384 |                        0 |                        0 |       0 |
| model.encoder.layers.6.layernorm_after                  |                  384 |                        0 |                        0 |       0 |
| model.encoder.layers.6.mlp                              |               295872 |                        0 |                        0 |       0 |
| model.encoder.layers.6.mlp.activation_fn                |                    0 |                        0 |                        0 |       0 |
| model.encoder.layers.6.mlp.fc1                          |               148224 |                        0 |                        0 |       0 |
| model.encoder.layers.6.mlp.fc2                          |               147648 |                        0 |                        0 |       0 |
| model.encoder.layers.6.dropout                          |                    0 |                        0 |                        0 |       0 |
| model.encoder.layers.7                                  |               444864 |                        0 |                        0 |       0 |
| model.encoder.layers.7.attention                        |               148224 |                        0 |                        0 |       0 |
| model.encoder.layers.7.attention.q_proj                 |                37056 |                        0 |                        0 |       0 |
| model.encoder.layers.7.attention.k_proj                 |                37056 |                        0 |                        0 |       0 |
| model.encoder.layers.7.attention.v_proj                 |                37056 |                        0 |                        0 |       0 |
| model.encoder.layers.7.attention.o_proj                 |                37056 |                        0 |                        0 |       0 |
| model.encoder.layers.7.layernorm_before                 |                  384 |                        0 |                        0 |       0 |
| model.encoder.layers.7.layernorm_after                  |                  384 |                        0 |                        0 |       0 |
| model.encoder.layers.7.mlp                              |               295872 |                        0 |                        0 |       0 |
| model.encoder.layers.7.mlp.activation_fn                |                    0 |                        0 |                        0 |       0 |
| model.encoder.layers.7.mlp.fc1                          |               148224 |                        0 |                        0 |       0 |
| model.encoder.layers.7.mlp.fc2                          |               147648 |                        0 |                        0 |       0 |
| model.encoder.layers.7.dropout                          |                    0 |                        0 |                        0 |       0 |
| model.encoder.layers.8                                  |               444864 |                        0 |                        0 |       0 |
| model.encoder.layers.8.attention                        |               148224 |                        0 |                        0 |       0 |
| model.encoder.layers.8.attention.q_proj                 |                37056 |                        0 |                        0 |       0 |
| model.encoder.layers.8.attention.k_proj                 |                37056 |                        0 |                        0 |       0 |
| model.encoder.layers.8.attention.v_proj                 |                37056 |                        0 |                        0 |       0 |
| model.encoder.layers.8.attention.o_proj                 |                37056 |                        0 |                        0 |       0 |
| model.encoder.layers.8.layernorm_before                 |                  384 |                        0 |                        0 |       0 |
| model.encoder.layers.8.layernorm_after                  |                  384 |                        0 |                        0 |       0 |
| model.encoder.layers.8.mlp                              |               295872 |                        0 |                        0 |       0 |
| model.encoder.layers.8.mlp.activation_fn                |                    0 |                        0 |                        0 |       0 |
| model.encoder.layers.8.mlp.fc1                          |               148224 |                        0 |                        0 |       0 |
| model.encoder.layers.8.mlp.fc2                          |               147648 |                        0 |                        0 |       0 |
| model.encoder.layers.8.dropout                          |                    0 |                        0 |                        0 |       0 |
| model.encoder.layers.9                                  |               444864 |                        0 |                        0 |       0 |
| model.encoder.layers.9.attention                        |               148224 |                        0 |                        0 |       0 |
| model.encoder.layers.9.attention.q_proj                 |                37056 |                        0 |                        0 |       0 |
| model.encoder.layers.9.attention.k_proj                 |                37056 |                        0 |                        0 |       0 |
| model.encoder.layers.9.attention.v_proj                 |                37056 |                        0 |                        0 |       0 |
| model.encoder.layers.9.attention.o_proj                 |                37056 |                        0 |                        0 |       0 |
| model.encoder.layers.9.layernorm_before                 |                  384 |                        0 |                        0 |       0 |
| model.encoder.layers.9.layernorm_after                  |                  384 |                        0 |                        0 |       0 |
| model.encoder.layers.9.mlp                              |               295872 |                        0 |                        0 |       0 |
| model.encoder.layers.9.mlp.activation_fn                |                    0 |                        0 |                        0 |       0 |
| model.encoder.layers.9.mlp.fc1                          |               148224 |                        0 |                        0 |       0 |
| model.encoder.layers.9.mlp.fc2                          |               147648 |                        0 |                        0 |       0 |
| model.encoder.layers.9.dropout                          |                    0 |                        0 |                        0 |       0 |
| model.encoder.layers.10                                 |               444864 |                        0 |                        0 |       0 |
| model.encoder.layers.10.attention                       |               148224 |                        0 |                        0 |       0 |
| model.encoder.layers.10.attention.q_proj                |                37056 |                        0 |                        0 |       0 |
| model.encoder.layers.10.attention.k_proj                |                37056 |                        0 |                        0 |       0 |
| model.encoder.layers.10.attention.v_proj                |                37056 |                        0 |                        0 |       0 |
| model.encoder.layers.10.attention.o_proj                |                37056 |                        0 |                        0 |       0 |
| model.encoder.layers.10.layernorm_before                |                  384 |                        0 |                        0 |       0 |
| model.encoder.layers.10.layernorm_after                 |                  384 |                        0 |                        0 |       0 |
| model.encoder.layers.10.mlp                             |               295872 |                        0 |                        0 |       0 |
| model.encoder.layers.10.mlp.activation_fn               |                    0 |                        0 |                        0 |       0 |
| model.encoder.layers.10.mlp.fc1                         |               148224 |                        0 |                        0 |       0 |
| model.encoder.layers.10.mlp.fc2                         |               147648 |                        0 |                        0 |       0 |
| model.encoder.layers.10.dropout                         |                    0 |                        0 |                        0 |       0 |
| model.encoder.layers.11                                 |               444864 |                        0 |                        0 |       0 |
| model.encoder.layers.11.attention                       |               148224 |                        0 |                        0 |       0 |
| model.encoder.layers.11.attention.q_proj                |                37056 |                        0 |                        0 |       0 |
| model.encoder.layers.11.attention.k_proj                |                37056 |                        0 |                        0 |       0 |
| model.encoder.layers.11.attention.v_proj                |                37056 |                        0 |                        0 |       0 |
| model.encoder.layers.11.attention.o_proj                |                37056 |                        0 |                        0 |       0 |
| model.encoder.layers.11.layernorm_before                |                  384 |                        0 |                        0 |       0 |
| model.encoder.layers.11.layernorm_after                 |                  384 |                        0 |                        0 |       0 |
| model.encoder.layers.11.mlp                             |               295872 |                        0 |                        0 |       0 |
| model.encoder.layers.11.mlp.activation_fn               |                    0 |                        0 |                        0 |       0 |
| model.encoder.layers.11.mlp.fc1                         |               148224 |                        0 |                        0 |       0 |
| model.encoder.layers.11.mlp.fc2                         |               147648 |                        0 |                        0 |       0 |
| model.encoder.layers.11.dropout                         |                    0 |                        0 |                        0 |       0 |
| model.encoder.layernorm                                 |                  384 |                        0 |                        0 |       0 |
| model.predictor                                         |             10791360 |                        0 |                        0 |       0 |
| model.predictor.dropout                                 |                    0 |                        0 |                        0 |       0 |
| model.predictor.transformer                             |             10790784 |                        0 |                        0 |       0 |
| model.predictor.transformer.norm                        |                  384 |                        0 |                        0 |       0 |
| model.predictor.transformer.layers                      |             10790400 |                        0 |                        0 |       0 |
| model.predictor.transformer.layers.0                    |              1798400 |                        0 |                        0 |       0 |
| model.predictor.transformer.layers.0.attn               |               787008 |                        0 |                        0 |       0 |
| model.predictor.transformer.layers.0.attn.norm          |                  384 |                        0 |                        0 |       0 |
| model.predictor.transformer.layers.0.attn.attend        |                    0 |                        0 |                        0 |       0 |
| model.predictor.transformer.layers.0.attn.to_qkv        |               589824 |                        0 |                        0 |       0 |
| model.predictor.transformer.layers.0.attn.to_out        |               196800 |                        0 |                        0 |       0 |
| model.predictor.transformer.layers.0.attn.to_out.0      |               196800 |                        0 |                        0 |       0 |
| model.predictor.transformer.layers.0.attn.to_out.1      |                    0 |                        0 |                        0 |       0 |
| model.predictor.transformer.layers.0.mlp                |               789056 |                        0 |                        0 |       0 |
| model.predictor.transformer.layers.0.mlp.net            |               789056 |                        0 |                        0 |       0 |
| model.predictor.transformer.layers.0.mlp.net.0          |                  384 |                        0 |                        0 |       0 |
| model.predictor.transformer.layers.0.mlp.net.1          |               395264 |                        0 |                        0 |       0 |
| model.predictor.transformer.layers.0.mlp.net.2          |                    0 |                        0 |                        0 |       0 |
| model.predictor.transformer.layers.0.mlp.net.3          |                    0 |                        0 |                        0 |       0 |
| model.predictor.transformer.layers.0.mlp.net.4          |               393408 |                        0 |                        0 |       0 |
| model.predictor.transformer.layers.0.mlp.net.5          |                    0 |                        0 |                        0 |       0 |
| model.predictor.transformer.layers.0.norm1              |                    0 |                        0 |                        0 |       0 |
| model.predictor.transformer.layers.0.norm2              |                    0 |                        0 |                        0 |       0 |
| model.predictor.transformer.layers.0.adaLN_modulation   |               222336 |                        0 |                        0 |       0 |
| model.predictor.transformer.layers.0.adaLN_modulation.0 |                    0 |                        0 |                        0 |       0 |
| model.predictor.transformer.layers.0.adaLN_modulation.1 |               222336 |                        0 |                        0 |       0 |
| model.predictor.transformer.layers.1                    |              1798400 |                        0 |                        0 |       0 |
| model.predictor.transformer.layers.1.attn               |               787008 |                        0 |                        0 |       0 |
| model.predictor.transformer.layers.1.attn.norm          |                  384 |                        0 |                        0 |       0 |
| model.predictor.transformer.layers.1.attn.attend        |                    0 |                        0 |                        0 |       0 |
| model.predictor.transformer.layers.1.attn.to_qkv        |               589824 |                        0 |                        0 |       0 |
| model.predictor.transformer.layers.1.attn.to_out        |               196800 |                        0 |                        0 |       0 |
| model.predictor.transformer.layers.1.attn.to_out.0      |               196800 |                        0 |                        0 |       0 |
| model.predictor.transformer.layers.1.attn.to_out.1      |                    0 |                        0 |                        0 |       0 |
| model.predictor.transformer.layers.1.mlp                |               789056 |                        0 |                        0 |       0 |
| model.predictor.transformer.layers.1.mlp.net            |               789056 |                        0 |                        0 |       0 |
| model.predictor.transformer.layers.1.mlp.net.0          |                  384 |                        0 |                        0 |       0 |
| model.predictor.transformer.layers.1.mlp.net.1          |               395264 |                        0 |                        0 |       0 |
| model.predictor.transformer.layers.1.mlp.net.2          |                    0 |                        0 |                        0 |       0 |
| model.predictor.transformer.layers.1.mlp.net.3          |                    0 |                        0 |                        0 |       0 |
| model.predictor.transformer.layers.1.mlp.net.4          |               393408 |                        0 |                        0 |       0 |
| model.predictor.transformer.layers.1.mlp.net.5          |                    0 |                        0 |                        0 |       0 |
| model.predictor.transformer.layers.1.norm1              |                    0 |                        0 |                        0 |       0 |
| model.predictor.transformer.layers.1.norm2              |                    0 |                        0 |                        0 |       0 |
| model.predictor.transformer.layers.1.adaLN_modulation   |               222336 |                        0 |                        0 |       0 |
| model.predictor.transformer.layers.1.adaLN_modulation.0 |                    0 |                        0 |                        0 |       0 |
| model.predictor.transformer.layers.1.adaLN_modulation.1 |               222336 |                        0 |                        0 |       0 |
| model.predictor.transformer.layers.2                    |              1798400 |                        0 |                        0 |       0 |
| model.predictor.transformer.layers.2.attn               |               787008 |                        0 |                        0 |       0 |
| model.predictor.transformer.layers.2.attn.norm          |                  384 |                        0 |                        0 |       0 |
| model.predictor.transformer.layers.2.attn.attend        |                    0 |                        0 |                        0 |       0 |
| model.predictor.transformer.layers.2.attn.to_qkv        |               589824 |                        0 |                        0 |       0 |
| model.predictor.transformer.layers.2.attn.to_out        |               196800 |                        0 |                        0 |       0 |
| model.predictor.transformer.layers.2.attn.to_out.0      |               196800 |                        0 |                        0 |       0 |
| model.predictor.transformer.layers.2.attn.to_out.1      |                    0 |                        0 |                        0 |       0 |
| model.predictor.transformer.layers.2.mlp                |               789056 |                        0 |                        0 |       0 |
| model.predictor.transformer.layers.2.mlp.net            |               789056 |                        0 |                        0 |       0 |
| model.predictor.transformer.layers.2.mlp.net.0          |                  384 |                        0 |                        0 |       0 |
| model.predictor.transformer.layers.2.mlp.net.1          |               395264 |                        0 |                        0 |       0 |
| model.predictor.transformer.layers.2.mlp.net.2          |                    0 |                        0 |                        0 |       0 |
| model.predictor.transformer.layers.2.mlp.net.3          |                    0 |                        0 |                        0 |       0 |
| model.predictor.transformer.layers.2.mlp.net.4          |               393408 |                        0 |                        0 |       0 |
| model.predictor.transformer.layers.2.mlp.net.5          |                    0 |                        0 |                        0 |       0 |
| model.predictor.transformer.layers.2.norm1              |                    0 |                        0 |                        0 |       0 |
| model.predictor.transformer.layers.2.norm2              |                    0 |                        0 |                        0 |       0 |
| model.predictor.transformer.layers.2.adaLN_modulation   |               222336 |                        0 |                        0 |       0 |
| model.predictor.transformer.layers.2.adaLN_modulation.0 |                    0 |                        0 |                        0 |       0 |
| model.predictor.transformer.layers.2.adaLN_modulation.1 |               222336 |                        0 |                        0 |       0 |
| model.predictor.transformer.layers.3                    |              1798400 |                        0 |                        0 |       0 |
| model.predictor.transformer.layers.3.attn               |               787008 |                        0 |                        0 |       0 |
| model.predictor.transformer.layers.3.attn.norm          |                  384 |                        0 |                        0 |       0 |
| model.predictor.transformer.layers.3.attn.attend        |                    0 |                        0 |                        0 |       0 |
| model.predictor.transformer.layers.3.attn.to_qkv        |               589824 |                        0 |                        0 |       0 |
| model.predictor.transformer.layers.3.attn.to_out        |               196800 |                        0 |                        0 |       0 |
| model.predictor.transformer.layers.3.attn.to_out.0      |               196800 |                        0 |                        0 |       0 |
| model.predictor.transformer.layers.3.attn.to_out.1      |                    0 |                        0 |                        0 |       0 |
| model.predictor.transformer.layers.3.mlp                |               789056 |                        0 |                        0 |       0 |
| model.predictor.transformer.layers.3.mlp.net            |               789056 |                        0 |                        0 |       0 |
| model.predictor.transformer.layers.3.mlp.net.0          |                  384 |                        0 |                        0 |       0 |
| model.predictor.transformer.layers.3.mlp.net.1          |               395264 |                        0 |                        0 |       0 |
| model.predictor.transformer.layers.3.mlp.net.2          |                    0 |                        0 |                        0 |       0 |
| model.predictor.transformer.layers.3.mlp.net.3          |                    0 |                        0 |                        0 |       0 |
| model.predictor.transformer.layers.3.mlp.net.4          |               393408 |                        0 |                        0 |       0 |
| model.predictor.transformer.layers.3.mlp.net.5          |                    0 |                        0 |                        0 |       0 |
| model.predictor.transformer.layers.3.norm1              |                    0 |                        0 |                        0 |       0 |
| model.predictor.transformer.layers.3.norm2              |                    0 |                        0 |                        0 |       0 |
| model.predictor.transformer.layers.3.adaLN_modulation   |               222336 |                        0 |                        0 |       0 |
| model.predictor.transformer.layers.3.adaLN_modulation.0 |                    0 |                        0 |                        0 |       0 |
| model.predictor.transformer.layers.3.adaLN_modulation.1 |               222336 |                        0 |                        0 |       0 |
| model.predictor.transformer.layers.4                    |              1798400 |                        0 |                        0 |       0 |
| model.predictor.transformer.layers.4.attn               |               787008 |                        0 |                        0 |       0 |
| model.predictor.transformer.layers.4.attn.norm          |                  384 |                        0 |                        0 |       0 |
| model.predictor.transformer.layers.4.attn.attend        |                    0 |                        0 |                        0 |       0 |
| model.predictor.transformer.layers.4.attn.to_qkv        |               589824 |                        0 |                        0 |       0 |
| model.predictor.transformer.layers.4.attn.to_out        |               196800 |                        0 |                        0 |       0 |
| model.predictor.transformer.layers.4.attn.to_out.0      |               196800 |                        0 |                        0 |       0 |
| model.predictor.transformer.layers.4.attn.to_out.1      |                    0 |                        0 |                        0 |       0 |
| model.predictor.transformer.layers.4.mlp                |               789056 |                        0 |                        0 |       0 |
| model.predictor.transformer.layers.4.mlp.net            |               789056 |                        0 |                        0 |       0 |
| model.predictor.transformer.layers.4.mlp.net.0          |                  384 |                        0 |                        0 |       0 |
| model.predictor.transformer.layers.4.mlp.net.1          |               395264 |                        0 |                        0 |       0 |
| model.predictor.transformer.layers.4.mlp.net.2          |                    0 |                        0 |                        0 |       0 |
| model.predictor.transformer.layers.4.mlp.net.3          |                    0 |                        0 |                        0 |       0 |
| model.predictor.transformer.layers.4.mlp.net.4          |               393408 |                        0 |                        0 |       0 |
| model.predictor.transformer.layers.4.mlp.net.5          |                    0 |                        0 |                        0 |       0 |
| model.predictor.transformer.layers.4.norm1              |                    0 |                        0 |                        0 |       0 |
| model.predictor.transformer.layers.4.norm2              |                    0 |                        0 |                        0 |       0 |
| model.predictor.transformer.layers.4.adaLN_modulation   |               222336 |                        0 |                        0 |       0 |
| model.predictor.transformer.layers.4.adaLN_modulation.0 |                    0 |                        0 |                        0 |       0 |
| model.predictor.transformer.layers.4.adaLN_modulation.1 |               222336 |                        0 |                        0 |       0 |
| model.predictor.transformer.layers.5                    |              1798400 |                        0 |                        0 |       0 |
| model.predictor.transformer.layers.5.attn               |               787008 |                        0 |                        0 |       0 |
| model.predictor.transformer.layers.5.attn.norm          |                  384 |                        0 |                        0 |       0 |
| model.predictor.transformer.layers.5.attn.attend        |                    0 |                        0 |                        0 |       0 |
| model.predictor.transformer.layers.5.attn.to_qkv        |               589824 |                        0 |                        0 |       0 |
| model.predictor.transformer.layers.5.attn.to_out        |               196800 |                        0 |                        0 |       0 |
| model.predictor.transformer.layers.5.attn.to_out.0      |               196800 |                        0 |                        0 |       0 |
| model.predictor.transformer.layers.5.attn.to_out.1      |                    0 |                        0 |                        0 |       0 |
| model.predictor.transformer.layers.5.mlp                |               789056 |                        0 |                        0 |       0 |
| model.predictor.transformer.layers.5.mlp.net            |               789056 |                        0 |                        0 |       0 |
| model.predictor.transformer.layers.5.mlp.net.0          |                  384 |                        0 |                        0 |       0 |
| model.predictor.transformer.layers.5.mlp.net.1          |               395264 |                        0 |                        0 |       0 |
| model.predictor.transformer.layers.5.mlp.net.2          |                    0 |                        0 |                        0 |       0 |
| model.predictor.transformer.layers.5.mlp.net.3          |                    0 |                        0 |                        0 |       0 |
| model.predictor.transformer.layers.5.mlp.net.4          |               393408 |                        0 |                        0 |       0 |
| model.predictor.transformer.layers.5.mlp.net.5          |                    0 |                        0 |                        0 |       0 |
| model.predictor.transformer.layers.5.norm1              |                    0 |                        0 |                        0 |       0 |
| model.predictor.transformer.layers.5.norm2              |                    0 |                        0 |                        0 |       0 |
| model.predictor.transformer.layers.5.adaLN_modulation   |               222336 |                        0 |                        0 |       0 |
| model.predictor.transformer.layers.5.adaLN_modulation.0 |                    0 |                        0 |                        0 |       0 |
| model.predictor.transformer.layers.5.adaLN_modulation.1 |               222336 |                        0 |                        0 |       0 |
| model.predictor.transformer.input_proj                  |                    0 |                        0 |                        0 |       0 |
| model.predictor.transformer.cond_proj                   |                    0 |                        0 |                        0 |       0 |
| model.predictor.transformer.output_proj                 |                    0 |                        0 |                        0 |       0 |
| model.action_encoder                                    |               156126 |                        0 |                        0 |       0 |
| model.action_encoder.patch_embed                        |                   30 |                        0 |                        0 |       0 |
| model.action_encoder.embed                              |               156096 |                        0 |                        0 |       0 |
| model.action_encoder.embed.0                            |                 8448 |                        0 |                        0 |       0 |
| model.action_encoder.embed.1                            |                    0 |                        0 |                        0 |       0 |
| model.action_encoder.embed.2                            |               147648 |                        0 |                        0 |       0 |
| model.projector                                         |               792768 |                        0 |                        0 |    4097 |
| model.projector.net                                     |               792768 |                        0 |                        0 |    4097 |
| model.projector.net.0                                   |               395264 |                        0 |                        0 |       0 |
| model.projector.net.1                                   |                 4096 |                        0 |                        0 |    4097 |
| model.projector.net.2                                   |                    0 |                        0 |                        0 |       0 |
| model.projector.net.3                                   |               393408 |                        0 |                        0 |       0 |
| model.pred_proj                                         |               792768 |                        0 |                        0 |    4097 |
| model.pred_proj.net                                     |               792768 |                        0 |                        0 |    4097 |
| model.pred_proj.net.0                                   |               395264 |                        0 |                        0 |       0 |
| model.pred_proj.net.1                                   |                 4096 |                        0 |                        0 |    4097 |
| model.pred_proj.net.2                                   |                    0 |                        0 |                        0 |       0 |
| model.pred_proj.net.3                                   |               393408 |                        0 |                        0 |       0 |
| model.probe_head                                        |                  386 |                        0 |                        0 |       0 |
| sigreg                                                  |                    0 |                        0 |                        0 |      51 |
+---------------------------------------------------------+----------------------+--------------------------+--------------------------+---------+
23:55:50 | INFO  | utils.py    | ── SLURM ─────────────────────────────────────────
23:55:50 | INFO  | trainer_inf~|   Job ID: N/A
23:55:50 | INFO  | trainer_inf~|   Task ID: N/A
23:55:50 | INFO  | trainer_inf~|   Job Name: N/A
23:55:50 | INFO  | trainer_inf~|   Nodes: N/A
23:55:50 | INFO  | trainer_inf~|   Tasks: N/A
23:55:50 | INFO  | trainer_inf~|   CPUs per node: N/A
23:55:50 | INFO  | trainer_inf~|   CPUs per task: N/A
23:55:50 | INFO  | trainer_inf~|   Memory per node: N/A
23:55:50 | INFO  | trainer_inf~|   Memory per CPU: N/A
23:55:50 | INFO  | trainer_inf~|   Time limit: N/A
23:55:50 | INFO  | trainer_inf~|   Partition: N/A
23:55:50 | INFO  | trainer_inf~|   Node List: N/A
23:55:50 | INFO  | trainer_inf~|   Submit Directory: N/A
23:55:50 | INFO  | utils.py    | ── HardwareMonitor ───────────────────────────────
23:55:50 | INFO  | hardware_mo~|   interval: 10.0s
23:55:50 | INFO  | hardware_mo~|   prefix:   'hardware/'
23:55:50 | INFO  | hardware_mo~|   metrics:  cpu=True ram=True disk=True net=True gpu=True
23:55:50 | INFO  | hardware_mo~|   per-rank: rank 0 only
23:55:50 | WARN  | env_info.py | ! pip freeze failed: Command '['/home/likun-share/junjxu/wm/le-wm/.venv/bin/python', '-m', 'pip', 'freeze']' returned non-zero exit status 1.
23:55:50 | OK    | env_info.py | ✓ Packages: 0 packages collected in 0.02s
LOCAL_RANK: 0 - CUDA_VISIBLE_DEVICES: [4]
23:55:50 | WARN  | hardware_mo~| HardwareMonitor: pynvml unavailable (ModuleNotFoundError("No module named 'pynvml'")); GPU metrics disabled.
23:55:51 | INFO  | utils.py    | ── Optimizers ────────────────────────────────────
23:55:51 | INFO  | module.py   |   Optimizer specified by Dict with keys ['model_opt']
23:55:51 | INFO  | module.py   | 
┏━━━━━━━━━━━━━┳━━━━━━━━━━━┳━━━━━━━━━━━━━━━━━━━┳━━━━━━━━━━━━━━━━━┳━━━━━━━━━━━━━━━━┳━━━━━━━━━━━━━━━━━━━━━━━━┓
┃ Optimizer   ┃ Pattern   ┃   Matched Modules ┃   Param Tensors ┃   Total Params ┃   RequiresGrad Tensors ┃
┣━━━━━━━━━━━━━╋━━━━━━━━━━━╋━━━━━━━━━━━━━━━━━━━╋━━━━━━━━━━━━━━━━━╋━━━━━━━━━━━━━━━━╋━━━━━━━━━━━━━━━━━━━━━━━━┫
┃ model_opt   ┃ model     ┃               317 ┃             299 ┃       18034784 ┃                    299 ┃
┗━━━━━━━━━━━━━┻━━━━━━━━━━━┻━━━━━━━━━━━━━━━━━━━┻━━━━━━━━━━━━━━━━━┻━━━━━━━━━━━━━━━━┻━━━━━━━━━━━━━━━━━━━━━━━━┛
23:55:51 | INFO  | lr_schedule~| 	User provided a dict
Loading `train_dataloader` to estimate number of stepping batches.
/home/likun-share/junjxu/wm/le-wm/.venv/lib/python3.10/site-packages/lance/__init__.py:320: UserWarning: lance is not fork-safe. If you are using multiprocessing, use spawn or forkserver instead.
  warnings.warn(
/usr/lib/python3.10/multiprocessing/popen_fork.py:66: RuntimeWarning: lancedb fork support is experimental: the internal async runtime has been reset in the forked child, but a small chance of deadlock remains if other state was mid-operation at fork time. The 'forkserver' or 'spawn' multiprocessing start method is likely a safer alternative.
  self.pid = os.fork()
/usr/lib/python3.10/multiprocessing/popen_fork.py:66: RuntimeWarning: lancedb fork support is experimental: the internal async runtime has been reset in the forked child, but a small chance of deadlock remains if other state was mid-operation at fork time. The 'forkserver' or 'spawn' multiprocessing start method is likely a safer alternative.
  self.pid = os.fork()
/usr/lib/python3.10/multiprocessing/popen_fork.py:66: RuntimeWarning: lancedb fork support is experimental: the internal async runtime has been reset in the forked child, but a small chance of deadlock remains if other state was mid-operation at fork time. The 'forkserver' or 'spawn' multiprocessing start method is likely a safer alternative.
  self.pid = os.fork()
23:55:52 | OK    | env_info.py | ✓ NVIDIA Driver: 580.65.06
/usr/lib/python3.10/multiprocessing/popen_fork.py:66: RuntimeWarning: lancedb fork support is experimental: the internal async runtime has been reset in the forked child, but a small chance of deadlock remains if other state was mid-operation at fork time. The 'forkserver' or 'spawn' multiprocessing start method is likely a safer alternative.
  self.pid = os.fork()
/usr/lib/python3.10/multiprocessing/popen_fork.py:66: RuntimeWarning: lancedb fork support is experimental: the internal async runtime has been reset in the forked child, but a small chance of deadlock remains if other state was mid-operation at fork time. The 'forkserver' or 'spawn' multiprocessing start method is likely a safer alternative.
  self.pid = os.fork()
/home/likun-share/junjxu/wm/le-wm/.venv/lib/python3.10/site-packages/lance/__init__.py:320: UserWarning: lance is not fork-safe. If you are using multiprocessing, use spawn or forkserver instead.
  warnings.warn(
/usr/lib/python3.10/multiprocessing/popen_fork.py:66: RuntimeWarning: lancedb fork support is experimental: the internal async runtime has been reset in the forked child, but a small chance of deadlock remains if other state was mid-operation at fork time. The 'forkserver' or 'spawn' multiprocessing start method is likely a safer alternative.
  self.pid = os.fork()
23:55:52 | INFO  | module.py   |   Configured optimizer 'model_opt' (modules=317, param_tensors=299, total_params=18034784) with LinearWarmupCosineAnnealingLR scheduler.
/home/likun-share/junjxu/wm/le-wm/.venv/lib/python3.10/site-packages/lightning/pytorch/utilities/model_summary/model_summary.py:242: Precision bf16-mixed is not supported by the model summary.  Estimated model size in MB will not be accurate. Using 32 bits instead.
┏━━━┳━━━━━━━━━━━━━━━━━━━┳━━━━━━━━━━━━┳━━━━━━━━┳━━━━━━━┳━━━━━━━┓
┃   ┃ Name              ┃ Type       ┃ Params ┃ Mode  ┃ FLOPs ┃
┡━━━╇━━━━━━━━━━━━━━━━━━━╇━━━━━━━━━━━━╇━━━━━━━━╇━━━━━━━╇━━━━━━━┩
│ 0 │ callbacks_modules │ ModuleDict │      0 │ train │     0 │
│ 1 │ callbacks_metrics │ ModuleDict │      0 │ train │     0 │
│ 2 │ model             │ JEPA       │ 18.0 M │ train │     0 │
│ 3 │ sigreg            │ SIGReg     │      0 │ train │     0 │
└───┴───────────────────┴────────────┴────────┴───────┴───────┘
Trainable params: 18.0 M                                                        
Non-trainable params: 0                                                         
Total params: 18.0 M                                                            
Total estimated model params size (MB): 72.139                                  
Modules in train mode: 320                                                      
Modules in eval mode: 0                                                         
Total FLOPs: 0                                                                  
23:55:52 | INFO  | logger.py   | [RegistryLogger] summary.json flushed (0 metrics, step=0, epoch=0) → /data1/likun-share/junjxu/.cache_stable-pretraining/runs/20260607/235548/85a215805937/summary.json
/usr/lib/python3.10/multiprocessing/popen_fork.py:66: RuntimeWarning: lancedb fork support is experimental: the internal async runtime has been reset in the forked child, but a small chance of deadlock remains if other state was mid-operation at fork time. The 'forkserver' or 'spawn' multiprocessing start method is likely a safer alternative.
  self.pid = os.fork()
/usr/lib/python3.10/multiprocessing/popen_fork.py:66: RuntimeWarning: lancedb fork support is experimental: the internal async runtime has been reset in the forked child, but a small chance of deadlock remains if other state was mid-operation at fork time. The 'forkserver' or 'spawn' multiprocessing start method is likely a safer alternative.
  self.pid = os.fork()
/usr/lib/python3.10/multiprocessing/popen_fork.py:66: RuntimeWarning: lancedb fork support is experimental: the internal async runtime has been reset in the forked child, but a small chance of deadlock remains if other state was mid-operation at fork time. The 'forkserver' or 'spawn' multiprocessing start method is likely a safer alternative.
  self.pid = os.fork()
/usr/lib/python3.10/multiprocessing/popen_fork.py:66: RuntimeWarning: lancedb fork support is experimental: the internal async runtime has been reset in the forked child, but a small chance of deadlock remains if other state was mid-operation at fork time. The 'forkserver' or 'spawn' multiprocessing start method is likely a safer alternative.
  self.pid = os.fork()
/usr/lib/python3.10/multiprocessing/popen_fork.py:66: RuntimeWarning: lancedb fork support is experimental: the internal async runtime has been reset in the forked child, but a small chance of deadlock remains if other state was mid-operation at fork time. The 'forkserver' or 'spawn' multiprocessing start method is likely a safer alternative.
  self.pid = os.fork()
/usr/lib/python3.10/multiprocessing/popen_fork.py:66: RuntimeWarning: lancedb fork support is experimental: the internal async runtime has been reset in the forked child, but a small chance of deadlock remains if other state was mid-operation at fork time. The 'forkserver' or 'spawn' multiprocessing start method is likely a safer alternative.
  self.pid = os.fork()
23:55:57 | WARN  | env_info.py | ! git command timed out
23:55:57 | OK    | env_info.py | ✓ Environment: 4 relevant variables captured
23:55:57 | INFO  | env_info.py |   Serializing environment data...
23:55:57 | INFO  | env_info.py |   File exists, using version 97: environment_v97.json
23:55:57 | INFO  | env_info.py |   File exists, using version 97: requirements_frozen_v97.txt
23:55:57 | INFO  | env_info.py |   Save directory: /home/likun-share/.cache/stable-pretraining
23:55:57 | INFO  | env_info.py |   Writing environment to temp file...
23:55:57 | INFO  | env_info.py |   Moving to: environment_v97.json
23:55:57 | OK    | env_info.py | ✓ Environment file saved (2.1 KB)
23:55:57 | OK    | env_info.py | ✓ Requirements file saved (0.1 KB)
/home/likun-share/junjxu/wm/le-wm/.venv/lib/python3.10/site-packages/lightning/pytorch/utilities/data.py:79: Trying to infer the `batch_size` from an ambiguous collection. The batch size we found is 128. To avoid any miscalculations, use `self.log(..., batch_size=batch_size)`.
23:56:04 | INFO  | trainer_inf~| \n+----------------------------+--------------------+
|           Metric           |       Value        |
+----------------------------+--------------------+
|       [0;34;40mvalidate/loss[0m        | [0;32;40m8.686514854431152[0m  |
|    [0;34;40mvalidate/loss_epoch[0m     | [0;32;40m8.686514854431152[0m  |
|     [0;34;40mvalidate/pred_loss[0m     | [0;32;40m0.3740152418613434[0m |
|  [0;34;40mvalidate/pred_loss_epoch[0m  | [0;32;40m0.3740152418613434[0m |
|    [0;34;40mvalidate/sigreg_loss[0m    |        [0;32;40m92.5[0m        |
| [0;34;40mvalidate/sigreg_loss_epoch[0m |        [0;32;40m92.5[0m        |
+----------------------------+--------------------+
23:56:04 | WARN  | hf_models.py| ! No Hugging Face (PreTrainedModel) submodules found in LightningModule.
23:56:04 | INFO  | utils.py    | ── Optimizers ────────────────────────────────────
23:56:04 | INFO  | module.py   |   self.optimizers() gave us 1 optimizers
23:56:04 | WARN  | module.py   | ! No clip val found for optimizer default_0
23:56:04 | WARN  | module.py   | ! Will use the Trainer's value of 1.0
23:56:04 | WARN  | module.py   | ! No clip algorithm found for optimizer default_0
23:56:04 | WARN  | module.py   | ! Will use the Trainer's value of None
23:56:04 | OK    | module.py   | ✓ Optimizer check complete:
+------------+-----------+----------------+-----------+-----------+
| Opt. Index | Opt. name |      opt       | clip val. | clip alg. |
+------------+-----------+----------------+-----------+-----------+
|     0      | default_0 | LightningAdamW |    1.0    |    None   |
+------------+-----------+----------------+-----------+-----------+
23:56:04 | INFO  | utils.py    | ── LogUnusedParametersOnce ───────────────────────
23:56:04 | INFO  | unused_para~|   registered hooks on 299 leaf parameters
23:56:06 | WARN  | unused_para~| ! the following parameters did NOT receive gradients on the first backward pass (potentially causing Lightning's 'unused parameters' error):
23:56:06 | WARN  | unused_para~|   model.probe_head.weight
23:56:06 | WARN  | unused_para~|   model.probe_head.bias
23:56:06 | INFO  | unused_para~|   hooks removed, callback disabled
[Epoch 0/20] step 50/203 (2.9 it/s)
[Epoch 0/20] step 100/203 (2.5 it/s)
[Epoch 0/20] step 150/203 (2.4 it/s)
[Epoch 0/20] step 200/203 (2.5 it/s)
/home/likun-share/junjxu/wm/le-wm/.venv/lib/python3.10/site-packages/lightning/pytorch/utilities/data.py:79: Trying to infer the `batch_size` from an ambiguous collection. The batch size we found is 83. To avoid any miscalculations, use `self.log(..., batch_size=batch_size)`.
23:57:36 | INFO  | trainer_inf~| \n+----------------------------+------------------------+
|           Metric           |         Value          |
+----------------------------+------------------------+
|          [0;34;40mfit/loss[0m          |  [0;32;40m0.13435526192188263[0m   |
|       [0;34;40mfit/pred_loss[0m        |  [0;32;40m0.02595682442188263[0m   |
|      [0;34;40mfit/sigreg_loss[0m       |        [0;32;40m1.203125[0m        |
|    [0;34;40mhardware/cpu_percent[0m    |   [0;32;40m56.099998474121094[0m   |
|  [0;34;40mhardware/disk_read_mb_s[0m   |          [0;32;40m0.0[0m           |
|  [0;34;40mhardware/disk_write_mb_s[0m  |   [0;32;40m42.860496520996094[0m   |
|   [0;34;40mhardware/net_recv_mb_s[0m   |  [0;32;40m0.01136366929858923[0m   |
|   [0;34;40mhardware/net_sent_mb_s[0m   |  [0;32;40m0.04990521818399429[0m   |
|    [0;34;40mhardware/ram_used_gb[0m    |   [0;32;40m331.5236511230469[0m    |
|   [0;34;40mhardware/ram_used_pct[0m    |   [0;32;40m32.900001525878906[0m   |
|    [0;34;40mhparams/lr_default_0[0m    | [0;32;40m4.9797443352872506e-05[0m |
|       [0;34;40mvalidate/loss[0m        |  [0;32;40m0.22427043318748474[0m   |
|    [0;34;40mvalidate/loss_epoch[0m     |  [0;32;40m0.22427043318748474[0m   |
|     [0;34;40mvalidate/pred_loss[0m     |  [0;32;40m0.020601049065589905[0m  |
|  [0;34;40mvalidate/pred_loss_epoch[0m  |  [0;32;40m0.020601049065589905[0m  |
|    [0;34;40mvalidate/sigreg_loss[0m    |    [0;32;40m2.26198148727417[0m    |
| [0;34;40mvalidate/sigreg_loss_epoch[0m |    [0;32;40m2.26198148727417[0m    |
+----------------------------+------------------------+
[Epoch 0/20] done in 92.6s
23:57:36 | INFO  | checkpoint_~|   Checking for non PyTorch modules to save
23:57:36 | INFO  | atomic_chec~| [atomic_save] → /data1/likun-share/junjxu/.cache_stable-pretraining/runs/20260607/235548/85a215805937/checkpoints/epoch=0-step=203.ckpt
23:57:37 | INFO  | atomic_chec~| [atomic_save] ✓ epoch=0-step=203.ckpt saved (206.8 MiB, serialise=0.33s write=0.22s rename=0.1ms)
23:57:37 | INFO  | checkpoint_~|   Checking for non PyTorch modules to save
23:57:37 | INFO  | atomic_chec~| [atomic_save] → /data1/likun-share/junjxu/.cache_stable-pretraining/runs/20260607/235548/85a215805937/checkpoints/last.ckpt
23:57:37 | INFO  | atomic_chec~| [atomic_save] ✓ last.ckpt saved (206.8 MiB, serialise=0.30s write=0.22s rename=0.1ms)
[Epoch 1/20] step 50/203 (2.2 it/s)
[Epoch 1/20] step 100/203 (2.4 it/s)
[Epoch 1/20] step 150/203 (2.4 it/s)
[Epoch 1/20] step 200/203 (2.4 it/s)
23:59:12 | INFO  | trainer_inf~| \n+----------------------------+-----------------------+
|           Metric           |         Value         |
+----------------------------+-----------------------+
|          [0;34;40mfit/loss[0m          |  [0;32;40m0.11987867206335068[0m  |
|       [0;34;40mfit/pred_loss[0m        |  [0;32;40m0.016363045200705528[0m |
|      [0;34;40mfit/sigreg_loss[0m       |       [0;32;40m1.1484375[0m       |
|    [0;34;40mhardware/cpu_percent[0m    |          [0;32;40m50.5[0m         |
|  [0;34;40mhardware/disk_read_mb_s[0m   |          [0;32;40m0.0[0m          |
|  [0;34;40mhardware/disk_write_mb_s[0m  |    [0;32;40m89.5562515258789[0m   |
|   [0;34;40mhardware/net_recv_mb_s[0m   |  [0;32;40m0.011504234746098518[0m |
|   [0;34;40mhardware/net_sent_mb_s[0m   |  [0;32;40m0.012457121163606644[0m |
|    [0;34;40mhardware/ram_used_gb[0m    |   [0;32;40m335.3471984863281[0m   |
|   [0;34;40mhardware/ram_used_pct[0m    |   [0;32;40m33.29999923706055[0m   |
|    [0;34;40mhparams/lr_default_0[0m    | [0;32;40m4.898431870969944e-05[0m |
|       [0;34;40mvalidate/loss[0m        |  [0;32;40m0.19242557883262634[0m  |
|    [0;34;40mvalidate/loss_epoch[0m     |  [0;32;40m0.19242557883262634[0m  |
|     [0;34;40mvalidate/pred_loss[0m     |  [0;32;40m0.014142103493213654[0m |
|  [0;34;40mvalidate/pred_loss_epoch[0m  |  [0;32;40m0.014142103493213654[0m |
|    [0;34;40mvalidate/sigreg_loss[0m    |   [0;32;40m1.9803218841552734[0m  |
| [0;34;40mvalidate/sigreg_loss_epoch[0m |   [0;32;40m1.9803218841552734[0m  |
+----------------------------+-----------------------+
[Epoch 1/20] done in 94.7s
23:59:12 | INFO  | checkpoint_~|   Checking for non PyTorch modules to save
23:59:12 | INFO  | atomic_chec~| [atomic_save] → /data1/likun-share/junjxu/.cache_stable-pretraining/runs/20260607/235548/85a215805937/checkpoints/epoch=1-step=406.ckpt
23:59:13 | INFO  | atomic_chec~| [atomic_save] ✓ epoch=1-step=406.ckpt saved (206.8 MiB, serialise=0.43s write=0.27s rename=0.1ms)
23:59:13 | INFO  | checkpoint_~|   Checking for non PyTorch modules to save
23:59:13 | INFO  | atomic_chec~| [atomic_save] → /data1/likun-share/junjxu/.cache_stable-pretraining/runs/20260607/235548/85a215805937/checkpoints/last.ckpt
23:59:14 | INFO  | atomic_chec~| [atomic_save] ✓ last.ckpt saved (206.8 MiB, serialise=0.44s write=0.32s rename=25.3ms)
[Epoch 2/20] step 50/203 (2.0 it/s)
[Epoch 2/20] step 100/203 (2.2 it/s)
[Epoch 2/20] step 150/203 (2.2 it/s)
[Epoch 2/20] step 200/203 (2.4 it/s)
00:00:47 | INFO  | trainer_inf~| \n+----------------------------+-----------------------+
|           Metric           |         Value         |
+----------------------------+-----------------------+
|          [0;34;40mfit/loss[0m          |  [0;32;40m0.10749546438455582[0m  |
|       [0;34;40mfit/pred_loss[0m        |  [0;32;40m0.014722025953233242[0m |
|      [0;34;40mfit/sigreg_loss[0m       |        [0;32;40m1.03125[0m        |
|    [0;34;40mhardware/cpu_percent[0m    |   [0;32;40m56.099998474121094[0m  |
|  [0;34;40mhardware/disk_read_mb_s[0m   |          [0;32;40m0.0[0m          |
|  [0;34;40mhardware/disk_write_mb_s[0m  |   [0;32;40m43.27657699584961[0m   |
|   [0;34;40mhardware/net_recv_mb_s[0m   |  [0;32;40m0.020932836458086967[0m |
|   [0;34;40mhardware/net_sent_mb_s[0m   |  [0;32;40m0.02510353922843933[0m  |
|    [0;34;40mhardware/ram_used_gb[0m    |   [0;32;40m334.5065002441406[0m   |
|   [0;34;40mhardware/ram_used_pct[0m    |   [0;32;40m33.20000076293945[0m   |
|    [0;34;40mhparams/lr_default_0[0m    | [0;32;40m4.756883572554216e-05[0m |
|       [0;34;40mvalidate/loss[0m        |  [0;32;40m0.17040546238422394[0m  |
|    [0;34;40mvalidate/loss_epoch[0m     |  [0;32;40m0.17040546238422394[0m  |
|     [0;34;40mvalidate/pred_loss[0m     |  [0;32;40m0.010538237169384956[0m |
|  [0;34;40mvalidate/pred_loss_epoch[0m  |  [0;32;40m0.010538237169384956[0m |
|    [0;34;40mvalidate/sigreg_loss[0m    |   [0;32;40m1.775488257408142[0m   |
| [0;34;40mvalidate/sigreg_loss_epoch[0m |   [0;32;40m1.775488257408142[0m   |
+----------------------------+-----------------------+
[Epoch 2/20] done in 94.0s
00:00:48 | INFO  | checkpoint_~|   Checking for non PyTorch modules to save
00:00:48 | INFO  | atomic_chec~| [atomic_save] → /data1/likun-share/junjxu/.cache_stable-pretraining/runs/20260607/235548/85a215805937/checkpoints/epoch=2-step=609.ckpt
00:00:48 | INFO  | atomic_chec~| [atomic_save] ✓ epoch=2-step=609.ckpt saved (206.8 MiB, serialise=0.41s write=0.25s rename=0.1ms)
00:00:48 | INFO  | checkpoint_~|   Checking for non PyTorch modules to save
00:00:48 | INFO  | atomic_chec~| [atomic_save] → /data1/likun-share/junjxu/.cache_stable-pretraining/runs/20260607/235548/85a215805937/checkpoints/last.ckpt
00:00:49 | INFO  | atomic_chec~| [atomic_save] ✓ last.ckpt saved (206.8 MiB, serialise=0.43s write=0.27s rename=51.7ms)
[Epoch 3/20] step 50/203 (2.3 it/s)
[Epoch 3/20] step 100/203 (2.3 it/s)
[Epoch 3/20] step 150/203 (2.4 it/s)
[Epoch 3/20] step 200/203 (2.5 it/s)
00:02:23 | INFO  | trainer_inf~| \n+----------------------------+-----------------------+
|           Metric           |         Value         |
+----------------------------+-----------------------+
|          [0;34;40mfit/loss[0m          |  [0;32;40m0.10851294547319412[0m  |
|       [0;34;40mfit/pred_loss[0m        |  [0;32;40m0.012809817679226398[0m |
|      [0;34;40mfit/sigreg_loss[0m       |         [0;32;40m1.0625[0m        |
|    [0;34;40mhardware/cpu_percent[0m    |          [0;32;40m52.0[0m         |
|  [0;34;40mhardware/disk_read_mb_s[0m   | [0;32;40m0.0003905068151652813[0m |
|  [0;34;40mhardware/disk_write_mb_s[0m  |   [0;32;40m168.65481567382812[0m  |
|   [0;34;40mhardware/net_recv_mb_s[0m   |  [0;32;40m0.03550809249281883[0m  |
|   [0;34;40mhardware/net_sent_mb_s[0m   |  [0;32;40m0.06550484895706177[0m  |
|    [0;34;40mhardware/ram_used_gb[0m    |   [0;32;40m337.15509033203125[0m  |
|   [0;34;40mhardware/ram_used_pct[0m    |          [0;32;40m33.5[0m         |
|    [0;34;40mhparams/lr_default_0[0m    | [0;32;40m4.558654109132476e-05[0m |
|       [0;34;40mvalidate/loss[0m        |   [0;32;40m0.1607706993818283[0m  |
|    [0;34;40mvalidate/loss_epoch[0m     |   [0;32;40m0.1607706993818283[0m  |
|     [0;34;40mvalidate/pred_loss[0m     |  [0;32;40m0.009107408113777637[0m |
|  [0;34;40mvalidate/pred_loss_epoch[0m  |  [0;32;40m0.009107408113777637[0m |
|    [0;34;40mvalidate/sigreg_loss[0m    |   [0;32;40m1.6849560737609863[0m  |
| [0;34;40mvalidate/sigreg_loss_epoch[0m |   [0;32;40m1.6849560737609863[0m  |
+----------------------------+-----------------------+
[Epoch 3/20] done in 93.8s
00:02:23 | INFO  | checkpoint_~|   Checking for non PyTorch modules to save
00:02:23 | INFO  | atomic_chec~| [atomic_save] → /data1/likun-share/junjxu/.cache_stable-pretraining/runs/20260607/235548/85a215805937/checkpoints/epoch=3-step=812.ckpt
00:02:23 | INFO  | atomic_chec~| [atomic_save] ✓ epoch=3-step=812.ckpt saved (206.8 MiB, serialise=0.30s write=0.24s rename=0.1ms)
00:02:24 | INFO  | checkpoint_~|   Checking for non PyTorch modules to save
00:02:24 | INFO  | atomic_chec~| [atomic_save] → /data1/likun-share/junjxu/.cache_stable-pretraining/runs/20260607/235548/85a215805937/checkpoints/last.ckpt
00:02:24 | INFO  | atomic_chec~| [atomic_save] ✓ last.ckpt saved (206.8 MiB, serialise=0.33s write=0.23s rename=54.7ms)
[Epoch 4/20] step 50/203 (2.2 it/s)
[Epoch 4/20] step 100/203 (2.2 it/s)
[Epoch 4/20] step 150/203 (2.2 it/s)
[Epoch 4/20] step 200/203 (2.4 it/s)
00:04:01 | INFO  | trainer_inf~| \n+----------------------------+----------------------+
|           Metric           |        Value         |
+----------------------------+----------------------+
|          [0;34;40mfit/loss[0m          | [0;32;40m0.09990739077329636[0m  |
|       [0;34;40mfit/pred_loss[0m        | [0;32;40m0.011040200479328632[0m |
|      [0;34;40mfit/sigreg_loss[0m       |      [0;32;40m0.98828125[0m      |
|    [0;34;40mhardware/cpu_percent[0m    |  [0;32;40m54.20000076293945[0m   |
|  [0;34;40mhardware/disk_read_mb_s[0m   |         [0;32;40m0.0[0m          |
|  [0;34;40mhardware/disk_write_mb_s[0m  |  [0;32;40m126.67642974853516[0m  |
|   [0;34;40mhardware/net_recv_mb_s[0m   | [0;32;40m0.12222255021333694[0m  |
|   [0;34;40mhardware/net_sent_mb_s[0m   | [0;32;40m0.37159666419029236[0m  |
|    [0;34;40mhardware/ram_used_gb[0m    |   [0;32;40m336.35302734375[0m    |
|   [0;34;40mhardware/ram_used_pct[0m    |  [0;32;40m33.400001525878906[0m  |
|    [0;34;40mhparams/lr_default_0[0m    | [0;32;40m4.30872205470223e-05[0m |
|       [0;34;40mvalidate/loss[0m        | [0;32;40m0.17311933636665344[0m  |
|    [0;34;40mvalidate/loss_epoch[0m     | [0;32;40m0.17311933636665344[0m  |
|     [0;34;40mvalidate/pred_loss[0m     | [0;32;40m0.01114739291369915[0m  |
|  [0;34;40mvalidate/pred_loss_epoch[0m  | [0;32;40m0.01114739291369915[0m  |
|    [0;34;40mvalidate/sigreg_loss[0m    |  [0;32;40m1.8001574277877808[0m  |
| [0;34;40mvalidate/sigreg_loss_epoch[0m |  [0;32;40m1.8001574277877808[0m  |
+----------------------------+----------------------+
[Epoch 4/20] done in 97.1s
00:04:01 | INFO  | checkpoint_~|   Checking for non PyTorch modules to save
00:04:01 | INFO  | atomic_chec~| [atomic_save] → /data1/likun-share/junjxu/.cache_stable-pretraining/runs/20260607/235548/85a215805937/checkpoints/epoch=4-step=1015.ckpt
00:04:02 | INFO  | atomic_chec~| [atomic_save] ✓ epoch=4-step=1015.ckpt saved (206.8 MiB, serialise=0.45s write=0.31s rename=0.1ms)
00:04:02 | INFO  | checkpoint_~|   Checking for non PyTorch modules to save
00:04:02 | INFO  | atomic_chec~| [atomic_save] → /data1/likun-share/junjxu/.cache_stable-pretraining/runs/20260607/235548/85a215805937/checkpoints/last.ckpt
00:04:03 | INFO  | atomic_chec~| [atomic_save] ✓ last.ckpt saved (206.8 MiB, serialise=0.42s write=0.27s rename=40.7ms)
[Epoch 5/20] step 50/203 (2.3 it/s)
[Epoch 5/20] step 100/203 (2.3 it/s)
[Epoch 5/20] step 150/203 (2.3 it/s)
[Epoch 5/20] step 200/203 (2.4 it/s)
00:05:36 | INFO  | trainer_inf~| \n+----------------------------+------------------------+
|           Metric           |         Value          |
+----------------------------+------------------------+
|          [0;34;40mfit/loss[0m          |  [0;32;40m0.08903147280216217[0m   |
|       [0;34;40mfit/pred_loss[0m        |  [0;32;40m0.009441627189517021[0m  |
|      [0;34;40mfit/sigreg_loss[0m       |       [0;32;40m0.88671875[0m       |
|    [0;34;40mhardware/cpu_percent[0m    |   [0;32;40m55.900001525878906[0m   |
|  [0;34;40mhardware/disk_read_mb_s[0m   | [0;32;40m0.0003904527402482927[0m  |
|  [0;34;40mhardware/disk_write_mb_s[0m  |   [0;32;40m39.074947357177734[0m   |
|   [0;34;40mhardware/net_recv_mb_s[0m   |  [0;32;40m0.00997751671820879[0m   |
|   [0;34;40mhardware/net_sent_mb_s[0m   |  [0;32;40m0.04852576553821564[0m   |
|    [0;34;40mhardware/ram_used_gb[0m    |   [0;32;40m337.8509521484375[0m    |
|   [0;34;40mhardware/ram_used_pct[0m    |          [0;32;40m33.5[0m          |
|    [0;34;40mhparams/lr_default_0[0m    | [0;32;40m4.0133647416951135e-05[0m |
|       [0;34;40mvalidate/loss[0m        |   [0;32;40m0.1529785394668579[0m   |
|    [0;34;40mvalidate/loss_epoch[0m     |   [0;32;40m0.1529785394668579[0m   |
|     [0;34;40mvalidate/pred_loss[0m     |  [0;32;40m0.007777255028486252[0m  |
|  [0;34;40mvalidate/pred_loss_epoch[0m  |  [0;32;40m0.007777255028486252[0m  |
|    [0;34;40mvalidate/sigreg_loss[0m    |   [0;32;40m1.6127678155899048[0m   |
| [0;34;40mvalidate/sigreg_loss_epoch[0m |   [0;32;40m1.6127678155899048[0m   |
+----------------------------+------------------------+
[Epoch 5/20] done in 92.9s
00:05:36 | INFO  | checkpoint_~|   Checking for non PyTorch modules to save
00:05:36 | INFO  | atomic_chec~| [atomic_save] → /data1/likun-share/junjxu/.cache_stable-pretraining/runs/20260607/235548/85a215805937/checkpoints/epoch=5-step=1218.ckpt
00:05:36 | INFO  | atomic_chec~| [atomic_save] ✓ epoch=5-step=1218.ckpt saved (206.8 MiB, serialise=0.40s write=0.27s rename=0.1ms)
00:05:37 | INFO  | checkpoint_~|   Checking for non PyTorch modules to save
00:05:37 | INFO  | atomic_chec~| [atomic_save] → /data1/likun-share/junjxu/.cache_stable-pretraining/runs/20260607/235548/85a215805937/checkpoints/last.ckpt
00:05:37 | INFO  | atomic_chec~| [atomic_save] ✓ last.ckpt saved (206.8 MiB, serialise=0.41s write=0.38s rename=45.0ms)
[Epoch 6/20] step 50/203 (2.1 it/s)
[Epoch 6/20] step 100/203 (2.2 it/s)
[Epoch 6/20] step 150/203 (2.2 it/s)
[Epoch 6/20] step 200/203 (2.3 it/s)
00:07:15 | INFO  | trainer_inf~| \n+----------------------------+-----------------------+
|           Metric           |         Value         |
+----------------------------+-----------------------+
|          [0;34;40mfit/loss[0m          |  [0;32;40m0.09032966941595078[0m  |
|       [0;34;40mfit/pred_loss[0m        |   [0;32;40m0.0092749809846282[0m  |
|      [0;34;40mfit/sigreg_loss[0m       |       [0;32;40m0.8984375[0m       |
|    [0;34;40mhardware/cpu_percent[0m    |   [0;32;40m55.400001525878906[0m  |
|  [0;34;40mhardware/disk_read_mb_s[0m   |          [0;32;40m0.0[0m          |
|  [0;34;40mhardware/disk_write_mb_s[0m  |   [0;32;40m88.36569213867188[0m   |
|   [0;34;40mhardware/net_recv_mb_s[0m   |  [0;32;40m0.01916864886879921[0m  |
|   [0;34;40mhardware/net_sent_mb_s[0m   |  [0;32;40m0.021453138440847397[0m |
|    [0;34;40mhardware/ram_used_gb[0m    |   [0;32;40m338.9588928222656[0m   |
|   [0;34;40mhardware/ram_used_pct[0m    |   [0;32;40m33.599998474121094[0m  |
|    [0;34;40mhparams/lr_default_0[0m    | [0;32;40m3.679999281303026e-05[0m |
|       [0;34;40mvalidate/loss[0m        |  [0;32;40m0.15842580795288086[0m  |
|    [0;34;40mvalidate/loss_epoch[0m     |  [0;32;40m0.15842580795288086[0m  |
|     [0;34;40mvalidate/pred_loss[0m     |  [0;32;40m0.007860359735786915[0m |
|  [0;34;40mvalidate/pred_loss_epoch[0m  |  [0;32;40m0.007860359735786915[0m |
|    [0;34;40mvalidate/sigreg_loss[0m    |   [0;32;40m1.6740847826004028[0m  |
| [0;34;40mvalidate/sigreg_loss_epoch[0m |   [0;32;40m1.6740847826004028[0m  |
+----------------------------+-----------------------+
[Epoch 6/20] done in 98.2s
00:07:16 | INFO  | checkpoint_~|   Checking for non PyTorch modules to save
00:07:16 | INFO  | atomic_chec~| [atomic_save] → /data1/likun-share/junjxu/.cache_stable-pretraining/runs/20260607/235548/85a215805937/checkpoints/epoch=6-step=1421.ckpt
00:07:16 | INFO  | atomic_chec~| [atomic_save] ✓ epoch=6-step=1421.ckpt saved (206.8 MiB, serialise=0.46s write=0.29s rename=0.1ms)
00:07:18 | INFO  | checkpoint_~|   Checking for non PyTorch modules to save
00:07:18 | INFO  | atomic_chec~| [atomic_save] → /data1/likun-share/junjxu/.cache_stable-pretraining/runs/20260607/235548/85a215805937/checkpoints/last.ckpt
00:07:18 | INFO  | atomic_chec~| [atomic_save] ✓ last.ckpt saved (206.8 MiB, serialise=0.45s write=0.30s rename=50.2ms)
[Epoch 7/20] step 50/203 (2.2 it/s)
[Epoch 7/20] step 100/203 (2.3 it/s)
[Epoch 7/20] step 150/203 (2.4 it/s)
[Epoch 7/20] step 200/203 (2.5 it/s)
00:08:50 | INFO  | trainer_inf~| \n+----------------------------+-----------------------+
|           Metric           |         Value         |
+----------------------------+-----------------------+
|          [0;34;40mfit/loss[0m          |  [0;32;40m0.10001924633979797[0m  |
|       [0;34;40mfit/pred_loss[0m        |  [0;32;40m0.010175500065088272[0m |
|      [0;34;40mfit/sigreg_loss[0m       |          [0;32;40m1.0[0m          |
|    [0;34;40mhardware/cpu_percent[0m    |   [0;32;40m55.599998474121094[0m  |
|  [0;34;40mhardware/disk_read_mb_s[0m   |          [0;32;40m0.0[0m          |
|  [0;34;40mhardware/disk_write_mb_s[0m  |   [0;32;40m88.36660766601562[0m   |
|   [0;34;40mhardware/net_recv_mb_s[0m   |  [0;32;40m0.061312731355428696[0m |
|   [0;34;40mhardware/net_sent_mb_s[0m   |  [0;32;40m0.09661728143692017[0m  |
|    [0;34;40mhardware/ram_used_gb[0m    |   [0;32;40m337.23394775390625[0m  |
|   [0;34;40mhardware/ram_used_pct[0m    |          [0;32;40m33.5[0m         |
|    [0;34;40mhparams/lr_default_0[0m    | [0;32;40m3.316998481750488e-05[0m |
|       [0;34;40mvalidate/loss[0m        |  [0;32;40m0.14473214745521545[0m  |
|    [0;34;40mvalidate/loss_epoch[0m     |  [0;32;40m0.14473214745521545[0m  |
|     [0;34;40mvalidate/pred_loss[0m     |  [0;32;40m0.006346958689391613[0m |
|  [0;34;40mvalidate/pred_loss_epoch[0m  |  [0;32;40m0.006346958689391613[0m |
|    [0;34;40mvalidate/sigreg_loss[0m    |   [0;32;40m1.536769151687622[0m   |
| [0;34;40mvalidate/sigreg_loss_epoch[0m |   [0;32;40m1.536769151687622[0m   |
+----------------------------+-----------------------+
[Epoch 7/20] done in 91.7s
00:08:50 | INFO  | checkpoint_~|   Checking for non PyTorch modules to save
00:08:50 | INFO  | atomic_chec~| [atomic_save] → /data1/likun-share/junjxu/.cache_stable-pretraining/runs/20260607/235548/85a215805937/checkpoints/epoch=7-step=1624.ckpt
00:08:51 | INFO  | atomic_chec~| [atomic_save] ✓ epoch=7-step=1624.ckpt saved (206.8 MiB, serialise=0.32s write=0.24s rename=0.1ms)
00:08:51 | INFO  | checkpoint_~|   Checking for non PyTorch modules to save
00:08:51 | INFO  | atomic_chec~| [atomic_save] → /data1/likun-share/junjxu/.cache_stable-pretraining/runs/20260607/235548/85a215805937/checkpoints/last.ckpt
00:08:51 | INFO  | atomic_chec~| [atomic_save] ✓ last.ckpt saved (206.8 MiB, serialise=0.32s write=0.23s rename=40.2ms)
[Epoch 8/20] step 50/203 (2.2 it/s)
[Epoch 8/20] step 100/203 (2.3 it/s)
[Epoch 8/20] step 150/203 (2.4 it/s)
[Epoch 8/20] step 200/203 (2.5 it/s)
00:10:25 | INFO  | trainer_inf~| \n+----------------------------+------------------------+
|           Metric           |         Value          |
+----------------------------+------------------------+
|          [0;34;40mfit/loss[0m          |  [0;32;40m0.09223919361829758[0m   |
|       [0;34;40mfit/pred_loss[0m        |   [0;32;40m0.0097196651622653[0m   |
|      [0;34;40mfit/sigreg_loss[0m       |       [0;32;40m0.91796875[0m       |
|    [0;34;40mhardware/cpu_percent[0m    |   [0;32;40m56.29999923706055[0m    |
|  [0;34;40mhardware/disk_read_mb_s[0m   | [0;32;40m0.0070296707563102245[0m  |
|  [0;34;40mhardware/disk_write_mb_s[0m  |   [0;32;40m62.54922866821289[0m    |
|   [0;34;40mhardware/net_recv_mb_s[0m   |  [0;32;40m0.040802277624607086[0m  |
|   [0;34;40mhardware/net_sent_mb_s[0m   |   [0;32;40m0.0968577191233635[0m   |
|    [0;34;40mhardware/ram_used_gb[0m    |   [0;32;40m337.9340515136719[0m    |
|   [0;34;40mhardware/ram_used_pct[0m    |          [0;32;40m33.5[0m          |
|    [0;34;40mhparams/lr_default_0[0m    | [0;32;40m2.9334791179280728e-05[0m |
|       [0;34;40mvalidate/loss[0m        |  [0;32;40m0.15674427151679993[0m   |
|    [0;34;40mvalidate/loss_epoch[0m     |  [0;32;40m0.15674427151679993[0m   |
|     [0;34;40mvalidate/pred_loss[0m     |   [0;32;40m0.0079618189483881[0m   |
|  [0;34;40mvalidate/pred_loss_epoch[0m  |   [0;32;40m0.0079618189483881[0m   |
|    [0;34;40mvalidate/sigreg_loss[0m    |   [0;32;40m1.6529217958450317[0m   |
| [0;34;40mvalidate/sigreg_loss_epoch[0m |   [0;32;40m1.6529217958450317[0m   |
+----------------------------+------------------------+
[Epoch 8/20] done in 93.4s
00:10:25 | INFO  | checkpoint_~|   Checking for non PyTorch modules to save
00:10:25 | INFO  | atomic_chec~| [atomic_save] → /data1/likun-share/junjxu/.cache_stable-pretraining/runs/20260607/235548/85a215805937/checkpoints/epoch=8-step=1827.ckpt
00:10:25 | INFO  | atomic_chec~| [atomic_save] ✓ epoch=8-step=1827.ckpt saved (206.8 MiB, serialise=0.32s write=0.23s rename=0.1ms)
00:10:25 | INFO  | checkpoint_~|   Checking for non PyTorch modules to save
00:10:25 | INFO  | atomic_chec~| [atomic_save] → /data1/likun-share/junjxu/.cache_stable-pretraining/runs/20260607/235548/85a215805937/checkpoints/last.ckpt
00:10:26 | INFO  | atomic_chec~| [atomic_save] ✓ last.ckpt saved (206.8 MiB, serialise=0.38s write=0.23s rename=24.1ms)
[Epoch 9/20] step 50/203 (2.5 it/s)
[Epoch 9/20] step 100/203 (2.6 it/s)
[Epoch 9/20] step 150/203 (2.7 it/s)
[Epoch 9/20] step 200/203 (2.8 it/s)
00:11:50 | INFO  | trainer_inf~| \n+----------------------------+-----------------------+
|           Metric           |         Value         |
+----------------------------+-----------------------+
|          [0;34;40mfit/loss[0m          |  [0;32;40m0.08281560987234116[0m  |
|       [0;34;40mfit/pred_loss[0m        |  [0;32;40m0.006643731612712145[0m |
|      [0;34;40mfit/sigreg_loss[0m       |        [0;32;40m0.84375[0m        |
|    [0;34;40mhardware/cpu_percent[0m    |   [0;32;40m57.900001525878906[0m  |
|  [0;34;40mhardware/disk_read_mb_s[0m   |          [0;32;40m0.0[0m          |
|  [0;34;40mhardware/disk_write_mb_s[0m  |   [0;32;40m43.48340606689453[0m   |
|   [0;34;40mhardware/net_recv_mb_s[0m   |  [0;32;40m0.01172979362308979[0m  |
|   [0;34;40mhardware/net_sent_mb_s[0m   |  [0;32;40m0.01425851322710514[0m  |
|    [0;34;40mhardware/ram_used_gb[0m    |   [0;32;40m338.5704345703125[0m   |
|   [0;34;40mhardware/ram_used_pct[0m    |   [0;32;40m33.599998474121094[0m  |
|    [0;34;40mhparams/lr_default_0[0m    | [0;32;40m2.539072920626495e-05[0m |
|       [0;34;40mvalidate/loss[0m        |   [0;32;40m0.1391022652387619[0m  |
|    [0;34;40mvalidate/loss_epoch[0m     |   [0;32;40m0.1391022652387619[0m  |
|     [0;34;40mvalidate/pred_loss[0m     |  [0;32;40m0.004845975432544947[0m |
|  [0;34;40mvalidate/pred_loss_epoch[0m  |  [0;32;40m0.004845975432544947[0m |
|    [0;34;40mvalidate/sigreg_loss[0m    |   [0;32;40m1.4924570322036743[0m  |
| [0;34;40mvalidate/sigreg_loss_epoch[0m |   [0;32;40m1.4924570322036743[0m  |
+----------------------------+-----------------------+
[Epoch 9/20] done in 84.3s
00:11:50 | INFO  | checkpoint_~|   Checking for non PyTorch modules to save
00:11:50 | INFO  | atomic_chec~| [atomic_save] → /data1/likun-share/junjxu/.cache_stable-pretraining/runs/20260607/235548/85a215805937/checkpoints/epoch=9-step=2030.ckpt
00:11:51 | INFO  | atomic_chec~| [atomic_save] ✓ epoch=9-step=2030.ckpt saved (206.8 MiB, serialise=0.29s write=0.24s rename=0.1ms)
00:11:51 | INFO  | checkpoint_~|   Checking for non PyTorch modules to save
00:11:51 | INFO  | atomic_chec~| [atomic_save] → /data1/likun-share/junjxu/.cache_stable-pretraining/runs/20260607/235548/85a215805937/checkpoints/last.ckpt
00:11:51 | INFO  | atomic_chec~| [atomic_save] ✓ last.ckpt saved (206.8 MiB, serialise=0.33s write=0.25s rename=50.9ms)
[Epoch 10/20] step 50/203 (2.0 it/s)
[Epoch 10/20] step 100/203 (2.2 it/s)
[Epoch 10/20] step 150/203 (2.4 it/s)
[Epoch 10/20] step 200/203 (2.4 it/s)
00:13:25 | INFO  | trainer_inf~| \n+----------------------------+------------------------+
|           Metric           |         Value          |
+----------------------------+------------------------+
|          [0;34;40mfit/loss[0m          |  [0;32;40m0.08438357710838318[0m   |
|       [0;34;40mfit/pred_loss[0m        |  [0;32;40m0.006746859289705753[0m  |
|      [0;34;40mfit/sigreg_loss[0m       |       [0;32;40m0.86328125[0m       |
|    [0;34;40mhardware/cpu_percent[0m    |   [0;32;40m54.20000076293945[0m    |
|  [0;34;40mhardware/disk_read_mb_s[0m   |          [0;32;40m0.0[0m           |
|  [0;34;40mhardware/disk_write_mb_s[0m  |   [0;32;40m83.85647583007812[0m    |
|   [0;34;40mhardware/net_recv_mb_s[0m   |  [0;32;40m0.023390086367726326[0m  |
|   [0;34;40mhardware/net_sent_mb_s[0m   |  [0;32;40m0.056565914303064346[0m  |
|    [0;34;40mhardware/ram_used_gb[0m    |   [0;32;40m341.5285339355469[0m    |
|   [0;34;40mhardware/ram_used_pct[0m    |   [0;32;40m33.900001525878906[0m   |
|    [0;34;40mhparams/lr_default_0[0m    | [0;32;40m2.1436855604406446e-05[0m |
|       [0;34;40mvalidate/loss[0m        |  [0;32;40m0.14110086858272552[0m   |
|    [0;34;40mvalidate/loss_epoch[0m     |  [0;32;40m0.14110086858272552[0m   |
|     [0;34;40mvalidate/pred_loss[0m     |  [0;32;40m0.004945020657032728[0m  |
|  [0;34;40mvalidate/pred_loss_epoch[0m  |  [0;32;40m0.004945020657032728[0m  |
|    [0;34;40mvalidate/sigreg_loss[0m    |   [0;32;40m1.5127252340316772[0m   |
| [0;34;40mvalidate/sigreg_loss_epoch[0m |   [0;32;40m1.5127252340316772[0m   |
+----------------------------+------------------------+
[Epoch 10/20] done in 93.3s
00:13:25 | INFO  | checkpoint_~|   Checking for non PyTorch modules to save
00:13:25 | INFO  | atomic_chec~| [atomic_save] → /data1/likun-share/junjxu/.cache_stable-pretraining/runs/20260607/235548/85a215805937/checkpoints/epoch=10-step=2233.ckpt
00:13:25 | INFO  | atomic_chec~| [atomic_save] ✓ epoch=10-step=2233.ckpt saved (206.8 MiB, serialise=0.31s write=0.22s rename=0.1ms)
00:13:25 | INFO  | checkpoint_~|   Checking for non PyTorch modules to save
00:13:25 | INFO  | atomic_chec~| [atomic_save] → /data1/likun-share/junjxu/.cache_stable-pretraining/runs/20260607/235548/85a215805937/checkpoints/last.ckpt
00:13:26 | INFO  | atomic_chec~| [atomic_save] ✓ last.ckpt saved (206.8 MiB, serialise=0.43s write=0.30s rename=53.0ms)
[Epoch 11/20] step 50/203 (2.1 it/s)
[Epoch 11/20] step 100/203 (2.3 it/s)
[Epoch 11/20] step 150/203 (2.3 it/s)
[Epoch 11/20] step 200/203 (2.3 it/s)
00:15:05 | INFO  | trainer_inf~| \n+----------------------------+-----------------------+
|           Metric           |         Value         |
+----------------------------+-----------------------+
|          [0;34;40mfit/loss[0m          |  [0;32;40m0.08361172676086426[0m  |
|       [0;34;40mfit/pred_loss[0m        |  [0;32;40m0.006463291589170694[0m |
|      [0;34;40mfit/sigreg_loss[0m       |        [0;32;40m0.859375[0m       |
|    [0;34;40mhardware/cpu_percent[0m    |          [0;32;40m52.5[0m         |
|  [0;34;40mhardware/disk_read_mb_s[0m   |          [0;32;40m0.0[0m          |
|  [0;34;40mhardware/disk_write_mb_s[0m  |   [0;32;40m126.00945281982422[0m  |
|   [0;34;40mhardware/net_recv_mb_s[0m   |  [0;32;40m0.06407203525304794[0m  |
|   [0;34;40mhardware/net_sent_mb_s[0m   |  [0;32;40m0.13035371899604797[0m  |
|    [0;34;40mhardware/ram_used_gb[0m    |   [0;32;40m341.49774169921875[0m  |
|   [0;34;40mhardware/ram_used_pct[0m    |   [0;32;40m33.900001525878906[0m  |
|    [0;34;40mhparams/lr_default_0[0m    | [0;32;40m1.757246718625538e-05[0m |
|       [0;34;40mvalidate/loss[0m        |  [0;32;40m0.13819755613803864[0m  |
|    [0;34;40mvalidate/loss_epoch[0m     |  [0;32;40m0.13819755613803864[0m  |
|     [0;34;40mvalidate/pred_loss[0m     |  [0;32;40m0.00452435715124011[0m  |
|  [0;34;40mvalidate/pred_loss_epoch[0m  |  [0;32;40m0.00452435715124011[0m  |
|    [0;34;40mvalidate/sigreg_loss[0m    |   [0;32;40m1.4863988161087036[0m  |
| [0;34;40mvalidate/sigreg_loss_epoch[0m |   [0;32;40m1.4863988161087036[0m  |
+----------------------------+-----------------------+
[Epoch 11/20] done in 98.8s
00:15:05 | INFO  | checkpoint_~|   Checking for non PyTorch modules to save
00:15:05 | INFO  | atomic_chec~| [atomic_save] → /data1/likun-share/junjxu/.cache_stable-pretraining/runs/20260607/235548/85a215805937/checkpoints/epoch=11-step=2436.ckpt
00:15:05 | INFO  | atomic_chec~| [atomic_save] ✓ epoch=11-step=2436.ckpt saved (206.8 MiB, serialise=0.31s write=0.24s rename=0.1ms)
00:15:06 | INFO  | checkpoint_~|   Checking for non PyTorch modules to save
00:15:06 | INFO  | atomic_chec~| [atomic_save] → /data1/likun-share/junjxu/.cache_stable-pretraining/runs/20260607/235548/85a215805937/checkpoints/last.ckpt
00:15:06 | INFO  | atomic_chec~| [atomic_save] ✓ last.ckpt saved (206.8 MiB, serialise=0.32s write=0.25s rename=27.5ms)
[Epoch 12/20] step 50/203 (2.2 it/s)
[Epoch 12/20] step 100/203 (2.3 it/s)
[Epoch 12/20] step 150/203 (2.3 it/s)
[Epoch 12/20] step 200/203 (2.5 it/s)
00:16:39 | INFO  | trainer_inf~| \n+----------------------------+------------------------+
|           Metric           |         Value          |
+----------------------------+------------------------+
|          [0;34;40mfit/loss[0m          |   [0;32;40m0.0820254310965538[0m   |
|       [0;34;40mfit/pred_loss[0m        |  [0;32;40m0.006830121856182814[0m  |
|      [0;34;40mfit/sigreg_loss[0m       |       [0;32;40m0.8359375[0m        |
|    [0;34;40mhardware/cpu_percent[0m    |   [0;32;40m57.900001525878906[0m   |
|  [0;34;40mhardware/disk_read_mb_s[0m   |          [0;32;40m0.0[0m           |
|  [0;34;40mhardware/disk_write_mb_s[0m  |    [0;32;40m84.0825424194336[0m    |
|   [0;34;40mhardware/net_recv_mb_s[0m   |  [0;32;40m0.12217742949724197[0m   |
|   [0;34;40mhardware/net_sent_mb_s[0m   |  [0;32;40m0.22551864385604858[0m   |
|    [0;34;40mhardware/ram_used_gb[0m    |   [0;32;40m342.8248596191406[0m    |
|   [0;34;40mhardware/ram_used_pct[0m    |          [0;32;40m34.0[0m          |
|    [0;34;40mhparams/lr_default_0[0m    | [0;32;40m1.3894621588406153e-05[0m |
|       [0;34;40mvalidate/loss[0m        |  [0;32;40m0.13753139972686768[0m   |
|    [0;34;40mvalidate/loss_epoch[0m     |  [0;32;40m0.13753139972686768[0m   |
|     [0;34;40mvalidate/pred_loss[0m     |  [0;32;40m0.004440293647348881[0m  |
|  [0;34;40mvalidate/pred_loss_epoch[0m  |  [0;32;40m0.004440293647348881[0m  |
|    [0;34;40mvalidate/sigreg_loss[0m    |   [0;32;40m1.4784650802612305[0m   |
| [0;34;40mvalidate/sigreg_loss_epoch[0m |   [0;32;40m1.4784650802612305[0m   |
+----------------------------+------------------------+
[Epoch 12/20] done in 93.1s
00:16:39 | INFO  | checkpoint_~|   Checking for non PyTorch modules to save
00:16:39 | INFO  | atomic_chec~| [atomic_save] → /data1/likun-share/junjxu/.cache_stable-pretraining/runs/20260607/235548/85a215805937/checkpoints/epoch=12-step=2639.ckpt
00:16:40 | INFO  | atomic_chec~| [atomic_save] ✓ epoch=12-step=2639.ckpt saved (206.8 MiB, serialise=0.44s write=0.29s rename=0.1ms)
00:16:40 | INFO  | checkpoint_~|   Checking for non PyTorch modules to save
00:16:40 | INFO  | atomic_chec~| [atomic_save] → /data1/likun-share/junjxu/.cache_stable-pretraining/runs/20260607/235548/85a215805937/checkpoints/last.ckpt
00:16:41 | INFO  | atomic_chec~| [atomic_save] ✓ last.ckpt saved (206.8 MiB, serialise=0.44s write=0.31s rename=44.2ms)
[Epoch 13/20] step 50/203 (2.3 it/s)
[Epoch 13/20] step 100/203 (2.3 it/s)
[Epoch 13/20] step 150/203 (2.4 it/s)
[Epoch 13/20] step 200/203 (2.4 it/s)
00:18:16 | INFO  | trainer_inf~| \n+----------------------------+------------------------+
|           Metric           |         Value          |
+----------------------------+------------------------+
|          [0;34;40mfit/loss[0m          |  [0;32;40m0.09114546328783035[0m   |
|       [0;34;40mfit/pred_loss[0m        |  [0;32;40m0.006184528116136789[0m  |
|      [0;34;40mfit/sigreg_loss[0m       |       [0;32;40m0.94140625[0m       |
|    [0;34;40mhardware/cpu_percent[0m    |          [0;32;40m61.5[0m          |
|  [0;34;40mhardware/disk_read_mb_s[0m   |   [0;32;40m0.2971027195453644[0m   |
|  [0;34;40mhardware/disk_write_mb_s[0m  |   [0;32;40m87.19554901123047[0m    |
|   [0;34;40mhardware/net_recv_mb_s[0m   |  [0;32;40m0.010638507083058357[0m  |
|   [0;34;40mhardware/net_sent_mb_s[0m   |  [0;32;40m0.01324976235628128[0m   |
|    [0;34;40mhardware/ram_used_gb[0m    |    [0;32;40m343.05517578125[0m     |
|   [0;34;40mhardware/ram_used_pct[0m    |   [0;32;40m34.099998474121094[0m   |
|    [0;34;40mhparams/lr_default_0[0m    | [0;32;40m1.0495683454792015e-05[0m |
|       [0;34;40mvalidate/loss[0m        |  [0;32;40m0.13321910798549652[0m   |
|    [0;34;40mvalidate/loss_epoch[0m     |  [0;32;40m0.13321910798549652[0m   |
|     [0;34;40mvalidate/pred_loss[0m     | [0;32;40m0.0037155982572585344[0m  |
|  [0;34;40mvalidate/pred_loss_epoch[0m  | [0;32;40m0.0037155982572585344[0m  |
|    [0;34;40mvalidate/sigreg_loss[0m    |   [0;32;40m1.4391223192214966[0m   |
| [0;34;40mvalidate/sigreg_loss_epoch[0m |   [0;32;40m1.4391223192214966[0m   |
+----------------------------+------------------------+
[Epoch 13/20] done in 95.3s
00:18:16 | INFO  | checkpoint_~|   Checking for non PyTorch modules to save
00:18:16 | INFO  | atomic_chec~| [atomic_save] → /data1/likun-share/junjxu/.cache_stable-pretraining/runs/20260607/235548/85a215805937/checkpoints/epoch=13-step=2842.ckpt
00:18:17 | INFO  | atomic_chec~| [atomic_save] ✓ epoch=13-step=2842.ckpt saved (206.8 MiB, serialise=0.31s write=0.22s rename=0.1ms)
00:18:17 | INFO  | checkpoint_~|   Checking for non PyTorch modules to save
00:18:17 | INFO  | atomic_chec~| [atomic_save] → /data1/likun-share/junjxu/.cache_stable-pretraining/runs/20260607/235548/85a215805937/checkpoints/last.ckpt
00:18:17 | INFO  | atomic_chec~| [atomic_save] ✓ last.ckpt saved (206.8 MiB, serialise=0.31s write=0.26s rename=41.0ms)
[Epoch 14/20] step 50/203 (2.5 it/s)
[Epoch 14/20] step 100/203 (2.6 it/s)
[Epoch 14/20] step 150/203 (2.6 it/s)
[Epoch 14/20] step 200/203 (2.6 it/s)
00:19:45 | INFO  | trainer_inf~| \n+----------------------------+-----------------------+
|           Metric           |         Value         |
+----------------------------+-----------------------+
|          [0;34;40mfit/loss[0m          |  [0;32;40m0.07973113656044006[0m  |
|       [0;34;40mfit/pred_loss[0m        |  [0;32;40m0.00551238376647234[0m  |
|      [0;34;40mfit/sigreg_loss[0m       |       [0;32;40m0.82421875[0m      |
|    [0;34;40mhardware/cpu_percent[0m    |          [0;32;40m58.0[0m         |
|  [0;34;40mhardware/disk_read_mb_s[0m   |          [0;32;40m0.0[0m          |
|  [0;34;40mhardware/disk_write_mb_s[0m  |   [0;32;40m129.80360412597656[0m  |
|   [0;34;40mhardware/net_recv_mb_s[0m   |  [0;32;40m0.14894786477088928[0m  |
|   [0;34;40mhardware/net_sent_mb_s[0m   |  [0;32;40m0.24096672236919403[0m  |
|    [0;34;40mhardware/ram_used_gb[0m    |   [0;32;40m342.7676696777344[0m   |
|   [0;34;40mhardware/ram_used_pct[0m    |          [0;32;40m34.0[0m         |
|    [0;34;40mhparams/lr_default_0[0m    | [0;32;40m7.461018412868725e-06[0m |
|       [0;34;40mvalidate/loss[0m        |   [0;32;40m0.1336781084537506[0m  |
|    [0;34;40mvalidate/loss_epoch[0m     |   [0;32;40m0.1336781084537506[0m  |
|     [0;34;40mvalidate/pred_loss[0m     | [0;32;40m0.0037119053304195404[0m |
|  [0;34;40mvalidate/pred_loss_epoch[0m  | [0;32;40m0.0037119053304195404[0m |
|    [0;34;40mvalidate/sigreg_loss[0m    |   [0;32;40m1.4428331851959229[0m  |
| [0;34;40mvalidate/sigreg_loss_epoch[0m |   [0;32;40m1.4428331851959229[0m  |
+----------------------------+-----------------------+
[Epoch 14/20] done in 87.3s
00:19:45 | INFO  | checkpoint_~|   Checking for non PyTorch modules to save
00:19:45 | INFO  | atomic_chec~| [atomic_save] → /data1/likun-share/junjxu/.cache_stable-pretraining/runs/20260607/235548/85a215805937/checkpoints/epoch=14-step=3045.ckpt
00:19:45 | INFO  | atomic_chec~| [atomic_save] ✓ epoch=14-step=3045.ckpt saved (206.8 MiB, serialise=0.31s write=0.22s rename=0.1ms)
00:19:45 | INFO  | checkpoint_~|   Checking for non PyTorch modules to save
00:19:45 | INFO  | atomic_chec~| [atomic_save] → /data1/likun-share/junjxu/.cache_stable-pretraining/runs/20260607/235548/85a215805937/checkpoints/last.ckpt
00:19:46 | INFO  | atomic_chec~| [atomic_save] ✓ last.ckpt saved (206.8 MiB, serialise=0.31s write=0.23s rename=26.8ms)
[Epoch 15/20] step 50/203 (2.1 it/s)
[Epoch 15/20] step 100/203 (2.4 it/s)
[Epoch 15/20] step 150/203 (2.4 it/s)
[Epoch 15/20] step 200/203 (2.4 it/s)
00:21:19 | INFO  | trainer_inf~| \n+----------------------------+-----------------------+
|           Metric           |         Value         |
+----------------------------+-----------------------+
|          [0;34;40mfit/loss[0m          |  [0;32;40m0.08746499568223953[0m  |
|       [0;34;40mfit/pred_loss[0m        |  [0;32;40m0.005433748476207256[0m |
|      [0;34;40mfit/sigreg_loss[0m       |       [0;32;40m0.9140625[0m       |
|    [0;34;40mhardware/cpu_percent[0m    |          [0;32;40m58.0[0m         |
|  [0;34;40mhardware/disk_read_mb_s[0m   |          [0;32;40m0.0[0m          |
|  [0;34;40mhardware/disk_write_mb_s[0m  |   [0;32;40m131.43374633789062[0m  |
|   [0;34;40mhardware/net_recv_mb_s[0m   |  [0;32;40m0.024236831814050674[0m |
|   [0;34;40mhardware/net_sent_mb_s[0m   |  [0;32;40m0.03350026533007622[0m  |
|    [0;34;40mhardware/ram_used_gb[0m    |   [0;32;40m343.0113220214844[0m   |
|   [0;34;40mhardware/ram_used_pct[0m    |   [0;32;40m34.099998474121094[0m  |
|    [0;34;40mhparams/lr_default_0[0m    | [0;32;40m4.866839390160749e-06[0m |
|       [0;34;40mvalidate/loss[0m        |  [0;32;40m0.12951040267944336[0m  |
|    [0;34;40mvalidate/loss_epoch[0m     |  [0;32;40m0.12951040267944336[0m  |
|     [0;34;40mvalidate/pred_loss[0m     |  [0;32;40m0.00343413557857275[0m  |
|  [0;34;40mvalidate/pred_loss_epoch[0m  |  [0;32;40m0.00343413557857275[0m  |
|    [0;34;40mvalidate/sigreg_loss[0m    |   [0;32;40m1.4011512994766235[0m  |
| [0;34;40mvalidate/sigreg_loss_epoch[0m |   [0;32;40m1.4011512994766235[0m  |
+----------------------------+-----------------------+
[Epoch 15/20] done in 92.8s
00:21:19 | INFO  | checkpoint_~|   Checking for non PyTorch modules to save
00:21:19 | INFO  | atomic_chec~| [atomic_save] → /data1/likun-share/junjxu/.cache_stable-pretraining/runs/20260607/235548/85a215805937/checkpoints/epoch=15-step=3248.ckpt
00:21:19 | INFO  | atomic_chec~| [atomic_save] ✓ epoch=15-step=3248.ckpt saved (206.8 MiB, serialise=0.39s write=0.23s rename=0.1ms)
00:21:19 | INFO  | checkpoint_~|   Checking for non PyTorch modules to save
00:21:19 | INFO  | atomic_chec~| [atomic_save] → /data1/likun-share/junjxu/.cache_stable-pretraining/runs/20260607/235548/85a215805937/checkpoints/last.ckpt
00:21:20 | INFO  | atomic_chec~| [atomic_save] ✓ last.ckpt saved (206.8 MiB, serialise=0.31s write=0.23s rename=26.3ms)
[Epoch 16/20] step 50/203 (2.2 it/s)
[Epoch 16/20] step 100/203 (2.3 it/s)
[Epoch 16/20] step 150/203 (2.4 it/s)
[Epoch 16/20] step 200/203 (2.5 it/s)
00:22:53 | INFO  | trainer_inf~| \n+----------------------------+------------------------+
|           Metric           |         Value          |
+----------------------------+------------------------+
|          [0;34;40mfit/loss[0m          |  [0;32;40m0.08566516637802124[0m   |
|       [0;34;40mfit/pred_loss[0m        |  [0;32;40m0.005587037652730942[0m  |
|      [0;34;40mfit/sigreg_loss[0m       |        [0;32;40m0.890625[0m        |
|    [0;34;40mhardware/cpu_percent[0m    |   [0;32;40m56.79999923706055[0m    |
|  [0;34;40mhardware/disk_read_mb_s[0m   |          [0;32;40m0.0[0m           |
|  [0;34;40mhardware/disk_write_mb_s[0m  |    [0;32;40m103.102783203125[0m    |
|   [0;34;40mhardware/net_recv_mb_s[0m   |  [0;32;40m0.01977457106113434[0m   |
|   [0;34;40mhardware/net_sent_mb_s[0m   |  [0;32;40m0.056488748639822006[0m  |
|    [0;34;40mhardware/ram_used_gb[0m    |   [0;32;40m344.2799987792969[0m    |
|   [0;34;40mhardware/ram_used_pct[0m    |   [0;32;40m34.20000076293945[0m    |
|    [0;34;40mhparams/lr_default_0[0m    | [0;32;40m2.7783000859926688e-06[0m |
|       [0;34;40mvalidate/loss[0m        |  [0;32;40m0.12730088829994202[0m   |
|    [0;34;40mvalidate/loss_epoch[0m     |  [0;32;40m0.12730088829994202[0m   |
|     [0;34;40mvalidate/pred_loss[0m     |  [0;32;40m0.003205187153071165[0m  |
|  [0;34;40mvalidate/pred_loss_epoch[0m  |  [0;32;40m0.003205187153071165[0m  |
|    [0;34;40mvalidate/sigreg_loss[0m    |   [0;32;40m1.3787944316864014[0m   |
| [0;34;40mvalidate/sigreg_loss_epoch[0m |   [0;32;40m1.3787944316864014[0m   |
+----------------------------+------------------------+
[Epoch 16/20] done in 93.2s
00:22:53 | INFO  | checkpoint_~|   Checking for non PyTorch modules to save
00:22:53 | INFO  | atomic_chec~| [atomic_save] → /data1/likun-share/junjxu/.cache_stable-pretraining/runs/20260607/235548/85a215805937/checkpoints/epoch=16-step=3451.ckpt
00:22:54 | INFO  | atomic_chec~| [atomic_save] ✓ epoch=16-step=3451.ckpt saved (206.8 MiB, serialise=0.33s write=0.25s rename=0.1ms)
00:22:54 | INFO  | checkpoint_~|   Checking for non PyTorch modules to save
00:22:54 | INFO  | atomic_chec~| [atomic_save] → /data1/likun-share/junjxu/.cache_stable-pretraining/runs/20260607/235548/85a215805937/checkpoints/last.ckpt
00:22:54 | INFO  | atomic_chec~| [atomic_save] ✓ last.ckpt saved (206.8 MiB, serialise=0.32s write=0.27s rename=30.6ms)
[Epoch 17/20] step 50/203 (2.3 it/s)
[Epoch 17/20] step 100/203 (2.3 it/s)
[Epoch 17/20] step 150/203 (2.3 it/s)
[Epoch 17/20] step 200/203 (2.3 it/s)
00:24:32 | INFO  | trainer_inf~| \n+----------------------------+-----------------------+
|           Metric           |         Value         |
+----------------------------+-----------------------+
|          [0;34;40mfit/loss[0m          |  [0;32;40m0.08385970443487167[0m  |
|       [0;34;40mfit/pred_loss[0m        |  [0;32;40m0.005246426444500685[0m |
|      [0;34;40mfit/sigreg_loss[0m       |         [0;32;40m0.875[0m         |
|    [0;34;40mhardware/cpu_percent[0m    |   [0;32;40m58.79999923706055[0m   |
|  [0;34;40mhardware/disk_read_mb_s[0m   |          [0;32;40m0.0[0m          |
|  [0;34;40mhardware/disk_write_mb_s[0m  |   [0;32;40m42.45360565185547[0m   |
|   [0;34;40mhardware/net_recv_mb_s[0m   |   [0;32;40m0.3153303563594818[0m  |
|   [0;34;40mhardware/net_sent_mb_s[0m   |   [0;32;40m0.0930788516998291[0m  |
|    [0;34;40mhardware/ram_used_gb[0m    |   [0;32;40m342.8049011230469[0m   |
|   [0;34;40mhardware/ram_used_pct[0m    |          [0;32;40m34.0[0m         |
|    [0;34;40mhparams/lr_default_0[0m    | [0;32;40m1.247852651431458e-06[0m |
|       [0;34;40mvalidate/loss[0m        |  [0;32;40m0.12829311192035675[0m  |
|    [0;34;40mvalidate/loss_epoch[0m     |  [0;32;40m0.12829311192035675[0m  |
|     [0;34;40mvalidate/pred_loss[0m     |  [0;32;40m0.003181284060701728[0m |
|  [0;34;40mvalidate/pred_loss_epoch[0m  |  [0;32;40m0.003181284060701728[0m |
|    [0;34;40mvalidate/sigreg_loss[0m    |   [0;32;40m1.3889838457107544[0m  |
| [0;34;40mvalidate/sigreg_loss_epoch[0m |   [0;32;40m1.3889838457107544[0m  |
+----------------------------+-----------------------+
[Epoch 17/20] done in 97.4s
00:24:32 | INFO  | checkpoint_~|   Checking for non PyTorch modules to save
00:24:32 | INFO  | atomic_chec~| [atomic_save] → /data1/likun-share/junjxu/.cache_stable-pretraining/runs/20260607/235548/85a215805937/checkpoints/epoch=17-step=3654.ckpt
00:24:33 | INFO  | atomic_chec~| [atomic_save] ✓ epoch=17-step=3654.ckpt saved (206.8 MiB, serialise=0.32s write=0.24s rename=0.1ms)
00:24:33 | INFO  | checkpoint_~|   Checking for non PyTorch modules to save
00:24:33 | INFO  | atomic_chec~| [atomic_save] → /data1/likun-share/junjxu/.cache_stable-pretraining/runs/20260607/235548/85a215805937/checkpoints/last.ckpt
00:24:33 | INFO  | atomic_chec~| [atomic_save] ✓ last.ckpt saved (206.8 MiB, serialise=0.34s write=0.24s rename=27.5ms)
[Epoch 18/20] step 50/203 (2.2 it/s)
[Epoch 18/20] step 100/203 (2.3 it/s)
[Epoch 18/20] step 150/203 (2.3 it/s)
[Epoch 18/20] step 200/203 (2.4 it/s)
00:26:09 | INFO  | trainer_inf~| \n+----------------------------+------------------------+
|           Metric           |         Value          |
+----------------------------+------------------------+
|          [0;34;40mfit/loss[0m          |  [0;32;40m0.07961910218000412[0m   |
|       [0;34;40mfit/pred_loss[0m        |  [0;32;40m0.004912072326987982[0m  |
|      [0;34;40mfit/sigreg_loss[0m       |        [0;32;40m0.828125[0m        |
|    [0;34;40mhardware/cpu_percent[0m    |   [0;32;40m59.599998474121094[0m   |
|  [0;34;40mhardware/disk_read_mb_s[0m   |          [0;32;40m0.0[0m           |
|  [0;34;40mhardware/disk_write_mb_s[0m  |   [0;32;40m72.81702423095703[0m    |
|   [0;34;40mhardware/net_recv_mb_s[0m   |  [0;32;40m0.010599443688988686[0m  |
|   [0;34;40mhardware/net_sent_mb_s[0m   |   [0;32;40m0.0489908866584301[0m   |
|    [0;34;40mhardware/ram_used_gb[0m    |   [0;32;40m342.2440490722656[0m    |
|   [0;34;40mhardware/ram_used_pct[0m    |          [0;32;40m34.0[0m          |
|    [0;34;40mhparams/lr_default_0[0m    | [0;32;40m3.1393423682857247e-07[0m |
|       [0;34;40mvalidate/loss[0m        |  [0;32;40m0.12865999341011047[0m   |
|    [0;34;40mvalidate/loss_epoch[0m     |  [0;32;40m0.12865999341011047[0m   |
|     [0;34;40mvalidate/pred_loss[0m     | [0;32;40m0.0031442460604012012[0m  |
|  [0;34;40mvalidate/pred_loss_epoch[0m  | [0;32;40m0.0031442460604012012[0m  |
|    [0;34;40mvalidate/sigreg_loss[0m    |   [0;32;40m1.3939074277877808[0m   |
| [0;34;40mvalidate/sigreg_loss_epoch[0m |   [0;32;40m1.3939074277877808[0m   |
+----------------------------+------------------------+
[Epoch 18/20] done in 95.7s
00:26:09 | INFO  | checkpoint_~|   Checking for non PyTorch modules to save
00:26:09 | INFO  | atomic_chec~| [atomic_save] → /data1/likun-share/junjxu/.cache_stable-pretraining/runs/20260607/235548/85a215805937/checkpoints/epoch=18-step=3857.ckpt
00:26:09 | INFO  | atomic_chec~| [atomic_save] ✓ epoch=18-step=3857.ckpt saved (206.8 MiB, serialise=0.33s write=0.21s rename=0.1ms)
00:26:10 | INFO  | checkpoint_~|   Checking for non PyTorch modules to save
00:26:10 | INFO  | atomic_chec~| [atomic_save] → /data1/likun-share/junjxu/.cache_stable-pretraining/runs/20260607/235548/85a215805937/checkpoints/last.ckpt
00:26:10 | INFO  | atomic_chec~| [atomic_save] ✓ last.ckpt saved (206.8 MiB, serialise=0.34s write=0.26s rename=25.5ms)
[Epoch 19/20] step 50/203 (2.1 it/s)
[Epoch 19/20] step 100/203 (2.3 it/s)
[Epoch 19/20] step 150/203 (2.4 it/s)
[Epoch 19/20] step 200/203 (2.5 it/s)
00:27:38 | INFO  | trainer_inf~| \n+----------------------------+-----------------------+
|           Metric           |         Value         |
+----------------------------+-----------------------+
|          [0;34;40mfit/loss[0m          |  [0;32;40m0.09046400338411331[0m  |
|       [0;34;40mfit/pred_loss[0m        |  [0;32;40m0.00550306448712945[0m  |
|      [0;34;40mfit/sigreg_loss[0m       |       [0;32;40m0.94140625[0m      |
|    [0;34;40mhardware/cpu_percent[0m    |   [0;32;40m51.400001525878906[0m  |
|  [0;34;40mhardware/disk_read_mb_s[0m   |          [0;32;40m0.0[0m          |
|  [0;34;40mhardware/disk_write_mb_s[0m  |   [0;32;40m105.41773986816406[0m  |
|   [0;34;40mhardware/net_recv_mb_s[0m   |  [0;32;40m0.009447882883250713[0m |
|   [0;34;40mhardware/net_sent_mb_s[0m   |  [0;32;40m0.04837919771671295[0m  |
|    [0;34;40mhardware/ram_used_gb[0m    |   [0;32;40m264.9920959472656[0m   |
|   [0;34;40mhardware/ram_used_pct[0m    |   [0;32;40m26.299999237060547[0m  |
|    [0;34;40mhparams/lr_default_0[0m    |          [0;32;40m0.0[0m          |
|       [0;34;40mvalidate/loss[0m        |  [0;32;40m0.12848113477230072[0m  |
|    [0;34;40mvalidate/loss_epoch[0m     |  [0;32;40m0.12848113477230072[0m  |
|     [0;34;40mvalidate/pred_loss[0m     | [0;32;40m0.0031262433622032404[0m |
|  [0;34;40mvalidate/pred_loss_epoch[0m  | [0;32;40m0.0031262433622032404[0m |
|    [0;34;40mvalidate/sigreg_loss[0m    |   [0;32;40m1.3929561376571655[0m  |
| [0;34;40mvalidate/sigreg_loss_epoch[0m |   [0;32;40m1.3929561376571655[0m  |
+----------------------------+-----------------------+
[Epoch 19/20] done in 88.0s
00:27:38 | INFO  | checkpoint_~|   Checking for non PyTorch modules to save
00:27:38 | INFO  | atomic_chec~| [atomic_save] → /data1/likun-share/junjxu/.cache_stable-pretraining/runs/20260607/235548/85a215805937/checkpoints/epoch=19-step=4060.ckpt
00:27:39 | INFO  | atomic_chec~| [atomic_save] ✓ epoch=19-step=4060.ckpt saved (206.8 MiB, serialise=0.27s write=0.21s rename=0.1ms)
00:27:39 | INFO  | checkpoint_~|   Checking for non PyTorch modules to save
00:27:39 | INFO  | atomic_chec~| [atomic_save] → /data1/likun-share/junjxu/.cache_stable-pretraining/runs/20260607/235548/85a215805937/checkpoints/last.ckpt
00:27:39 | INFO  | atomic_chec~| [atomic_save] ✓ last.ckpt saved (206.8 MiB, serialise=0.37s write=0.26s rename=44.7ms)
`Trainer.fit` stopped: `max_epochs=20` reached.
Epoch 19/19 ━━━━━━━━━━━━━━━━━━━━━━━━━━━━━━━ 203/203 0:01:18 • 0:00:00 2.96it/s 
00:27:40 | INFO  | utils.py    | ── SignalHandlers (after Trainer.fit() returned) ──
00:27:40 | INFO  | manager.py  |   SIGUSR1  → SIG_DFL (default OS action — terminate process)
00:27:40 | INFO  | manager.py  |   SIGUSR2  → SIG_DFL (default OS action — terminate process)
00:27:40 | INFO  | manager.py  |   SIGCONT  → SIG_DFL (default OS action — terminate process)
00:27:40 | INFO  | manager.py  |   SIGTERM  → SIG_DFL (default OS action — terminate process)
