00:28:18 | INFO  | __init__.py | PyTorch version 2.9.1+cu128 available.
00:28:18 | INFO  | __init__.py | JAX version 0.6.2 available.
00:28:21 | INFO  | atomic_chec~| [atomic_save] installed crash-safe checkpoint plugin (write to sibling .tmp + fsync + atomic rename)
[2026-06-08 00:28:21,761][root][INFO] - Cached 'action' from '/data1/likun-share/junjxu/.stable_worldmodel/datasets/phyworld_collision_id1k.h5'
[2026-06-08 00:28:21,761][root][INFO] - Cached 'proprio' from '/data1/likun-share/junjxu/.stable_worldmodel/datasets/phyworld_collision_id1k.h5'
[2026-06-08 00:28:21,762][root][INFO] - Cached 'state' from '/data1/likun-share/junjxu/.stable_worldmodel/datasets/phyworld_collision_id1k.h5'
00:28:21 | INFO  | utils.py    | Created ViT-tiny from scratch with config: {'hidden_size': 192, 'num_hidden_layers': 12, 'num_attention_heads': 3, 'intermediate_size': 768, 'image_size': 224, 'patch_size': 14}
[init_from_ckpt] /data1/likun-share/junjxu/.stable_worldmodel/lewm_paper_pusht/weights.pt
[init_from_ckpt] prefixes=('encoder.', 'projector.', 'pred_proj.') loaded=216 unexpected=0 missing=89
00:28:22 | INFO  | module.py   | Setting up DataModule
00:28:22 | INFO  | utils.py    | ── Module ────────────────────────────────────────
00:28:22 | WARN  | module.py   | ! No hyperparameters provided - hyperparameter logging is disabled.
00:28:22 | INFO  | module.py   |   Setting custom forward method.
00:28:22 | INFO  | module.py   |   Setting attribute: self.model = <class 'jepa.JEPA'>
00:28:22 | INFO  | module.py   |   Setting attribute: self.sigreg = <class 'module.SIGReg'>
00:28:22 | INFO  | module.py   |   Setting attribute: self.optim = <class 'dict'>
00:28:22 | INFO  | module.py   |   No metrics configuration provided - automatic metric tracking is disabled.
/home/likun-share/junjxu/wm/le-wm/.venv/lib/python3.10/site-packages/lightning/fabric/connector.py:571: `precision=bf16` is supported for historical reasons but its usage is discouraged. Please set your precision to bf16-mixed instead!
Using bfloat16 Automatic Mixed Precision (AMP)
00:28:22 | INFO  | env_info.py |   EnvironmentDumpCallback initialized (filename=environment.json, async=True)
00:28:22 | INFO  | utils.py    | ── HuggingFaceCheckpoint ─────────────────────────
00:28:22 | INFO  | hf_models.py|   save_dir: <cyan>hf_exports</cyan>
00:28:22 | INFO  | hf_models.py|   per_step: <cyan>False</cyan>  (False ⇒ overwrite single 'last/' subdir; True ⇒ keep step_N/)
Adding 14 callbacks from entry point 'stablepretraining_callbacks': PrintProgressBar, ModuleRegistryCallback, LoggingCallback, EnvironmentDumpCallback, TrainerInfo, SklearnCheckpoint, WandbCheckpoint, TrackioCheckpoint, SwanLabCheckpoint, ModuleSummary, SLURMInfo, LogUnusedParametersOnce, HuggingFaceCheckpointCallback, HardwareMonitor
GPU available: True (cuda), used: True
TPU available: False, using: 0 TPU cores
💡 Tip: For seamless cloud logging and experiment tracking, try installing [litlogger](https://pypi.org/project/litlogger/) to enable LitLogger, which logs metrics and artifacts automatically to the Lightning Experiments platform.
00:28:22 | INFO  | utils.py    | ── SIGTERM preempt handler — install ─────────────
00:28:22 | INFO  | manager.py  |   SLURM_JOB_ID         = None
00:28:22 | INFO  | manager.py  |   SLURM_RESTART_COUNT  = '0'
00:28:22 | INFO  | manager.py  |   SLURM_PROCID         = '?'
00:28:22 | INFO  | manager.py  |   SLURM_NODEID         = '?'
00:28:22 | INFO  | manager.py  |   → not under SLURM (SLURM_JOB_ID unset); leaving SIGTERM handler as-is. Forwarding to submitit's USR signal would be a no-op since submitit isn't running upstream.
00:28:22 | WARN  | manager.py  | User didn't specify seed, runs won't be exactly reproducible!
00:28:22 | INFO  | manager.py  |   Manager init: ckpt_path=None, weights_only=True
00:28:22 | INFO  | utils.py    | ── WorkingDirectory ──────────────────────────────
00:28:22 | INFO  | manager.py  |   cwd: /home/likun-share/junjxu/wm/le-wm
00:28:22 | INFO  | utils.py    | ── Seed ──────────────────────────────────────────
00:28:22 | INFO  | manager.py  |   seed: None
/home/likun-share/junjxu/wm/le-wm/.venv/lib/python3.10/site-packages/lightning/fabric/utilities/seed.py:44: No seed found, seed set to 0
Seed set to 0
00:28:22 | INFO  | utils.py    | ── RunDirectory ──────────────────────────────────
00:28:22 | INFO  | manager.py  |   cache_dir = /data1/likun-share/junjxu/.cache_stable-pretraining
00:28:22 | INFO  | manager.py  |   ddp: launch_key=(single-process) rank=0 is_rank_zero=True
00:28:22 | INFO  | utils.py    | ── RunDirectory: requeue probe ───────────────────
00:28:22 | INFO  | manager.py  |   SLURM session key   = (no SLURM)
00:28:22 | INFO  | manager.py  |   SLURM_RESTART_COUNT = 0
00:28:22 | INFO  | manager.py  |   in_requeue          = False
00:28:22 | INFO  | utils.py    | ── RunDirectory: fresh ───────────────────────────
00:28:22 | INFO  | manager.py  |   no user ckpt_path — training from scratch / pretrained backbone.
00:28:22 | INFO  | manager.py  |   created run_dir = /data1/likun-share/junjxu/.cache_stable-pretraining/runs/20260608/002822/29ba39c09165
00:28:22 | INFO  | manager.py  |   wrote run_meta.json with run_id=29ba39c09165
00:28:22 | INFO  | manager.py  |   SLURM index = (no SLURM, skipped)
00:28:22 | WARN  | manager.py  | ! cache_dir is set but the Trainer was passed as an already-instantiated object. Cannot override default_root_dir cleanly. Consider passing the trainer as a config dict instead.
00:28:22 | WARN  | manager.py  | ! Hydra run.dir='outputs/2026-06-08/00-28-21' will be ignored for trainer outputs (cache_dir takes precedence).
00:28:22 | WARN  | manager.py  | ! Hydra sweep.dir='multirun/2026-06-08/00-28-21' will be ignored for trainer outputs (cache_dir takes precedence).
00:28:22 | INFO  | logger.py   | [RegistryLogger] run_id=29ba39c09165 run_dir=/data1/likun-share/junjxu/.cache_stable-pretraining/runs/20260608/002822/29ba39c09165 — sidecar.json + summary.json + metrics.csv will live here
00:28:22 | INFO  | utils.py    | ── RegistryLogger ────────────────────────────────
00:28:22 | INFO  | manager.py  |   run_dir: /data1/likun-share/junjxu/.cache_stable-pretraining/runs/20260608/002822/29ba39c09165
00:28:22 | INFO  | manager.py  |   run_id:  29ba39c09165
00:28:22 | INFO  | utils.py    | ── CSVLogger ─────────────────────────────────────
00:28:22 | INFO  | manager.py  |   root_dir: /data1/likun-share/junjxu/.cache_stable-pretraining/runs/20260608/002822/29ba39c09165/
00:28:22 | INFO  | manager.py  |   save_dir: /data1/likun-share/junjxu/.cache_stable-pretraining/runs/20260608/002822/29ba39c09165
00:28:22 | INFO  | manager.py  |   log_dir: /data1/likun-share/junjxu/.cache_stable-pretraining/runs/20260608/002822/29ba39c09165/
00:28:22 | INFO  | utils.py    | ── SignalHandlers (after submitit setup (spt SIGTERM installed in __init__)) ──
00:28:22 | INFO  | manager.py  |   SIGUSR1  → SIG_DFL (default OS action — terminate process)
00:28:22 | INFO  | manager.py  |   SIGUSR2  → SIG_DFL (default OS action — terminate process)
00:28:22 | INFO  | manager.py  |   SIGCONT  → SIG_DFL (default OS action — terminate process)
00:28:22 | INFO  | manager.py  |   SIGTERM  → SIG_DFL (default OS action — terminate process)
00:28:22 | INFO  | utils.py    | ── Callbacks ─────────────────────────────────────
00:28:22 | INFO  | manager.py  |   count: 19
00:28:22 | INFO  | utils.py    | ── CacheDirCheckpointing ─────────────────────────
00:28:22 | INFO  | manager.py  |   Saving checkpoints to: /data1/likun-share/junjxu/.cache_stable-pretraining/runs/20260608/002822/29ba39c09165/checkpoints
00:28:22 | WARN  | manager.py  |   Redirecting HuggingFaceCheckpointCallback from 'hf_exports' to '/data1/likun-share/junjxu/.cache_stable-pretraining/runs/20260608/002822/29ba39c09165/hf_exports' (cache_dir is active — prevents races on a shared cache)
00:28:22 | INFO  | manager.py  |   Added requeue checkpoint (filename='last')
00:28:22 | INFO  | utils.py    | ── LoadPath resolution ───────────────────────────
00:28:22 | INFO  | manager.py  |   in_requeue = False
00:28:22 | INFO  | manager.py  |   user ckpt_path = None
00:28:22 | INFO  | manager.py  |   user weights_only = True
00:28:22 | INFO  | manager.py  |   → no ckpt_path; training from scratch.
00:28:22 | INFO  | utils.py    | ── TrainerFit ────────────────────────────────────
00:28:22 | INFO  | manager.py  |   ckpt_path:     None
00:28:22 | INFO  | manager.py  |   weights_only:  None
00:28:22 | INFO  | utils.py    | ── SignalHandlers (before Trainer.fit() (handler installed in __init__)) ──
00:28:22 | INFO  | manager.py  |   SIGUSR1  → SIG_DFL (default OS action — terminate process)
00:28:22 | INFO  | manager.py  |   SIGUSR2  → SIG_DFL (default OS action — terminate process)
00:28:22 | INFO  | manager.py  |   SIGCONT  → SIG_DFL (default OS action — terminate process)
00:28:22 | INFO  | manager.py  |   SIGTERM  → SIG_DFL (default OS action — terminate process)
00:28:22 | INFO  | manager.py  |   → entering Trainer.fit(); lightning's _SignalConnector will now register its own handlers. SIGTERM will become _HandlersCompose([_sigterm_notifier_fn, _sigterm_handler_fn, spt._handler]); USR-sig binding from submitit is preserved (lightning skips USR registration when one already exists).
💡 Tip: For seamless cloud uploads and versioning, try installing [litmodels](https://pypi.org/project/litmodels/) to enable LitModelCheckpoint, which syncs automatically with the Lightning model registry.
You are using a CUDA device ('NVIDIA A800-SXM4-80GB') that has Tensor Cores. To properly utilize them, you should set `torch.set_float32_matmul_precision('medium' | 'high')` which will trade-off precision for performance. For more details, read https://pytorch.org/docs/stable/generated/torch.set_float32_matmul_precision.html#torch.set_float32_matmul_precision
00:28:22 | OK    | module.py   | ✓ dataset for fit loaded
00:28:22 | INFO  | module.py   |   setup was done by user
00:28:22 | INFO  | utils.py    | ── EnvironmentDump ───────────────────────────────
00:28:22 | INFO  | env_info.py |   log_dir: /home/likun-share/.cache/stable-pretraining
00:28:22 | INFO  | env_info.py |   Running environment dump in background thread (non-blocking)
00:28:22 | INFO  | env_info.py |   Collecting environment information...
00:28:22 | OK    | env_info.py | ✓ Background thread started successfully
00:28:22 | OK    | env_info.py | ✓ Python 3.10.12
00:28:22 | INFO  | trainer_inf~|   linking trainer to DataModule
00:28:22 | OK    | env_info.py | ✓ System: Linux 5.15.0-113-generic (x86_64)
00:28:22 | INFO  | utils.py    | ── Callbacks (in order) ──────────────────────────
00:28:22 | INFO  | env_info.py |   Hostname: 10-116-90-13
00:28:22 | INFO  | utils.py    |     [ 0] ModelObjectCallBack
00:28:22 | INFO  | utils.py    |     [ 1] RichProgressBar
00:28:22 | INFO  | utils.py    |     [ 2] RichModelSummary
00:28:22 | INFO  | utils.py    |     [ 3] PrintProgressBar
00:28:22 | INFO  | utils.py    |     [ 4] ModuleRegistryCallback
00:28:22 | INFO  | utils.py    |     [ 5] LoggingCallback
00:28:22 | INFO  | utils.py    |     [ 6] EnvironmentDumpCallback
00:28:22 | INFO  | utils.py    |     [ 7] TrainerInfo
00:28:22 | INFO  | utils.py    |     [ 8] SklearnCheckpoint
00:28:22 | INFO  | utils.py    |     [ 9] WandbCheckpoint
00:28:22 | INFO  | utils.py    |     [10] TrackioCheckpoint
00:28:22 | INFO  | utils.py    |     [11] SwanLabCheckpoint
00:28:22 | INFO  | utils.py    |     [12] ModuleSummary
00:28:22 | INFO  | utils.py    |     [13] SLURMInfo
00:28:22 | INFO  | utils.py    |     [14] LogUnusedParametersOnce
00:28:22 | INFO  | utils.py    |     [15] HuggingFaceCheckpointCallback
00:28:22 | INFO  | utils.py    |     [16] HardwareMonitor
00:28:22 | INFO  | utils.py    |     [17] ModelCheckpoint
00:28:22 | INFO  | utils.py    |     [18] _RunDirCallback
00:28:22 | INFO  | utils.py    |     [19] ModelCheckpoint
00:28:22 | INFO  | utils.py    |   ⚑ marks order-sensitive callbacks; see AGENTS.md → Callback ordering for the full rules.
00:28:22 | INFO  | utils.py    | ── SklearnCheckpoint ─────────────────────────────
00:28:22 | INFO  | checkpoint_~|   Sklearn Modules:
00:28:22 | INFO  | checkpoint_~| 
┏━━━━━━━━━━┳━━━━━━━━┳━━━━━━━━┓
┃ Module   ┃ Name   ┃ Type   ┃
┣━━━━━━━━━━╋━━━━━━━━╋━━━━━━━━┫
┗━━━━━━━━━━┻━━━━━━━━┻━━━━━━━━┛
00:28:22 | INFO  | utils.py    | ── WandbCheckpoint ───────────────────────────────
00:28:22 | INFO  | utils.py    | ── TrackioCheckpoint ─────────────────────────────
00:28:22 | INFO  | utils.py    | ── SwanLabCheckpoint ─────────────────────────────
00:28:22 | INFO  | utils.py    | ── PyTorch Modules ───────────────────────────────
00:28:22 | WARN  | module.py   | ! You are calling self.parameters which also gives callbacks parameters, to remove them, pass `with_callbacks=False`
00:28:23 | INFO  | trainer_inf~| \n+---------------------------------------------------------+----------------------+--------------------------+--------------------------+---------+
| Module                                                  | Trainable parameters | Non Trainable parameters | Uninitialized parameters | Buffers |
+---------------------------------------------------------+----------------------+--------------------------+--------------------------+---------+
|                                                         |             18035962 |                        0 |                        0 |    8245 |
| callbacks_modules                                       |                    0 |                        0 |                        0 |       0 |
| callbacks_metrics                                       |                    0 |                        0 |                        0 |       0 |
| model                                                   |             18035962 |                        0 |                        0 |    8194 |
| model.encoder                                           |              5501376 |                        0 |                        0 |       0 |
| model.encoder.embeddings                                |               162624 |                        0 |                        0 |       0 |
| model.encoder.embeddings.patch_embeddings               |               113088 |                        0 |                        0 |       0 |
| model.encoder.embeddings.patch_embeddings.projection    |               113088 |                        0 |                        0 |       0 |
| model.encoder.embeddings.dropout                        |                    0 |                        0 |                        0 |       0 |
| model.encoder.layers                                    |              5338368 |                        0 |                        0 |       0 |
| model.encoder.layers.0                                  |               444864 |                        0 |                        0 |       0 |
| model.encoder.layers.0.attention                        |               148224 |                        0 |                        0 |       0 |
| model.encoder.layers.0.attention.q_proj                 |                37056 |                        0 |                        0 |       0 |
| model.encoder.layers.0.attention.k_proj                 |                37056 |                        0 |                        0 |       0 |
| model.encoder.layers.0.attention.v_proj                 |                37056 |                        0 |                        0 |       0 |
| model.encoder.layers.0.attention.o_proj                 |                37056 |                        0 |                        0 |       0 |
| model.encoder.layers.0.layernorm_before                 |                  384 |                        0 |                        0 |       0 |
| model.encoder.layers.0.layernorm_after                  |                  384 |                        0 |                        0 |       0 |
| model.encoder.layers.0.mlp                              |               295872 |                        0 |                        0 |       0 |
| model.encoder.layers.0.mlp.activation_fn                |                    0 |                        0 |                        0 |       0 |
| model.encoder.layers.0.mlp.fc1                          |               148224 |                        0 |                        0 |       0 |
| model.encoder.layers.0.mlp.fc2                          |               147648 |                        0 |                        0 |       0 |
| model.encoder.layers.0.dropout                          |                    0 |                        0 |                        0 |       0 |
| model.encoder.layers.1                                  |               444864 |                        0 |                        0 |       0 |
| model.encoder.layers.1.attention                        |               148224 |                        0 |                        0 |       0 |
| model.encoder.layers.1.attention.q_proj                 |                37056 |                        0 |                        0 |       0 |
| model.encoder.layers.1.attention.k_proj                 |                37056 |                        0 |                        0 |       0 |
| model.encoder.layers.1.attention.v_proj                 |                37056 |                        0 |                        0 |       0 |
| model.encoder.layers.1.attention.o_proj                 |                37056 |                        0 |                        0 |       0 |
| model.encoder.layers.1.layernorm_before                 |                  384 |                        0 |                        0 |       0 |
| model.encoder.layers.1.layernorm_after                  |                  384 |                        0 |                        0 |       0 |
| model.encoder.layers.1.mlp                              |               295872 |                        0 |                        0 |       0 |
| model.encoder.layers.1.mlp.activation_fn                |                    0 |                        0 |                        0 |       0 |
| model.encoder.layers.1.mlp.fc1                          |               148224 |                        0 |                        0 |       0 |
| model.encoder.layers.1.mlp.fc2                          |               147648 |                        0 |                        0 |       0 |
| model.encoder.layers.1.dropout                          |                    0 |                        0 |                        0 |       0 |
| model.encoder.layers.2                                  |               444864 |                        0 |                        0 |       0 |
| model.encoder.layers.2.attention                        |               148224 |                        0 |                        0 |       0 |
| model.encoder.layers.2.attention.q_proj                 |                37056 |                        0 |                        0 |       0 |
| model.encoder.layers.2.attention.k_proj                 |                37056 |                        0 |                        0 |       0 |
| model.encoder.layers.2.attention.v_proj                 |                37056 |                        0 |                        0 |       0 |
| model.encoder.layers.2.attention.o_proj                 |                37056 |                        0 |                        0 |       0 |
| model.encoder.layers.2.layernorm_before                 |                  384 |                        0 |                        0 |       0 |
| model.encoder.layers.2.layernorm_after                  |                  384 |                        0 |                        0 |       0 |
| model.encoder.layers.2.mlp                              |               295872 |                        0 |                        0 |       0 |
| model.encoder.layers.2.mlp.activation_fn                |                    0 |                        0 |                        0 |       0 |
| model.encoder.layers.2.mlp.fc1                          |               148224 |                        0 |                        0 |       0 |
| model.encoder.layers.2.mlp.fc2                          |               147648 |                        0 |                        0 |       0 |
| model.encoder.layers.2.dropout                          |                    0 |                        0 |                        0 |       0 |
| model.encoder.layers.3                                  |               444864 |                        0 |                        0 |       0 |
| model.encoder.layers.3.attention                        |               148224 |                        0 |                        0 |       0 |
| model.encoder.layers.3.attention.q_proj                 |                37056 |                        0 |                        0 |       0 |
| model.encoder.layers.3.attention.k_proj                 |                37056 |                        0 |                        0 |       0 |
| model.encoder.layers.3.attention.v_proj                 |                37056 |                        0 |                        0 |       0 |
| model.encoder.layers.3.attention.o_proj                 |                37056 |                        0 |                        0 |       0 |
| model.encoder.layers.3.layernorm_before                 |                  384 |                        0 |                        0 |       0 |
| model.encoder.layers.3.layernorm_after                  |                  384 |                        0 |                        0 |       0 |
| model.encoder.layers.3.mlp                              |               295872 |                        0 |                        0 |       0 |
| model.encoder.layers.3.mlp.activation_fn                |                    0 |                        0 |                        0 |       0 |
| model.encoder.layers.3.mlp.fc1                          |               148224 |                        0 |                        0 |       0 |
| model.encoder.layers.3.mlp.fc2                          |               147648 |                        0 |                        0 |       0 |
| model.encoder.layers.3.dropout                          |                    0 |                        0 |                        0 |       0 |
| model.encoder.layers.4                                  |               444864 |                        0 |                        0 |       0 |
| model.encoder.layers.4.attention                        |               148224 |                        0 |                        0 |       0 |
| model.encoder.layers.4.attention.q_proj                 |                37056 |                        0 |                        0 |       0 |
| model.encoder.layers.4.attention.k_proj                 |                37056 |                        0 |                        0 |       0 |
| model.encoder.layers.4.attention.v_proj                 |                37056 |                        0 |                        0 |       0 |
| model.encoder.layers.4.attention.o_proj                 |                37056 |                        0 |                        0 |       0 |
| model.encoder.layers.4.layernorm_before                 |                  384 |                        0 |                        0 |       0 |
| model.encoder.layers.4.layernorm_after                  |                  384 |                        0 |                        0 |       0 |
| model.encoder.layers.4.mlp                              |               295872 |                        0 |                        0 |       0 |
| model.encoder.layers.4.mlp.activation_fn                |                    0 |                        0 |                        0 |       0 |
| model.encoder.layers.4.mlp.fc1                          |               148224 |                        0 |                        0 |       0 |
| model.encoder.layers.4.mlp.fc2                          |               147648 |                        0 |                        0 |       0 |
| model.encoder.layers.4.dropout                          |                    0 |                        0 |                        0 |       0 |
| model.encoder.layers.5                                  |               444864 |                        0 |                        0 |       0 |
| model.encoder.layers.5.attention                        |               148224 |                        0 |                        0 |       0 |
| model.encoder.layers.5.attention.q_proj                 |                37056 |                        0 |                        0 |       0 |
| model.encoder.layers.5.attention.k_proj                 |                37056 |                        0 |                        0 |       0 |
| model.encoder.layers.5.attention.v_proj                 |                37056 |                        0 |                        0 |       0 |
| model.encoder.layers.5.attention.o_proj                 |                37056 |                        0 |                        0 |       0 |
| model.encoder.layers.5.layernorm_before                 |                  384 |                        0 |                        0 |       0 |
| model.encoder.layers.5.layernorm_after                  |                  384 |                        0 |                        0 |       0 |
| model.encoder.layers.5.mlp                              |               295872 |                        0 |                        0 |       0 |
| model.encoder.layers.5.mlp.activation_fn                |                    0 |                        0 |                        0 |       0 |
| model.encoder.layers.5.mlp.fc1                          |               148224 |                        0 |                        0 |       0 |
| model.encoder.layers.5.mlp.fc2                          |               147648 |                        0 |                        0 |       0 |
| model.encoder.layers.5.dropout                          |                    0 |                        0 |                        0 |       0 |
| model.encoder.layers.6                                  |               444864 |                        0 |                        0 |       0 |
| model.encoder.layers.6.attention                        |               148224 |                        0 |                        0 |       0 |
| model.encoder.layers.6.attention.q_proj                 |                37056 |                        0 |                        0 |       0 |
| model.encoder.layers.6.attention.k_proj                 |                37056 |                        0 |                        0 |       0 |
| model.encoder.layers.6.attention.v_proj                 |                37056 |                        0 |                        0 |       0 |
| model.encoder.layers.6.attention.o_proj                 |                37056 |                        0 |                        0 |       0 |
| model.encoder.layers.6.layernorm_before                 |                  384 |                        0 |                        0 |       0 |
| model.encoder.layers.6.layernorm_after                  |                  384 |                        0 |                        0 |       0 |
| model.encoder.layers.6.mlp                              |               295872 |                        0 |                        0 |       0 |
| model.encoder.layers.6.mlp.activation_fn                |                    0 |                        0 |                        0 |       0 |
| model.encoder.layers.6.mlp.fc1                          |               148224 |                        0 |                        0 |       0 |
| model.encoder.layers.6.mlp.fc2                          |               147648 |                        0 |                        0 |       0 |
| model.encoder.layers.6.dropout                          |                    0 |                        0 |                        0 |       0 |
| model.encoder.layers.7                                  |               444864 |                        0 |                        0 |       0 |
| model.encoder.layers.7.attention                        |               148224 |                        0 |                        0 |       0 |
| model.encoder.layers.7.attention.q_proj                 |                37056 |                        0 |                        0 |       0 |
| model.encoder.layers.7.attention.k_proj                 |                37056 |                        0 |                        0 |       0 |
| model.encoder.layers.7.attention.v_proj                 |                37056 |                        0 |                        0 |       0 |
| model.encoder.layers.7.attention.o_proj                 |                37056 |                        0 |                        0 |       0 |
| model.encoder.layers.7.layernorm_before                 |                  384 |                        0 |                        0 |       0 |
| model.encoder.layers.7.layernorm_after                  |                  384 |                        0 |                        0 |       0 |
| model.encoder.layers.7.mlp                              |               295872 |                        0 |                        0 |       0 |
| model.encoder.layers.7.mlp.activation_fn                |                    0 |                        0 |                        0 |       0 |
| model.encoder.layers.7.mlp.fc1                          |               148224 |                        0 |                        0 |       0 |
| model.encoder.layers.7.mlp.fc2                          |               147648 |                        0 |                        0 |       0 |
| model.encoder.layers.7.dropout                          |                    0 |                        0 |                        0 |       0 |
| model.encoder.layers.8                                  |               444864 |                        0 |                        0 |       0 |
| model.encoder.layers.8.attention                        |               148224 |                        0 |                        0 |       0 |
| model.encoder.layers.8.attention.q_proj                 |                37056 |                        0 |                        0 |       0 |
| model.encoder.layers.8.attention.k_proj                 |                37056 |                        0 |                        0 |       0 |
| model.encoder.layers.8.attention.v_proj                 |                37056 |                        0 |                        0 |       0 |
| model.encoder.layers.8.attention.o_proj                 |                37056 |                        0 |                        0 |       0 |
| model.encoder.layers.8.layernorm_before                 |                  384 |                        0 |                        0 |       0 |
| model.encoder.layers.8.layernorm_after                  |                  384 |                        0 |                        0 |       0 |
| model.encoder.layers.8.mlp                              |               295872 |                        0 |                        0 |       0 |
| model.encoder.layers.8.mlp.activation_fn                |                    0 |                        0 |                        0 |       0 |
| model.encoder.layers.8.mlp.fc1                          |               148224 |                        0 |                        0 |       0 |
| model.encoder.layers.8.mlp.fc2                          |               147648 |                        0 |                        0 |       0 |
| model.encoder.layers.8.dropout                          |                    0 |                        0 |                        0 |       0 |
| model.encoder.layers.9                                  |               444864 |                        0 |                        0 |       0 |
| model.encoder.layers.9.attention                        |               148224 |                        0 |                        0 |       0 |
| model.encoder.layers.9.attention.q_proj                 |                37056 |                        0 |                        0 |       0 |
| model.encoder.layers.9.attention.k_proj                 |                37056 |                        0 |                        0 |       0 |
| model.encoder.layers.9.attention.v_proj                 |                37056 |                        0 |                        0 |       0 |
| model.encoder.layers.9.attention.o_proj                 |                37056 |                        0 |                        0 |       0 |
| model.encoder.layers.9.layernorm_before                 |                  384 |                        0 |                        0 |       0 |
| model.encoder.layers.9.layernorm_after                  |                  384 |                        0 |                        0 |       0 |
| model.encoder.layers.9.mlp                              |               295872 |                        0 |                        0 |       0 |
| model.encoder.layers.9.mlp.activation_fn                |                    0 |                        0 |                        0 |       0 |
| model.encoder.layers.9.mlp.fc1                          |               148224 |                        0 |                        0 |       0 |
| model.encoder.layers.9.mlp.fc2                          |               147648 |                        0 |                        0 |       0 |
| model.encoder.layers.9.dropout                          |                    0 |                        0 |                        0 |       0 |
| model.encoder.layers.10                                 |               444864 |                        0 |                        0 |       0 |
| model.encoder.layers.10.attention                       |               148224 |                        0 |                        0 |       0 |
| model.encoder.layers.10.attention.q_proj                |                37056 |                        0 |                        0 |       0 |
| model.encoder.layers.10.attention.k_proj                |                37056 |                        0 |                        0 |       0 |
| model.encoder.layers.10.attention.v_proj                |                37056 |                        0 |                        0 |       0 |
| model.encoder.layers.10.attention.o_proj                |                37056 |                        0 |                        0 |       0 |
| model.encoder.layers.10.layernorm_before                |                  384 |                        0 |                        0 |       0 |
| model.encoder.layers.10.layernorm_after                 |                  384 |                        0 |                        0 |       0 |
| model.encoder.layers.10.mlp                             |               295872 |                        0 |                        0 |       0 |
| model.encoder.layers.10.mlp.activation_fn               |                    0 |                        0 |                        0 |       0 |
| model.encoder.layers.10.mlp.fc1                         |               148224 |                        0 |                        0 |       0 |
| model.encoder.layers.10.mlp.fc2                         |               147648 |                        0 |                        0 |       0 |
| model.encoder.layers.10.dropout                         |                    0 |                        0 |                        0 |       0 |
| model.encoder.layers.11                                 |               444864 |                        0 |                        0 |       0 |
| model.encoder.layers.11.attention                       |               148224 |                        0 |                        0 |       0 |
| model.encoder.layers.11.attention.q_proj                |                37056 |                        0 |                        0 |       0 |
| model.encoder.layers.11.attention.k_proj                |                37056 |                        0 |                        0 |       0 |
| model.encoder.layers.11.attention.v_proj                |                37056 |                        0 |                        0 |       0 |
| model.encoder.layers.11.attention.o_proj                |                37056 |                        0 |                        0 |       0 |
| model.encoder.layers.11.layernorm_before                |                  384 |                        0 |                        0 |       0 |
| model.encoder.layers.11.layernorm_after                 |                  384 |                        0 |                        0 |       0 |
| model.encoder.layers.11.mlp                             |               295872 |                        0 |                        0 |       0 |
| model.encoder.layers.11.mlp.activation_fn               |                    0 |                        0 |                        0 |       0 |
| model.encoder.layers.11.mlp.fc1                         |               148224 |                        0 |                        0 |       0 |
| model.encoder.layers.11.mlp.fc2                         |               147648 |                        0 |                        0 |       0 |
| model.encoder.layers.11.dropout                         |                    0 |                        0 |                        0 |       0 |
| model.encoder.layernorm                                 |                  384 |                        0 |                        0 |       0 |
| model.predictor                                         |             10791360 |                        0 |                        0 |       0 |
| model.predictor.dropout                                 |                    0 |                        0 |                        0 |       0 |
| model.predictor.transformer                             |             10790784 |                        0 |                        0 |       0 |
| model.predictor.transformer.norm                        |                  384 |                        0 |                        0 |       0 |
| model.predictor.transformer.layers                      |             10790400 |                        0 |                        0 |       0 |
| model.predictor.transformer.layers.0                    |              1798400 |                        0 |                        0 |       0 |
| model.predictor.transformer.layers.0.attn               |               787008 |                        0 |                        0 |       0 |
| model.predictor.transformer.layers.0.attn.norm          |                  384 |                        0 |                        0 |       0 |
| model.predictor.transformer.layers.0.attn.attend        |                    0 |                        0 |                        0 |       0 |
| model.predictor.transformer.layers.0.attn.to_qkv        |               589824 |                        0 |                        0 |       0 |
| model.predictor.transformer.layers.0.attn.to_out        |               196800 |                        0 |                        0 |       0 |
| model.predictor.transformer.layers.0.attn.to_out.0      |               196800 |                        0 |                        0 |       0 |
| model.predictor.transformer.layers.0.attn.to_out.1      |                    0 |                        0 |                        0 |       0 |
| model.predictor.transformer.layers.0.mlp                |               789056 |                        0 |                        0 |       0 |
| model.predictor.transformer.layers.0.mlp.net            |               789056 |                        0 |                        0 |       0 |
| model.predictor.transformer.layers.0.mlp.net.0          |                  384 |                        0 |                        0 |       0 |
| model.predictor.transformer.layers.0.mlp.net.1          |               395264 |                        0 |                        0 |       0 |
| model.predictor.transformer.layers.0.mlp.net.2          |                    0 |                        0 |                        0 |       0 |
| model.predictor.transformer.layers.0.mlp.net.3          |                    0 |                        0 |                        0 |       0 |
| model.predictor.transformer.layers.0.mlp.net.4          |               393408 |                        0 |                        0 |       0 |
| model.predictor.transformer.layers.0.mlp.net.5          |                    0 |                        0 |                        0 |       0 |
| model.predictor.transformer.layers.0.norm1              |                    0 |                        0 |                        0 |       0 |
| model.predictor.transformer.layers.0.norm2              |                    0 |                        0 |                        0 |       0 |
| model.predictor.transformer.layers.0.adaLN_modulation   |               222336 |                        0 |                        0 |       0 |
| model.predictor.transformer.layers.0.adaLN_modulation.0 |                    0 |                        0 |                        0 |       0 |
| model.predictor.transformer.layers.0.adaLN_modulation.1 |               222336 |                        0 |                        0 |       0 |
| model.predictor.transformer.layers.1                    |              1798400 |                        0 |                        0 |       0 |
| model.predictor.transformer.layers.1.attn               |               787008 |                        0 |                        0 |       0 |
| model.predictor.transformer.layers.1.attn.norm          |                  384 |                        0 |                        0 |       0 |
| model.predictor.transformer.layers.1.attn.attend        |                    0 |                        0 |                        0 |       0 |
| model.predictor.transformer.layers.1.attn.to_qkv        |               589824 |                        0 |                        0 |       0 |
| model.predictor.transformer.layers.1.attn.to_out        |               196800 |                        0 |                        0 |       0 |
| model.predictor.transformer.layers.1.attn.to_out.0      |               196800 |                        0 |                        0 |       0 |
| model.predictor.transformer.layers.1.attn.to_out.1      |                    0 |                        0 |                        0 |       0 |
| model.predictor.transformer.layers.1.mlp                |               789056 |                        0 |                        0 |       0 |
| model.predictor.transformer.layers.1.mlp.net            |               789056 |                        0 |                        0 |       0 |
| model.predictor.transformer.layers.1.mlp.net.0          |                  384 |                        0 |                        0 |       0 |
| model.predictor.transformer.layers.1.mlp.net.1          |               395264 |                        0 |                        0 |       0 |
| model.predictor.transformer.layers.1.mlp.net.2          |                    0 |                        0 |                        0 |       0 |
| model.predictor.transformer.layers.1.mlp.net.3          |                    0 |                        0 |                        0 |       0 |
| model.predictor.transformer.layers.1.mlp.net.4          |               393408 |                        0 |                        0 |       0 |
| model.predictor.transformer.layers.1.mlp.net.5          |                    0 |                        0 |                        0 |       0 |
| model.predictor.transformer.layers.1.norm1              |                    0 |                        0 |                        0 |       0 |
| model.predictor.transformer.layers.1.norm2              |                    0 |                        0 |                        0 |       0 |
| model.predictor.transformer.layers.1.adaLN_modulation   |               222336 |                        0 |                        0 |       0 |
| model.predictor.transformer.layers.1.adaLN_modulation.0 |                    0 |                        0 |                        0 |       0 |
| model.predictor.transformer.layers.1.adaLN_modulation.1 |               222336 |                        0 |                        0 |       0 |
| model.predictor.transformer.layers.2                    |              1798400 |                        0 |                        0 |       0 |
| model.predictor.transformer.layers.2.attn               |               787008 |                        0 |                        0 |       0 |
| model.predictor.transformer.layers.2.attn.norm          |                  384 |                        0 |                        0 |       0 |
| model.predictor.transformer.layers.2.attn.attend        |                    0 |                        0 |                        0 |       0 |
| model.predictor.transformer.layers.2.attn.to_qkv        |               589824 |                        0 |                        0 |       0 |
| model.predictor.transformer.layers.2.attn.to_out        |               196800 |                        0 |                        0 |       0 |
| model.predictor.transformer.layers.2.attn.to_out.0      |               196800 |                        0 |                        0 |       0 |
| model.predictor.transformer.layers.2.attn.to_out.1      |                    0 |                        0 |                        0 |       0 |
| model.predictor.transformer.layers.2.mlp                |               789056 |                        0 |                        0 |       0 |
| model.predictor.transformer.layers.2.mlp.net            |               789056 |                        0 |                        0 |       0 |
| model.predictor.transformer.layers.2.mlp.net.0          |                  384 |                        0 |                        0 |       0 |
| model.predictor.transformer.layers.2.mlp.net.1          |               395264 |                        0 |                        0 |       0 |
| model.predictor.transformer.layers.2.mlp.net.2          |                    0 |                        0 |                        0 |       0 |
| model.predictor.transformer.layers.2.mlp.net.3          |                    0 |                        0 |                        0 |       0 |
| model.predictor.transformer.layers.2.mlp.net.4          |               393408 |                        0 |                        0 |       0 |
| model.predictor.transformer.layers.2.mlp.net.5          |                    0 |                        0 |                        0 |       0 |
| model.predictor.transformer.layers.2.norm1              |                    0 |                        0 |                        0 |       0 |
| model.predictor.transformer.layers.2.norm2              |                    0 |                        0 |                        0 |       0 |
| model.predictor.transformer.layers.2.adaLN_modulation   |               222336 |                        0 |                        0 |       0 |
| model.predictor.transformer.layers.2.adaLN_modulation.0 |                    0 |                        0 |                        0 |       0 |
| model.predictor.transformer.layers.2.adaLN_modulation.1 |               222336 |                        0 |                        0 |       0 |
| model.predictor.transformer.layers.3                    |              1798400 |                        0 |                        0 |       0 |
| model.predictor.transformer.layers.3.attn               |               787008 |                        0 |                        0 |       0 |
| model.predictor.transformer.layers.3.attn.norm          |                  384 |                        0 |                        0 |       0 |
| model.predictor.transformer.layers.3.attn.attend        |                    0 |                        0 |                        0 |       0 |
| model.predictor.transformer.layers.3.attn.to_qkv        |               589824 |                        0 |                        0 |       0 |
| model.predictor.transformer.layers.3.attn.to_out        |               196800 |                        0 |                        0 |       0 |
| model.predictor.transformer.layers.3.attn.to_out.0      |               196800 |                        0 |                        0 |       0 |
| model.predictor.transformer.layers.3.attn.to_out.1      |                    0 |                        0 |                        0 |       0 |
| model.predictor.transformer.layers.3.mlp                |               789056 |                        0 |                        0 |       0 |
| model.predictor.transformer.layers.3.mlp.net            |               789056 |                        0 |                        0 |       0 |
| model.predictor.transformer.layers.3.mlp.net.0          |                  384 |                        0 |                        0 |       0 |
| model.predictor.transformer.layers.3.mlp.net.1          |               395264 |                        0 |                        0 |       0 |
| model.predictor.transformer.layers.3.mlp.net.2          |                    0 |                        0 |                        0 |       0 |
| model.predictor.transformer.layers.3.mlp.net.3          |                    0 |                        0 |                        0 |       0 |
| model.predictor.transformer.layers.3.mlp.net.4          |               393408 |                        0 |                        0 |       0 |
| model.predictor.transformer.layers.3.mlp.net.5          |                    0 |                        0 |                        0 |       0 |
| model.predictor.transformer.layers.3.norm1              |                    0 |                        0 |                        0 |       0 |
| model.predictor.transformer.layers.3.norm2              |                    0 |                        0 |                        0 |       0 |
| model.predictor.transformer.layers.3.adaLN_modulation   |               222336 |                        0 |                        0 |       0 |
| model.predictor.transformer.layers.3.adaLN_modulation.0 |                    0 |                        0 |                        0 |       0 |
| model.predictor.transformer.layers.3.adaLN_modulation.1 |               222336 |                        0 |                        0 |       0 |
| model.predictor.transformer.layers.4                    |              1798400 |                        0 |                        0 |       0 |
| model.predictor.transformer.layers.4.attn               |               787008 |                        0 |                        0 |       0 |
| model.predictor.transformer.layers.4.attn.norm          |                  384 |                        0 |                        0 |       0 |
| model.predictor.transformer.layers.4.attn.attend        |                    0 |                        0 |                        0 |       0 |
| model.predictor.transformer.layers.4.attn.to_qkv        |               589824 |                        0 |                        0 |       0 |
| model.predictor.transformer.layers.4.attn.to_out        |               196800 |                        0 |                        0 |       0 |
| model.predictor.transformer.layers.4.attn.to_out.0      |               196800 |                        0 |                        0 |       0 |
| model.predictor.transformer.layers.4.attn.to_out.1      |                    0 |                        0 |                        0 |       0 |
| model.predictor.transformer.layers.4.mlp                |               789056 |                        0 |                        0 |       0 |
| model.predictor.transformer.layers.4.mlp.net            |               789056 |                        0 |                        0 |       0 |
| model.predictor.transformer.layers.4.mlp.net.0          |                  384 |                        0 |                        0 |       0 |
| model.predictor.transformer.layers.4.mlp.net.1          |               395264 |                        0 |                        0 |       0 |
| model.predictor.transformer.layers.4.mlp.net.2          |                    0 |                        0 |                        0 |       0 |
| model.predictor.transformer.layers.4.mlp.net.3          |                    0 |                        0 |                        0 |       0 |
| model.predictor.transformer.layers.4.mlp.net.4          |               393408 |                        0 |                        0 |       0 |
| model.predictor.transformer.layers.4.mlp.net.5          |                    0 |                        0 |                        0 |       0 |
| model.predictor.transformer.layers.4.norm1              |                    0 |                        0 |                        0 |       0 |
| model.predictor.transformer.layers.4.norm2              |                    0 |                        0 |                        0 |       0 |
| model.predictor.transformer.layers.4.adaLN_modulation   |               222336 |                        0 |                        0 |       0 |
| model.predictor.transformer.layers.4.adaLN_modulation.0 |                    0 |                        0 |                        0 |       0 |
| model.predictor.transformer.layers.4.adaLN_modulation.1 |               222336 |                        0 |                        0 |       0 |
| model.predictor.transformer.layers.5                    |              1798400 |                        0 |                        0 |       0 |
| model.predictor.transformer.layers.5.attn               |               787008 |                        0 |                        0 |       0 |
| model.predictor.transformer.layers.5.attn.norm          |                  384 |                        0 |                        0 |       0 |
| model.predictor.transformer.layers.5.attn.attend        |                    0 |                        0 |                        0 |       0 |
| model.predictor.transformer.layers.5.attn.to_qkv        |               589824 |                        0 |                        0 |       0 |
| model.predictor.transformer.layers.5.attn.to_out        |               196800 |                        0 |                        0 |       0 |
| model.predictor.transformer.layers.5.attn.to_out.0      |               196800 |                        0 |                        0 |       0 |
| model.predictor.transformer.layers.5.attn.to_out.1      |                    0 |                        0 |                        0 |       0 |
| model.predictor.transformer.layers.5.mlp                |               789056 |                        0 |                        0 |       0 |
| model.predictor.transformer.layers.5.mlp.net            |               789056 |                        0 |                        0 |       0 |
| model.predictor.transformer.layers.5.mlp.net.0          |                  384 |                        0 |                        0 |       0 |
| model.predictor.transformer.layers.5.mlp.net.1          |               395264 |                        0 |                        0 |       0 |
| model.predictor.transformer.layers.5.mlp.net.2          |                    0 |                        0 |                        0 |       0 |
| model.predictor.transformer.layers.5.mlp.net.3          |                    0 |                        0 |                        0 |       0 |
| model.predictor.transformer.layers.5.mlp.net.4          |               393408 |                        0 |                        0 |       0 |
| model.predictor.transformer.layers.5.mlp.net.5          |                    0 |                        0 |                        0 |       0 |
| model.predictor.transformer.layers.5.norm1              |                    0 |                        0 |                        0 |       0 |
| model.predictor.transformer.layers.5.norm2              |                    0 |                        0 |                        0 |       0 |
| model.predictor.transformer.layers.5.adaLN_modulation   |               222336 |                        0 |                        0 |       0 |
| model.predictor.transformer.layers.5.adaLN_modulation.0 |                    0 |                        0 |                        0 |       0 |
| model.predictor.transformer.layers.5.adaLN_modulation.1 |               222336 |                        0 |                        0 |       0 |
| model.predictor.transformer.input_proj                  |                    0 |                        0 |                        0 |       0 |
| model.predictor.transformer.cond_proj                   |                    0 |                        0 |                        0 |       0 |
| model.predictor.transformer.output_proj                 |                    0 |                        0 |                        0 |       0 |
| model.action_encoder                                    |               156146 |                        0 |                        0 |       0 |
| model.action_encoder.patch_embed                        |                   50 |                        0 |                        0 |       0 |
| model.action_encoder.embed                              |               156096 |                        0 |                        0 |       0 |
| model.action_encoder.embed.0                            |                 8448 |                        0 |                        0 |       0 |
| model.action_encoder.embed.1                            |                    0 |                        0 |                        0 |       0 |
| model.action_encoder.embed.2                            |               147648 |                        0 |                        0 |       0 |
| model.projector                                         |               792768 |                        0 |                        0 |    4097 |
| model.projector.net                                     |               792768 |                        0 |                        0 |    4097 |
| model.projector.net.0                                   |               395264 |                        0 |                        0 |       0 |
| model.projector.net.1                                   |                 4096 |                        0 |                        0 |    4097 |
| model.projector.net.2                                   |                    0 |                        0 |                        0 |       0 |
| model.projector.net.3                                   |               393408 |                        0 |                        0 |       0 |
| model.pred_proj                                         |               792768 |                        0 |                        0 |    4097 |
| model.pred_proj.net                                     |               792768 |                        0 |                        0 |    4097 |
| model.pred_proj.net.0                                   |               395264 |                        0 |                        0 |       0 |
| model.pred_proj.net.1                                   |                 4096 |                        0 |                        0 |    4097 |
| model.pred_proj.net.2                                   |                    0 |                        0 |                        0 |       0 |
| model.pred_proj.net.3                                   |               393408 |                        0 |                        0 |       0 |
| model.probe_head                                        |                 1544 |                        0 |                        0 |       0 |
| sigreg                                                  |                    0 |                        0 |                        0 |      51 |
+---------------------------------------------------------+----------------------+--------------------------+--------------------------+---------+
00:28:23 | INFO  | utils.py    | ── SLURM ─────────────────────────────────────────
00:28:23 | INFO  | trainer_inf~|   Job ID: N/A
00:28:23 | INFO  | trainer_inf~|   Task ID: N/A
00:28:23 | INFO  | trainer_inf~|   Job Name: N/A
00:28:23 | INFO  | trainer_inf~|   Nodes: N/A
00:28:23 | INFO  | trainer_inf~|   Tasks: N/A
00:28:23 | INFO  | trainer_inf~|   CPUs per node: N/A
00:28:23 | INFO  | trainer_inf~|   CPUs per task: N/A
00:28:23 | INFO  | trainer_inf~|   Memory per node: N/A
00:28:23 | INFO  | trainer_inf~|   Memory per CPU: N/A
00:28:23 | INFO  | trainer_inf~|   Time limit: N/A
00:28:23 | INFO  | trainer_inf~|   Partition: N/A
00:28:23 | INFO  | trainer_inf~|   Node List: N/A
00:28:23 | INFO  | trainer_inf~|   Submit Directory: N/A
00:28:23 | INFO  | utils.py    | ── HardwareMonitor ───────────────────────────────
00:28:23 | INFO  | hardware_mo~|   interval: 10.0s
00:28:23 | INFO  | hardware_mo~|   prefix:   'hardware/'
00:28:23 | INFO  | hardware_mo~|   metrics:  cpu=True ram=True disk=True net=True gpu=True
00:28:23 | INFO  | hardware_mo~|   per-rank: rank 0 only
LOCAL_RANK: 0 - CUDA_VISIBLE_DEVICES: [2]
00:28:23 | WARN  | hardware_mo~| HardwareMonitor: pynvml unavailable (ModuleNotFoundError("No module named 'pynvml'")); GPU metrics disabled.
00:28:23 | WARN  | env_info.py | ! pip freeze failed: Command '['/home/likun-share/junjxu/wm/le-wm/.venv/bin/python', '-m', 'pip', 'freeze']' returned non-zero exit status 1.
00:28:23 | OK    | env_info.py | ✓ Packages: 0 packages collected in 0.03s
00:28:23 | INFO  | utils.py    | ── Optimizers ────────────────────────────────────
00:28:23 | INFO  | module.py   |   Optimizer specified by Dict with keys ['model_opt']
00:28:23 | INFO  | module.py   | 
┏━━━━━━━━━━━━━┳━━━━━━━━━━━┳━━━━━━━━━━━━━━━━━━━┳━━━━━━━━━━━━━━━━━┳━━━━━━━━━━━━━━━━┳━━━━━━━━━━━━━━━━━━━━━━━━┓
┃ Optimizer   ┃ Pattern   ┃   Matched Modules ┃   Param Tensors ┃   Total Params ┃   RequiresGrad Tensors ┃
┣━━━━━━━━━━━━━╋━━━━━━━━━━━╋━━━━━━━━━━━━━━━━━━━╋━━━━━━━━━━━━━━━━━╋━━━━━━━━━━━━━━━━╋━━━━━━━━━━━━━━━━━━━━━━━━┫
┃ model_opt   ┃ model     ┃               317 ┃             299 ┃       18035962 ┃                    299 ┃
┗━━━━━━━━━━━━━┻━━━━━━━━━━━┻━━━━━━━━━━━━━━━━━━━┻━━━━━━━━━━━━━━━━━┻━━━━━━━━━━━━━━━━┻━━━━━━━━━━━━━━━━━━━━━━━━┛
00:28:23 | INFO  | lr_schedule~| 	User provided a dict
Loading `train_dataloader` to estimate number of stepping batches.
/home/likun-share/junjxu/wm/le-wm/.venv/lib/python3.10/site-packages/lance/__init__.py:320: UserWarning: lance is not fork-safe. If you are using multiprocessing, use spawn or forkserver instead.
  warnings.warn(
/usr/lib/python3.10/multiprocessing/popen_fork.py:66: RuntimeWarning: lancedb fork support is experimental: the internal async runtime has been reset in the forked child, but a small chance of deadlock remains if other state was mid-operation at fork time. The 'forkserver' or 'spawn' multiprocessing start method is likely a safer alternative.
  self.pid = os.fork()
/usr/lib/python3.10/multiprocessing/popen_fork.py:66: RuntimeWarning: lancedb fork support is experimental: the internal async runtime has been reset in the forked child, but a small chance of deadlock remains if other state was mid-operation at fork time. The 'forkserver' or 'spawn' multiprocessing start method is likely a safer alternative.
  self.pid = os.fork()
/usr/lib/python3.10/multiprocessing/popen_fork.py:66: RuntimeWarning: lancedb fork support is experimental: the internal async runtime has been reset in the forked child, but a small chance of deadlock remains if other state was mid-operation at fork time. The 'forkserver' or 'spawn' multiprocessing start method is likely a safer alternative.
  self.pid = os.fork()
/home/likun-share/junjxu/wm/le-wm/.venv/lib/python3.10/site-packages/lance/__init__.py:320: UserWarning: lance is not fork-safe. If you are using multiprocessing, use spawn or forkserver instead.
  warnings.warn(
/usr/lib/python3.10/multiprocessing/popen_fork.py:66: RuntimeWarning: lancedb fork support is experimental: the internal async runtime has been reset in the forked child, but a small chance of deadlock remains if other state was mid-operation at fork time. The 'forkserver' or 'spawn' multiprocessing start method is likely a safer alternative.
  self.pid = os.fork()
/usr/lib/python3.10/multiprocessing/popen_fork.py:66: RuntimeWarning: lancedb fork support is experimental: the internal async runtime has been reset in the forked child, but a small chance of deadlock remains if other state was mid-operation at fork time. The 'forkserver' or 'spawn' multiprocessing start method is likely a safer alternative.
  self.pid = os.fork()
/usr/lib/python3.10/multiprocessing/popen_fork.py:66: RuntimeWarning: lancedb fork support is experimental: the internal async runtime has been reset in the forked child, but a small chance of deadlock remains if other state was mid-operation at fork time. The 'forkserver' or 'spawn' multiprocessing start method is likely a safer alternative.
  self.pid = os.fork()
00:28:23 | INFO  | module.py   |   Configured optimizer 'model_opt' (modules=317, param_tensors=299, total_params=18035962) with LinearWarmupCosineAnnealingLR scheduler.
/home/likun-share/junjxu/wm/le-wm/.venv/lib/python3.10/site-packages/lightning/pytorch/utilities/model_summary/model_summary.py:242: Precision bf16-mixed is not supported by the model summary.  Estimated model size in MB will not be accurate. Using 32 bits instead.
┏━━━┳━━━━━━━━━━━━━━━━━━━┳━━━━━━━━━━━━┳━━━━━━━━┳━━━━━━━┳━━━━━━━┓
┃   ┃ Name              ┃ Type       ┃ Params ┃ Mode  ┃ FLOPs ┃
┡━━━╇━━━━━━━━━━━━━━━━━━━╇━━━━━━━━━━━━╇━━━━━━━━╇━━━━━━━╇━━━━━━━┩
│ 0 │ callbacks_modules │ ModuleDict │      0 │ train │     0 │
│ 1 │ callbacks_metrics │ ModuleDict │      0 │ train │     0 │
│ 2 │ model             │ JEPA       │ 18.0 M │ train │     0 │
│ 3 │ sigreg            │ SIGReg     │      0 │ train │     0 │
└───┴───────────────────┴────────────┴────────┴───────┴───────┘
Trainable params: 18.0 M                                                        
Non-trainable params: 0                                                         
Total params: 18.0 M                                                            
Total estimated model params size (MB): 72.144                                  
Modules in train mode: 320                                                      
Modules in eval mode: 0                                                         
Total FLOPs: 0                                                                  
00:28:23 | INFO  | logger.py   | [RegistryLogger] summary.json flushed (0 metrics, step=0, epoch=0) → /data1/likun-share/junjxu/.cache_stable-pretraining/runs/20260608/002822/29ba39c09165/summary.json
/usr/lib/python3.10/multiprocessing/popen_fork.py:66: RuntimeWarning: lancedb fork support is experimental: the internal async runtime has been reset in the forked child, but a small chance of deadlock remains if other state was mid-operation at fork time. The 'forkserver' or 'spawn' multiprocessing start method is likely a safer alternative.
  self.pid = os.fork()
/usr/lib/python3.10/multiprocessing/popen_fork.py:66: RuntimeWarning: lancedb fork support is experimental: the internal async runtime has been reset in the forked child, but a small chance of deadlock remains if other state was mid-operation at fork time. The 'forkserver' or 'spawn' multiprocessing start method is likely a safer alternative.
  self.pid = os.fork()
00:28:23 | OK    | env_info.py | ✓ NVIDIA Driver: 580.65.06
/usr/lib/python3.10/multiprocessing/popen_fork.py:66: RuntimeWarning: lancedb fork support is experimental: the internal async runtime has been reset in the forked child, but a small chance of deadlock remains if other state was mid-operation at fork time. The 'forkserver' or 'spawn' multiprocessing start method is likely a safer alternative.
  self.pid = os.fork()
/home/likun-share/junjxu/wm/le-wm/.venv/lib/python3.10/site-packages/lance/__init__.py:320: UserWarning: lance is not fork-safe. If you are using multiprocessing, use spawn or forkserver instead.
  warnings.warn(
/usr/lib/python3.10/multiprocessing/popen_fork.py:66: RuntimeWarning: lancedb fork support is experimental: the internal async runtime has been reset in the forked child, but a small chance of deadlock remains if other state was mid-operation at fork time. The 'forkserver' or 'spawn' multiprocessing start method is likely a safer alternative.
  self.pid = os.fork()
/usr/lib/python3.10/multiprocessing/popen_fork.py:66: RuntimeWarning: lancedb fork support is experimental: the internal async runtime has been reset in the forked child, but a small chance of deadlock remains if other state was mid-operation at fork time. The 'forkserver' or 'spawn' multiprocessing start method is likely a safer alternative.
  self.pid = os.fork()
/usr/lib/python3.10/multiprocessing/popen_fork.py:66: RuntimeWarning: lancedb fork support is experimental: the internal async runtime has been reset in the forked child, but a small chance of deadlock remains if other state was mid-operation at fork time. The 'forkserver' or 'spawn' multiprocessing start method is likely a safer alternative.
  self.pid = os.fork()
/home/likun-share/junjxu/wm/le-wm/.venv/lib/python3.10/site-packages/lightning/pytorch/utilities/data.py:79: Trying to infer the `batch_size` from an ambiguous collection. The batch size we found is 128. To avoid any miscalculations, use `self.log(..., batch_size=batch_size)`.
00:28:29 | INFO  | trainer_inf~| \n+----------------------------+--------------------+
|           Metric           |       Value        |
+----------------------------+--------------------+
|       [0;34;40mvalidate/loss[0m        | [0;32;40m5.472954273223877[0m  |
|    [0;34;40mvalidate/loss_epoch[0m     | [0;32;40m5.472954273223877[0m  |
|     [0;34;40mvalidate/pred_loss[0m     | [0;32;40m0.3448770344257355[0m |
|  [0;34;40mvalidate/pred_loss_epoch[0m  | [0;32;40m0.3448770344257355[0m |
|    [0;34;40mvalidate/probe_loss[0m     | [0;32;40m0.7218268513679504[0m |
| [0;34;40mvalidate/probe_loss_epoch[0m  | [0;32;40m0.7218268513679504[0m |
|    [0;34;40mvalidate/sigreg_loss[0m    |        [0;32;40m49.0[0m        |
| [0;34;40mvalidate/sigreg_loss_epoch[0m |        [0;32;40m49.0[0m        |
+----------------------------+--------------------+
00:28:29 | WARN  | hf_models.py| ! No Hugging Face (PreTrainedModel) submodules found in LightningModule.
00:28:29 | INFO  | utils.py    | ── Optimizers ────────────────────────────────────
00:28:29 | INFO  | module.py   |   self.optimizers() gave us 1 optimizers
00:28:29 | WARN  | module.py   | ! No clip val found for optimizer default_0
00:28:29 | WARN  | module.py   | ! Will use the Trainer's value of 1.0
00:28:29 | WARN  | module.py   | ! No clip algorithm found for optimizer default_0
00:28:29 | WARN  | module.py   | ! Will use the Trainer's value of None
00:28:29 | OK    | module.py   | ✓ Optimizer check complete:
+------------+-----------+----------------+-----------+-----------+
| Opt. Index | Opt. name |      opt       | clip val. | clip alg. |
+------------+-----------+----------------+-----------+-----------+
|     0      | default_0 | LightningAdamW |    1.0    |    None   |
+------------+-----------+----------------+-----------+-----------+
00:28:29 | INFO  | utils.py    | ── LogUnusedParametersOnce ───────────────────────
00:28:29 | INFO  | unused_para~|   registered hooks on 299 leaf parameters
00:28:30 | OK    | unused_para~| ✓ all tracked parameters received gradients on the first backward pass
00:28:30 | INFO  | unused_para~|   hooks removed, callback disabled
[Epoch 0/20] step 50/203 (3.3 it/s)
[Epoch 0/20] step 100/203 (3.2 it/s)
[Epoch 0/20] step 150/203 (3.3 it/s)
[Epoch 0/20] step 200/203 (3.2 it/s)
/home/likun-share/junjxu/wm/le-wm/.venv/lib/python3.10/site-packages/lightning/pytorch/utilities/data.py:79: Trying to infer the `batch_size` from an ambiguous collection. The batch size we found is 83. To avoid any miscalculations, use `self.log(..., batch_size=batch_size)`.
00:29:40 | INFO  | trainer_inf~| \n+----------------------------+------------------------+
|           Metric           |         Value          |
+----------------------------+------------------------+
|          [0;34;40mfit/loss[0m          |   [0;32;40m0.3301886320114136[0m   |
|       [0;34;40mfit/pred_loss[0m        |  [0;32;40m0.03563825786113739[0m   |
|       [0;34;40mfit/probe_loss[0m       |  [0;32;40m0.15294882655143738[0m   |
|      [0;34;40mfit/sigreg_loss[0m       |       [0;32;40m1.5703125[0m        |
|    [0;34;40mhardware/cpu_percent[0m    |   [0;32;40m38.900001525878906[0m   |
|  [0;34;40mhardware/disk_read_mb_s[0m   |          [0;32;40m0.0[0m           |
|  [0;34;40mhardware/disk_write_mb_s[0m  |   [0;32;40m50.86692428588867[0m    |
|   [0;34;40mhardware/net_recv_mb_s[0m   |  [0;32;40m0.010084167122840881[0m  |
|   [0;34;40mhardware/net_sent_mb_s[0m   |  [0;32;40m0.04925472289323807[0m   |
|    [0;34;40mhardware/ram_used_gb[0m    |   [0;32;40m212.13693237304688[0m   |
|   [0;34;40mhardware/ram_used_pct[0m    |   [0;32;40m21.100000381469727[0m   |
|    [0;34;40mhparams/lr_default_0[0m    | [0;32;40m4.9797443352872506e-05[0m |
|       [0;34;40mvalidate/loss[0m        |  [0;32;40m0.41788288950920105[0m   |
|    [0;34;40mvalidate/loss_epoch[0m     |  [0;32;40m0.41788288950920105[0m   |
|     [0;34;40mvalidate/pred_loss[0m     |    [0;32;40m0.03483871743083[0m    |
|  [0;34;40mvalidate/pred_loss_epoch[0m  |    [0;32;40m0.03483871743083[0m    |
|    [0;34;40mvalidate/probe_loss[0m     |  [0;32;40m0.13973860442638397[0m   |
| [0;34;40mvalidate/probe_loss_epoch[0m  |  [0;32;40m0.13973860442638397[0m   |
|    [0;34;40mvalidate/sigreg_loss[0m    |   [0;32;40m2.701508045196533[0m    |
| [0;34;40mvalidate/sigreg_loss_epoch[0m |   [0;32;40m2.701508045196533[0m    |
+----------------------------+------------------------+
[Epoch 0/20] done in 71.7s
00:29:40 | INFO  | checkpoint_~|   Checking for non PyTorch modules to save
00:29:40 | INFO  | atomic_chec~| [atomic_save] → /data1/likun-share/junjxu/.cache_stable-pretraining/runs/20260608/002822/29ba39c09165/checkpoints/epoch=0-step=203.ckpt
00:29:41 | INFO  | atomic_chec~| [atomic_save] ✓ epoch=0-step=203.ckpt saved (206.8 MiB, serialise=0.30s write=0.21s rename=0.1ms)
00:29:41 | INFO  | checkpoint_~|   Checking for non PyTorch modules to save
00:29:41 | INFO  | atomic_chec~| [atomic_save] → /data1/likun-share/junjxu/.cache_stable-pretraining/runs/20260608/002822/29ba39c09165/checkpoints/last.ckpt
00:29:41 | INFO  | atomic_chec~| [atomic_save] ✓ last.ckpt saved (206.8 MiB, serialise=0.30s write=0.21s rename=0.0ms)
[Epoch 1/20] step 50/203 (2.8 it/s)
[Epoch 1/20] step 100/203 (3.0 it/s)
[Epoch 1/20] step 150/203 (3.1 it/s)
[Epoch 1/20] step 200/203 (3.1 it/s)
00:30:55 | INFO  | trainer_inf~| \n+----------------------------+-----------------------+
|           Metric           |         Value         |
+----------------------------+-----------------------+
|          [0;34;40mfit/loss[0m          |  [0;32;40m0.27395230531692505[0m  |
|       [0;34;40mfit/pred_loss[0m        |  [0;32;40m0.03065759874880314[0m  |
|       [0;34;40mfit/probe_loss[0m       |  [0;32;40m0.12073612213134766[0m  |
|      [0;34;40mfit/sigreg_loss[0m       |        [0;32;40m1.359375[0m       |
|    [0;34;40mhardware/cpu_percent[0m    |   [0;32;40m36.900001525878906[0m  |
|  [0;34;40mhardware/disk_read_mb_s[0m   |          [0;32;40m0.0[0m          |
|  [0;34;40mhardware/disk_write_mb_s[0m  |   [0;32;40m99.83898162841797[0m   |
|   [0;34;40mhardware/net_recv_mb_s[0m   |  [0;32;40m0.016228031367063522[0m |
|   [0;34;40mhardware/net_sent_mb_s[0m   |  [0;32;40m0.05355904623866081[0m  |
|    [0;34;40mhardware/ram_used_gb[0m    |   [0;32;40m230.6343994140625[0m   |
|   [0;34;40mhardware/ram_used_pct[0m    |   [0;32;40m22.899999618530273[0m  |
|    [0;34;40mhparams/lr_default_0[0m    | [0;32;40m4.898431870969944e-05[0m |
|       [0;34;40mvalidate/loss[0m        |   [0;32;40m0.3912627100944519[0m  |
|    [0;34;40mvalidate/loss_epoch[0m     |   [0;32;40m0.3912627100944519[0m  |
|     [0;34;40mvalidate/pred_loss[0m     |  [0;32;40m0.028851499781012535[0m |
|  [0;34;40mvalidate/pred_loss_epoch[0m  |  [0;32;40m0.028851499781012535[0m |
|    [0;34;40mvalidate/probe_loss[0m     |  [0;32;40m0.13108643889427185[0m  |
| [0;34;40mvalidate/probe_loss_epoch[0m  |  [0;32;40m0.13108643889427185[0m  |
|    [0;34;40mvalidate/sigreg_loss[0m    |   [0;32;40m2.5713446140289307[0m  |
| [0;34;40mvalidate/sigreg_loss_epoch[0m |   [0;32;40m2.5713446140289307[0m  |
+----------------------------+-----------------------+
[Epoch 1/20] done in 73.8s
00:30:55 | INFO  | checkpoint_~|   Checking for non PyTorch modules to save
00:30:55 | INFO  | atomic_chec~| [atomic_save] → /data1/likun-share/junjxu/.cache_stable-pretraining/runs/20260608/002822/29ba39c09165/checkpoints/epoch=1-step=406.ckpt
00:30:56 | INFO  | atomic_chec~| [atomic_save] ✓ epoch=1-step=406.ckpt saved (206.8 MiB, serialise=0.28s write=0.21s rename=0.0ms)
00:30:56 | INFO  | checkpoint_~|   Checking for non PyTorch modules to save
00:30:56 | INFO  | atomic_chec~| [atomic_save] → /data1/likun-share/junjxu/.cache_stable-pretraining/runs/20260608/002822/29ba39c09165/checkpoints/last.ckpt
00:30:56 | INFO  | atomic_chec~| [atomic_save] ✓ last.ckpt saved (206.8 MiB, serialise=0.30s write=0.20s rename=23.3ms)
[Epoch 2/20] step 50/203 (2.8 it/s)
[Epoch 2/20] step 100/203 (3.0 it/s)
[Epoch 2/20] step 150/203 (3.1 it/s)
[Epoch 2/20] step 200/203 (3.1 it/s)
00:32:09 | INFO  | trainer_inf~| \n+----------------------------+-----------------------+
|           Metric           |         Value         |
+----------------------------+-----------------------+
|          [0;34;40mfit/loss[0m          |  [0;32;40m0.28486645221710205[0m  |
|       [0;34;40mfit/pred_loss[0m        |  [0;32;40m0.02590292878448963[0m  |
|       [0;34;40mfit/probe_loss[0m       |  [0;32;40m0.14226432144641876[0m  |
|      [0;34;40mfit/sigreg_loss[0m       |        [0;32;40m1.296875[0m       |
|    [0;34;40mhardware/cpu_percent[0m    |   [0;32;40m37.20000076293945[0m   |
|  [0;34;40mhardware/disk_read_mb_s[0m   | [0;32;40m0.0003905202029272914[0m |
|  [0;34;40mhardware/disk_write_mb_s[0m  |   [0;32;40m101.45285034179688[0m  |
|   [0;34;40mhardware/net_recv_mb_s[0m   |  [0;32;40m0.013548552989959717[0m |
|   [0;34;40mhardware/net_sent_mb_s[0m   |  [0;32;40m0.05054137855768204[0m  |
|    [0;34;40mhardware/ram_used_gb[0m    |   [0;32;40m230.93087768554688[0m  |
|   [0;34;40mhardware/ram_used_pct[0m    |   [0;32;40m22.899999618530273[0m  |
|    [0;34;40mhparams/lr_default_0[0m    | [0;32;40m4.756883572554216e-05[0m |
|       [0;34;40mvalidate/loss[0m        |  [0;32;40m0.33602213859558105[0m  |
|    [0;34;40mvalidate/loss_epoch[0m     |  [0;32;40m0.33602213859558105[0m  |
|     [0;34;40mvalidate/pred_loss[0m     |  [0;32;40m0.021759923547506332[0m |
|  [0;34;40mvalidate/pred_loss_epoch[0m  |  [0;32;40m0.021759923547506332[0m |
|    [0;34;40mvalidate/probe_loss[0m     |   [0;32;40m0.1224665641784668[0m  |
| [0;34;40mvalidate/probe_loss_epoch[0m  |   [0;32;40m0.1224665641784668[0m  |
|    [0;34;40mvalidate/sigreg_loss[0m    |   [0;32;40m2.130810260772705[0m   |
| [0;34;40mvalidate/sigreg_loss_epoch[0m |   [0;32;40m2.130810260772705[0m   |
+----------------------------+-----------------------+
[Epoch 2/20] done in 72.5s
00:32:09 | INFO  | checkpoint_~|   Checking for non PyTorch modules to save
00:32:09 | INFO  | atomic_chec~| [atomic_save] → /data1/likun-share/junjxu/.cache_stable-pretraining/runs/20260608/002822/29ba39c09165/checkpoints/epoch=2-step=609.ckpt
00:32:09 | INFO  | atomic_chec~| [atomic_save] ✓ epoch=2-step=609.ckpt saved (206.8 MiB, serialise=0.29s write=0.20s rename=0.0ms)
00:32:09 | INFO  | checkpoint_~|   Checking for non PyTorch modules to save
00:32:09 | INFO  | atomic_chec~| [atomic_save] → /data1/likun-share/junjxu/.cache_stable-pretraining/runs/20260608/002822/29ba39c09165/checkpoints/last.ckpt
00:32:10 | INFO  | atomic_chec~| [atomic_save] ✓ last.ckpt saved (206.8 MiB, serialise=0.30s write=0.20s rename=22.2ms)
[Epoch 3/20] step 50/203 (2.9 it/s)
[Epoch 3/20] step 100/203 (3.1 it/s)
[Epoch 3/20] step 150/203 (3.2 it/s)
[Epoch 3/20] step 200/203 (3.2 it/s)
00:33:22 | INFO  | trainer_inf~| \n+----------------------------+-----------------------+
|           Metric           |         Value         |
+----------------------------+-----------------------+
|          [0;34;40mfit/loss[0m          |   [0;32;40m0.2649468779563904[0m  |
|       [0;34;40mfit/pred_loss[0m        |  [0;32;40m0.02374142035841942[0m  |
|       [0;34;40mfit/probe_loss[0m       |  [0;32;40m0.12792420387268066[0m  |
|      [0;34;40mfit/sigreg_loss[0m       |       [0;32;40m1.2578125[0m       |
|    [0;34;40mhardware/cpu_percent[0m    |   [0;32;40m37.900001525878906[0m  |
|  [0;34;40mhardware/disk_read_mb_s[0m   |          [0;32;40m0.0[0m          |
|  [0;34;40mhardware/disk_write_mb_s[0m  |   [0;32;40m52.62197494506836[0m   |
|   [0;34;40mhardware/net_recv_mb_s[0m   |  [0;32;40m0.02243369072675705[0m  |
|   [0;34;40mhardware/net_sent_mb_s[0m   |  [0;32;40m0.054909199476242065[0m |
|    [0;34;40mhardware/ram_used_gb[0m    |   [0;32;40m230.88873291015625[0m  |
|   [0;34;40mhardware/ram_used_pct[0m    |   [0;32;40m22.899999618530273[0m  |
|    [0;34;40mhparams/lr_default_0[0m    | [0;32;40m4.558654109132476e-05[0m |
|       [0;34;40mvalidate/loss[0m        |  [0;32;40m0.32950150966644287[0m  |
|    [0;34;40mvalidate/loss_epoch[0m     |  [0;32;40m0.32950150966644287[0m  |
|     [0;34;40mvalidate/pred_loss[0m     |  [0;32;40m0.019595373421907425[0m |
|  [0;34;40mvalidate/pred_loss_epoch[0m  |  [0;32;40m0.019595373421907425[0m |
|    [0;34;40mvalidate/probe_loss[0m     |  [0;32;40m0.12078014016151428[0m  |
| [0;34;40mvalidate/probe_loss_epoch[0m  |  [0;32;40m0.12078014016151428[0m  |
|    [0;34;40mvalidate/sigreg_loss[0m    |   [0;32;40m2.101576089859009[0m   |
| [0;34;40mvalidate/sigreg_loss_epoch[0m |   [0;32;40m2.101576089859009[0m   |
+----------------------------+-----------------------+
[Epoch 3/20] done in 72.3s
00:33:22 | INFO  | checkpoint_~|   Checking for non PyTorch modules to save
00:33:22 | INFO  | atomic_chec~| [atomic_save] → /data1/likun-share/junjxu/.cache_stable-pretraining/runs/20260608/002822/29ba39c09165/checkpoints/epoch=3-step=812.ckpt
00:33:23 | INFO  | atomic_chec~| [atomic_save] ✓ epoch=3-step=812.ckpt saved (206.8 MiB, serialise=0.31s write=0.20s rename=0.0ms)
00:33:23 | INFO  | checkpoint_~|   Checking for non PyTorch modules to save
00:33:23 | INFO  | atomic_chec~| [atomic_save] → /data1/likun-share/junjxu/.cache_stable-pretraining/runs/20260608/002822/29ba39c09165/checkpoints/last.ckpt
00:33:23 | INFO  | atomic_chec~| [atomic_save] ✓ last.ckpt saved (206.8 MiB, serialise=0.30s write=0.20s rename=26.4ms)
[Epoch 4/20] step 50/203 (2.8 it/s)
[Epoch 4/20] step 100/203 (3.0 it/s)
[Epoch 4/20] step 150/203 (3.1 it/s)
[Epoch 4/20] step 200/203 (3.1 it/s)
00:34:36 | INFO  | trainer_inf~| \n+----------------------------+-----------------------+
|           Metric           |         Value         |
+----------------------------+-----------------------+
|          [0;34;40mfit/loss[0m          |   [0;32;40m0.2572149932384491[0m  |
|       [0;34;40mfit/pred_loss[0m        |  [0;32;40m0.02243179827928543[0m  |
|       [0;34;40mfit/probe_loss[0m       |  [0;32;40m0.12736132740974426[0m  |
|      [0;34;40mfit/sigreg_loss[0m       |       [0;32;40m1.1953125[0m       |
|    [0;34;40mhardware/cpu_percent[0m    |          [0;32;40m38.0[0m         |
|  [0;34;40mhardware/disk_read_mb_s[0m   | [0;32;40m0.0007810423849150538[0m |
|  [0;34;40mhardware/disk_write_mb_s[0m  |   [0;32;40m94.33625793457031[0m   |
|   [0;34;40mhardware/net_recv_mb_s[0m   |   [0;32;40m0.2963500916957855[0m  |
|   [0;34;40mhardware/net_sent_mb_s[0m   |  [0;32;40m0.07710429280996323[0m  |
|    [0;34;40mhardware/ram_used_gb[0m    |   [0;32;40m230.2979278564453[0m   |
|   [0;34;40mhardware/ram_used_pct[0m    |   [0;32;40m22.899999618530273[0m  |
|    [0;34;40mhparams/lr_default_0[0m    |  [0;32;40m4.30872205470223e-05[0m |
|       [0;34;40mvalidate/loss[0m        |   [0;32;40m0.3192098140716553[0m  |
|    [0;34;40mvalidate/loss_epoch[0m     |   [0;32;40m0.3192098140716553[0m  |
|     [0;34;40mvalidate/pred_loss[0m     |  [0;32;40m0.018531225621700287[0m |
|  [0;34;40mvalidate/pred_loss_epoch[0m  |  [0;32;40m0.018531225621700287[0m |
|    [0;34;40mvalidate/probe_loss[0m     |  [0;32;40m0.11602643877267838[0m  |
| [0;34;40mvalidate/probe_loss_epoch[0m  |  [0;32;40m0.11602643877267838[0m  |
|    [0;34;40mvalidate/sigreg_loss[0m    |   [0;32;40m2.0523133277893066[0m  |
| [0;34;40mvalidate/sigreg_loss_epoch[0m |   [0;32;40m2.0523133277893066[0m  |
+----------------------------+-----------------------+
[Epoch 4/20] done in 73.1s
00:34:36 | INFO  | checkpoint_~|   Checking for non PyTorch modules to save
00:34:36 | INFO  | atomic_chec~| [atomic_save] → /data1/likun-share/junjxu/.cache_stable-pretraining/runs/20260608/002822/29ba39c09165/checkpoints/epoch=4-step=1015.ckpt
00:34:37 | INFO  | atomic_chec~| [atomic_save] ✓ epoch=4-step=1015.ckpt saved (206.8 MiB, serialise=0.34s write=0.21s rename=0.1ms)
00:34:37 | INFO  | checkpoint_~|   Checking for non PyTorch modules to save
00:34:37 | INFO  | atomic_chec~| [atomic_save] → /data1/likun-share/junjxu/.cache_stable-pretraining/runs/20260608/002822/29ba39c09165/checkpoints/last.ckpt
00:34:37 | INFO  | atomic_chec~| [atomic_save] ✓ last.ckpt saved (206.8 MiB, serialise=0.31s write=0.20s rename=27.2ms)
[Epoch 5/20] step 50/203 (2.9 it/s)
[Epoch 5/20] step 100/203 (3.0 it/s)
[Epoch 5/20] step 150/203 (3.1 it/s)
[Epoch 5/20] step 200/203 (3.1 it/s)
00:35:50 | INFO  | trainer_inf~| \n+----------------------------+------------------------+
|           Metric           |         Value          |
+----------------------------+------------------------+
|          [0;34;40mfit/loss[0m          |  [0;32;40m0.21831539273262024[0m   |
|       [0;34;40mfit/pred_loss[0m        |  [0;32;40m0.01822180300951004[0m   |
|       [0;34;40mfit/probe_loss[0m       |   [0;32;40m0.0995076596736908[0m   |
|      [0;34;40mfit/sigreg_loss[0m       |       [0;32;40m1.1171875[0m        |
|    [0;34;40mhardware/cpu_percent[0m    |   [0;32;40m37.20000076293945[0m    |
|  [0;34;40mhardware/disk_read_mb_s[0m   |          [0;32;40m0.0[0m           |
|  [0;34;40mhardware/disk_write_mb_s[0m  |   [0;32;40m91.87205505371094[0m    |
|   [0;34;40mhardware/net_recv_mb_s[0m   |  [0;32;40m0.013748995028436184[0m  |
|   [0;34;40mhardware/net_sent_mb_s[0m   |  [0;32;40m0.014112057164311409[0m  |
|    [0;34;40mhardware/ram_used_gb[0m    |   [0;32;40m229.90306091308594[0m   |
|   [0;34;40mhardware/ram_used_pct[0m    |   [0;32;40m22.799999237060547[0m   |
|    [0;34;40mhparams/lr_default_0[0m    | [0;32;40m4.0133647416951135e-05[0m |
|       [0;34;40mvalidate/loss[0m        |  [0;32;40m0.28917935490608215[0m   |
|    [0;34;40mvalidate/loss_epoch[0m     |  [0;32;40m0.28917935490608215[0m   |
|     [0;34;40mvalidate/pred_loss[0m     |  [0;32;40m0.01605040207505226[0m   |
|  [0;34;40mvalidate/pred_loss_epoch[0m  |  [0;32;40m0.01605040207505226[0m   |
|    [0;34;40mvalidate/probe_loss[0m     |  [0;32;40m0.11168590188026428[0m   |
| [0;34;40mvalidate/probe_loss_epoch[0m  |  [0;32;40m0.11168590188026428[0m   |
|    [0;34;40mvalidate/sigreg_loss[0m    |   [0;32;40m1.7939133644104004[0m   |
| [0;34;40mvalidate/sigreg_loss_epoch[0m |   [0;32;40m1.7939133644104004[0m   |
+----------------------------+------------------------+
[Epoch 5/20] done in 72.4s
00:35:50 | INFO  | checkpoint_~|   Checking for non PyTorch modules to save
00:35:50 | INFO  | atomic_chec~| [atomic_save] → /data1/likun-share/junjxu/.cache_stable-pretraining/runs/20260608/002822/29ba39c09165/checkpoints/epoch=5-step=1218.ckpt
00:35:51 | INFO  | atomic_chec~| [atomic_save] ✓ epoch=5-step=1218.ckpt saved (206.8 MiB, serialise=0.28s write=0.20s rename=0.0ms)
00:35:51 | INFO  | checkpoint_~|   Checking for non PyTorch modules to save
00:35:51 | INFO  | atomic_chec~| [atomic_save] → /data1/likun-share/junjxu/.cache_stable-pretraining/runs/20260608/002822/29ba39c09165/checkpoints/last.ckpt
00:35:51 | INFO  | atomic_chec~| [atomic_save] ✓ last.ckpt saved (206.8 MiB, serialise=0.30s write=0.19s rename=23.5ms)
[Epoch 6/20] step 50/203 (2.8 it/s)
[Epoch 6/20] step 100/203 (3.0 it/s)
[Epoch 6/20] step 150/203 (3.1 it/s)
[Epoch 6/20] step 200/203 (3.1 it/s)
00:37:04 | INFO  | trainer_inf~| \n+----------------------------+-----------------------+
|           Metric           |         Value         |
+----------------------------+-----------------------+
|          [0;34;40mfit/loss[0m          |  [0;32;40m0.24256807565689087[0m  |
|       [0;34;40mfit/pred_loss[0m        |  [0;32;40m0.01822112686932087[0m  |
|       [0;34;40mfit/probe_loss[0m       |  [0;32;40m0.12717898190021515[0m  |
|      [0;34;40mfit/sigreg_loss[0m       |        [0;32;40m1.078125[0m       |
|    [0;34;40mhardware/cpu_percent[0m    |   [0;32;40m38.29999923706055[0m   |
|  [0;34;40mhardware/disk_read_mb_s[0m   |          [0;32;40m0.0[0m          |
|  [0;34;40mhardware/disk_write_mb_s[0m  |   [0;32;40m56.643375396728516[0m  |
|   [0;34;40mhardware/net_recv_mb_s[0m   |  [0;32;40m0.03061295673251152[0m  |
|   [0;34;40mhardware/net_sent_mb_s[0m   |  [0;32;40m0.08810057491064072[0m  |
|    [0;34;40mhardware/ram_used_gb[0m    |   [0;32;40m232.0399169921875[0m   |
|   [0;34;40mhardware/ram_used_pct[0m    |          [0;32;40m23.0[0m         |
|    [0;34;40mhparams/lr_default_0[0m    | [0;32;40m3.679999281303026e-05[0m |
|       [0;34;40mvalidate/loss[0m        |  [0;32;40m0.30174729228019714[0m  |
|    [0;34;40mvalidate/loss_epoch[0m     |  [0;32;40m0.30174729228019714[0m  |
|     [0;34;40mvalidate/pred_loss[0m     |  [0;32;40m0.016499843448400497[0m |
|  [0;34;40mvalidate/pred_loss_epoch[0m  |  [0;32;40m0.016499843448400497[0m |
|    [0;34;40mvalidate/probe_loss[0m     |  [0;32;40m0.11137483268976212[0m  |
| [0;34;40mvalidate/probe_loss_epoch[0m  |  [0;32;40m0.11137483268976212[0m  |
|    [0;34;40mvalidate/sigreg_loss[0m    |   [0;32;40m1.9312371015548706[0m  |
| [0;34;40mvalidate/sigreg_loss_epoch[0m |   [0;32;40m1.9312371015548706[0m  |
+----------------------------+-----------------------+
[Epoch 6/20] done in 73.1s
00:37:04 | INFO  | checkpoint_~|   Checking for non PyTorch modules to save
00:37:04 | INFO  | atomic_chec~| [atomic_save] → /data1/likun-share/junjxu/.cache_stable-pretraining/runs/20260608/002822/29ba39c09165/checkpoints/epoch=6-step=1421.ckpt
00:37:05 | INFO  | atomic_chec~| [atomic_save] ✓ epoch=6-step=1421.ckpt saved (206.8 MiB, serialise=0.29s write=0.21s rename=0.0ms)
00:37:05 | INFO  | checkpoint_~|   Checking for non PyTorch modules to save
00:37:05 | INFO  | atomic_chec~| [atomic_save] → /data1/likun-share/junjxu/.cache_stable-pretraining/runs/20260608/002822/29ba39c09165/checkpoints/last.ckpt
00:37:05 | INFO  | atomic_chec~| [atomic_save] ✓ last.ckpt saved (206.8 MiB, serialise=0.30s write=0.22s rename=22.5ms)
[Epoch 7/20] step 50/203 (2.9 it/s)
[Epoch 7/20] step 100/203 (3.0 it/s)
[Epoch 7/20] step 150/203 (3.2 it/s)
[Epoch 7/20] step 200/203 (3.1 it/s)
00:38:18 | INFO  | trainer_inf~| \n+----------------------------+-----------------------+
|           Metric           |         Value         |
+----------------------------+-----------------------+
|          [0;34;40mfit/loss[0m          |   [0;32;40m0.214415043592453[0m   |
|       [0;34;40mfit/pred_loss[0m        |  [0;32;40m0.016727237030863762[0m |
|       [0;34;40mfit/probe_loss[0m       |   [0;32;40m0.1005198284983635[0m  |
|      [0;34;40mfit/sigreg_loss[0m       |        [0;32;40m1.078125[0m       |
|    [0;34;40mhardware/cpu_percent[0m    |   [0;32;40m38.70000076293945[0m   |
|  [0;34;40mhardware/disk_read_mb_s[0m   |          [0;32;40m0.0[0m          |
|  [0;34;40mhardware/disk_write_mb_s[0m  |   [0;32;40m57.16868209838867[0m   |
|   [0;34;40mhardware/net_recv_mb_s[0m   |  [0;32;40m0.011285277083516121[0m |
|   [0;34;40mhardware/net_sent_mb_s[0m   |  [0;32;40m0.01287937257438898[0m  |
|    [0;34;40mhardware/ram_used_gb[0m    |   [0;32;40m231.5117950439453[0m   |
|   [0;34;40mhardware/ram_used_pct[0m    |          [0;32;40m23.0[0m         |
|    [0;34;40mhparams/lr_default_0[0m    | [0;32;40m3.316998481750488e-05[0m |
|       [0;34;40mvalidate/loss[0m        |  [0;32;40m0.28663763403892517[0m  |
|    [0;34;40mvalidate/loss_epoch[0m     |  [0;32;40m0.28663763403892517[0m  |
|     [0;34;40mvalidate/pred_loss[0m     |  [0;32;40m0.014275377616286278[0m |
|  [0;34;40mvalidate/pred_loss_epoch[0m  |  [0;32;40m0.014275377616286278[0m |
|    [0;34;40mvalidate/probe_loss[0m     |  [0;32;40m0.11044014990329742[0m  |
| [0;34;40mvalidate/probe_loss_epoch[0m  |  [0;32;40m0.11044014990329742[0m  |
|    [0;34;40mvalidate/sigreg_loss[0m    |   [0;32;40m1.7997127771377563[0m  |
| [0;34;40mvalidate/sigreg_loss_epoch[0m |   [0;32;40m1.7997127771377563[0m  |
+----------------------------+-----------------------+
[Epoch 7/20] done in 72.6s
00:38:18 | INFO  | checkpoint_~|   Checking for non PyTorch modules to save
00:38:18 | INFO  | atomic_chec~| [atomic_save] → /data1/likun-share/junjxu/.cache_stable-pretraining/runs/20260608/002822/29ba39c09165/checkpoints/epoch=7-step=1624.ckpt
00:38:19 | INFO  | atomic_chec~| [atomic_save] ✓ epoch=7-step=1624.ckpt saved (206.8 MiB, serialise=0.29s write=0.20s rename=0.0ms)
00:38:19 | INFO  | checkpoint_~|   Checking for non PyTorch modules to save
00:38:19 | INFO  | atomic_chec~| [atomic_save] → /data1/likun-share/junjxu/.cache_stable-pretraining/runs/20260608/002822/29ba39c09165/checkpoints/last.ckpt
00:38:19 | INFO  | atomic_chec~| [atomic_save] ✓ last.ckpt saved (206.8 MiB, serialise=0.30s write=0.21s rename=23.4ms)
[Epoch 8/20] step 50/203 (2.9 it/s)
[Epoch 8/20] step 100/203 (3.0 it/s)
[Epoch 8/20] step 150/203 (3.1 it/s)
[Epoch 8/20] step 200/203 (3.1 it/s)
00:39:32 | INFO  | trainer_inf~| \n+----------------------------+------------------------+
|           Metric           |         Value          |
+----------------------------+------------------------+
|          [0;34;40mfit/loss[0m          |  [0;32;40m0.22258450090885162[0m   |
|       [0;34;40mfit/pred_loss[0m        |  [0;32;40m0.01635666750371456[0m   |
|       [0;34;40mfit/probe_loss[0m       |  [0;32;40m0.11003642529249191[0m   |
|      [0;34;40mfit/sigreg_loss[0m       |       [0;32;40m1.0703125[0m        |
|    [0;34;40mhardware/cpu_percent[0m    |   [0;32;40m37.79999923706055[0m    |
|  [0;34;40mhardware/disk_read_mb_s[0m   |          [0;32;40m0.0[0m           |
|  [0;34;40mhardware/disk_write_mb_s[0m  |   [0;32;40m52.85935592651367[0m    |
|   [0;34;40mhardware/net_recv_mb_s[0m   |  [0;32;40m0.009397049434483051[0m  |
|   [0;34;40mhardware/net_sent_mb_s[0m   |  [0;32;40m0.04810972884297371[0m   |
|    [0;34;40mhardware/ram_used_gb[0m    |   [0;32;40m231.19122314453125[0m   |
|   [0;34;40mhardware/ram_used_pct[0m    |          [0;32;40m23.0[0m          |
|    [0;34;40mhparams/lr_default_0[0m    | [0;32;40m2.9334791179280728e-05[0m |
|       [0;34;40mvalidate/loss[0m        |  [0;32;40m0.28039073944091797[0m   |
|    [0;34;40mvalidate/loss_epoch[0m     |  [0;32;40m0.28039073944091797[0m   |
|     [0;34;40mvalidate/pred_loss[0m     |  [0;32;40m0.01452297531068325[0m   |
|  [0;34;40mvalidate/pred_loss_epoch[0m  |  [0;32;40m0.01452297531068325[0m   |
|    [0;34;40mvalidate/probe_loss[0m     |  [0;32;40m0.10968515276908875[0m   |
| [0;34;40mvalidate/probe_loss_epoch[0m  |  [0;32;40m0.10968515276908875[0m   |
|    [0;34;40mvalidate/sigreg_loss[0m    |   [0;32;40m1.7349274158477783[0m   |
| [0;34;40mvalidate/sigreg_loss_epoch[0m |   [0;32;40m1.7349274158477783[0m   |
+----------------------------+------------------------+
[Epoch 8/20] done in 73.0s
00:39:32 | INFO  | checkpoint_~|   Checking for non PyTorch modules to save
00:39:32 | INFO  | atomic_chec~| [atomic_save] → /data1/likun-share/junjxu/.cache_stable-pretraining/runs/20260608/002822/29ba39c09165/checkpoints/epoch=8-step=1827.ckpt
00:39:33 | INFO  | atomic_chec~| [atomic_save] ✓ epoch=8-step=1827.ckpt saved (206.8 MiB, serialise=0.29s write=0.20s rename=0.0ms)
00:39:33 | INFO  | checkpoint_~|   Checking for non PyTorch modules to save
00:39:33 | INFO  | atomic_chec~| [atomic_save] → /data1/likun-share/junjxu/.cache_stable-pretraining/runs/20260608/002822/29ba39c09165/checkpoints/last.ckpt
00:39:33 | INFO  | atomic_chec~| [atomic_save] ✓ last.ckpt saved (206.8 MiB, serialise=0.29s write=0.20s rename=23.6ms)
[Epoch 9/20] step 50/203 (2.9 it/s)
[Epoch 9/20] step 100/203 (3.0 it/s)
[Epoch 9/20] step 150/203 (3.1 it/s)
[Epoch 9/20] step 200/203 (3.1 it/s)
00:40:46 | INFO  | trainer_inf~| \n+----------------------------+-----------------------+
|           Metric           |         Value         |
+----------------------------+-----------------------+
|          [0;34;40mfit/loss[0m          |  [0;32;40m0.21149462461471558[0m  |
|       [0;34;40mfit/pred_loss[0m        |  [0;32;40m0.015538928098976612[0m |
|       [0;34;40mfit/probe_loss[0m       |  [0;32;40m0.10220569372177124[0m  |
|      [0;34;40mfit/sigreg_loss[0m       |       [0;32;40m1.0390625[0m       |
|    [0;34;40mhardware/cpu_percent[0m    |          [0;32;40m38.5[0m         |
|  [0;34;40mhardware/disk_read_mb_s[0m   |          [0;32;40m0.0[0m          |
|  [0;34;40mhardware/disk_write_mb_s[0m  |   [0;32;40m51.62723922729492[0m   |
|   [0;34;40mhardware/net_recv_mb_s[0m   |  [0;32;40m0.02231292799115181[0m  |
|   [0;34;40mhardware/net_sent_mb_s[0m   |  [0;32;40m0.01666112430393696[0m  |
|    [0;34;40mhardware/ram_used_gb[0m    |   [0;32;40m231.7987518310547[0m   |
|   [0;34;40mhardware/ram_used_pct[0m    |          [0;32;40m23.0[0m         |
|    [0;34;40mhparams/lr_default_0[0m    | [0;32;40m2.539072920626495e-05[0m |
|       [0;34;40mvalidate/loss[0m        |   [0;32;40m0.2668003439903259[0m  |
|    [0;34;40mvalidate/loss_epoch[0m     |   [0;32;40m0.2668003439903259[0m  |
|     [0;34;40mvalidate/pred_loss[0m     |  [0;32;40m0.013407743535935879[0m |
|  [0;34;40mvalidate/pred_loss_epoch[0m  |  [0;32;40m0.013407743535935879[0m |
|    [0;34;40mvalidate/probe_loss[0m     |  [0;32;40m0.10315793752670288[0m  |
| [0;34;40mvalidate/probe_loss_epoch[0m  |  [0;32;40m0.10315793752670288[0m  |
|    [0;34;40mvalidate/sigreg_loss[0m    |   [0;32;40m1.6695277690887451[0m  |
| [0;34;40mvalidate/sigreg_loss_epoch[0m |   [0;32;40m1.6695277690887451[0m  |
+----------------------------+-----------------------+
[Epoch 9/20] done in 72.9s
00:40:46 | INFO  | checkpoint_~|   Checking for non PyTorch modules to save
00:40:46 | INFO  | atomic_chec~| [atomic_save] → /data1/likun-share/junjxu/.cache_stable-pretraining/runs/20260608/002822/29ba39c09165/checkpoints/epoch=9-step=2030.ckpt
00:40:47 | INFO  | atomic_chec~| [atomic_save] ✓ epoch=9-step=2030.ckpt saved (206.8 MiB, serialise=0.28s write=0.20s rename=0.0ms)
00:40:47 | INFO  | checkpoint_~|   Checking for non PyTorch modules to save
00:40:47 | INFO  | atomic_chec~| [atomic_save] → /data1/likun-share/junjxu/.cache_stable-pretraining/runs/20260608/002822/29ba39c09165/checkpoints/last.ckpt
00:40:47 | INFO  | atomic_chec~| [atomic_save] ✓ last.ckpt saved (206.8 MiB, serialise=0.28s write=0.21s rename=23.9ms)
[Epoch 10/20] step 50/203 (2.8 it/s)
[Epoch 10/20] step 100/203 (3.0 it/s)
[Epoch 10/20] step 150/203 (3.1 it/s)
[Epoch 10/20] step 200/203 (3.1 it/s)
00:41:59 | INFO  | trainer_inf~| \n+----------------------------+------------------------+
|           Metric           |         Value          |
+----------------------------+------------------------+
|          [0;34;40mfit/loss[0m          |  [0;32;40m0.20638087391853333[0m   |
|       [0;34;40mfit/pred_loss[0m        |  [0;32;40m0.014449451118707657[0m  |
|       [0;34;40mfit/probe_loss[0m       |  [0;32;40m0.10550564527511597[0m   |
|      [0;34;40mfit/sigreg_loss[0m       |       [0;32;40m0.9609375[0m        |
|    [0;34;40mhardware/cpu_percent[0m    |   [0;32;40m38.70000076293945[0m    |
|  [0;34;40mhardware/disk_read_mb_s[0m   |          [0;32;40m0.0[0m           |
|  [0;34;40mhardware/disk_write_mb_s[0m  |   [0;32;40m51.18644332885742[0m    |
|   [0;34;40mhardware/net_recv_mb_s[0m   |  [0;32;40m0.015051117166876793[0m  |
|   [0;34;40mhardware/net_sent_mb_s[0m   |  [0;32;40m0.050394732505083084[0m  |
|    [0;34;40mhardware/ram_used_gb[0m    |     [0;32;40m231.5068359375[0m     |
|   [0;34;40mhardware/ram_used_pct[0m    |          [0;32;40m23.0[0m          |
|    [0;34;40mhparams/lr_default_0[0m    | [0;32;40m2.1436855604406446e-05[0m |
|       [0;34;40mvalidate/loss[0m        |  [0;32;40m0.26674532890319824[0m   |
|    [0;34;40mvalidate/loss_epoch[0m     |  [0;32;40m0.26674532890319824[0m   |
|     [0;34;40mvalidate/pred_loss[0m     |  [0;32;40m0.012141218408942223[0m  |
|  [0;34;40mvalidate/pred_loss_epoch[0m  |  [0;32;40m0.012141218408942223[0m  |
|    [0;34;40mvalidate/probe_loss[0m     |  [0;32;40m0.10282999277114868[0m   |
| [0;34;40mvalidate/probe_loss_epoch[0m  |  [0;32;40m0.10282999277114868[0m   |
|    [0;34;40mvalidate/sigreg_loss[0m    |   [0;32;40m1.6864489316940308[0m   |
| [0;34;40mvalidate/sigreg_loss_epoch[0m |   [0;32;40m1.6864489316940308[0m   |
+----------------------------+------------------------+
[Epoch 10/20] done in 72.3s
00:41:59 | INFO  | checkpoint_~|   Checking for non PyTorch modules to save
00:41:59 | INFO  | atomic_chec~| [atomic_save] → /data1/likun-share/junjxu/.cache_stable-pretraining/runs/20260608/002822/29ba39c09165/checkpoints/epoch=10-step=2233.ckpt
00:42:00 | INFO  | atomic_chec~| [atomic_save] ✓ epoch=10-step=2233.ckpt saved (206.8 MiB, serialise=0.29s write=0.20s rename=0.0ms)
00:42:00 | INFO  | checkpoint_~|   Checking for non PyTorch modules to save
00:42:00 | INFO  | atomic_chec~| [atomic_save] → /data1/likun-share/junjxu/.cache_stable-pretraining/runs/20260608/002822/29ba39c09165/checkpoints/last.ckpt
00:42:01 | INFO  | atomic_chec~| [atomic_save] ✓ last.ckpt saved (206.8 MiB, serialise=0.29s write=0.19s rename=23.7ms)
[Epoch 11/20] step 50/203 (2.8 it/s)
[Epoch 11/20] step 100/203 (3.0 it/s)
[Epoch 11/20] step 150/203 (3.1 it/s)
[Epoch 11/20] step 200/203 (3.1 it/s)
00:43:13 | INFO  | trainer_inf~| \n+----------------------------+-----------------------+
|           Metric           |         Value         |
+----------------------------+-----------------------+
|          [0;34;40mfit/loss[0m          |  [0;32;40m0.19105499982833862[0m  |
|       [0;34;40mfit/pred_loss[0m        |  [0;32;40m0.01505605224519968[0m  |
|       [0;34;40mfit/probe_loss[0m       |  [0;32;40m0.08322550356388092[0m  |
|      [0;34;40mfit/sigreg_loss[0m       |        [0;32;40m1.03125[0m        |
|    [0;34;40mhardware/cpu_percent[0m    |   [0;32;40m38.20000076293945[0m   |
|  [0;34;40mhardware/disk_read_mb_s[0m   |          [0;32;40m0.0[0m          |
|  [0;34;40mhardware/disk_write_mb_s[0m  |   [0;32;40m57.76097869873047[0m   |
|   [0;34;40mhardware/net_recv_mb_s[0m   |  [0;32;40m0.012140760198235512[0m |
|   [0;34;40mhardware/net_sent_mb_s[0m   |  [0;32;40m0.011941109783947468[0m |
|    [0;34;40mhardware/ram_used_gb[0m    |   [0;32;40m235.41827392578125[0m  |
|   [0;34;40mhardware/ram_used_pct[0m    |   [0;32;40m23.399999618530273[0m  |
|    [0;34;40mhparams/lr_default_0[0m    | [0;32;40m1.757246718625538e-05[0m |
|       [0;34;40mvalidate/loss[0m        |   [0;32;40m0.2619078457355499[0m  |
|    [0;34;40mvalidate/loss_epoch[0m     |   [0;32;40m0.2619078457355499[0m  |
|     [0;34;40mvalidate/pred_loss[0m     |  [0;32;40m0.012172330170869827[0m |
|  [0;34;40mvalidate/pred_loss_epoch[0m  |  [0;32;40m0.012172330170869827[0m |
|    [0;34;40mvalidate/probe_loss[0m     |   [0;32;40m0.1031218022108078[0m  |
| [0;34;40mvalidate/probe_loss_epoch[0m  |   [0;32;40m0.1031218022108078[0m  |
|    [0;34;40mvalidate/sigreg_loss[0m    |   [0;32;40m1.6293630599975586[0m  |
| [0;34;40mvalidate/sigreg_loss_epoch[0m |   [0;32;40m1.6293630599975586[0m  |
+----------------------------+-----------------------+
[Epoch 11/20] done in 72.8s
00:43:13 | INFO  | checkpoint_~|   Checking for non PyTorch modules to save
00:43:13 | INFO  | atomic_chec~| [atomic_save] → /data1/likun-share/junjxu/.cache_stable-pretraining/runs/20260608/002822/29ba39c09165/checkpoints/epoch=11-step=2436.ckpt
00:43:14 | INFO  | atomic_chec~| [atomic_save] ✓ epoch=11-step=2436.ckpt saved (206.8 MiB, serialise=0.28s write=0.22s rename=0.0ms)
00:43:14 | INFO  | checkpoint_~|   Checking for non PyTorch modules to save
00:43:14 | INFO  | atomic_chec~| [atomic_save] → /data1/likun-share/junjxu/.cache_stable-pretraining/runs/20260608/002822/29ba39c09165/checkpoints/last.ckpt
00:43:14 | INFO  | atomic_chec~| [atomic_save] ✓ last.ckpt saved (206.8 MiB, serialise=0.30s write=0.20s rename=24.8ms)
[Epoch 12/20] step 50/203 (2.8 it/s)
[Epoch 12/20] step 100/203 (3.0 it/s)
[Epoch 12/20] step 150/203 (3.1 it/s)
[Epoch 12/20] step 200/203 (3.1 it/s)
00:44:27 | INFO  | trainer_inf~| \n+----------------------------+------------------------+
|           Metric           |         Value          |
+----------------------------+------------------------+
|          [0;34;40mfit/loss[0m          |   [0;32;40m0.1965305507183075[0m   |
|       [0;34;40mfit/pred_loss[0m        |  [0;32;40m0.014445771463215351[0m  |
|       [0;34;40mfit/probe_loss[0m       |  [0;32;40m0.09614728391170502[0m   |
|      [0;34;40mfit/sigreg_loss[0m       |        [0;32;40m0.953125[0m        |
|    [0;34;40mhardware/cpu_percent[0m    |          [0;32;40m38.5[0m          |
|  [0;34;40mhardware/disk_read_mb_s[0m   |          [0;32;40m0.0[0m           |
|  [0;34;40mhardware/disk_write_mb_s[0m  |   [0;32;40m52.97954177856445[0m    |
|   [0;34;40mhardware/net_recv_mb_s[0m   |  [0;32;40m0.023549726232886314[0m  |
|   [0;34;40mhardware/net_sent_mb_s[0m   |  [0;32;40m0.05571768805384636[0m   |
|    [0;34;40mhardware/ram_used_gb[0m    |   [0;32;40m234.63372802734375[0m   |
|   [0;34;40mhardware/ram_used_pct[0m    |   [0;32;40m23.299999237060547[0m   |
|    [0;34;40mhparams/lr_default_0[0m    | [0;32;40m1.3894621588406153e-05[0m |
|       [0;34;40mvalidate/loss[0m        |   [0;32;40m0.2554275095462799[0m   |
|    [0;34;40mvalidate/loss_epoch[0m     |   [0;32;40m0.2554275095462799[0m   |
|     [0;34;40mvalidate/pred_loss[0m     |  [0;32;40m0.011950241401791573[0m  |
|  [0;34;40mvalidate/pred_loss_epoch[0m  |  [0;32;40m0.011950241401791573[0m  |
|    [0;34;40mvalidate/probe_loss[0m     |  [0;32;40m0.10017283260822296[0m   |
| [0;34;40mvalidate/probe_loss_epoch[0m  |  [0;32;40m0.10017283260822296[0m   |
|    [0;34;40mvalidate/sigreg_loss[0m    |   [0;32;40m1.5934265851974487[0m   |
| [0;34;40mvalidate/sigreg_loss_epoch[0m |   [0;32;40m1.5934265851974487[0m   |
+----------------------------+------------------------+
[Epoch 12/20] done in 72.9s
00:44:27 | INFO  | checkpoint_~|   Checking for non PyTorch modules to save
00:44:27 | INFO  | atomic_chec~| [atomic_save] → /data1/likun-share/junjxu/.cache_stable-pretraining/runs/20260608/002822/29ba39c09165/checkpoints/epoch=12-step=2639.ckpt
00:44:28 | INFO  | atomic_chec~| [atomic_save] ✓ epoch=12-step=2639.ckpt saved (206.8 MiB, serialise=0.29s write=0.21s rename=0.0ms)
00:44:28 | INFO  | checkpoint_~|   Checking for non PyTorch modules to save
00:44:28 | INFO  | atomic_chec~| [atomic_save] → /data1/likun-share/junjxu/.cache_stable-pretraining/runs/20260608/002822/29ba39c09165/checkpoints/last.ckpt
00:44:28 | INFO  | atomic_chec~| [atomic_save] ✓ last.ckpt saved (206.8 MiB, serialise=0.32s write=0.20s rename=23.3ms)
[Epoch 13/20] step 50/203 (2.8 it/s)
[Epoch 13/20] step 100/203 (3.0 it/s)
[Epoch 13/20] step 150/203 (3.1 it/s)
[Epoch 13/20] step 200/203 (3.1 it/s)
00:45:41 | INFO  | trainer_inf~| \n+----------------------------+------------------------+
|           Metric           |         Value          |
+----------------------------+------------------------+
|          [0;34;40mfit/loss[0m          |  [0;32;40m0.21569186449050903[0m   |
|       [0;34;40mfit/pred_loss[0m        |  [0;32;40m0.014324799180030823[0m  |
|       [0;34;40mfit/probe_loss[0m       |  [0;32;40m0.10566393285989761[0m   |
|      [0;34;40mfit/sigreg_loss[0m       |         [0;32;40m1.0625[0m         |
|    [0;34;40mhardware/cpu_percent[0m    |   [0;32;40m36.599998474121094[0m   |
|  [0;34;40mhardware/disk_read_mb_s[0m   |          [0;32;40m0.0[0m           |
|  [0;34;40mhardware/disk_write_mb_s[0m  |   [0;32;40m62.72031021118164[0m    |
|   [0;34;40mhardware/net_recv_mb_s[0m   |  [0;32;40m0.013506895862519741[0m  |
|   [0;34;40mhardware/net_sent_mb_s[0m   |  [0;32;40m0.013713978230953217[0m  |
|    [0;34;40mhardware/ram_used_gb[0m    |   [0;32;40m235.43991088867188[0m   |
|   [0;34;40mhardware/ram_used_pct[0m    |   [0;32;40m23.399999618530273[0m   |
|    [0;34;40mhparams/lr_default_0[0m    | [0;32;40m1.0495683454792015e-05[0m |
|       [0;34;40mvalidate/loss[0m        |  [0;32;40m0.25231727957725525[0m   |
|    [0;34;40mvalidate/loss_epoch[0m     |  [0;32;40m0.25231727957725525[0m   |
|     [0;34;40mvalidate/pred_loss[0m     |  [0;32;40m0.01154120173305273[0m   |
|  [0;34;40mvalidate/pred_loss_epoch[0m  |  [0;32;40m0.01154120173305273[0m   |
|    [0;34;40mvalidate/probe_loss[0m     |   [0;32;40m0.1007365882396698[0m   |
| [0;34;40mvalidate/probe_loss_epoch[0m  |   [0;32;40m0.1007365882396698[0m   |
|    [0;34;40mvalidate/sigreg_loss[0m    |   [0;32;40m1.5559568405151367[0m   |
| [0;34;40mvalidate/sigreg_loss_epoch[0m |   [0;32;40m1.5559568405151367[0m   |
+----------------------------+------------------------+
[Epoch 13/20] done in 72.8s
00:45:41 | INFO  | checkpoint_~|   Checking for non PyTorch modules to save
00:45:41 | INFO  | atomic_chec~| [atomic_save] → /data1/likun-share/junjxu/.cache_stable-pretraining/runs/20260608/002822/29ba39c09165/checkpoints/epoch=13-step=2842.ckpt
00:45:42 | INFO  | atomic_chec~| [atomic_save] ✓ epoch=13-step=2842.ckpt saved (206.8 MiB, serialise=0.30s write=0.22s rename=0.1ms)
00:45:42 | INFO  | checkpoint_~|   Checking for non PyTorch modules to save
00:45:42 | INFO  | atomic_chec~| [atomic_save] → /data1/likun-share/junjxu/.cache_stable-pretraining/runs/20260608/002822/29ba39c09165/checkpoints/last.ckpt
00:45:42 | INFO  | atomic_chec~| [atomic_save] ✓ last.ckpt saved (206.8 MiB, serialise=0.30s write=0.20s rename=24.6ms)
[Epoch 14/20] step 50/203 (2.9 it/s)
[Epoch 14/20] step 100/203 (3.1 it/s)
[Epoch 14/20] step 150/203 (3.1 it/s)
[Epoch 14/20] step 200/203 (3.1 it/s)
00:46:55 | INFO  | trainer_inf~| \n+----------------------------+-----------------------+
|           Metric           |         Value         |
+----------------------------+-----------------------+
|          [0;34;40mfit/loss[0m          |  [0;32;40m0.20299461483955383[0m  |
|       [0;34;40mfit/pred_loss[0m        |  [0;32;40m0.014114863239228725[0m |
|       [0;34;40mfit/probe_loss[0m       |  [0;32;40m0.10050083696842194[0m  |
|      [0;34;40mfit/sigreg_loss[0m       |       [0;32;40m0.98046875[0m      |
|    [0;34;40mhardware/cpu_percent[0m    |          [0;32;40m37.5[0m         |
|  [0;34;40mhardware/disk_read_mb_s[0m   |          [0;32;40m0.0[0m          |
|  [0;34;40mhardware/disk_write_mb_s[0m  |   [0;32;40m53.015445709228516[0m  |
|   [0;34;40mhardware/net_recv_mb_s[0m   |  [0;32;40m0.012434377335011959[0m |
|   [0;34;40mhardware/net_sent_mb_s[0m   |  [0;32;40m0.05053715407848358[0m  |
|    [0;34;40mhardware/ram_used_gb[0m    |    [0;32;40m234.09130859375[0m    |
|   [0;34;40mhardware/ram_used_pct[0m    |   [0;32;40m23.200000762939453[0m  |
|    [0;34;40mhparams/lr_default_0[0m    | [0;32;40m7.461018412868725e-06[0m |
|       [0;34;40mvalidate/loss[0m        |   [0;32;40m0.2531621754169464[0m  |
|    [0;34;40mvalidate/loss_epoch[0m     |   [0;32;40m0.2531621754169464[0m  |
|     [0;34;40mvalidate/pred_loss[0m     |  [0;32;40m0.011678477749228477[0m |
|  [0;34;40mvalidate/pred_loss_epoch[0m  |  [0;32;40m0.011678477749228477[0m |
|    [0;34;40mvalidate/probe_loss[0m     |   [0;32;40m0.0996897891163826[0m  |
| [0;34;40mvalidate/probe_loss_epoch[0m  |   [0;32;40m0.0996897891163826[0m  |
|    [0;34;40mvalidate/sigreg_loss[0m    |   [0;32;40m1.5760095119476318[0m  |
| [0;34;40mvalidate/sigreg_loss_epoch[0m |   [0;32;40m1.5760095119476318[0m  |
+----------------------------+-----------------------+
[Epoch 14/20] done in 72.8s
00:46:55 | INFO  | checkpoint_~|   Checking for non PyTorch modules to save
00:46:55 | INFO  | atomic_chec~| [atomic_save] → /data1/likun-share/junjxu/.cache_stable-pretraining/runs/20260608/002822/29ba39c09165/checkpoints/epoch=14-step=3045.ckpt
00:46:56 | INFO  | atomic_chec~| [atomic_save] ✓ epoch=14-step=3045.ckpt saved (206.8 MiB, serialise=0.26s write=0.22s rename=0.0ms)
00:46:56 | INFO  | checkpoint_~|   Checking for non PyTorch modules to save
00:46:56 | INFO  | atomic_chec~| [atomic_save] → /data1/likun-share/junjxu/.cache_stable-pretraining/runs/20260608/002822/29ba39c09165/checkpoints/last.ckpt
00:46:56 | INFO  | atomic_chec~| [atomic_save] ✓ last.ckpt saved (206.8 MiB, serialise=0.30s write=0.22s rename=38.9ms)
[Epoch 15/20] step 50/203 (2.8 it/s)
[Epoch 15/20] step 100/203 (3.0 it/s)
[Epoch 15/20] step 150/203 (3.1 it/s)
[Epoch 15/20] step 200/203 (3.1 it/s)
00:48:09 | INFO  | trainer_inf~| \n+----------------------------+-----------------------+
|           Metric           |         Value         |
+----------------------------+-----------------------+
|          [0;34;40mfit/loss[0m          |  [0;32;40m0.21326962113380432[0m  |
|       [0;34;40mfit/pred_loss[0m        |  [0;32;40m0.013546180911362171[0m |
|       [0;34;40mfit/probe_loss[0m       |  [0;32;40m0.10694999992847443[0m  |
|      [0;34;40mfit/sigreg_loss[0m       |        [0;32;40m1.03125[0m        |
|    [0;34;40mhardware/cpu_percent[0m    |          [0;32;40m38.0[0m         |
|  [0;34;40mhardware/disk_read_mb_s[0m   |          [0;32;40m0.0[0m          |
|  [0;34;40mhardware/disk_write_mb_s[0m  |   [0;32;40m53.10098648071289[0m   |
|   [0;34;40mhardware/net_recv_mb_s[0m   |  [0;32;40m0.010404442436993122[0m |
|   [0;34;40mhardware/net_sent_mb_s[0m   |  [0;32;40m0.04887930676341057[0m  |
|    [0;34;40mhardware/ram_used_gb[0m    |   [0;32;40m234.80711364746094[0m  |
|   [0;34;40mhardware/ram_used_pct[0m    |   [0;32;40m23.299999237060547[0m  |
|    [0;34;40mhparams/lr_default_0[0m    | [0;32;40m4.866839390160749e-06[0m |
|       [0;34;40mvalidate/loss[0m        |  [0;32;40m0.24875569343566895[0m  |
|    [0;34;40mvalidate/loss_epoch[0m     |  [0;32;40m0.24875569343566895[0m  |
|     [0;34;40mvalidate/pred_loss[0m     |  [0;32;40m0.011406684294342995[0m |
|  [0;34;40mvalidate/pred_loss_epoch[0m  |  [0;32;40m0.011406684294342995[0m |
|    [0;34;40mvalidate/probe_loss[0m     |  [0;32;40m0.09653335064649582[0m  |
| [0;34;40mvalidate/probe_loss_epoch[0m  |  [0;32;40m0.09653335064649582[0m  |
|    [0;34;40mvalidate/sigreg_loss[0m    |   [0;32;40m1.5645804405212402[0m  |
| [0;34;40mvalidate/sigreg_loss_epoch[0m |   [0;32;40m1.5645804405212402[0m  |
+----------------------------+-----------------------+
[Epoch 15/20] done in 73.2s
00:48:09 | INFO  | checkpoint_~|   Checking for non PyTorch modules to save
00:48:09 | INFO  | atomic_chec~| [atomic_save] → /data1/likun-share/junjxu/.cache_stable-pretraining/runs/20260608/002822/29ba39c09165/checkpoints/epoch=15-step=3248.ckpt
00:48:10 | INFO  | atomic_chec~| [atomic_save] ✓ epoch=15-step=3248.ckpt saved (206.8 MiB, serialise=0.29s write=0.22s rename=0.0ms)
00:48:10 | INFO  | checkpoint_~|   Checking for non PyTorch modules to save
00:48:10 | INFO  | atomic_chec~| [atomic_save] → /data1/likun-share/junjxu/.cache_stable-pretraining/runs/20260608/002822/29ba39c09165/checkpoints/last.ckpt
00:48:11 | INFO  | atomic_chec~| [atomic_save] ✓ last.ckpt saved (206.8 MiB, serialise=0.29s write=0.22s rename=22.8ms)
[Epoch 16/20] step 50/203 (2.8 it/s)
[Epoch 16/20] step 100/203 (3.1 it/s)
[Epoch 16/20] step 150/203 (3.1 it/s)
[Epoch 16/20] step 200/203 (3.1 it/s)
00:49:24 | INFO  | trainer_inf~| \n+----------------------------+------------------------+
|           Metric           |         Value          |
+----------------------------+------------------------+
|          [0;34;40mfit/loss[0m          |  [0;32;40m0.20101435482501984[0m   |
|       [0;34;40mfit/pred_loss[0m        |  [0;32;40m0.013799638487398624[0m  |
|       [0;34;40mfit/probe_loss[0m       |  [0;32;40m0.09737096726894379[0m   |
|      [0;34;40mfit/sigreg_loss[0m       |          [0;32;40m1.0[0m           |
|    [0;34;40mhardware/cpu_percent[0m    |   [0;32;40m38.70000076293945[0m    |
|  [0;34;40mhardware/disk_read_mb_s[0m   | [0;32;40m0.0003905041958205402[0m  |
|  [0;34;40mhardware/disk_write_mb_s[0m  |   [0;32;40m61.26503372192383[0m    |
|   [0;34;40mhardware/net_recv_mb_s[0m   |  [0;32;40m0.09653452783823013[0m   |
|   [0;34;40mhardware/net_sent_mb_s[0m   |  [0;32;40m0.17728348076343536[0m   |
|    [0;34;40mhardware/ram_used_gb[0m    |   [0;32;40m234.57321166992188[0m   |
|   [0;34;40mhardware/ram_used_pct[0m    |   [0;32;40m23.299999237060547[0m   |
|    [0;34;40mhparams/lr_default_0[0m    | [0;32;40m2.7783000859926688e-06[0m |
|       [0;34;40mvalidate/loss[0m        |  [0;32;40m0.24986109137535095[0m   |
|    [0;34;40mvalidate/loss_epoch[0m     |  [0;32;40m0.24986109137535095[0m   |
|     [0;34;40mvalidate/pred_loss[0m     |  [0;32;40m0.011183922179043293[0m  |
|  [0;34;40mvalidate/pred_loss_epoch[0m  |  [0;32;40m0.011183922179043293[0m  |
|    [0;34;40mvalidate/probe_loss[0m     |  [0;32;40m0.09658360481262207[0m   |
| [0;34;40mvalidate/probe_loss_epoch[0m  |  [0;32;40m0.09658360481262207[0m   |
|    [0;34;40mvalidate/sigreg_loss[0m    |   [0;32;40m1.5775213241577148[0m   |
| [0;34;40mvalidate/sigreg_loss_epoch[0m |   [0;32;40m1.5775213241577148[0m   |
+----------------------------+------------------------+
[Epoch 16/20] done in 73.1s
00:49:24 | INFO  | checkpoint_~|   Checking for non PyTorch modules to save
00:49:24 | INFO  | atomic_chec~| [atomic_save] → /data1/likun-share/junjxu/.cache_stable-pretraining/runs/20260608/002822/29ba39c09165/checkpoints/epoch=16-step=3451.ckpt
00:49:24 | INFO  | atomic_chec~| [atomic_save] ✓ epoch=16-step=3451.ckpt saved (206.8 MiB, serialise=0.29s write=0.23s rename=0.0ms)
00:49:24 | INFO  | checkpoint_~|   Checking for non PyTorch modules to save
00:49:24 | INFO  | atomic_chec~| [atomic_save] → /data1/likun-share/junjxu/.cache_stable-pretraining/runs/20260608/002822/29ba39c09165/checkpoints/last.ckpt
00:49:25 | INFO  | atomic_chec~| [atomic_save] ✓ last.ckpt saved (206.8 MiB, serialise=0.30s write=0.22s rename=23.2ms)
[Epoch 17/20] step 50/203 (2.9 it/s)
[Epoch 17/20] step 100/203 (3.1 it/s)
[Epoch 17/20] step 150/203 (3.1 it/s)
[Epoch 17/20] step 200/203 (3.1 it/s)
00:50:38 | INFO  | trainer_inf~| \n+----------------------------+------------------------+
|           Metric           |         Value          |
+----------------------------+------------------------+
|          [0;34;40mfit/loss[0m          |   [0;32;40m0.2120046466588974[0m   |
|       [0;34;40mfit/pred_loss[0m        |  [0;32;40m0.012573064304888248[0m  |
|       [0;34;40mfit/probe_loss[0m       |  [0;32;40m0.11007611453533173[0m   |
|      [0;34;40mfit/sigreg_loss[0m       |       [0;32;40m0.9921875[0m        |
|    [0;34;40mhardware/cpu_percent[0m    |   [0;32;40m37.900001525878906[0m   |
|  [0;34;40mhardware/disk_read_mb_s[0m   | [0;32;40m0.00039051371277309954[0m |
|  [0;34;40mhardware/disk_write_mb_s[0m  |   [0;32;40m55.52011489868164[0m    |
|   [0;34;40mhardware/net_recv_mb_s[0m   |  [0;32;40m0.11196702718734741[0m   |
|   [0;34;40mhardware/net_sent_mb_s[0m   |  [0;32;40m0.19190259277820587[0m   |
|    [0;34;40mhardware/ram_used_gb[0m    |   [0;32;40m236.14242553710938[0m   |
|   [0;34;40mhardware/ram_used_pct[0m    |   [0;32;40m23.399999618530273[0m   |
|    [0;34;40mhparams/lr_default_0[0m    | [0;32;40m1.247852651431458e-06[0m  |
|       [0;34;40mvalidate/loss[0m        |  [0;32;40m0.24763402342796326[0m   |
|    [0;34;40mvalidate/loss_epoch[0m     |  [0;32;40m0.24763402342796326[0m   |
|     [0;34;40mvalidate/pred_loss[0m     |  [0;32;40m0.011094694957137108[0m  |
|  [0;34;40mvalidate/pred_loss_epoch[0m  |  [0;32;40m0.011094694957137108[0m  |
|    [0;34;40mvalidate/probe_loss[0m     |  [0;32;40m0.09616009891033173[0m   |
| [0;34;40mvalidate/probe_loss_epoch[0m  |  [0;32;40m0.09616009891033173[0m   |
|    [0;34;40mvalidate/sigreg_loss[0m    |   [0;32;40m1.5594251155853271[0m   |
| [0;34;40mvalidate/sigreg_loss_epoch[0m |   [0;32;40m1.5594251155853271[0m   |
+----------------------------+------------------------+
[Epoch 17/20] done in 72.8s
00:50:38 | INFO  | checkpoint_~|   Checking for non PyTorch modules to save
00:50:38 | INFO  | atomic_chec~| [atomic_save] → /data1/likun-share/junjxu/.cache_stable-pretraining/runs/20260608/002822/29ba39c09165/checkpoints/epoch=17-step=3654.ckpt
00:50:38 | INFO  | atomic_chec~| [atomic_save] ✓ epoch=17-step=3654.ckpt saved (206.8 MiB, serialise=0.29s write=0.22s rename=0.0ms)
00:50:38 | INFO  | checkpoint_~|   Checking for non PyTorch modules to save
00:50:38 | INFO  | atomic_chec~| [atomic_save] → /data1/likun-share/junjxu/.cache_stable-pretraining/runs/20260608/002822/29ba39c09165/checkpoints/last.ckpt
00:50:39 | INFO  | atomic_chec~| [atomic_save] ✓ last.ckpt saved (206.8 MiB, serialise=0.33s write=0.23s rename=22.7ms)
[Epoch 18/20] step 50/203 (2.9 it/s)
[Epoch 18/20] step 100/203 (3.1 it/s)
[Epoch 18/20] step 150/203 (3.1 it/s)
[Epoch 18/20] step 200/203 (3.1 it/s)
00:51:51 | INFO  | trainer_inf~| \n+----------------------------+------------------------+
|           Metric           |         Value          |
+----------------------------+------------------------+
|          [0;34;40mfit/loss[0m          |  [0;32;40m0.20295491814613342[0m   |
|       [0;34;40mfit/pred_loss[0m        |  [0;32;40m0.013408808037638664[0m  |
|       [0;34;40mfit/probe_loss[0m       |   [0;32;40m0.0987258031964302[0m   |
|      [0;34;40mfit/sigreg_loss[0m       |       [0;32;40m1.0078125[0m        |
|    [0;34;40mhardware/cpu_percent[0m    |   [0;32;40m35.900001525878906[0m   |
|  [0;34;40mhardware/disk_read_mb_s[0m   |  [0;32;40m0.002733865985646844[0m  |
|  [0;34;40mhardware/disk_write_mb_s[0m  |   [0;32;40m103.11517333984375[0m   |
|   [0;34;40mhardware/net_recv_mb_s[0m   |  [0;32;40m0.012050292454659939[0m  |
|   [0;34;40mhardware/net_sent_mb_s[0m   |  [0;32;40m0.050113122910261154[0m  |
|    [0;34;40mhardware/ram_used_gb[0m    |    [0;32;40m235.521728515625[0m    |
|   [0;34;40mhardware/ram_used_pct[0m    |   [0;32;40m23.399999618530273[0m   |
|    [0;34;40mhparams/lr_default_0[0m    | [0;32;40m3.1393423682857247e-07[0m |
|       [0;34;40mvalidate/loss[0m        |  [0;32;40m0.24395522475242615[0m   |
|    [0;34;40mvalidate/loss_epoch[0m     |  [0;32;40m0.24395522475242615[0m   |
|     [0;34;40mvalidate/pred_loss[0m     |  [0;32;40m0.011096198111772537[0m  |
|  [0;34;40mvalidate/pred_loss_epoch[0m  |  [0;32;40m0.011096198111772537[0m  |
|    [0;34;40mvalidate/probe_loss[0m     |  [0;32;40m0.09583830833435059[0m   |
| [0;34;40mvalidate/probe_loss_epoch[0m  |  [0;32;40m0.09583830833435059[0m   |
|    [0;34;40mvalidate/sigreg_loss[0m    |   [0;32;40m1.5227961540222168[0m   |
| [0;34;40mvalidate/sigreg_loss_epoch[0m |   [0;32;40m1.5227961540222168[0m   |
+----------------------------+------------------------+
[Epoch 18/20] done in 72.6s
00:51:51 | INFO  | checkpoint_~|   Checking for non PyTorch modules to save
00:51:51 | INFO  | atomic_chec~| [atomic_save] → /data1/likun-share/junjxu/.cache_stable-pretraining/runs/20260608/002822/29ba39c09165/checkpoints/epoch=18-step=3857.ckpt
00:51:52 | INFO  | atomic_chec~| [atomic_save] ✓ epoch=18-step=3857.ckpt saved (206.8 MiB, serialise=0.26s write=0.22s rename=0.0ms)
00:51:52 | INFO  | checkpoint_~|   Checking for non PyTorch modules to save
00:51:52 | INFO  | atomic_chec~| [atomic_save] → /data1/likun-share/junjxu/.cache_stable-pretraining/runs/20260608/002822/29ba39c09165/checkpoints/last.ckpt
00:51:52 | INFO  | atomic_chec~| [atomic_save] ✓ last.ckpt saved (206.8 MiB, serialise=0.30s write=0.22s rename=24.6ms)
[Epoch 19/20] step 50/203 (2.9 it/s)
[Epoch 19/20] step 100/203 (3.1 it/s)
[Epoch 19/20] step 150/203 (3.1 it/s)
[Epoch 19/20] step 200/203 (3.1 it/s)
00:53:05 | INFO  | trainer_inf~| \n+----------------------------+----------------------+
|           Metric           |        Value         |
+----------------------------+----------------------+
|          [0;34;40mfit/loss[0m          |  [0;32;40m0.1919233798980713[0m  |
|       [0;34;40mfit/pred_loss[0m        | [0;32;40m0.01261689979583025[0m  |
|       [0;34;40mfit/probe_loss[0m       | [0;32;40m0.08799787610769272[0m  |
|      [0;34;40mfit/sigreg_loss[0m       |       [0;32;40m1.015625[0m       |
|    [0;34;40mhardware/cpu_percent[0m    |  [0;32;40m35.900001525878906[0m  |
|  [0;34;40mhardware/disk_read_mb_s[0m   | [0;32;40m0.002342481631785631[0m |
|  [0;34;40mhardware/disk_write_mb_s[0m  |  [0;32;40m106.85855102539062[0m  |
|   [0;34;40mhardware/net_recv_mb_s[0m   | [0;32;40m0.010957888327538967[0m |
|   [0;34;40mhardware/net_sent_mb_s[0m   | [0;32;40m0.04922376200556755[0m  |
|    [0;34;40mhardware/ram_used_gb[0m    |  [0;32;40m226.1470184326172[0m   |
|   [0;34;40mhardware/ram_used_pct[0m    |  [0;32;40m22.399999618530273[0m  |
|    [0;34;40mhparams/lr_default_0[0m    |         [0;32;40m0.0[0m          |
|       [0;34;40mvalidate/loss[0m        | [0;32;40m0.24512100219726562[0m  |
|    [0;34;40mvalidate/loss_epoch[0m     | [0;32;40m0.24512100219726562[0m  |
|     [0;34;40mvalidate/pred_loss[0m     | [0;32;40m0.01111532747745514[0m  |
|  [0;34;40mvalidate/pred_loss_epoch[0m  | [0;32;40m0.01111532747745514[0m  |
|    [0;34;40mvalidate/probe_loss[0m     | [0;32;40m0.09591049700975418[0m  |
| [0;34;40mvalidate/probe_loss_epoch[0m  | [0;32;40m0.09591049700975418[0m  |
|    [0;34;40mvalidate/sigreg_loss[0m    |  [0;32;40m1.5341416597366333[0m  |
| [0;34;40mvalidate/sigreg_loss_epoch[0m |  [0;32;40m1.5341416597366333[0m  |
+----------------------------+----------------------+
[Epoch 19/20] done in 72.4s
00:53:05 | INFO  | checkpoint_~|   Checking for non PyTorch modules to save
00:53:05 | INFO  | atomic_chec~| [atomic_save] → /data1/likun-share/junjxu/.cache_stable-pretraining/runs/20260608/002822/29ba39c09165/checkpoints/epoch=19-step=4060.ckpt
00:53:05 | INFO  | atomic_chec~| [atomic_save] ✓ epoch=19-step=4060.ckpt saved (206.8 MiB, serialise=0.26s write=0.21s rename=0.0ms)
00:53:05 | INFO  | checkpoint_~|   Checking for non PyTorch modules to save
00:53:05 | INFO  | atomic_chec~| [atomic_save] → /data1/likun-share/junjxu/.cache_stable-pretraining/runs/20260608/002822/29ba39c09165/checkpoints/last.ckpt
00:53:06 | INFO  | atomic_chec~| [atomic_save] ✓ last.ckpt saved (206.8 MiB, serialise=0.25s write=0.23s rename=24.0ms)
`Trainer.fit` stopped: `max_epochs=20` reached.
Epoch 19/19 ━━━━━━━━━━━━━━━━━━━━━━━━━━━━━━━ 203/203 0:01:04 • 0:00:00 3.27it/s 
00:53:06 | INFO  | env_info.py |   Waiting for environment dump thread to complete...
00:53:06 | OK    | env_info.py | ✓ Git: main @ e17f3b3f
00:53:06 | INFO  | env_info.py |   Remote: git@github.com-xuustc99:XuUSTC99/wm.git
00:53:06 | WARN  | env_info.py | ! Working directory has uncommitted changes
00:53:06 | OK    | env_info.py | ✓ Environment: 4 relevant variables captured
00:53:06 | INFO  | env_info.py |   Serializing environment data...
00:53:06 | INFO  | env_info.py |   File exists, using version 105: environment_v105.json
00:53:06 | INFO  | env_info.py |   File exists, using version 105: requirements_frozen_v105.txt
00:53:06 | INFO  | env_info.py |   Save directory: /home/likun-share/.cache/stable-pretraining
00:53:06 | INFO  | env_info.py |   Writing environment to temp file...
00:53:06 | INFO  | env_info.py |   Moving to: environment_v105.json
00:53:06 | OK    | env_info.py | ✓ Environment file saved (3.1 KB)
00:53:06 | OK    | env_info.py | ✓ Requirements file saved (0.1 KB)
00:53:06 | OK    | env_info.py | ✓ Environment dump thread completed successfully
00:53:06 | INFO  | utils.py    | ── SignalHandlers (after Trainer.fit() returned) ──
00:53:06 | INFO  | manager.py  |   SIGUSR1  → SIG_DFL (default OS action — terminate process)
00:53:06 | INFO  | manager.py  |   SIGUSR2  → SIG_DFL (default OS action — terminate process)
00:53:06 | INFO  | manager.py  |   SIGCONT  → SIG_DFL (default OS action — terminate process)
00:53:06 | INFO  | manager.py  |   SIGTERM  → SIG_DFL (default OS action — terminate process)
