23:55:42 | INFO  | __init__.py | PyTorch version 2.9.1+cu128 available.
23:55:42 | INFO  | __init__.py | JAX version 0.6.2 available.
23:55:45 | INFO  | atomic_chec~| [atomic_save] installed crash-safe checkpoint plugin (write to sibling .tmp + fsync + atomic rename)
[2026-06-07 23:55:45,417][root][INFO] - Cached 'action' from '/data1/likun-share/junjxu/.stable_worldmodel/datasets/phyworld_uniform_motion_id1k.h5'
[2026-06-07 23:55:45,418][root][INFO] - Cached 'proprio' from '/data1/likun-share/junjxu/.stable_worldmodel/datasets/phyworld_uniform_motion_id1k.h5'
23:55:45 | INFO  | utils.py    | Created ViT-tiny from scratch with config: {'hidden_size': 192, 'num_hidden_layers': 12, 'num_attention_heads': 3, 'intermediate_size': 768, 'image_size': 224, 'patch_size': 14}
[init_from_ckpt] /data1/likun-share/junjxu/.stable_worldmodel/lewm_paper_pusht/weights.pt
[init_from_ckpt] prefixes=('encoder.', 'projector.', 'pred_proj.') loaded=216 unexpected=0 missing=89
23:55:48 | INFO  | module.py   | Setting up DataModule
23:55:48 | INFO  | utils.py    | ── Module ────────────────────────────────────────
23:55:48 | WARN  | module.py   | ! No hyperparameters provided - hyperparameter logging is disabled.
23:55:48 | INFO  | module.py   |   Setting custom forward method.
23:55:48 | INFO  | module.py   |   Setting attribute: self.model = <class 'jepa.JEPA'>
23:55:48 | INFO  | module.py   |   Setting attribute: self.sigreg = <class 'module.SIGReg'>
23:55:48 | INFO  | module.py   |   Setting attribute: self.optim = <class 'dict'>
23:55:48 | INFO  | module.py   |   No metrics configuration provided - automatic metric tracking is disabled.
/home/likun-share/junjxu/wm/le-wm/.venv/lib/python3.10/site-packages/lightning/fabric/connector.py:571: `precision=bf16` is supported for historical reasons but its usage is discouraged. Please set your precision to bf16-mixed instead!
Using bfloat16 Automatic Mixed Precision (AMP)
23:55:48 | INFO  | env_info.py |   EnvironmentDumpCallback initialized (filename=environment.json, async=True)
23:55:48 | INFO  | utils.py    | ── HuggingFaceCheckpoint ─────────────────────────
23:55:48 | INFO  | hf_models.py|   save_dir: <cyan>hf_exports</cyan>
23:55:48 | INFO  | hf_models.py|   per_step: <cyan>False</cyan>  (False ⇒ overwrite single 'last/' subdir; True ⇒ keep step_N/)
Adding 14 callbacks from entry point 'stablepretraining_callbacks': PrintProgressBar, ModuleRegistryCallback, LoggingCallback, EnvironmentDumpCallback, TrainerInfo, SklearnCheckpoint, WandbCheckpoint, TrackioCheckpoint, SwanLabCheckpoint, ModuleSummary, SLURMInfo, LogUnusedParametersOnce, HuggingFaceCheckpointCallback, HardwareMonitor
GPU available: True (cuda), used: True
TPU available: False, using: 0 TPU cores
💡 Tip: For seamless cloud logging and experiment tracking, try installing [litlogger](https://pypi.org/project/litlogger/) to enable LitLogger, which logs metrics and artifacts automatically to the Lightning Experiments platform.
23:55:48 | INFO  | utils.py    | ── SIGTERM preempt handler — install ─────────────
23:55:48 | INFO  | manager.py  |   SLURM_JOB_ID         = None
23:55:48 | INFO  | manager.py  |   SLURM_RESTART_COUNT  = '0'
23:55:48 | INFO  | manager.py  |   SLURM_PROCID         = '?'
23:55:48 | INFO  | manager.py  |   SLURM_NODEID         = '?'
23:55:48 | INFO  | manager.py  |   → not under SLURM (SLURM_JOB_ID unset); leaving SIGTERM handler as-is. Forwarding to submitit's USR signal would be a no-op since submitit isn't running upstream.
23:55:48 | WARN  | manager.py  | User didn't specify seed, runs won't be exactly reproducible!
23:55:48 | INFO  | manager.py  |   Manager init: ckpt_path=None, weights_only=True
23:55:48 | INFO  | utils.py    | ── WorkingDirectory ──────────────────────────────
23:55:48 | INFO  | manager.py  |   cwd: /home/likun-share/junjxu/wm/le-wm
23:55:48 | INFO  | utils.py    | ── Seed ──────────────────────────────────────────
23:55:48 | INFO  | manager.py  |   seed: None
/home/likun-share/junjxu/wm/le-wm/.venv/lib/python3.10/site-packages/lightning/fabric/utilities/seed.py:44: No seed found, seed set to 0
Seed set to 0
23:55:48 | INFO  | utils.py    | ── RunDirectory ──────────────────────────────────
23:55:48 | INFO  | manager.py  |   cache_dir = /data1/likun-share/junjxu/.cache_stable-pretraining
23:55:48 | INFO  | manager.py  |   ddp: launch_key=(single-process) rank=0 is_rank_zero=True
23:55:48 | INFO  | utils.py    | ── RunDirectory: requeue probe ───────────────────
23:55:48 | INFO  | manager.py  |   SLURM session key   = (no SLURM)
23:55:48 | INFO  | manager.py  |   SLURM_RESTART_COUNT = 0
23:55:48 | INFO  | manager.py  |   in_requeue          = False
23:55:48 | INFO  | utils.py    | ── RunDirectory: fresh ───────────────────────────
23:55:48 | INFO  | manager.py  |   no user ckpt_path — training from scratch / pretrained backbone.
23:55:48 | INFO  | manager.py  |   created run_dir = /data1/likun-share/junjxu/.cache_stable-pretraining/runs/20260607/235548/a0d450531042
23:55:48 | INFO  | manager.py  |   wrote run_meta.json with run_id=a0d450531042
23:55:48 | INFO  | manager.py  |   SLURM index = (no SLURM, skipped)
23:55:48 | WARN  | manager.py  | ! cache_dir is set but the Trainer was passed as an already-instantiated object. Cannot override default_root_dir cleanly. Consider passing the trainer as a config dict instead.
23:55:48 | WARN  | manager.py  | ! Hydra run.dir='outputs/2026-06-07/23-55-45' will be ignored for trainer outputs (cache_dir takes precedence).
23:55:48 | WARN  | manager.py  | ! Hydra sweep.dir='multirun/2026-06-07/23-55-45' will be ignored for trainer outputs (cache_dir takes precedence).
23:55:48 | INFO  | logger.py   | [RegistryLogger] run_id=a0d450531042 run_dir=/data1/likun-share/junjxu/.cache_stable-pretraining/runs/20260607/235548/a0d450531042 — sidecar.json + summary.json + metrics.csv will live here
23:55:48 | INFO  | utils.py    | ── RegistryLogger ────────────────────────────────
23:55:48 | INFO  | manager.py  |   run_dir: /data1/likun-share/junjxu/.cache_stable-pretraining/runs/20260607/235548/a0d450531042
23:55:48 | INFO  | manager.py  |   run_id:  a0d450531042
23:55:48 | INFO  | utils.py    | ── CSVLogger ─────────────────────────────────────
23:55:48 | INFO  | manager.py  |   root_dir: /data1/likun-share/junjxu/.cache_stable-pretraining/runs/20260607/235548/a0d450531042/
23:55:48 | INFO  | manager.py  |   save_dir: /data1/likun-share/junjxu/.cache_stable-pretraining/runs/20260607/235548/a0d450531042
23:55:48 | INFO  | manager.py  |   log_dir: /data1/likun-share/junjxu/.cache_stable-pretraining/runs/20260607/235548/a0d450531042/
23:55:48 | INFO  | utils.py    | ── SignalHandlers (after submitit setup (spt SIGTERM installed in __init__)) ──
23:55:48 | INFO  | manager.py  |   SIGUSR1  → SIG_DFL (default OS action — terminate process)
23:55:48 | INFO  | manager.py  |   SIGUSR2  → SIG_DFL (default OS action — terminate process)
23:55:48 | INFO  | manager.py  |   SIGCONT  → SIG_DFL (default OS action — terminate process)
23:55:48 | INFO  | manager.py  |   SIGTERM  → SIG_DFL (default OS action — terminate process)
23:55:48 | INFO  | utils.py    | ── Callbacks ─────────────────────────────────────
23:55:48 | INFO  | manager.py  |   count: 19
23:55:48 | INFO  | utils.py    | ── CacheDirCheckpointing ─────────────────────────
23:55:48 | INFO  | manager.py  |   Saving checkpoints to: /data1/likun-share/junjxu/.cache_stable-pretraining/runs/20260607/235548/a0d450531042/checkpoints
23:55:48 | WARN  | manager.py  |   Redirecting HuggingFaceCheckpointCallback from 'hf_exports' to '/data1/likun-share/junjxu/.cache_stable-pretraining/runs/20260607/235548/a0d450531042/hf_exports' (cache_dir is active — prevents races on a shared cache)
23:55:48 | INFO  | manager.py  |   Added requeue checkpoint (filename='last')
23:55:48 | INFO  | utils.py    | ── LoadPath resolution ───────────────────────────
23:55:48 | INFO  | manager.py  |   in_requeue = False
23:55:48 | INFO  | manager.py  |   user ckpt_path = None
23:55:48 | INFO  | manager.py  |   user weights_only = True
23:55:48 | INFO  | manager.py  |   → no ckpt_path; training from scratch.
23:55:48 | INFO  | utils.py    | ── TrainerFit ────────────────────────────────────
23:55:48 | INFO  | manager.py  |   ckpt_path:     None
23:55:48 | INFO  | manager.py  |   weights_only:  None
23:55:48 | INFO  | utils.py    | ── SignalHandlers (before Trainer.fit() (handler installed in __init__)) ──
23:55:48 | INFO  | manager.py  |   SIGUSR1  → SIG_DFL (default OS action — terminate process)
23:55:48 | INFO  | manager.py  |   SIGUSR2  → SIG_DFL (default OS action — terminate process)
23:55:48 | INFO  | manager.py  |   SIGCONT  → SIG_DFL (default OS action — terminate process)
23:55:48 | INFO  | manager.py  |   SIGTERM  → SIG_DFL (default OS action — terminate process)
23:55:48 | INFO  | manager.py  |   → entering Trainer.fit(); lightning's _SignalConnector will now register its own handlers. SIGTERM will become _HandlersCompose([_sigterm_notifier_fn, _sigterm_handler_fn, spt._handler]); USR-sig binding from submitit is preserved (lightning skips USR registration when one already exists).
💡 Tip: For seamless cloud uploads and versioning, try installing [litmodels](https://pypi.org/project/litmodels/) to enable LitModelCheckpoint, which syncs automatically with the Lightning model registry.
You are using a CUDA device ('NVIDIA A800-SXM4-80GB') that has Tensor Cores. To properly utilize them, you should set `torch.set_float32_matmul_precision('medium' | 'high')` which will trade-off precision for performance. For more details, read https://pytorch.org/docs/stable/generated/torch.set_float32_matmul_precision.html#torch.set_float32_matmul_precision
23:55:50 | OK    | module.py   | ✓ dataset for fit loaded
23:55:50 | INFO  | module.py   |   setup was done by user
23:55:50 | INFO  | utils.py    | ── EnvironmentDump ───────────────────────────────
23:55:50 | INFO  | env_info.py |   log_dir: /home/likun-share/.cache/stable-pretraining
23:55:50 | INFO  | env_info.py |   Running environment dump in background thread (non-blocking)
23:55:50 | INFO  | env_info.py |   Collecting environment information...
23:55:50 | OK    | env_info.py | ✓ Background thread started successfully
23:55:50 | OK    | env_info.py | ✓ Python 3.10.12
23:55:50 | INFO  | trainer_inf~|   linking trainer to DataModule
23:55:50 | OK    | env_info.py | ✓ System: Linux 5.15.0-113-generic (x86_64)
23:55:50 | INFO  | utils.py    | ── Callbacks (in order) ──────────────────────────
23:55:50 | INFO  | env_info.py |   Hostname: 10-116-90-13
23:55:50 | INFO  | utils.py    |     [ 0] ModelObjectCallBack
23:55:50 | INFO  | utils.py    |     [ 1] RichProgressBar
23:55:50 | INFO  | utils.py    |     [ 2] RichModelSummary
23:55:50 | INFO  | utils.py    |     [ 3] PrintProgressBar
23:55:50 | INFO  | utils.py    |     [ 4] ModuleRegistryCallback
23:55:50 | INFO  | utils.py    |     [ 5] LoggingCallback
23:55:50 | INFO  | utils.py    |     [ 6] EnvironmentDumpCallback
23:55:50 | INFO  | utils.py    |     [ 7] TrainerInfo
23:55:50 | INFO  | utils.py    |     [ 8] SklearnCheckpoint
23:55:50 | INFO  | utils.py    |     [ 9] WandbCheckpoint
23:55:50 | INFO  | utils.py    |     [10] TrackioCheckpoint
23:55:50 | INFO  | utils.py    |     [11] SwanLabCheckpoint
23:55:50 | INFO  | utils.py    |     [12] ModuleSummary
23:55:50 | INFO  | utils.py    |     [13] SLURMInfo
23:55:50 | INFO  | utils.py    |     [14] LogUnusedParametersOnce
23:55:50 | INFO  | utils.py    |     [15] HuggingFaceCheckpointCallback
23:55:50 | INFO  | utils.py    |     [16] HardwareMonitor
23:55:50 | INFO  | utils.py    |     [17] ModelCheckpoint
23:55:50 | INFO  | utils.py    |     [18] _RunDirCallback
23:55:50 | INFO  | utils.py    |     [19] ModelCheckpoint
23:55:50 | INFO  | utils.py    |   ⚑ marks order-sensitive callbacks; see AGENTS.md → Callback ordering for the full rules.
23:55:50 | INFO  | utils.py    | ── SklearnCheckpoint ─────────────────────────────
23:55:50 | INFO  | checkpoint_~|   Sklearn Modules:
23:55:50 | INFO  | checkpoint_~| 
┏━━━━━━━━━━┳━━━━━━━━┳━━━━━━━━┓
┃ Module   ┃ Name   ┃ Type   ┃
┣━━━━━━━━━━╋━━━━━━━━╋━━━━━━━━┫
┗━━━━━━━━━━┻━━━━━━━━┻━━━━━━━━┛
23:55:50 | INFO  | utils.py    | ── WandbCheckpoint ───────────────────────────────
23:55:50 | INFO  | utils.py    | ── TrackioCheckpoint ─────────────────────────────
23:55:50 | INFO  | utils.py    | ── SwanLabCheckpoint ─────────────────────────────
23:55:50 | INFO  | utils.py    | ── PyTorch Modules ───────────────────────────────
23:55:50 | WARN  | module.py   | ! You are calling self.parameters which also gives callbacks parameters, to remove them, pass `with_callbacks=False`
23:55:50 | INFO  | trainer_inf~| \n+---------------------------------------------------------+----------------------+--------------------------+--------------------------+---------+
| Module                                                  | Trainable parameters | Non Trainable parameters | Uninitialized parameters | Buffers |
+---------------------------------------------------------+----------------------+--------------------------+--------------------------+---------+
|                                                         |             18035170 |                        0 |                        0 |    8245 |
| callbacks_modules                                       |                    0 |                        0 |                        0 |       0 |
| callbacks_metrics                                       |                    0 |                        0 |                        0 |       0 |
| model                                                   |             18035170 |                        0 |                        0 |    8194 |
| model.encoder                                           |              5501376 |                        0 |                        0 |       0 |
| model.encoder.embeddings                                |               162624 |                        0 |                        0 |       0 |
| model.encoder.embeddings.patch_embeddings               |               113088 |                        0 |                        0 |       0 |
| model.encoder.embeddings.patch_embeddings.projection    |               113088 |                        0 |                        0 |       0 |
| model.encoder.embeddings.dropout                        |                    0 |                        0 |                        0 |       0 |
| model.encoder.layers                                    |              5338368 |                        0 |                        0 |       0 |
| model.encoder.layers.0                                  |               444864 |                        0 |                        0 |       0 |
| model.encoder.layers.0.attention                        |               148224 |                        0 |                        0 |       0 |
| model.encoder.layers.0.attention.q_proj                 |                37056 |                        0 |                        0 |       0 |
| model.encoder.layers.0.attention.k_proj                 |                37056 |                        0 |                        0 |       0 |
| model.encoder.layers.0.attention.v_proj                 |                37056 |                        0 |                        0 |       0 |
| model.encoder.layers.0.attention.o_proj                 |                37056 |                        0 |                        0 |       0 |
| model.encoder.layers.0.layernorm_before                 |                  384 |                        0 |                        0 |       0 |
| model.encoder.layers.0.layernorm_after                  |                  384 |                        0 |                        0 |       0 |
| model.encoder.layers.0.mlp                              |               295872 |                        0 |                        0 |       0 |
| model.encoder.layers.0.mlp.activation_fn                |                    0 |                        0 |                        0 |       0 |
| model.encoder.layers.0.mlp.fc1                          |               148224 |                        0 |                        0 |       0 |
| model.encoder.layers.0.mlp.fc2                          |               147648 |                        0 |                        0 |       0 |
| model.encoder.layers.0.dropout                          |                    0 |                        0 |                        0 |       0 |
| model.encoder.layers.1                                  |               444864 |                        0 |                        0 |       0 |
| model.encoder.layers.1.attention                        |               148224 |                        0 |                        0 |       0 |
| model.encoder.layers.1.attention.q_proj                 |                37056 |                        0 |                        0 |       0 |
| model.encoder.layers.1.attention.k_proj                 |                37056 |                        0 |                        0 |       0 |
| model.encoder.layers.1.attention.v_proj                 |                37056 |                        0 |                        0 |       0 |
| model.encoder.layers.1.attention.o_proj                 |                37056 |                        0 |                        0 |       0 |
| model.encoder.layers.1.layernorm_before                 |                  384 |                        0 |                        0 |       0 |
| model.encoder.layers.1.layernorm_after                  |                  384 |                        0 |                        0 |       0 |
| model.encoder.layers.1.mlp                              |               295872 |                        0 |                        0 |       0 |
| model.encoder.layers.1.mlp.activation_fn                |                    0 |                        0 |                        0 |       0 |
| model.encoder.layers.1.mlp.fc1                          |               148224 |                        0 |                        0 |       0 |
| model.encoder.layers.1.mlp.fc2                          |               147648 |                        0 |                        0 |       0 |
| model.encoder.layers.1.dropout                          |                    0 |                        0 |                        0 |       0 |
| model.encoder.layers.2                                  |               444864 |                        0 |                        0 |       0 |
| model.encoder.layers.2.attention                        |               148224 |                        0 |                        0 |       0 |
| model.encoder.layers.2.attention.q_proj                 |                37056 |                        0 |                        0 |       0 |
| model.encoder.layers.2.attention.k_proj                 |                37056 |                        0 |                        0 |       0 |
| model.encoder.layers.2.attention.v_proj                 |                37056 |                        0 |                        0 |       0 |
| model.encoder.layers.2.attention.o_proj                 |                37056 |                        0 |                        0 |       0 |
| model.encoder.layers.2.layernorm_before                 |                  384 |                        0 |                        0 |       0 |
| model.encoder.layers.2.layernorm_after                  |                  384 |                        0 |                        0 |       0 |
| model.encoder.layers.2.mlp                              |               295872 |                        0 |                        0 |       0 |
| model.encoder.layers.2.mlp.activation_fn                |                    0 |                        0 |                        0 |       0 |
| model.encoder.layers.2.mlp.fc1                          |               148224 |                        0 |                        0 |       0 |
| model.encoder.layers.2.mlp.fc2                          |               147648 |                        0 |                        0 |       0 |
| model.encoder.layers.2.dropout                          |                    0 |                        0 |                        0 |       0 |
| model.encoder.layers.3                                  |               444864 |                        0 |                        0 |       0 |
| model.encoder.layers.3.attention                        |               148224 |                        0 |                        0 |       0 |
| model.encoder.layers.3.attention.q_proj                 |                37056 |                        0 |                        0 |       0 |
| model.encoder.layers.3.attention.k_proj                 |                37056 |                        0 |                        0 |       0 |
| model.encoder.layers.3.attention.v_proj                 |                37056 |                        0 |                        0 |       0 |
| model.encoder.layers.3.attention.o_proj                 |                37056 |                        0 |                        0 |       0 |
| model.encoder.layers.3.layernorm_before                 |                  384 |                        0 |                        0 |       0 |
| model.encoder.layers.3.layernorm_after                  |                  384 |                        0 |                        0 |       0 |
| model.encoder.layers.3.mlp                              |               295872 |                        0 |                        0 |       0 |
| model.encoder.layers.3.mlp.activation_fn                |                    0 |                        0 |                        0 |       0 |
| model.encoder.layers.3.mlp.fc1                          |               148224 |                        0 |                        0 |       0 |
| model.encoder.layers.3.mlp.fc2                          |               147648 |                        0 |                        0 |       0 |
| model.encoder.layers.3.dropout                          |                    0 |                        0 |                        0 |       0 |
| model.encoder.layers.4                                  |               444864 |                        0 |                        0 |       0 |
| model.encoder.layers.4.attention                        |               148224 |                        0 |                        0 |       0 |
| model.encoder.layers.4.attention.q_proj                 |                37056 |                        0 |                        0 |       0 |
| model.encoder.layers.4.attention.k_proj                 |                37056 |                        0 |                        0 |       0 |
| model.encoder.layers.4.attention.v_proj                 |                37056 |                        0 |                        0 |       0 |
| model.encoder.layers.4.attention.o_proj                 |                37056 |                        0 |                        0 |       0 |
| model.encoder.layers.4.layernorm_before                 |                  384 |                        0 |                        0 |       0 |
| model.encoder.layers.4.layernorm_after                  |                  384 |                        0 |                        0 |       0 |
| model.encoder.layers.4.mlp                              |               295872 |                        0 |                        0 |       0 |
| model.encoder.layers.4.mlp.activation_fn                |                    0 |                        0 |                        0 |       0 |
| model.encoder.layers.4.mlp.fc1                          |               148224 |                        0 |                        0 |       0 |
| model.encoder.layers.4.mlp.fc2                          |               147648 |                        0 |                        0 |       0 |
| model.encoder.layers.4.dropout                          |                    0 |                        0 |                        0 |       0 |
| model.encoder.layers.5                                  |               444864 |                        0 |                        0 |       0 |
| model.encoder.layers.5.attention                        |               148224 |                        0 |                        0 |       0 |
| model.encoder.layers.5.attention.q_proj                 |                37056 |                        0 |                        0 |       0 |
| model.encoder.layers.5.attention.k_proj                 |                37056 |                        0 |                        0 |       0 |
| model.encoder.layers.5.attention.v_proj                 |                37056 |                        0 |                        0 |       0 |
| model.encoder.layers.5.attention.o_proj                 |                37056 |                        0 |                        0 |       0 |
| model.encoder.layers.5.layernorm_before                 |                  384 |                        0 |                        0 |       0 |
| model.encoder.layers.5.layernorm_after                  |                  384 |                        0 |                        0 |       0 |
| model.encoder.layers.5.mlp                              |               295872 |                        0 |                        0 |       0 |
| model.encoder.layers.5.mlp.activation_fn                |                    0 |                        0 |                        0 |       0 |
| model.encoder.layers.5.mlp.fc1                          |               148224 |                        0 |                        0 |       0 |
| model.encoder.layers.5.mlp.fc2                          |               147648 |                        0 |                        0 |       0 |
| model.encoder.layers.5.dropout                          |                    0 |                        0 |                        0 |       0 |
| model.encoder.layers.6                                  |               444864 |                        0 |                        0 |       0 |
| model.encoder.layers.6.attention                        |               148224 |                        0 |                        0 |       0 |
| model.encoder.layers.6.attention.q_proj                 |                37056 |                        0 |                        0 |       0 |
| model.encoder.layers.6.attention.k_proj                 |                37056 |                        0 |                        0 |       0 |
| model.encoder.layers.6.attention.v_proj                 |                37056 |                        0 |                        0 |       0 |
| model.encoder.layers.6.attention.o_proj                 |                37056 |                        0 |                        0 |       0 |
| model.encoder.layers.6.layernorm_before                 |                  384 |                        0 |                        0 |       0 |
| model.encoder.layers.6.layernorm_after                  |                  384 |                        0 |                        0 |       0 |
| model.encoder.layers.6.mlp                              |               295872 |                        0 |                        0 |       0 |
| model.encoder.layers.6.mlp.activation_fn                |                    0 |                        0 |                        0 |       0 |
| model.encoder.layers.6.mlp.fc1                          |               148224 |                        0 |                        0 |       0 |
| model.encoder.layers.6.mlp.fc2                          |               147648 |                        0 |                        0 |       0 |
| model.encoder.layers.6.dropout                          |                    0 |                        0 |                        0 |       0 |
| model.encoder.layers.7                                  |               444864 |                        0 |                        0 |       0 |
| model.encoder.layers.7.attention                        |               148224 |                        0 |                        0 |       0 |
| model.encoder.layers.7.attention.q_proj                 |                37056 |                        0 |                        0 |       0 |
| model.encoder.layers.7.attention.k_proj                 |                37056 |                        0 |                        0 |       0 |
| model.encoder.layers.7.attention.v_proj                 |                37056 |                        0 |                        0 |       0 |
| model.encoder.layers.7.attention.o_proj                 |                37056 |                        0 |                        0 |       0 |
| model.encoder.layers.7.layernorm_before                 |                  384 |                        0 |                        0 |       0 |
| model.encoder.layers.7.layernorm_after                  |                  384 |                        0 |                        0 |       0 |
| model.encoder.layers.7.mlp                              |               295872 |                        0 |                        0 |       0 |
| model.encoder.layers.7.mlp.activation_fn                |                    0 |                        0 |                        0 |       0 |
| model.encoder.layers.7.mlp.fc1                          |               148224 |                        0 |                        0 |       0 |
| model.encoder.layers.7.mlp.fc2                          |               147648 |                        0 |                        0 |       0 |
| model.encoder.layers.7.dropout                          |                    0 |                        0 |                        0 |       0 |
| model.encoder.layers.8                                  |               444864 |                        0 |                        0 |       0 |
| model.encoder.layers.8.attention                        |               148224 |                        0 |                        0 |       0 |
| model.encoder.layers.8.attention.q_proj                 |                37056 |                        0 |                        0 |       0 |
| model.encoder.layers.8.attention.k_proj                 |                37056 |                        0 |                        0 |       0 |
| model.encoder.layers.8.attention.v_proj                 |                37056 |                        0 |                        0 |       0 |
| model.encoder.layers.8.attention.o_proj                 |                37056 |                        0 |                        0 |       0 |
| model.encoder.layers.8.layernorm_before                 |                  384 |                        0 |                        0 |       0 |
| model.encoder.layers.8.layernorm_after                  |                  384 |                        0 |                        0 |       0 |
| model.encoder.layers.8.mlp                              |               295872 |                        0 |                        0 |       0 |
| model.encoder.layers.8.mlp.activation_fn                |                    0 |                        0 |                        0 |       0 |
| model.encoder.layers.8.mlp.fc1                          |               148224 |                        0 |                        0 |       0 |
| model.encoder.layers.8.mlp.fc2                          |               147648 |                        0 |                        0 |       0 |
| model.encoder.layers.8.dropout                          |                    0 |                        0 |                        0 |       0 |
| model.encoder.layers.9                                  |               444864 |                        0 |                        0 |       0 |
| model.encoder.layers.9.attention                        |               148224 |                        0 |                        0 |       0 |
| model.encoder.layers.9.attention.q_proj                 |                37056 |                        0 |                        0 |       0 |
| model.encoder.layers.9.attention.k_proj                 |                37056 |                        0 |                        0 |       0 |
| model.encoder.layers.9.attention.v_proj                 |                37056 |                        0 |                        0 |       0 |
| model.encoder.layers.9.attention.o_proj                 |                37056 |                        0 |                        0 |       0 |
| model.encoder.layers.9.layernorm_before                 |                  384 |                        0 |                        0 |       0 |
| model.encoder.layers.9.layernorm_after                  |                  384 |                        0 |                        0 |       0 |
| model.encoder.layers.9.mlp                              |               295872 |                        0 |                        0 |       0 |
| model.encoder.layers.9.mlp.activation_fn                |                    0 |                        0 |                        0 |       0 |
| model.encoder.layers.9.mlp.fc1                          |               148224 |                        0 |                        0 |       0 |
| model.encoder.layers.9.mlp.fc2                          |               147648 |                        0 |                        0 |       0 |
| model.encoder.layers.9.dropout                          |                    0 |                        0 |                        0 |       0 |
| model.encoder.layers.10                                 |               444864 |                        0 |                        0 |       0 |
| model.encoder.layers.10.attention                       |               148224 |                        0 |                        0 |       0 |
| model.encoder.layers.10.attention.q_proj                |                37056 |                        0 |                        0 |       0 |
| model.encoder.layers.10.attention.k_proj                |                37056 |                        0 |                        0 |       0 |
| model.encoder.layers.10.attention.v_proj                |                37056 |                        0 |                        0 |       0 |
| model.encoder.layers.10.attention.o_proj                |                37056 |                        0 |                        0 |       0 |
| model.encoder.layers.10.layernorm_before                |                  384 |                        0 |                        0 |       0 |
| model.encoder.layers.10.layernorm_after                 |                  384 |                        0 |                        0 |       0 |
| model.encoder.layers.10.mlp                             |               295872 |                        0 |                        0 |       0 |
| model.encoder.layers.10.mlp.activation_fn               |                    0 |                        0 |                        0 |       0 |
| model.encoder.layers.10.mlp.fc1                         |               148224 |                        0 |                        0 |       0 |
| model.encoder.layers.10.mlp.fc2                         |               147648 |                        0 |                        0 |       0 |
| model.encoder.layers.10.dropout                         |                    0 |                        0 |                        0 |       0 |
| model.encoder.layers.11                                 |               444864 |                        0 |                        0 |       0 |
| model.encoder.layers.11.attention                       |               148224 |                        0 |                        0 |       0 |
| model.encoder.layers.11.attention.q_proj                |                37056 |                        0 |                        0 |       0 |
| model.encoder.layers.11.attention.k_proj                |                37056 |                        0 |                        0 |       0 |
| model.encoder.layers.11.attention.v_proj                |                37056 |                        0 |                        0 |       0 |
| model.encoder.layers.11.attention.o_proj                |                37056 |                        0 |                        0 |       0 |
| model.encoder.layers.11.layernorm_before                |                  384 |                        0 |                        0 |       0 |
| model.encoder.layers.11.layernorm_after                 |                  384 |                        0 |                        0 |       0 |
| model.encoder.layers.11.mlp                             |               295872 |                        0 |                        0 |       0 |
| model.encoder.layers.11.mlp.activation_fn               |                    0 |                        0 |                        0 |       0 |
| model.encoder.layers.11.mlp.fc1                         |               148224 |                        0 |                        0 |       0 |
| model.encoder.layers.11.mlp.fc2                         |               147648 |                        0 |                        0 |       0 |
| model.encoder.layers.11.dropout                         |                    0 |                        0 |                        0 |       0 |
| model.encoder.layernorm                                 |                  384 |                        0 |                        0 |       0 |
| model.predictor                                         |             10791360 |                        0 |                        0 |       0 |
| model.predictor.dropout                                 |                    0 |                        0 |                        0 |       0 |
| model.predictor.transformer                             |             10790784 |                        0 |                        0 |       0 |
| model.predictor.transformer.norm                        |                  384 |                        0 |                        0 |       0 |
| model.predictor.transformer.layers                      |             10790400 |                        0 |                        0 |       0 |
| model.predictor.transformer.layers.0                    |              1798400 |                        0 |                        0 |       0 |
| model.predictor.transformer.layers.0.attn               |               787008 |                        0 |                        0 |       0 |
| model.predictor.transformer.layers.0.attn.norm          |                  384 |                        0 |                        0 |       0 |
| model.predictor.transformer.layers.0.attn.attend        |                    0 |                        0 |                        0 |       0 |
| model.predictor.transformer.layers.0.attn.to_qkv        |               589824 |                        0 |                        0 |       0 |
| model.predictor.transformer.layers.0.attn.to_out        |               196800 |                        0 |                        0 |       0 |
| model.predictor.transformer.layers.0.attn.to_out.0      |               196800 |                        0 |                        0 |       0 |
| model.predictor.transformer.layers.0.attn.to_out.1      |                    0 |                        0 |                        0 |       0 |
| model.predictor.transformer.layers.0.mlp                |               789056 |                        0 |                        0 |       0 |
| model.predictor.transformer.layers.0.mlp.net            |               789056 |                        0 |                        0 |       0 |
| model.predictor.transformer.layers.0.mlp.net.0          |                  384 |                        0 |                        0 |       0 |
| model.predictor.transformer.layers.0.mlp.net.1          |               395264 |                        0 |                        0 |       0 |
| model.predictor.transformer.layers.0.mlp.net.2          |                    0 |                        0 |                        0 |       0 |
| model.predictor.transformer.layers.0.mlp.net.3          |                    0 |                        0 |                        0 |       0 |
| model.predictor.transformer.layers.0.mlp.net.4          |               393408 |                        0 |                        0 |       0 |
| model.predictor.transformer.layers.0.mlp.net.5          |                    0 |                        0 |                        0 |       0 |
| model.predictor.transformer.layers.0.norm1              |                    0 |                        0 |                        0 |       0 |
| model.predictor.transformer.layers.0.norm2              |                    0 |                        0 |                        0 |       0 |
| model.predictor.transformer.layers.0.adaLN_modulation   |               222336 |                        0 |                        0 |       0 |
| model.predictor.transformer.layers.0.adaLN_modulation.0 |                    0 |                        0 |                        0 |       0 |
| model.predictor.transformer.layers.0.adaLN_modulation.1 |               222336 |                        0 |                        0 |       0 |
| model.predictor.transformer.layers.1                    |              1798400 |                        0 |                        0 |       0 |
| model.predictor.transformer.layers.1.attn               |               787008 |                        0 |                        0 |       0 |
| model.predictor.transformer.layers.1.attn.norm          |                  384 |                        0 |                        0 |       0 |
| model.predictor.transformer.layers.1.attn.attend        |                    0 |                        0 |                        0 |       0 |
| model.predictor.transformer.layers.1.attn.to_qkv        |               589824 |                        0 |                        0 |       0 |
| model.predictor.transformer.layers.1.attn.to_out        |               196800 |                        0 |                        0 |       0 |
| model.predictor.transformer.layers.1.attn.to_out.0      |               196800 |                        0 |                        0 |       0 |
| model.predictor.transformer.layers.1.attn.to_out.1      |                    0 |                        0 |                        0 |       0 |
| model.predictor.transformer.layers.1.mlp                |               789056 |                        0 |                        0 |       0 |
| model.predictor.transformer.layers.1.mlp.net            |               789056 |                        0 |                        0 |       0 |
| model.predictor.transformer.layers.1.mlp.net.0          |                  384 |                        0 |                        0 |       0 |
| model.predictor.transformer.layers.1.mlp.net.1          |               395264 |                        0 |                        0 |       0 |
| model.predictor.transformer.layers.1.mlp.net.2          |                    0 |                        0 |                        0 |       0 |
| model.predictor.transformer.layers.1.mlp.net.3          |                    0 |                        0 |                        0 |       0 |
| model.predictor.transformer.layers.1.mlp.net.4          |               393408 |                        0 |                        0 |       0 |
| model.predictor.transformer.layers.1.mlp.net.5          |                    0 |                        0 |                        0 |       0 |
| model.predictor.transformer.layers.1.norm1              |                    0 |                        0 |                        0 |       0 |
| model.predictor.transformer.layers.1.norm2              |                    0 |                        0 |                        0 |       0 |
| model.predictor.transformer.layers.1.adaLN_modulation   |               222336 |                        0 |                        0 |       0 |
| model.predictor.transformer.layers.1.adaLN_modulation.0 |                    0 |                        0 |                        0 |       0 |
| model.predictor.transformer.layers.1.adaLN_modulation.1 |               222336 |                        0 |                        0 |       0 |
| model.predictor.transformer.layers.2                    |              1798400 |                        0 |                        0 |       0 |
| model.predictor.transformer.layers.2.attn               |               787008 |                        0 |                        0 |       0 |
| model.predictor.transformer.layers.2.attn.norm          |                  384 |                        0 |                        0 |       0 |
| model.predictor.transformer.layers.2.attn.attend        |                    0 |                        0 |                        0 |       0 |
| model.predictor.transformer.layers.2.attn.to_qkv        |               589824 |                        0 |                        0 |       0 |
| model.predictor.transformer.layers.2.attn.to_out        |               196800 |                        0 |                        0 |       0 |
| model.predictor.transformer.layers.2.attn.to_out.0      |               196800 |                        0 |                        0 |       0 |
| model.predictor.transformer.layers.2.attn.to_out.1      |                    0 |                        0 |                        0 |       0 |
| model.predictor.transformer.layers.2.mlp                |               789056 |                        0 |                        0 |       0 |
| model.predictor.transformer.layers.2.mlp.net            |               789056 |                        0 |                        0 |       0 |
| model.predictor.transformer.layers.2.mlp.net.0          |                  384 |                        0 |                        0 |       0 |
| model.predictor.transformer.layers.2.mlp.net.1          |               395264 |                        0 |                        0 |       0 |
| model.predictor.transformer.layers.2.mlp.net.2          |                    0 |                        0 |                        0 |       0 |
| model.predictor.transformer.layers.2.mlp.net.3          |                    0 |                        0 |                        0 |       0 |
| model.predictor.transformer.layers.2.mlp.net.4          |               393408 |                        0 |                        0 |       0 |
| model.predictor.transformer.layers.2.mlp.net.5          |                    0 |                        0 |                        0 |       0 |
| model.predictor.transformer.layers.2.norm1              |                    0 |                        0 |                        0 |       0 |
| model.predictor.transformer.layers.2.norm2              |                    0 |                        0 |                        0 |       0 |
| model.predictor.transformer.layers.2.adaLN_modulation   |               222336 |                        0 |                        0 |       0 |
| model.predictor.transformer.layers.2.adaLN_modulation.0 |                    0 |                        0 |                        0 |       0 |
| model.predictor.transformer.layers.2.adaLN_modulation.1 |               222336 |                        0 |                        0 |       0 |
| model.predictor.transformer.layers.3                    |              1798400 |                        0 |                        0 |       0 |
| model.predictor.transformer.layers.3.attn               |               787008 |                        0 |                        0 |       0 |
| model.predictor.transformer.layers.3.attn.norm          |                  384 |                        0 |                        0 |       0 |
| model.predictor.transformer.layers.3.attn.attend        |                    0 |                        0 |                        0 |       0 |
| model.predictor.transformer.layers.3.attn.to_qkv        |               589824 |                        0 |                        0 |       0 |
| model.predictor.transformer.layers.3.attn.to_out        |               196800 |                        0 |                        0 |       0 |
| model.predictor.transformer.layers.3.attn.to_out.0      |               196800 |                        0 |                        0 |       0 |
| model.predictor.transformer.layers.3.attn.to_out.1      |                    0 |                        0 |                        0 |       0 |
| model.predictor.transformer.layers.3.mlp                |               789056 |                        0 |                        0 |       0 |
| model.predictor.transformer.layers.3.mlp.net            |               789056 |                        0 |                        0 |       0 |
| model.predictor.transformer.layers.3.mlp.net.0          |                  384 |                        0 |                        0 |       0 |
| model.predictor.transformer.layers.3.mlp.net.1          |               395264 |                        0 |                        0 |       0 |
| model.predictor.transformer.layers.3.mlp.net.2          |                    0 |                        0 |                        0 |       0 |
| model.predictor.transformer.layers.3.mlp.net.3          |                    0 |                        0 |                        0 |       0 |
| model.predictor.transformer.layers.3.mlp.net.4          |               393408 |                        0 |                        0 |       0 |
| model.predictor.transformer.layers.3.mlp.net.5          |                    0 |                        0 |                        0 |       0 |
| model.predictor.transformer.layers.3.norm1              |                    0 |                        0 |                        0 |       0 |
| model.predictor.transformer.layers.3.norm2              |                    0 |                        0 |                        0 |       0 |
| model.predictor.transformer.layers.3.adaLN_modulation   |               222336 |                        0 |                        0 |       0 |
| model.predictor.transformer.layers.3.adaLN_modulation.0 |                    0 |                        0 |                        0 |       0 |
| model.predictor.transformer.layers.3.adaLN_modulation.1 |               222336 |                        0 |                        0 |       0 |
| model.predictor.transformer.layers.4                    |              1798400 |                        0 |                        0 |       0 |
| model.predictor.transformer.layers.4.attn               |               787008 |                        0 |                        0 |       0 |
| model.predictor.transformer.layers.4.attn.norm          |                  384 |                        0 |                        0 |       0 |
| model.predictor.transformer.layers.4.attn.attend        |                    0 |                        0 |                        0 |       0 |
| model.predictor.transformer.layers.4.attn.to_qkv        |               589824 |                        0 |                        0 |       0 |
| model.predictor.transformer.layers.4.attn.to_out        |               196800 |                        0 |                        0 |       0 |
| model.predictor.transformer.layers.4.attn.to_out.0      |               196800 |                        0 |                        0 |       0 |
| model.predictor.transformer.layers.4.attn.to_out.1      |                    0 |                        0 |                        0 |       0 |
| model.predictor.transformer.layers.4.mlp                |               789056 |                        0 |                        0 |       0 |
| model.predictor.transformer.layers.4.mlp.net            |               789056 |                        0 |                        0 |       0 |
| model.predictor.transformer.layers.4.mlp.net.0          |                  384 |                        0 |                        0 |       0 |
| model.predictor.transformer.layers.4.mlp.net.1          |               395264 |                        0 |                        0 |       0 |
| model.predictor.transformer.layers.4.mlp.net.2          |                    0 |                        0 |                        0 |       0 |
| model.predictor.transformer.layers.4.mlp.net.3          |                    0 |                        0 |                        0 |       0 |
| model.predictor.transformer.layers.4.mlp.net.4          |               393408 |                        0 |                        0 |       0 |
| model.predictor.transformer.layers.4.mlp.net.5          |                    0 |                        0 |                        0 |       0 |
| model.predictor.transformer.layers.4.norm1              |                    0 |                        0 |                        0 |       0 |
| model.predictor.transformer.layers.4.norm2              |                    0 |                        0 |                        0 |       0 |
| model.predictor.transformer.layers.4.adaLN_modulation   |               222336 |                        0 |                        0 |       0 |
| model.predictor.transformer.layers.4.adaLN_modulation.0 |                    0 |                        0 |                        0 |       0 |
| model.predictor.transformer.layers.4.adaLN_modulation.1 |               222336 |                        0 |                        0 |       0 |
| model.predictor.transformer.layers.5                    |              1798400 |                        0 |                        0 |       0 |
| model.predictor.transformer.layers.5.attn               |               787008 |                        0 |                        0 |       0 |
| model.predictor.transformer.layers.5.attn.norm          |                  384 |                        0 |                        0 |       0 |
| model.predictor.transformer.layers.5.attn.attend        |                    0 |                        0 |                        0 |       0 |
| model.predictor.transformer.layers.5.attn.to_qkv        |               589824 |                        0 |                        0 |       0 |
| model.predictor.transformer.layers.5.attn.to_out        |               196800 |                        0 |                        0 |       0 |
| model.predictor.transformer.layers.5.attn.to_out.0      |               196800 |                        0 |                        0 |       0 |
| model.predictor.transformer.layers.5.attn.to_out.1      |                    0 |                        0 |                        0 |       0 |
| model.predictor.transformer.layers.5.mlp                |               789056 |                        0 |                        0 |       0 |
| model.predictor.transformer.layers.5.mlp.net            |               789056 |                        0 |                        0 |       0 |
| model.predictor.transformer.layers.5.mlp.net.0          |                  384 |                        0 |                        0 |       0 |
| model.predictor.transformer.layers.5.mlp.net.1          |               395264 |                        0 |                        0 |       0 |
| model.predictor.transformer.layers.5.mlp.net.2          |                    0 |                        0 |                        0 |       0 |
| model.predictor.transformer.layers.5.mlp.net.3          |                    0 |                        0 |                        0 |       0 |
| model.predictor.transformer.layers.5.mlp.net.4          |               393408 |                        0 |                        0 |       0 |
| model.predictor.transformer.layers.5.mlp.net.5          |                    0 |                        0 |                        0 |       0 |
| model.predictor.transformer.layers.5.norm1              |                    0 |                        0 |                        0 |       0 |
| model.predictor.transformer.layers.5.norm2              |                    0 |                        0 |                        0 |       0 |
| model.predictor.transformer.layers.5.adaLN_modulation   |               222336 |                        0 |                        0 |       0 |
| model.predictor.transformer.layers.5.adaLN_modulation.0 |                    0 |                        0 |                        0 |       0 |
| model.predictor.transformer.layers.5.adaLN_modulation.1 |               222336 |                        0 |                        0 |       0 |
| model.predictor.transformer.input_proj                  |                    0 |                        0 |                        0 |       0 |
| model.predictor.transformer.cond_proj                   |                    0 |                        0 |                        0 |       0 |
| model.predictor.transformer.output_proj                 |                    0 |                        0 |                        0 |       0 |
| model.action_encoder                                    |               156126 |                        0 |                        0 |       0 |
| model.action_encoder.patch_embed                        |                   30 |                        0 |                        0 |       0 |
| model.action_encoder.embed                              |               156096 |                        0 |                        0 |       0 |
| model.action_encoder.embed.0                            |                 8448 |                        0 |                        0 |       0 |
| model.action_encoder.embed.1                            |                    0 |                        0 |                        0 |       0 |
| model.action_encoder.embed.2                            |               147648 |                        0 |                        0 |       0 |
| model.projector                                         |               792768 |                        0 |                        0 |    4097 |
| model.projector.net                                     |               792768 |                        0 |                        0 |    4097 |
| model.projector.net.0                                   |               395264 |                        0 |                        0 |       0 |
| model.projector.net.1                                   |                 4096 |                        0 |                        0 |    4097 |
| model.projector.net.2                                   |                    0 |                        0 |                        0 |       0 |
| model.projector.net.3                                   |               393408 |                        0 |                        0 |       0 |
| model.pred_proj                                         |               792768 |                        0 |                        0 |    4097 |
| model.pred_proj.net                                     |               792768 |                        0 |                        0 |    4097 |
| model.pred_proj.net.0                                   |               395264 |                        0 |                        0 |       0 |
| model.pred_proj.net.1                                   |                 4096 |                        0 |                        0 |    4097 |
| model.pred_proj.net.2                                   |                    0 |                        0 |                        0 |       0 |
| model.pred_proj.net.3                                   |               393408 |                        0 |                        0 |       0 |
| model.probe_head                                        |                  772 |                        0 |                        0 |       0 |
| sigreg                                                  |                    0 |                        0 |                        0 |      51 |
+---------------------------------------------------------+----------------------+--------------------------+--------------------------+---------+
23:55:50 | INFO  | utils.py    | ── SLURM ─────────────────────────────────────────
23:55:50 | INFO  | trainer_inf~|   Job ID: N/A
23:55:50 | INFO  | trainer_inf~|   Task ID: N/A
23:55:50 | INFO  | trainer_inf~|   Job Name: N/A
23:55:50 | INFO  | trainer_inf~|   Nodes: N/A
23:55:50 | INFO  | trainer_inf~|   Tasks: N/A
23:55:50 | INFO  | trainer_inf~|   CPUs per node: N/A
23:55:50 | INFO  | trainer_inf~|   CPUs per task: N/A
23:55:50 | INFO  | trainer_inf~|   Memory per node: N/A
23:55:50 | INFO  | trainer_inf~|   Memory per CPU: N/A
23:55:50 | INFO  | trainer_inf~|   Time limit: N/A
23:55:50 | INFO  | trainer_inf~|   Partition: N/A
23:55:50 | INFO  | trainer_inf~|   Node List: N/A
23:55:50 | INFO  | trainer_inf~|   Submit Directory: N/A
23:55:50 | INFO  | utils.py    | ── HardwareMonitor ───────────────────────────────
23:55:50 | INFO  | hardware_mo~|   interval: 10.0s
23:55:50 | INFO  | hardware_mo~|   prefix:   'hardware/'
23:55:50 | INFO  | hardware_mo~|   metrics:  cpu=True ram=True disk=True net=True gpu=True
23:55:50 | INFO  | hardware_mo~|   per-rank: rank 0 only
23:55:50 | WARN  | env_info.py | ! pip freeze failed: Command '['/home/likun-share/junjxu/wm/le-wm/.venv/bin/python', '-m', 'pip', 'freeze']' returned non-zero exit status 1.
23:55:50 | OK    | env_info.py | ✓ Packages: 0 packages collected in 0.03s
LOCAL_RANK: 0 - CUDA_VISIBLE_DEVICES: [6]
23:55:50 | WARN  | hardware_mo~| HardwareMonitor: pynvml unavailable (ModuleNotFoundError("No module named 'pynvml'")); GPU metrics disabled.
23:55:50 | INFO  | utils.py    | ── Optimizers ────────────────────────────────────
23:55:50 | INFO  | module.py   |   Optimizer specified by Dict with keys ['model_opt']
23:55:50 | INFO  | module.py   | 
┏━━━━━━━━━━━━━┳━━━━━━━━━━━┳━━━━━━━━━━━━━━━━━━━┳━━━━━━━━━━━━━━━━━┳━━━━━━━━━━━━━━━━┳━━━━━━━━━━━━━━━━━━━━━━━━┓
┃ Optimizer   ┃ Pattern   ┃   Matched Modules ┃   Param Tensors ┃   Total Params ┃   RequiresGrad Tensors ┃
┣━━━━━━━━━━━━━╋━━━━━━━━━━━╋━━━━━━━━━━━━━━━━━━━╋━━━━━━━━━━━━━━━━━╋━━━━━━━━━━━━━━━━╋━━━━━━━━━━━━━━━━━━━━━━━━┫
┃ model_opt   ┃ model     ┃               317 ┃             299 ┃       18035170 ┃                    299 ┃
┗━━━━━━━━━━━━━┻━━━━━━━━━━━┻━━━━━━━━━━━━━━━━━━━┻━━━━━━━━━━━━━━━━━┻━━━━━━━━━━━━━━━━┻━━━━━━━━━━━━━━━━━━━━━━━━┛
23:55:50 | INFO  | lr_schedule~| 	User provided a dict
Loading `train_dataloader` to estimate number of stepping batches.
/home/likun-share/junjxu/wm/le-wm/.venv/lib/python3.10/site-packages/lance/__init__.py:320: UserWarning: lance is not fork-safe. If you are using multiprocessing, use spawn or forkserver instead.
  warnings.warn(
/usr/lib/python3.10/multiprocessing/popen_fork.py:66: RuntimeWarning: lancedb fork support is experimental: the internal async runtime has been reset in the forked child, but a small chance of deadlock remains if other state was mid-operation at fork time. The 'forkserver' or 'spawn' multiprocessing start method is likely a safer alternative.
  self.pid = os.fork()
/usr/lib/python3.10/multiprocessing/popen_fork.py:66: RuntimeWarning: lancedb fork support is experimental: the internal async runtime has been reset in the forked child, but a small chance of deadlock remains if other state was mid-operation at fork time. The 'forkserver' or 'spawn' multiprocessing start method is likely a safer alternative.
  self.pid = os.fork()
/usr/lib/python3.10/multiprocessing/popen_fork.py:66: RuntimeWarning: lancedb fork support is experimental: the internal async runtime has been reset in the forked child, but a small chance of deadlock remains if other state was mid-operation at fork time. The 'forkserver' or 'spawn' multiprocessing start method is likely a safer alternative.
  self.pid = os.fork()
/usr/lib/python3.10/multiprocessing/popen_fork.py:66: RuntimeWarning: lancedb fork support is experimental: the internal async runtime has been reset in the forked child, but a small chance of deadlock remains if other state was mid-operation at fork time. The 'forkserver' or 'spawn' multiprocessing start method is likely a safer alternative.
  self.pid = os.fork()
/usr/lib/python3.10/multiprocessing/popen_fork.py:66: RuntimeWarning: lancedb fork support is experimental: the internal async runtime has been reset in the forked child, but a small chance of deadlock remains if other state was mid-operation at fork time. The 'forkserver' or 'spawn' multiprocessing start method is likely a safer alternative.
  self.pid = os.fork()
/usr/lib/python3.10/multiprocessing/popen_fork.py:66: RuntimeWarning: lancedb fork support is experimental: the internal async runtime has been reset in the forked child, but a small chance of deadlock remains if other state was mid-operation at fork time. The 'forkserver' or 'spawn' multiprocessing start method is likely a safer alternative.
  self.pid = os.fork()
23:55:51 | INFO  | module.py   |   Configured optimizer 'model_opt' (modules=317, param_tensors=299, total_params=18035170) with LinearWarmupCosineAnnealingLR scheduler.
/home/likun-share/junjxu/wm/le-wm/.venv/lib/python3.10/site-packages/lightning/pytorch/utilities/model_summary/model_summary.py:242: Precision bf16-mixed is not supported by the model summary.  Estimated model size in MB will not be accurate. Using 32 bits instead.
┏━━━┳━━━━━━━━━━━━━━━━━━━┳━━━━━━━━━━━━┳━━━━━━━━┳━━━━━━━┳━━━━━━━┓
┃   ┃ Name              ┃ Type       ┃ Params ┃ Mode  ┃ FLOPs ┃
┡━━━╇━━━━━━━━━━━━━━━━━━━╇━━━━━━━━━━━━╇━━━━━━━━╇━━━━━━━╇━━━━━━━┩
│ 0 │ callbacks_modules │ ModuleDict │      0 │ train │     0 │
│ 1 │ callbacks_metrics │ ModuleDict │      0 │ train │     0 │
│ 2 │ model             │ JEPA       │ 18.0 M │ train │     0 │
│ 3 │ sigreg            │ SIGReg     │      0 │ train │     0 │
└───┴───────────────────┴────────────┴────────┴───────┴───────┘
Trainable params: 18.0 M                                                        
Non-trainable params: 0                                                         
Total params: 18.0 M                                                            
Total estimated model params size (MB): 72.141                                  
Modules in train mode: 320                                                      
Modules in eval mode: 0                                                         
Total FLOPs: 0                                                                  
23:55:51 | INFO  | logger.py   | [RegistryLogger] summary.json flushed (0 metrics, step=0, epoch=0) → /data1/likun-share/junjxu/.cache_stable-pretraining/runs/20260607/235548/a0d450531042/summary.json
/usr/lib/python3.10/multiprocessing/popen_fork.py:66: RuntimeWarning: lancedb fork support is experimental: the internal async runtime has been reset in the forked child, but a small chance of deadlock remains if other state was mid-operation at fork time. The 'forkserver' or 'spawn' multiprocessing start method is likely a safer alternative.
  self.pid = os.fork()
/usr/lib/python3.10/multiprocessing/popen_fork.py:66: RuntimeWarning: lancedb fork support is experimental: the internal async runtime has been reset in the forked child, but a small chance of deadlock remains if other state was mid-operation at fork time. The 'forkserver' or 'spawn' multiprocessing start method is likely a safer alternative.
  self.pid = os.fork()
/usr/lib/python3.10/multiprocessing/popen_fork.py:66: RuntimeWarning: lancedb fork support is experimental: the internal async runtime has been reset in the forked child, but a small chance of deadlock remains if other state was mid-operation at fork time. The 'forkserver' or 'spawn' multiprocessing start method is likely a safer alternative.
  self.pid = os.fork()
/usr/lib/python3.10/multiprocessing/popen_fork.py:66: RuntimeWarning: lancedb fork support is experimental: the internal async runtime has been reset in the forked child, but a small chance of deadlock remains if other state was mid-operation at fork time. The 'forkserver' or 'spawn' multiprocessing start method is likely a safer alternative.
  self.pid = os.fork()
/usr/lib/python3.10/multiprocessing/popen_fork.py:66: RuntimeWarning: lancedb fork support is experimental: the internal async runtime has been reset in the forked child, but a small chance of deadlock remains if other state was mid-operation at fork time. The 'forkserver' or 'spawn' multiprocessing start method is likely a safer alternative.
  self.pid = os.fork()
/usr/lib/python3.10/multiprocessing/popen_fork.py:66: RuntimeWarning: lancedb fork support is experimental: the internal async runtime has been reset in the forked child, but a small chance of deadlock remains if other state was mid-operation at fork time. The 'forkserver' or 'spawn' multiprocessing start method is likely a safer alternative.
  self.pid = os.fork()
23:55:52 | OK    | env_info.py | ✓ NVIDIA Driver: 580.65.06
23:55:52 | OK    | env_info.py | ✓ Git: main @ e17f3b3f
23:55:52 | INFO  | env_info.py |   Remote: git@github.com-xuustc99:XuUSTC99/wm.git
23:55:52 | WARN  | env_info.py | ! Working directory has uncommitted changes
23:55:52 | OK    | env_info.py | ✓ Environment: 4 relevant variables captured
23:55:52 | INFO  | env_info.py |   Serializing environment data...
23:55:52 | INFO  | env_info.py |   File exists, using version 95: environment_v95.json
23:55:52 | INFO  | env_info.py |   File exists, using version 95: requirements_frozen_v95.txt
23:55:52 | INFO  | env_info.py |   Save directory: /home/likun-share/.cache/stable-pretraining
23:55:52 | INFO  | env_info.py |   Writing environment to temp file...
23:55:52 | INFO  | env_info.py |   Moving to: environment_v95.json
23:55:52 | OK    | env_info.py | ✓ Environment file saved (3.1 KB)
23:55:52 | OK    | env_info.py | ✓ Requirements file saved (0.1 KB)
/home/likun-share/junjxu/wm/le-wm/.venv/lib/python3.10/site-packages/lightning/pytorch/utilities/data.py:79: Trying to infer the `batch_size` from an ambiguous collection. The batch size we found is 128. To avoid any miscalculations, use `self.log(..., batch_size=batch_size)`.
23:56:02 | INFO  | trainer_inf~| \n+----------------------------+--------------------+
|           Metric           |       Value        |
+----------------------------+--------------------+
|       [0;34;40mvalidate/loss[0m        | [0;32;40m9.523069381713867[0m  |
|    [0;34;40mvalidate/loss_epoch[0m     | [0;32;40m9.523069381713867[0m  |
|     [0;34;40mvalidate/pred_loss[0m     | [0;32;40m0.347434937953949[0m  |
|  [0;34;40mvalidate/pred_loss_epoch[0m  | [0;32;40m0.347434937953949[0m  |
|    [0;34;40mvalidate/probe_loss[0m     | [0;32;40m0.8631346225738525[0m |
| [0;34;40mvalidate/probe_loss_epoch[0m  | [0;32;40m0.8631346225738525[0m |
|    [0;34;40mvalidate/sigreg_loss[0m    |        [0;32;40m92.5[0m        |
| [0;34;40mvalidate/sigreg_loss_epoch[0m |        [0;32;40m92.5[0m        |
+----------------------------+--------------------+
23:56:02 | WARN  | hf_models.py| ! No Hugging Face (PreTrainedModel) submodules found in LightningModule.
23:56:02 | INFO  | utils.py    | ── Optimizers ────────────────────────────────────
23:56:02 | INFO  | module.py   |   self.optimizers() gave us 1 optimizers
23:56:02 | WARN  | module.py   | ! No clip val found for optimizer default_0
23:56:02 | WARN  | module.py   | ! Will use the Trainer's value of 1.0
23:56:02 | WARN  | module.py   | ! No clip algorithm found for optimizer default_0
23:56:02 | WARN  | module.py   | ! Will use the Trainer's value of None
23:56:02 | OK    | module.py   | ✓ Optimizer check complete:
+------------+-----------+----------------+-----------+-----------+
| Opt. Index | Opt. name |      opt       | clip val. | clip alg. |
+------------+-----------+----------------+-----------+-----------+
|     0      | default_0 | LightningAdamW |    1.0    |    None   |
+------------+-----------+----------------+-----------+-----------+
23:56:02 | INFO  | utils.py    | ── LogUnusedParametersOnce ───────────────────────
23:56:02 | INFO  | unused_para~|   registered hooks on 299 leaf parameters
23:56:04 | OK    | unused_para~| ✓ all tracked parameters received gradients on the first backward pass
23:56:04 | INFO  | unused_para~|   hooks removed, callback disabled
[Epoch 0/20] step 50/203 (2.7 it/s)
[Epoch 0/20] step 100/203 (2.5 it/s)
[Epoch 0/20] step 150/203 (2.4 it/s)
[Epoch 0/20] step 200/203 (2.4 it/s)
/home/likun-share/junjxu/wm/le-wm/.venv/lib/python3.10/site-packages/lightning/pytorch/utilities/data.py:79: Trying to infer the `batch_size` from an ambiguous collection. The batch size we found is 83. To avoid any miscalculations, use `self.log(..., batch_size=batch_size)`.
23:57:36 | INFO  | trainer_inf~| \n+----------------------------+------------------------+
|           Metric           |         Value          |
+----------------------------+------------------------+
|          [0;34;40mfit/loss[0m          |  [0;32;40m0.40073129534721375[0m   |
|       [0;34;40mfit/pred_loss[0m        |  [0;32;40m0.027136651799082756[0m  |
|       [0;34;40mfit/probe_loss[0m       |  [0;32;40m0.22418057918548584[0m   |
|      [0;34;40mfit/sigreg_loss[0m       |        [0;32;40m1.65625[0m         |
|    [0;34;40mhardware/cpu_percent[0m    |   [0;32;40m56.400001525878906[0m   |
|  [0;34;40mhardware/disk_read_mb_s[0m   |          [0;32;40m0.0[0m           |
|  [0;34;40mhardware/disk_write_mb_s[0m  |   [0;32;40m42.879337310791016[0m   |
|   [0;34;40mhardware/net_recv_mb_s[0m   |  [0;32;40m0.015924926847219467[0m  |
|   [0;34;40mhardware/net_sent_mb_s[0m   |  [0;32;40m0.05246469005942345[0m   |
|    [0;34;40mhardware/ram_used_gb[0m    |   [0;32;40m331.3342590332031[0m    |
|   [0;34;40mhardware/ram_used_pct[0m    |   [0;32;40m32.900001525878906[0m   |
|    [0;34;40mhparams/lr_default_0[0m    | [0;32;40m4.9797443352872506e-05[0m |
|       [0;34;40mvalidate/loss[0m        |   [0;32;40m0.5225863456726074[0m   |
|    [0;34;40mvalidate/loss_epoch[0m     |   [0;32;40m0.5225863456726074[0m   |
|     [0;34;40mvalidate/pred_loss[0m     |  [0;32;40m0.026841122657060623[0m  |
|  [0;34;40mvalidate/pred_loss_epoch[0m  |  [0;32;40m0.026841122657060623[0m  |
|    [0;34;40mvalidate/probe_loss[0m     |  [0;32;40m0.23026640713214874[0m   |
| [0;34;40mvalidate/probe_loss_epoch[0m  |  [0;32;40m0.23026640713214874[0m   |
|    [0;34;40mvalidate/sigreg_loss[0m    |   [0;32;40m2.9484519958496094[0m   |
| [0;34;40mvalidate/sigreg_loss_epoch[0m |   [0;32;40m2.9484519958496094[0m   |
+----------------------------+------------------------+
[Epoch 0/20] done in 93.5s
23:57:36 | INFO  | checkpoint_~|   Checking for non PyTorch modules to save
23:57:36 | INFO  | atomic_chec~| [atomic_save] → /data1/likun-share/junjxu/.cache_stable-pretraining/runs/20260607/235548/a0d450531042/checkpoints/epoch=0-step=203.ckpt
23:57:37 | INFO  | atomic_chec~| [atomic_save] ✓ epoch=0-step=203.ckpt saved (206.8 MiB, serialise=0.46s write=0.28s rename=0.1ms)
23:57:37 | INFO  | checkpoint_~|   Checking for non PyTorch modules to save
23:57:37 | INFO  | atomic_chec~| [atomic_save] → /data1/likun-share/junjxu/.cache_stable-pretraining/runs/20260607/235548/a0d450531042/checkpoints/last.ckpt
23:57:37 | INFO  | atomic_chec~| [atomic_save] ✓ last.ckpt saved (206.8 MiB, serialise=0.51s write=0.30s rename=0.1ms)
[Epoch 1/20] step 50/203 (2.1 it/s)
[Epoch 1/20] step 100/203 (2.2 it/s)
[Epoch 1/20] step 150/203 (2.2 it/s)
[Epoch 1/20] step 200/203 (2.4 it/s)
23:59:12 | INFO  | trainer_inf~| \n+----------------------------+-----------------------+
|           Metric           |         Value         |
+----------------------------+-----------------------+
|          [0;34;40mfit/loss[0m          |   [0;32;40m0.3746626079082489[0m  |
|       [0;34;40mfit/pred_loss[0m        |  [0;32;40m0.02253168262541294[0m  |
|       [0;34;40mfit/probe_loss[0m       |   [0;32;40m0.2193184196949005[0m  |
|      [0;34;40mfit/sigreg_loss[0m       |       [0;32;40m1.4765625[0m       |
|    [0;34;40mhardware/cpu_percent[0m    |   [0;32;40m50.70000076293945[0m   |
|  [0;34;40mhardware/disk_read_mb_s[0m   |          [0;32;40m0.0[0m          |
|  [0;34;40mhardware/disk_write_mb_s[0m  |   [0;32;40m89.37004852294922[0m   |
|   [0;34;40mhardware/net_recv_mb_s[0m   |  [0;32;40m0.011438875459134579[0m |
|   [0;34;40mhardware/net_sent_mb_s[0m   |  [0;32;40m0.012452016584575176[0m |
|    [0;34;40mhardware/ram_used_gb[0m    |   [0;32;40m334.48052978515625[0m  |
|   [0;34;40mhardware/ram_used_pct[0m    |   [0;32;40m33.20000076293945[0m   |
|    [0;34;40mhparams/lr_default_0[0m    | [0;32;40m4.898431870969944e-05[0m |
|       [0;34;40mvalidate/loss[0m        |   [0;32;40m0.4497508704662323[0m  |
|    [0;34;40mvalidate/loss_epoch[0m     |   [0;32;40m0.4497508704662323[0m  |
|     [0;34;40mvalidate/pred_loss[0m     |  [0;32;40m0.018227508291602135[0m |
|  [0;34;40mvalidate/pred_loss_epoch[0m  |  [0;32;40m0.018227508291602135[0m |
|    [0;34;40mvalidate/probe_loss[0m     |  [0;32;40m0.21434852480888367[0m  |
| [0;34;40mvalidate/probe_loss_epoch[0m  |  [0;32;40m0.21434852480888367[0m  |
|    [0;34;40mvalidate/sigreg_loss[0m    |   [0;32;40m2.4125938415527344[0m  |
| [0;34;40mvalidate/sigreg_loss_epoch[0m |   [0;32;40m2.4125938415527344[0m  |
+----------------------------+-----------------------+
[Epoch 1/20] done in 94.4s
23:59:12 | INFO  | checkpoint_~|   Checking for non PyTorch modules to save
23:59:12 | INFO  | atomic_chec~| [atomic_save] → /data1/likun-share/junjxu/.cache_stable-pretraining/runs/20260607/235548/a0d450531042/checkpoints/epoch=1-step=406.ckpt
23:59:12 | INFO  | atomic_chec~| [atomic_save] ✓ epoch=1-step=406.ckpt saved (206.8 MiB, serialise=0.37s write=0.22s rename=0.1ms)
23:59:13 | INFO  | checkpoint_~|   Checking for non PyTorch modules to save
23:59:13 | INFO  | atomic_chec~| [atomic_save] → /data1/likun-share/junjxu/.cache_stable-pretraining/runs/20260607/235548/a0d450531042/checkpoints/last.ckpt
23:59:13 | INFO  | atomic_chec~| [atomic_save] ✓ last.ckpt saved (206.8 MiB, serialise=0.34s write=0.24s rename=29.3ms)
[Epoch 2/20] step 50/203 (2.2 it/s)
[Epoch 2/20] step 100/203 (2.2 it/s)
[Epoch 2/20] step 150/203 (2.2 it/s)
[Epoch 2/20] step 200/203 (2.4 it/s)
00:00:48 | INFO  | trainer_inf~| \n+----------------------------+-----------------------+
|           Metric           |         Value         |
+----------------------------+-----------------------+
|          [0;34;40mfit/loss[0m          |   [0;32;40m0.3383259177207947[0m  |
|       [0;34;40mfit/pred_loss[0m        |  [0;32;40m0.020690197125077248[0m |
|       [0;34;40mfit/probe_loss[0m       |  [0;32;40m0.20581930875778198[0m  |
|      [0;34;40mfit/sigreg_loss[0m       |       [0;32;40m1.2421875[0m       |
|    [0;34;40mhardware/cpu_percent[0m    |   [0;32;40m56.29999923706055[0m   |
|  [0;34;40mhardware/disk_read_mb_s[0m   |          [0;32;40m0.0[0m          |
|  [0;34;40mhardware/disk_write_mb_s[0m  |   [0;32;40m43.89360809326172[0m   |
|   [0;34;40mhardware/net_recv_mb_s[0m   |  [0;32;40m0.02091207541525364[0m  |
|   [0;34;40mhardware/net_sent_mb_s[0m   |  [0;32;40m0.025078877806663513[0m |
|    [0;34;40mhardware/ram_used_gb[0m    |   [0;32;40m334.4295349121094[0m   |
|   [0;34;40mhardware/ram_used_pct[0m    |   [0;32;40m33.20000076293945[0m   |
|    [0;34;40mhparams/lr_default_0[0m    | [0;32;40m4.756883572554216e-05[0m |
|       [0;34;40mvalidate/loss[0m        |  [0;32;40m0.43456268310546875[0m  |
|    [0;34;40mvalidate/loss_epoch[0m     |  [0;32;40m0.43456268310546875[0m  |
|     [0;34;40mvalidate/pred_loss[0m     |  [0;32;40m0.01767045259475708[0m  |
|  [0;34;40mvalidate/pred_loss_epoch[0m  |  [0;32;40m0.01767045259475708[0m  |
|    [0;34;40mvalidate/probe_loss[0m     |  [0;32;40m0.21393698453903198[0m  |
| [0;34;40mvalidate/probe_loss_epoch[0m  |  [0;32;40m0.21393698453903198[0m  |
|    [0;34;40mvalidate/sigreg_loss[0m    |   [0;32;40m2.2565486431121826[0m  |
| [0;34;40mvalidate/sigreg_loss_epoch[0m |   [0;32;40m2.2565486431121826[0m  |
+----------------------------+-----------------------+
[Epoch 2/20] done in 94.8s
00:00:48 | INFO  | checkpoint_~|   Checking for non PyTorch modules to save
00:00:48 | INFO  | atomic_chec~| [atomic_save] → /data1/likun-share/junjxu/.cache_stable-pretraining/runs/20260607/235548/a0d450531042/checkpoints/epoch=2-step=609.ckpt
00:00:49 | INFO  | atomic_chec~| [atomic_save] ✓ epoch=2-step=609.ckpt saved (206.8 MiB, serialise=0.46s write=0.29s rename=0.1ms)
00:00:49 | INFO  | checkpoint_~|   Checking for non PyTorch modules to save
00:00:49 | INFO  | atomic_chec~| [atomic_save] → /data1/likun-share/junjxu/.cache_stable-pretraining/runs/20260607/235548/a0d450531042/checkpoints/last.ckpt
00:00:50 | INFO  | atomic_chec~| [atomic_save] ✓ last.ckpt saved (206.8 MiB, serialise=0.46s write=0.29s rename=49.7ms)
[Epoch 3/20] step 50/203 (2.0 it/s)
[Epoch 3/20] step 100/203 (2.2 it/s)
[Epoch 3/20] step 150/203 (2.2 it/s)
[Epoch 3/20] step 200/203 (2.3 it/s)
00:02:27 | INFO  | trainer_inf~| \n+----------------------------+-----------------------+
|           Metric           |         Value         |
+----------------------------+-----------------------+
|          [0;34;40mfit/loss[0m          |   [0;32;40m0.3710196018218994[0m  |
|       [0;34;40mfit/pred_loss[0m        |  [0;32;40m0.020207421854138374[0m |
|       [0;34;40mfit/probe_loss[0m       |  [0;32;40m0.23264813423156738[0m  |
|      [0;34;40mfit/sigreg_loss[0m       |         [0;32;40m1.3125[0m        |
|    [0;34;40mhardware/cpu_percent[0m    |   [0;32;40m52.099998474121094[0m  |
|  [0;34;40mhardware/disk_read_mb_s[0m   | [0;32;40m0.0003905386838596314[0m |
|  [0;34;40mhardware/disk_write_mb_s[0m  |   [0;32;40m168.60336303710938[0m  |
|   [0;34;40mhardware/net_recv_mb_s[0m   |  [0;32;40m0.019457140937447548[0m |
|   [0;34;40mhardware/net_sent_mb_s[0m   |  [0;32;40m0.05814259126782417[0m  |
|    [0;34;40mhardware/ram_used_gb[0m    |   [0;32;40m336.0199890136719[0m   |
|   [0;34;40mhardware/ram_used_pct[0m    |   [0;32;40m33.400001525878906[0m  |
|    [0;34;40mhparams/lr_default_0[0m    | [0;32;40m4.558654109132476e-05[0m |
|       [0;34;40mvalidate/loss[0m        |  [0;32;40m0.41763636469841003[0m  |
|    [0;34;40mvalidate/loss_epoch[0m     |  [0;32;40m0.41763636469841003[0m  |
|     [0;34;40mvalidate/pred_loss[0m     |  [0;32;40m0.016381114721298218[0m |
|  [0;34;40mvalidate/pred_loss_epoch[0m  |  [0;32;40m0.016381114721298218[0m |
|    [0;34;40mvalidate/probe_loss[0m     |  [0;32;40m0.20793765783309937[0m  |
| [0;34;40mvalidate/probe_loss_epoch[0m  |  [0;32;40m0.20793765783309937[0m  |
|    [0;34;40mvalidate/sigreg_loss[0m    |   [0;32;40m2.148383617401123[0m   |
| [0;34;40mvalidate/sigreg_loss_epoch[0m |   [0;32;40m2.148383617401123[0m   |
+----------------------------+-----------------------+
[Epoch 3/20] done in 97.7s
00:02:27 | INFO  | checkpoint_~|   Checking for non PyTorch modules to save
00:02:27 | INFO  | atomic_chec~| [atomic_save] → /data1/likun-share/junjxu/.cache_stable-pretraining/runs/20260607/235548/a0d450531042/checkpoints/epoch=3-step=812.ckpt
00:02:28 | INFO  | atomic_chec~| [atomic_save] ✓ epoch=3-step=812.ckpt saved (206.8 MiB, serialise=0.50s write=0.28s rename=0.1ms)
00:02:28 | INFO  | checkpoint_~|   Checking for non PyTorch modules to save
00:02:28 | INFO  | atomic_chec~| [atomic_save] → /data1/likun-share/junjxu/.cache_stable-pretraining/runs/20260607/235548/a0d450531042/checkpoints/last.ckpt
00:02:29 | INFO  | atomic_chec~| [atomic_save] ✓ last.ckpt saved (206.8 MiB, serialise=0.49s write=0.29s rename=44.7ms)
[Epoch 4/20] step 50/203 (2.0 it/s)
[Epoch 4/20] step 100/203 (2.2 it/s)
[Epoch 4/20] step 150/203 (2.3 it/s)
[Epoch 4/20] step 200/203 (2.4 it/s)
00:04:05 | INFO  | trainer_inf~| \n+----------------------------+----------------------+
|           Metric           |        Value         |
+----------------------------+----------------------+
|          [0;34;40mfit/loss[0m          | [0;32;40m0.28774118423461914[0m  |
|       [0;34;40mfit/pred_loss[0m        | [0;32;40m0.015834446996450424[0m |
|       [0;34;40mfit/probe_loss[0m       | [0;32;40m0.16302001476287842[0m  |
|      [0;34;40mfit/sigreg_loss[0m       |      [0;32;40m1.2109375[0m       |
|    [0;34;40mhardware/cpu_percent[0m    |  [0;32;40m55.900001525878906[0m  |
|  [0;34;40mhardware/disk_read_mb_s[0m   |         [0;32;40m0.0[0m          |
|  [0;34;40mhardware/disk_write_mb_s[0m  |  [0;32;40m106.8014907836914[0m   |
|   [0;34;40mhardware/net_recv_mb_s[0m   |  [0;32;40m0.125451922416687[0m   |
|   [0;34;40mhardware/net_sent_mb_s[0m   |  [0;32;40m0.3640398681163788[0m  |
|    [0;34;40mhardware/ram_used_gb[0m    |  [0;32;40m336.8421936035156[0m   |
|   [0;34;40mhardware/ram_used_pct[0m    |  [0;32;40m33.400001525878906[0m  |
|    [0;34;40mhparams/lr_default_0[0m    | [0;32;40m4.30872205470223e-05[0m |
|       [0;34;40mvalidate/loss[0m        | [0;32;40m0.38206765055656433[0m  |
|    [0;34;40mvalidate/loss_epoch[0m     | [0;32;40m0.38206765055656433[0m  |
|     [0;34;40mvalidate/pred_loss[0m     | [0;32;40m0.014352290891110897[0m |
|  [0;34;40mvalidate/pred_loss_epoch[0m  | [0;32;40m0.014352290891110897[0m |
|    [0;34;40mvalidate/probe_loss[0m     | [0;32;40m0.18778198957443237[0m  |
| [0;34;40mvalidate/probe_loss_epoch[0m  | [0;32;40m0.18778198957443237[0m  |
|    [0;34;40mvalidate/sigreg_loss[0m    |  [0;32;40m1.9989839792251587[0m  |
| [0;34;40mvalidate/sigreg_loss_epoch[0m |  [0;32;40m1.9989839792251587[0m  |
+----------------------------+----------------------+
[Epoch 4/20] done in 95.7s
00:04:05 | INFO  | checkpoint_~|   Checking for non PyTorch modules to save
00:04:05 | INFO  | atomic_chec~| [atomic_save] → /data1/likun-share/junjxu/.cache_stable-pretraining/runs/20260607/235548/a0d450531042/checkpoints/epoch=4-step=1015.ckpt
00:04:06 | INFO  | atomic_chec~| [atomic_save] ✓ epoch=4-step=1015.ckpt saved (206.8 MiB, serialise=0.51s write=0.28s rename=0.1ms)
00:04:06 | INFO  | checkpoint_~|   Checking for non PyTorch modules to save
00:04:06 | INFO  | atomic_chec~| [atomic_save] → /data1/likun-share/junjxu/.cache_stable-pretraining/runs/20260607/235548/a0d450531042/checkpoints/last.ckpt
00:04:07 | INFO  | atomic_chec~| [atomic_save] ✓ last.ckpt saved (206.8 MiB, serialise=0.56s write=0.29s rename=51.3ms)
[Epoch 5/20] step 50/203 (2.3 it/s)
[Epoch 5/20] step 100/203 (2.3 it/s)
[Epoch 5/20] step 150/203 (2.5 it/s)
[Epoch 5/20] step 200/203 (2.5 it/s)
00:05:36 | INFO  | trainer_inf~| \n+----------------------------+------------------------+
|           Metric           |         Value          |
+----------------------------+------------------------+
|          [0;34;40mfit/loss[0m          |   [0;32;40m0.3009251654148102[0m   |
|       [0;34;40mfit/pred_loss[0m        |  [0;32;40m0.015304694883525372[0m  |
|       [0;34;40mfit/probe_loss[0m       |  [0;32;40m0.18210485577583313[0m   |
|      [0;34;40mfit/sigreg_loss[0m       |       [0;32;40m1.1484375[0m        |
|    [0;34;40mhardware/cpu_percent[0m    |          [0;32;40m56.0[0m          |
|  [0;34;40mhardware/disk_read_mb_s[0m   | [0;32;40m0.00039053463842719793[0m |
|  [0;34;40mhardware/disk_write_mb_s[0m  |   [0;32;40m40.95575714111328[0m    |
|   [0;34;40mhardware/net_recv_mb_s[0m   |  [0;32;40m0.01055301632732153[0m   |
|   [0;34;40mhardware/net_sent_mb_s[0m   |  [0;32;40m0.04987058416008949[0m   |
|    [0;34;40mhardware/ram_used_gb[0m    |   [0;32;40m338.0334167480469[0m    |
|   [0;34;40mhardware/ram_used_pct[0m    |   [0;32;40m33.599998474121094[0m   |
|    [0;34;40mhparams/lr_default_0[0m    | [0;32;40m4.0133647416951135e-05[0m |
|       [0;34;40mvalidate/loss[0m        |   [0;32;40m0.362458199262619[0m    |
|    [0;34;40mvalidate/loss_epoch[0m     |   [0;32;40m0.362458199262619[0m    |
|     [0;34;40mvalidate/pred_loss[0m     |  [0;32;40m0.013412422500550747[0m  |
|  [0;34;40mvalidate/pred_loss_epoch[0m  |  [0;32;40m0.013412422500550747[0m  |
|    [0;34;40mvalidate/probe_loss[0m     |   [0;32;40m0.1780015528202057[0m   |
| [0;34;40mvalidate/probe_loss_epoch[0m  |   [0;32;40m0.1780015528202057[0m   |
|    [0;34;40mvalidate/sigreg_loss[0m    |   [0;32;40m1.900229573249817[0m    |
| [0;34;40mvalidate/sigreg_loss_epoch[0m |   [0;32;40m1.900229573249817[0m    |
+----------------------------+------------------------+
[Epoch 5/20] done in 89.8s
00:05:36 | INFO  | checkpoint_~|   Checking for non PyTorch modules to save
00:05:36 | INFO  | atomic_chec~| [atomic_save] → /data1/likun-share/junjxu/.cache_stable-pretraining/runs/20260607/235548/a0d450531042/checkpoints/epoch=5-step=1218.ckpt
00:05:37 | INFO  | atomic_chec~| [atomic_save] ✓ epoch=5-step=1218.ckpt saved (206.8 MiB, serialise=0.51s write=0.24s rename=0.0ms)
00:05:37 | INFO  | checkpoint_~|   Checking for non PyTorch modules to save
00:05:37 | INFO  | atomic_chec~| [atomic_save] → /data1/likun-share/junjxu/.cache_stable-pretraining/runs/20260607/235548/a0d450531042/checkpoints/last.ckpt
00:05:38 | INFO  | atomic_chec~| [atomic_save] ✓ last.ckpt saved (206.8 MiB, serialise=0.36s write=0.23s rename=50.6ms)
[Epoch 6/20] step 50/203 (2.0 it/s)
[Epoch 6/20] step 100/203 (2.3 it/s)
[Epoch 6/20] step 150/203 (2.5 it/s)
[Epoch 6/20] step 200/203 (2.5 it/s)
00:07:10 | INFO  | trainer_inf~| \n+----------------------------+-----------------------+
|           Metric           |         Value         |
+----------------------------+-----------------------+
|          [0;34;40mfit/loss[0m          |   [0;32;40m0.2905550003051758[0m  |
|       [0;34;40mfit/pred_loss[0m        |  [0;32;40m0.01756978966295719[0m  |
|       [0;34;40mfit/probe_loss[0m       |  [0;32;40m0.17581725120544434[0m  |
|      [0;34;40mfit/sigreg_loss[0m       |        [0;32;40m1.078125[0m       |
|    [0;34;40mhardware/cpu_percent[0m    |          [0;32;40m56.5[0m         |
|  [0;34;40mhardware/disk_read_mb_s[0m   | [0;32;40m0.0003905325138475746[0m |
|  [0;34;40mhardware/disk_write_mb_s[0m  |   [0;32;40m84.00862121582031[0m   |
|   [0;34;40mhardware/net_recv_mb_s[0m   |   [0;32;40m0.0371294766664505[0m  |
|   [0;34;40mhardware/net_sent_mb_s[0m   |  [0;32;40m0.07834972441196442[0m  |
|    [0;34;40mhardware/ram_used_gb[0m    |   [0;32;40m336.7643737792969[0m   |
|   [0;34;40mhardware/ram_used_pct[0m    |   [0;32;40m33.400001525878906[0m  |
|    [0;34;40mhparams/lr_default_0[0m    | [0;32;40m3.679999281303026e-05[0m |
|       [0;34;40mvalidate/loss[0m        |   [0;32;40m0.3805582523345947[0m  |
|    [0;34;40mvalidate/loss_epoch[0m     |   [0;32;40m0.3805582523345947[0m  |
|     [0;34;40mvalidate/pred_loss[0m     |  [0;32;40m0.01521588396281004[0m  |
|  [0;34;40mvalidate/pred_loss_epoch[0m  |  [0;32;40m0.01521588396281004[0m  |
|    [0;34;40mvalidate/probe_loss[0m     |  [0;32;40m0.18197934329509735[0m  |
| [0;34;40mvalidate/probe_loss_epoch[0m  |  [0;32;40m0.18197934329509735[0m  |
|    [0;34;40mvalidate/sigreg_loss[0m    |   [0;32;40m2.0368714332580566[0m  |
| [0;34;40mvalidate/sigreg_loss_epoch[0m |   [0;32;40m2.0368714332580566[0m  |
+----------------------------+-----------------------+
[Epoch 6/20] done in 91.8s
00:07:10 | INFO  | checkpoint_~|   Checking for non PyTorch modules to save
00:07:10 | INFO  | atomic_chec~| [atomic_save] → /data1/likun-share/junjxu/.cache_stable-pretraining/runs/20260607/235548/a0d450531042/checkpoints/epoch=6-step=1421.ckpt
00:07:10 | INFO  | atomic_chec~| [atomic_save] ✓ epoch=6-step=1421.ckpt saved (206.8 MiB, serialise=0.33s write=0.23s rename=0.1ms)
00:07:10 | INFO  | checkpoint_~|   Checking for non PyTorch modules to save
00:07:10 | INFO  | atomic_chec~| [atomic_save] → /data1/likun-share/junjxu/.cache_stable-pretraining/runs/20260607/235548/a0d450531042/checkpoints/last.ckpt
00:07:12 | INFO  | atomic_chec~| [atomic_save] ✓ last.ckpt saved (206.8 MiB, serialise=1.06s write=0.30s rename=56.9ms)
[Epoch 7/20] step 50/203 (2.2 it/s)
[Epoch 7/20] step 100/203 (2.2 it/s)
[Epoch 7/20] step 150/203 (2.4 it/s)
[Epoch 7/20] step 200/203 (2.5 it/s)
00:08:43 | INFO  | trainer_inf~| \n+----------------------------+-----------------------+
|           Metric           |         Value         |
+----------------------------+-----------------------+
|          [0;34;40mfit/loss[0m          |   [0;32;40m0.3220731317996979[0m  |
|       [0;34;40mfit/pred_loss[0m        |  [0;32;40m0.01703936979174614[0m  |
|       [0;34;40mfit/probe_loss[0m       |  [0;32;40m0.20151813328266144[0m  |
|      [0;34;40mfit/sigreg_loss[0m       |       [0;32;40m1.1484375[0m       |
|    [0;34;40mhardware/cpu_percent[0m    |          [0;32;40m56.0[0m         |
|  [0;34;40mhardware/disk_read_mb_s[0m   |          [0;32;40m0.0[0m          |
|  [0;34;40mhardware/disk_write_mb_s[0m  |   [0;32;40m87.41075134277344[0m   |
|   [0;34;40mhardware/net_recv_mb_s[0m   |  [0;32;40m0.05574770271778107[0m  |
|   [0;34;40mhardware/net_sent_mb_s[0m   |   [0;32;40m0.0837119072675705[0m  |
|    [0;34;40mhardware/ram_used_gb[0m    |      [0;32;40m338.49609375[0m     |
|   [0;34;40mhardware/ram_used_pct[0m    |   [0;32;40m33.599998474121094[0m  |
|    [0;34;40mhparams/lr_default_0[0m    | [0;32;40m3.316998481750488e-05[0m |
|       [0;34;40mvalidate/loss[0m        |  [0;32;40m0.34010228514671326[0m  |
|    [0;34;40mvalidate/loss_epoch[0m     |  [0;32;40m0.34010228514671326[0m  |
|     [0;34;40mvalidate/pred_loss[0m     |  [0;32;40m0.012611125595867634[0m |
|  [0;34;40mvalidate/pred_loss_epoch[0m  |  [0;32;40m0.012611125595867634[0m |
|    [0;34;40mvalidate/probe_loss[0m     |  [0;32;40m0.16556233167648315[0m  |
| [0;34;40mvalidate/probe_loss_epoch[0m  |  [0;32;40m0.16556233167648315[0m  |
|    [0;34;40mvalidate/sigreg_loss[0m    |   [0;32;40m1.7994674444198608[0m  |
| [0;34;40mvalidate/sigreg_loss_epoch[0m |   [0;32;40m1.7994674444198608[0m  |
+----------------------------+-----------------------+
[Epoch 7/20] done in 91.7s
00:08:43 | INFO  | checkpoint_~|   Checking for non PyTorch modules to save
00:08:43 | INFO  | atomic_chec~| [atomic_save] → /data1/likun-share/junjxu/.cache_stable-pretraining/runs/20260607/235548/a0d450531042/checkpoints/epoch=7-step=1624.ckpt
00:08:44 | INFO  | atomic_chec~| [atomic_save] ✓ epoch=7-step=1624.ckpt saved (206.8 MiB, serialise=0.33s write=0.25s rename=0.1ms)
00:08:44 | INFO  | checkpoint_~|   Checking for non PyTorch modules to save
00:08:44 | INFO  | atomic_chec~| [atomic_save] → /data1/likun-share/junjxu/.cache_stable-pretraining/runs/20260607/235548/a0d450531042/checkpoints/last.ckpt
00:08:45 | INFO  | atomic_chec~| [atomic_save] ✓ last.ckpt saved (206.8 MiB, serialise=0.37s write=0.22s rename=33.6ms)
[Epoch 8/20] step 50/203 (2.2 it/s)
[Epoch 8/20] step 100/203 (2.3 it/s)
[Epoch 8/20] step 150/203 (2.5 it/s)
[Epoch 8/20] step 200/203 (2.5 it/s)
00:10:17 | INFO  | trainer_inf~| \n+----------------------------+------------------------+
|           Metric           |         Value          |
+----------------------------+------------------------+
|          [0;34;40mfit/loss[0m          |   [0;32;40m0.2705707848072052[0m   |
|       [0;34;40mfit/pred_loss[0m        |  [0;32;40m0.01403367891907692[0m   |
|       [0;34;40mfit/probe_loss[0m       |  [0;32;40m0.16278710961341858[0m   |
|      [0;34;40mfit/sigreg_loss[0m       |       [0;32;40m1.0390625[0m        |
|    [0;34;40mhardware/cpu_percent[0m    |   [0;32;40m57.70000076293945[0m    |
|  [0;34;40mhardware/disk_read_mb_s[0m   |          [0;32;40m0.0[0m           |
|  [0;34;40mhardware/disk_write_mb_s[0m  |   [0;32;40m107.5767822265625[0m    |
|   [0;34;40mhardware/net_recv_mb_s[0m   |  [0;32;40m0.07740526646375656[0m   |
|   [0;34;40mhardware/net_sent_mb_s[0m   |  [0;32;40m0.11274125427007675[0m   |
|    [0;34;40mhardware/ram_used_gb[0m    |   [0;32;40m337.0564880371094[0m    |
|   [0;34;40mhardware/ram_used_pct[0m    |          [0;32;40m33.5[0m          |
|    [0;34;40mhparams/lr_default_0[0m    | [0;32;40m2.9334791179280728e-05[0m |
|       [0;34;40mvalidate/loss[0m        |   [0;32;40m0.336777925491333[0m    |
|    [0;34;40mvalidate/loss_epoch[0m     |   [0;32;40m0.336777925491333[0m    |
|     [0;34;40mvalidate/pred_loss[0m     |  [0;32;40m0.012166106142103672[0m  |
|  [0;34;40mvalidate/pred_loss_epoch[0m  |  [0;32;40m0.012166106142103672[0m  |
|    [0;34;40mvalidate/probe_loss[0m     |   [0;32;40m0.1662674993276596[0m   |
| [0;34;40mvalidate/probe_loss_epoch[0m  |   [0;32;40m0.1662674993276596[0m   |
|    [0;34;40mvalidate/sigreg_loss[0m    |   [0;32;40m1.7586344480514526[0m   |
| [0;34;40mvalidate/sigreg_loss_epoch[0m |   [0;32;40m1.7586344480514526[0m   |
+----------------------------+------------------------+
[Epoch 8/20] done in 92.8s
00:10:18 | INFO  | checkpoint_~|   Checking for non PyTorch modules to save
00:10:18 | INFO  | atomic_chec~| [atomic_save] → /data1/likun-share/junjxu/.cache_stable-pretraining/runs/20260607/235548/a0d450531042/checkpoints/epoch=8-step=1827.ckpt
00:10:18 | INFO  | atomic_chec~| [atomic_save] ✓ epoch=8-step=1827.ckpt saved (206.8 MiB, serialise=0.42s write=0.29s rename=0.1ms)
00:10:18 | INFO  | checkpoint_~|   Checking for non PyTorch modules to save
00:10:18 | INFO  | atomic_chec~| [atomic_save] → /data1/likun-share/junjxu/.cache_stable-pretraining/runs/20260607/235548/a0d450531042/checkpoints/last.ckpt
00:10:19 | INFO  | atomic_chec~| [atomic_save] ✓ last.ckpt saved (206.8 MiB, serialise=0.41s write=0.27s rename=40.1ms)
[Epoch 9/20] step 50/203 (2.4 it/s)
[Epoch 9/20] step 100/203 (2.5 it/s)
[Epoch 9/20] step 150/203 (2.6 it/s)
[Epoch 9/20] step 200/203 (2.6 it/s)
00:11:47 | INFO  | trainer_inf~| \n+----------------------------+-----------------------+
|           Metric           |         Value         |
+----------------------------+-----------------------+
|          [0;34;40mfit/loss[0m          |   [0;32;40m0.2500261068344116[0m  |
|       [0;34;40mfit/pred_loss[0m        |  [0;32;40m0.013300550170242786[0m |
|       [0;34;40mfit/probe_loss[0m       |  [0;32;40m0.14932319521903992[0m  |
|      [0;34;40mfit/sigreg_loss[0m       |       [0;32;40m0.97265625[0m      |
|    [0;34;40mhardware/cpu_percent[0m    |   [0;32;40m57.900001525878906[0m  |
|  [0;34;40mhardware/disk_read_mb_s[0m   |          [0;32;40m0.0[0m          |
|  [0;34;40mhardware/disk_write_mb_s[0m  |   [0;32;40m42.53549575805664[0m   |
|   [0;34;40mhardware/net_recv_mb_s[0m   |  [0;32;40m0.011866582557559013[0m |
|   [0;34;40mhardware/net_sent_mb_s[0m   |  [0;32;40m0.014371152967214584[0m |
|    [0;34;40mhardware/ram_used_gb[0m    |   [0;32;40m338.1096496582031[0m   |
|   [0;34;40mhardware/ram_used_pct[0m    |   [0;32;40m33.599998474121094[0m  |
|    [0;34;40mhparams/lr_default_0[0m    | [0;32;40m2.539072920626495e-05[0m |
|       [0;34;40mvalidate/loss[0m        |   [0;32;40m0.3124186396598816[0m  |
|    [0;34;40mvalidate/loss_epoch[0m     |   [0;32;40m0.3124186396598816[0m  |
|     [0;34;40mvalidate/pred_loss[0m     |  [0;32;40m0.01197226345539093[0m  |
|  [0;34;40mvalidate/pred_loss_epoch[0m  |  [0;32;40m0.01197226345539093[0m  |
|    [0;34;40mvalidate/probe_loss[0m     |  [0;32;40m0.15411463379859924[0m  |
| [0;34;40mvalidate/probe_loss_epoch[0m  |  [0;32;40m0.15411463379859924[0m  |
|    [0;34;40mvalidate/sigreg_loss[0m    |   [0;32;40m1.6255228519439697[0m  |
| [0;34;40mvalidate/sigreg_loss_epoch[0m |   [0;32;40m1.6255228519439697[0m  |
+----------------------------+-----------------------+
[Epoch 9/20] done in 88.5s
00:11:48 | INFO  | checkpoint_~|   Checking for non PyTorch modules to save
00:11:48 | INFO  | atomic_chec~| [atomic_save] → /data1/likun-share/junjxu/.cache_stable-pretraining/runs/20260607/235548/a0d450531042/checkpoints/epoch=9-step=2030.ckpt
00:11:48 | INFO  | atomic_chec~| [atomic_save] ✓ epoch=9-step=2030.ckpt saved (206.8 MiB, serialise=0.40s write=0.25s rename=0.1ms)
00:11:48 | INFO  | checkpoint_~|   Checking for non PyTorch modules to save
00:11:48 | INFO  | atomic_chec~| [atomic_save] → /data1/likun-share/junjxu/.cache_stable-pretraining/runs/20260607/235548/a0d450531042/checkpoints/last.ckpt
00:11:49 | INFO  | atomic_chec~| [atomic_save] ✓ last.ckpt saved (206.8 MiB, serialise=0.33s write=0.22s rename=60.0ms)
[Epoch 10/20] step 50/203 (2.3 it/s)
[Epoch 10/20] step 100/203 (2.2 it/s)
[Epoch 10/20] step 150/203 (2.4 it/s)
[Epoch 10/20] step 200/203 (2.4 it/s)
00:13:23 | INFO  | trainer_inf~| \n+----------------------------+------------------------+
|           Metric           |         Value          |
+----------------------------+------------------------+
|          [0;34;40mfit/loss[0m          |  [0;32;40m0.22915774583816528[0m   |
|       [0;34;40mfit/pred_loss[0m        |  [0;32;40m0.014785696752369404[0m  |
|       [0;34;40mfit/probe_loss[0m       |  [0;32;40m0.13038766384124756[0m   |
|      [0;34;40mfit/sigreg_loss[0m       |       [0;32;40m0.93359375[0m       |
|    [0;34;40mhardware/cpu_percent[0m    |          [0;32;40m54.5[0m          |
|  [0;34;40mhardware/disk_read_mb_s[0m   |          [0;32;40m0.0[0m           |
|  [0;34;40mhardware/disk_write_mb_s[0m  |   [0;32;40m84.12086486816406[0m    |
|   [0;34;40mhardware/net_recv_mb_s[0m   |  [0;32;40m0.02333715371787548[0m   |
|   [0;34;40mhardware/net_sent_mb_s[0m   |  [0;32;40m0.05641861632466316[0m   |
|    [0;34;40mhardware/ram_used_gb[0m    |   [0;32;40m342.1714782714844[0m    |
|   [0;34;40mhardware/ram_used_pct[0m    |          [0;32;40m34.0[0m          |
|    [0;34;40mhparams/lr_default_0[0m    | [0;32;40m2.1436855604406446e-05[0m |
|       [0;34;40mvalidate/loss[0m        |  [0;32;40m0.31554827094078064[0m   |
|    [0;34;40mvalidate/loss_epoch[0m     |  [0;32;40m0.31554827094078064[0m   |
|     [0;34;40mvalidate/pred_loss[0m     |  [0;32;40m0.012712504714727402[0m  |
|  [0;34;40mvalidate/pred_loss_epoch[0m  |  [0;32;40m0.012712504714727402[0m  |
|    [0;34;40mvalidate/probe_loss[0m     |  [0;32;40m0.14795848727226257[0m   |
| [0;34;40mvalidate/probe_loss_epoch[0m  |  [0;32;40m0.14795848727226257[0m   |
|    [0;34;40mvalidate/sigreg_loss[0m    |   [0;32;40m1.7209975719451904[0m   |
| [0;34;40mvalidate/sigreg_loss_epoch[0m |   [0;32;40m1.7209975719451904[0m   |
+----------------------------+------------------------+
[Epoch 10/20] done in 94.2s
00:13:23 | INFO  | checkpoint_~|   Checking for non PyTorch modules to save
00:13:23 | INFO  | atomic_chec~| [atomic_save] → /data1/likun-share/junjxu/.cache_stable-pretraining/runs/20260607/235548/a0d450531042/checkpoints/epoch=10-step=2233.ckpt
00:13:24 | INFO  | atomic_chec~| [atomic_save] ✓ epoch=10-step=2233.ckpt saved (206.8 MiB, serialise=0.33s write=0.24s rename=0.1ms)
00:13:24 | INFO  | checkpoint_~|   Checking for non PyTorch modules to save
00:13:24 | INFO  | atomic_chec~| [atomic_save] → /data1/likun-share/junjxu/.cache_stable-pretraining/runs/20260607/235548/a0d450531042/checkpoints/last.ckpt
00:13:25 | INFO  | atomic_chec~| [atomic_save] ✓ last.ckpt saved (206.8 MiB, serialise=0.43s write=0.24s rename=26.6ms)
[Epoch 11/20] step 50/203 (2.1 it/s)
[Epoch 11/20] step 100/203 (2.3 it/s)
[Epoch 11/20] step 150/203 (2.3 it/s)
[Epoch 11/20] step 200/203 (2.3 it/s)
00:15:02 | INFO  | trainer_inf~| \n+----------------------------+-----------------------+
|           Metric           |         Value         |
+----------------------------+-----------------------+
|          [0;34;40mfit/loss[0m          |   [0;32;40m0.2992708384990692[0m  |
|       [0;34;40mfit/pred_loss[0m        |  [0;32;40m0.013344026170670986[0m |
|       [0;34;40mfit/probe_loss[0m       |  [0;32;40m0.20291900634765625[0m  |
|      [0;34;40mfit/sigreg_loss[0m       |        [0;32;40m0.921875[0m       |
|    [0;34;40mhardware/cpu_percent[0m    |   [0;32;40m52.79999923706055[0m   |
|  [0;34;40mhardware/disk_read_mb_s[0m   |          [0;32;40m0.0[0m          |
|  [0;34;40mhardware/disk_write_mb_s[0m  |   [0;32;40m126.14671325683594[0m  |
|   [0;34;40mhardware/net_recv_mb_s[0m   |  [0;32;40m0.06284084916114807[0m  |
|   [0;34;40mhardware/net_sent_mb_s[0m   |  [0;32;40m0.12911735475063324[0m  |
|    [0;34;40mhardware/ram_used_gb[0m    |   [0;32;40m341.54876708984375[0m  |
|   [0;34;40mhardware/ram_used_pct[0m    |   [0;32;40m33.900001525878906[0m  |
|    [0;34;40mhparams/lr_default_0[0m    | [0;32;40m1.757246718625538e-05[0m |
|       [0;34;40mvalidate/loss[0m        |  [0;32;40m0.29379984736442566[0m  |
|    [0;34;40mvalidate/loss_epoch[0m     |  [0;32;40m0.29379984736442566[0m  |
|     [0;34;40mvalidate/pred_loss[0m     |  [0;32;40m0.01137807872146368[0m  |
|  [0;34;40mvalidate/pred_loss_epoch[0m  |  [0;32;40m0.01137807872146368[0m  |
|    [0;34;40mvalidate/probe_loss[0m     |   [0;32;40m0.1410597264766693[0m  |
| [0;34;40mvalidate/probe_loss_epoch[0m  |   [0;32;40m0.1410597264766693[0m  |
|    [0;34;40mvalidate/sigreg_loss[0m    |   [0;32;40m1.5700510740280151[0m  |
| [0;34;40mvalidate/sigreg_loss_epoch[0m |   [0;32;40m1.5700510740280151[0m  |
+----------------------------+-----------------------+
[Epoch 11/20] done in 97.6s
00:15:02 | INFO  | checkpoint_~|   Checking for non PyTorch modules to save
00:15:02 | INFO  | atomic_chec~| [atomic_save] → /data1/likun-share/junjxu/.cache_stable-pretraining/runs/20260607/235548/a0d450531042/checkpoints/epoch=11-step=2436.ckpt
00:15:03 | INFO  | atomic_chec~| [atomic_save] ✓ epoch=11-step=2436.ckpt saved (206.8 MiB, serialise=0.45s write=0.27s rename=0.1ms)
00:15:03 | INFO  | checkpoint_~|   Checking for non PyTorch modules to save
00:15:03 | INFO  | atomic_chec~| [atomic_save] → /data1/likun-share/junjxu/.cache_stable-pretraining/runs/20260607/235548/a0d450531042/checkpoints/last.ckpt
00:15:04 | INFO  | atomic_chec~| [atomic_save] ✓ last.ckpt saved (206.8 MiB, serialise=0.44s write=0.27s rename=44.6ms)
[Epoch 12/20] step 50/203 (2.2 it/s)
[Epoch 12/20] step 100/203 (2.4 it/s)
[Epoch 12/20] step 150/203 (2.5 it/s)
[Epoch 12/20] step 200/203 (2.6 it/s)
00:16:34 | INFO  | trainer_inf~| \n+----------------------------+------------------------+
|           Metric           |         Value          |
+----------------------------+------------------------+
|          [0;34;40mfit/loss[0m          |   [0;32;40m0.244059219956398[0m    |
|       [0;34;40mfit/pred_loss[0m        |  [0;32;40m0.014715645462274551[0m  |
|       [0;34;40mfit/probe_loss[0m       |  [0;32;40m0.14145295321941376[0m   |
|      [0;34;40mfit/sigreg_loss[0m       |       [0;32;40m0.9765625[0m        |
|    [0;34;40mhardware/cpu_percent[0m    |   [0;32;40m57.900001525878906[0m   |
|  [0;34;40mhardware/disk_read_mb_s[0m   |          [0;32;40m0.0[0m           |
|  [0;34;40mhardware/disk_write_mb_s[0m  |   [0;32;40m83.77579498291016[0m    |
|   [0;34;40mhardware/net_recv_mb_s[0m   |  [0;32;40m0.12217292934656143[0m   |
|   [0;34;40mhardware/net_sent_mb_s[0m   |  [0;32;40m0.22547242045402527[0m   |
|    [0;34;40mhardware/ram_used_gb[0m    |   [0;32;40m342.64495849609375[0m   |
|   [0;34;40mhardware/ram_used_pct[0m    |          [0;32;40m34.0[0m          |
|    [0;34;40mhparams/lr_default_0[0m    | [0;32;40m1.3894621588406153e-05[0m |
|       [0;34;40mvalidate/loss[0m        |  [0;32;40m0.28383368253707886[0m   |
|    [0;34;40mvalidate/loss_epoch[0m     |  [0;32;40m0.28383368253707886[0m   |
|     [0;34;40mvalidate/pred_loss[0m     |  [0;32;40m0.01187834981828928[0m   |
|  [0;34;40mvalidate/pred_loss_epoch[0m  |  [0;32;40m0.01187834981828928[0m   |
|    [0;34;40mvalidate/probe_loss[0m     |  [0;32;40m0.13349483907222748[0m   |
| [0;34;40mvalidate/probe_loss_epoch[0m  |  [0;32;40m0.13349483907222748[0m   |
|    [0;34;40mvalidate/sigreg_loss[0m    |   [0;32;40m1.5390732288360596[0m   |
| [0;34;40mvalidate/sigreg_loss_epoch[0m |   [0;32;40m1.5390732288360596[0m   |
+----------------------------+------------------------+
[Epoch 12/20] done in 90.3s
00:16:34 | INFO  | checkpoint_~|   Checking for non PyTorch modules to save
00:16:34 | INFO  | atomic_chec~| [atomic_save] → /data1/likun-share/junjxu/.cache_stable-pretraining/runs/20260607/235548/a0d450531042/checkpoints/epoch=12-step=2639.ckpt
00:16:35 | INFO  | atomic_chec~| [atomic_save] ✓ epoch=12-step=2639.ckpt saved (206.8 MiB, serialise=0.48s write=0.29s rename=0.1ms)
00:16:35 | INFO  | checkpoint_~|   Checking for non PyTorch modules to save
00:16:35 | INFO  | atomic_chec~| [atomic_save] → /data1/likun-share/junjxu/.cache_stable-pretraining/runs/20260607/235548/a0d450531042/checkpoints/last.ckpt
00:16:36 | INFO  | atomic_chec~| [atomic_save] ✓ last.ckpt saved (206.8 MiB, serialise=0.49s write=0.29s rename=48.9ms)
[Epoch 13/20] step 50/203 (2.3 it/s)
[Epoch 13/20] step 100/203 (2.4 it/s)
[Epoch 13/20] step 150/203 (2.5 it/s)
[Epoch 13/20] step 200/203 (2.5 it/s)
00:18:07 | INFO  | trainer_inf~| \n+----------------------------+------------------------+
|           Metric           |         Value          |
+----------------------------+------------------------+
|          [0;34;40mfit/loss[0m          |  [0;32;40m0.26604336500167847[0m   |
|       [0;34;40mfit/pred_loss[0m        |   [0;32;40m0.0143966693431139[0m   |
|       [0;34;40mfit/probe_loss[0m       |  [0;32;40m0.16180293262004852[0m   |
|      [0;34;40mfit/sigreg_loss[0m       |          [0;32;40m1.0[0m           |
|    [0;34;40mhardware/cpu_percent[0m    |          [0;32;40m59.0[0m          |
|  [0;34;40mhardware/disk_read_mb_s[0m   |          [0;32;40m0.0[0m           |
|  [0;34;40mhardware/disk_write_mb_s[0m  |   [0;32;40m91.43019104003906[0m    |
|   [0;34;40mhardware/net_recv_mb_s[0m   |  [0;32;40m0.016791537404060364[0m  |
|   [0;34;40mhardware/net_sent_mb_s[0m   |  [0;32;40m0.058982640504837036[0m  |
|    [0;34;40mhardware/ram_used_gb[0m    |   [0;32;40m343.1734924316406[0m    |
|   [0;34;40mhardware/ram_used_pct[0m    |   [0;32;40m34.099998474121094[0m   |
|    [0;34;40mhparams/lr_default_0[0m    | [0;32;40m1.0495683454792015e-05[0m |
|       [0;34;40mvalidate/loss[0m        |   [0;32;40m0.2787169814109802[0m   |
|    [0;34;40mvalidate/loss_epoch[0m     |   [0;32;40m0.2787169814109802[0m   |
|     [0;34;40mvalidate/pred_loss[0m     |  [0;32;40m0.011665469035506248[0m  |
|  [0;34;40mvalidate/pred_loss_epoch[0m  |  [0;32;40m0.011665469035506248[0m  |
|    [0;34;40mvalidate/probe_loss[0m     |   [0;32;40m0.1281401365995407[0m   |
| [0;34;40mvalidate/probe_loss_epoch[0m  |   [0;32;40m0.1281401365995407[0m   |
|    [0;34;40mvalidate/sigreg_loss[0m    |   [0;32;40m1.5436869859695435[0m   |
| [0;34;40mvalidate/sigreg_loss_epoch[0m |   [0;32;40m1.5436869859695435[0m   |
+----------------------------+------------------------+
[Epoch 13/20] done in 91.9s
00:18:08 | INFO  | checkpoint_~|   Checking for non PyTorch modules to save
00:18:08 | INFO  | atomic_chec~| [atomic_save] → /data1/likun-share/junjxu/.cache_stable-pretraining/runs/20260607/235548/a0d450531042/checkpoints/epoch=13-step=2842.ckpt
00:18:08 | INFO  | atomic_chec~| [atomic_save] ✓ epoch=13-step=2842.ckpt saved (206.8 MiB, serialise=0.50s write=0.25s rename=0.1ms)
00:18:09 | INFO  | checkpoint_~|   Checking for non PyTorch modules to save
00:18:09 | INFO  | atomic_chec~| [atomic_save] → /data1/likun-share/junjxu/.cache_stable-pretraining/runs/20260607/235548/a0d450531042/checkpoints/last.ckpt
00:18:09 | INFO  | atomic_chec~| [atomic_save] ✓ last.ckpt saved (206.8 MiB, serialise=0.34s write=0.23s rename=30.7ms)
[Epoch 14/20] step 50/203 (2.2 it/s)
[Epoch 14/20] step 100/203 (2.3 it/s)
[Epoch 14/20] step 150/203 (2.4 it/s)
[Epoch 14/20] step 200/203 (2.5 it/s)
00:19:41 | INFO  | trainer_inf~| \n+----------------------------+-----------------------+
|           Metric           |         Value         |
+----------------------------+-----------------------+
|          [0;34;40mfit/loss[0m          |  [0;32;40m0.23804664611816406[0m  |
|       [0;34;40mfit/pred_loss[0m        |  [0;32;40m0.013150653801858425[0m |
|       [0;34;40mfit/probe_loss[0m       |  [0;32;40m0.13749365508556366[0m  |
|      [0;34;40mfit/sigreg_loss[0m       |       [0;32;40m0.97265625[0m      |
|    [0;34;40mhardware/cpu_percent[0m    |   [0;32;40m59.20000076293945[0m   |
|  [0;34;40mhardware/disk_read_mb_s[0m   |          [0;32;40m0.0[0m          |
|  [0;34;40mhardware/disk_write_mb_s[0m  |   [0;32;40m87.12115478515625[0m   |
|   [0;34;40mhardware/net_recv_mb_s[0m   |  [0;32;40m0.08054913580417633[0m  |
|   [0;34;40mhardware/net_sent_mb_s[0m   |   [0;32;40m0.1576693058013916[0m  |
|    [0;34;40mhardware/ram_used_gb[0m    |   [0;32;40m342.4559020996094[0m   |
|   [0;34;40mhardware/ram_used_pct[0m    |          [0;32;40m34.0[0m         |
|    [0;34;40mhparams/lr_default_0[0m    | [0;32;40m7.461018412868725e-06[0m |
|       [0;34;40mvalidate/loss[0m        |  [0;32;40m0.27569684386253357[0m  |
|    [0;34;40mvalidate/loss_epoch[0m     |  [0;32;40m0.27569684386253357[0m  |
|     [0;34;40mvalidate/pred_loss[0m     |  [0;32;40m0.01129340659826994[0m  |
|  [0;34;40mvalidate/pred_loss_epoch[0m  |  [0;32;40m0.01129340659826994[0m  |
|    [0;34;40mvalidate/probe_loss[0m     |   [0;32;40m0.1250608265399933[0m  |
| [0;34;40mvalidate/probe_loss_epoch[0m  |   [0;32;40m0.1250608265399933[0m  |
|    [0;34;40mvalidate/sigreg_loss[0m    |   [0;32;40m1.5485161542892456[0m  |
| [0;34;40mvalidate/sigreg_loss_epoch[0m |   [0;32;40m1.5485161542892456[0m  |
+----------------------------+-----------------------+
[Epoch 14/20] done in 92.2s
00:19:41 | INFO  | checkpoint_~|   Checking for non PyTorch modules to save
00:19:41 | INFO  | atomic_chec~| [atomic_save] → /data1/likun-share/junjxu/.cache_stable-pretraining/runs/20260607/235548/a0d450531042/checkpoints/epoch=14-step=3045.ckpt
00:19:42 | INFO  | atomic_chec~| [atomic_save] ✓ epoch=14-step=3045.ckpt saved (206.8 MiB, serialise=0.37s write=0.26s rename=0.1ms)
00:19:42 | INFO  | checkpoint_~|   Checking for non PyTorch modules to save
00:19:42 | INFO  | atomic_chec~| [atomic_save] → /data1/likun-share/junjxu/.cache_stable-pretraining/runs/20260607/235548/a0d450531042/checkpoints/last.ckpt
00:19:43 | INFO  | atomic_chec~| [atomic_save] ✓ last.ckpt saved (206.8 MiB, serialise=0.37s write=0.23s rename=27.1ms)
[Epoch 15/20] step 50/203 (2.1 it/s)
[Epoch 15/20] step 100/203 (2.5 it/s)
[Epoch 15/20] step 150/203 (2.6 it/s)
[Epoch 15/20] step 200/203 (2.6 it/s)
00:21:12 | INFO  | trainer_inf~| \n+----------------------------+-----------------------+
|           Metric           |         Value         |
+----------------------------+-----------------------+
|          [0;34;40mfit/loss[0m          |   [0;32;40m0.2386266440153122[0m  |
|       [0;34;40mfit/pred_loss[0m        |  [0;32;40m0.013255264610052109[0m |
|       [0;34;40mfit/probe_loss[0m       |   [0;32;40m0.1330862194299698[0m  |
|      [0;34;40mfit/sigreg_loss[0m       |       [0;32;40m1.0234375[0m       |
|    [0;34;40mhardware/cpu_percent[0m    |   [0;32;40m58.20000076293945[0m   |
|  [0;34;40mhardware/disk_read_mb_s[0m   |          [0;32;40m0.0[0m          |
|  [0;34;40mhardware/disk_write_mb_s[0m  |   [0;32;40m109.8025894165039[0m   |
|   [0;34;40mhardware/net_recv_mb_s[0m   |  [0;32;40m0.08009732514619827[0m  |
|   [0;34;40mhardware/net_sent_mb_s[0m   |  [0;32;40m0.12238188087940216[0m  |
|    [0;34;40mhardware/ram_used_gb[0m    |    [0;32;40m342.488037109375[0m   |
|   [0;34;40mhardware/ram_used_pct[0m    |          [0;32;40m34.0[0m         |
|    [0;34;40mhparams/lr_default_0[0m    | [0;32;40m4.866839390160749e-06[0m |
|       [0;34;40mvalidate/loss[0m        |  [0;32;40m0.26871058344841003[0m  |
|    [0;34;40mvalidate/loss_epoch[0m     |  [0;32;40m0.26871058344841003[0m  |
|     [0;34;40mvalidate/pred_loss[0m     |  [0;32;40m0.01120864786207676[0m  |
|  [0;34;40mvalidate/pred_loss_epoch[0m  |  [0;32;40m0.01120864786207676[0m  |
|    [0;34;40mvalidate/probe_loss[0m     |   [0;32;40m0.121768519282341[0m   |
| [0;34;40mvalidate/probe_loss_epoch[0m  |   [0;32;40m0.121768519282341[0m   |
|    [0;34;40mvalidate/sigreg_loss[0m    |   [0;32;40m1.5088285207748413[0m  |
| [0;34;40mvalidate/sigreg_loss_epoch[0m |   [0;32;40m1.5088285207748413[0m  |
+----------------------------+-----------------------+
[Epoch 15/20] done in 89.4s
00:21:12 | INFO  | checkpoint_~|   Checking for non PyTorch modules to save
00:21:12 | INFO  | atomic_chec~| [atomic_save] → /data1/likun-share/junjxu/.cache_stable-pretraining/runs/20260607/235548/a0d450531042/checkpoints/epoch=15-step=3248.ckpt
00:21:13 | INFO  | atomic_chec~| [atomic_save] ✓ epoch=15-step=3248.ckpt saved (206.8 MiB, serialise=0.50s write=0.27s rename=0.1ms)
00:21:13 | INFO  | checkpoint_~|   Checking for non PyTorch modules to save
00:21:13 | INFO  | atomic_chec~| [atomic_save] → /data1/likun-share/junjxu/.cache_stable-pretraining/runs/20260607/235548/a0d450531042/checkpoints/last.ckpt
00:21:14 | INFO  | atomic_chec~| [atomic_save] ✓ last.ckpt saved (206.8 MiB, serialise=0.51s write=0.33s rename=41.3ms)
[Epoch 16/20] step 50/203 (2.1 it/s)
[Epoch 16/20] step 100/203 (2.2 it/s)
[Epoch 16/20] step 150/203 (2.2 it/s)
[Epoch 16/20] step 200/203 (2.3 it/s)
00:22:49 | INFO  | trainer_inf~| \n+----------------------------+------------------------+
|           Metric           |         Value          |
+----------------------------+------------------------+
|          [0;34;40mfit/loss[0m          |  [0;32;40m0.24493718147277832[0m   |
|       [0;34;40mfit/pred_loss[0m        |  [0;32;40m0.014434446580708027[0m  |
|       [0;34;40mfit/probe_loss[0m       |  [0;32;40m0.14505350589752197[0m   |
|      [0;34;40mfit/sigreg_loss[0m       |       [0;32;40m0.94921875[0m       |
|    [0;34;40mhardware/cpu_percent[0m    |   [0;32;40m57.20000076293945[0m    |
|  [0;34;40mhardware/disk_read_mb_s[0m   |          [0;32;40m0.0[0m           |
|  [0;34;40mhardware/disk_write_mb_s[0m  |   [0;32;40m49.492095947265625[0m   |
|   [0;34;40mhardware/net_recv_mb_s[0m   |  [0;32;40m0.025037437677383423[0m  |
|   [0;34;40mhardware/net_sent_mb_s[0m   |  [0;32;40m0.030412966385483742[0m  |
|    [0;34;40mhardware/ram_used_gb[0m    |   [0;32;40m342.7251892089844[0m    |
|   [0;34;40mhardware/ram_used_pct[0m    |          [0;32;40m34.0[0m          |
|    [0;34;40mhparams/lr_default_0[0m    | [0;32;40m2.7783000859926688e-06[0m |
|       [0;34;40mvalidate/loss[0m        |   [0;32;40m0.2622956335544586[0m   |
|    [0;34;40mvalidate/loss_epoch[0m     |   [0;32;40m0.2622956335544586[0m   |
|     [0;34;40mvalidate/pred_loss[0m     |  [0;32;40m0.01124303787946701[0m   |
|  [0;34;40mvalidate/pred_loss_epoch[0m  |  [0;32;40m0.01124303787946701[0m   |
|    [0;34;40mvalidate/probe_loss[0m     |  [0;32;40m0.11786077171564102[0m   |
| [0;34;40mvalidate/probe_loss_epoch[0m  |  [0;32;40m0.11786077171564102[0m   |
|    [0;34;40mvalidate/sigreg_loss[0m    |   [0;32;40m1.479303240776062[0m    |
| [0;34;40mvalidate/sigreg_loss_epoch[0m |   [0;32;40m1.479303240776062[0m    |
+----------------------------+------------------------+
[Epoch 16/20] done in 95.8s
00:22:50 | INFO  | checkpoint_~|   Checking for non PyTorch modules to save
00:22:50 | INFO  | atomic_chec~| [atomic_save] → /data1/likun-share/junjxu/.cache_stable-pretraining/runs/20260607/235548/a0d450531042/checkpoints/epoch=16-step=3451.ckpt
00:22:50 | INFO  | atomic_chec~| [atomic_save] ✓ epoch=16-step=3451.ckpt saved (206.8 MiB, serialise=0.38s write=0.24s rename=0.1ms)
00:22:50 | INFO  | checkpoint_~|   Checking for non PyTorch modules to save
00:22:50 | INFO  | atomic_chec~| [atomic_save] → /data1/likun-share/junjxu/.cache_stable-pretraining/runs/20260607/235548/a0d450531042/checkpoints/last.ckpt
00:22:51 | INFO  | atomic_chec~| [atomic_save] ✓ last.ckpt saved (206.8 MiB, serialise=0.34s write=0.23s rename=26.7ms)
[Epoch 17/20] step 50/203 (2.4 it/s)
[Epoch 17/20] step 100/203 (2.6 it/s)
[Epoch 17/20] step 150/203 (2.5 it/s)
[Epoch 17/20] step 200/203 (2.5 it/s)
00:24:24 | INFO  | trainer_inf~| \n+----------------------------+-----------------------+
|           Metric           |         Value         |
+----------------------------+-----------------------+
|          [0;34;40mfit/loss[0m          |  [0;32;40m0.20931467413902283[0m  |
|       [0;34;40mfit/pred_loss[0m        |  [0;32;40m0.012638986110687256[0m |
|       [0;34;40mfit/probe_loss[0m       |  [0;32;40m0.10780849307775497[0m  |
|      [0;34;40mfit/sigreg_loss[0m       |       [0;32;40m0.98828125[0m      |
|    [0;34;40mhardware/cpu_percent[0m    |   [0;32;40m54.70000076293945[0m   |
|  [0;34;40mhardware/disk_read_mb_s[0m   |          [0;32;40m0.0[0m          |
|  [0;34;40mhardware/disk_write_mb_s[0m  |   [0;32;40m106.69425201416016[0m  |
|   [0;34;40mhardware/net_recv_mb_s[0m   |  [0;32;40m0.03614324703812599[0m  |
|   [0;34;40mhardware/net_sent_mb_s[0m   |  [0;32;40m0.06876619905233383[0m  |
|    [0;34;40mhardware/ram_used_gb[0m    |   [0;32;40m342.4234924316406[0m   |
|   [0;34;40mhardware/ram_used_pct[0m    |          [0;32;40m34.0[0m         |
|    [0;34;40mhparams/lr_default_0[0m    | [0;32;40m1.247852651431458e-06[0m |
|       [0;34;40mvalidate/loss[0m        |   [0;32;40m0.2608826458454132[0m  |
|    [0;34;40mvalidate/loss_epoch[0m     |   [0;32;40m0.2608826458454132[0m  |
|     [0;34;40mvalidate/pred_loss[0m     |  [0;32;40m0.011195600964128971[0m |
|  [0;34;40mvalidate/pred_loss_epoch[0m  |  [0;32;40m0.011195600964128971[0m |
|    [0;34;40mvalidate/probe_loss[0m     |  [0;32;40m0.11705982685089111[0m  |
| [0;34;40mvalidate/probe_loss_epoch[0m  |  [0;32;40m0.11705982685089111[0m  |
|    [0;34;40mvalidate/sigreg_loss[0m    |   [0;32;40m1.473821759223938[0m   |
| [0;34;40mvalidate/sigreg_loss_epoch[0m |   [0;32;40m1.473821759223938[0m   |
+----------------------------+-----------------------+
[Epoch 17/20] done in 92.9s
00:24:24 | INFO  | checkpoint_~|   Checking for non PyTorch modules to save
00:24:24 | INFO  | atomic_chec~| [atomic_save] → /data1/likun-share/junjxu/.cache_stable-pretraining/runs/20260607/235548/a0d450531042/checkpoints/epoch=17-step=3654.ckpt
00:24:24 | INFO  | atomic_chec~| [atomic_save] ✓ epoch=17-step=3654.ckpt saved (206.8 MiB, serialise=0.37s write=0.24s rename=0.1ms)
00:24:25 | INFO  | checkpoint_~|   Checking for non PyTorch modules to save
00:24:25 | INFO  | atomic_chec~| [atomic_save] → /data1/likun-share/junjxu/.cache_stable-pretraining/runs/20260607/235548/a0d450531042/checkpoints/last.ckpt
00:24:25 | INFO  | atomic_chec~| [atomic_save] ✓ last.ckpt saved (206.8 MiB, serialise=0.48s write=0.29s rename=52.5ms)
[Epoch 18/20] step 50/203 (2.3 it/s)
[Epoch 18/20] step 100/203 (2.4 it/s)
[Epoch 18/20] step 150/203 (2.5 it/s)
[Epoch 18/20] step 200/203 (2.5 it/s)
00:25:57 | INFO  | trainer_inf~| \n+----------------------------+------------------------+
|           Metric           |         Value          |
+----------------------------+------------------------+
|          [0;34;40mfit/loss[0m          |   [0;32;40m0.2040761262178421[0m   |
|       [0;34;40mfit/pred_loss[0m        |  [0;32;40m0.012988326139748096[0m  |
|       [0;34;40mfit/probe_loss[0m       |  [0;32;40m0.10710342228412628[0m   |
|      [0;34;40mfit/sigreg_loss[0m       |       [0;32;40m0.93359375[0m       |
|    [0;34;40mhardware/cpu_percent[0m    |   [0;32;40m57.20000076293945[0m    |
|  [0;34;40mhardware/disk_read_mb_s[0m   |          [0;32;40m0.0[0m           |
|  [0;34;40mhardware/disk_write_mb_s[0m  |   [0;32;40m114.6526107788086[0m    |
|   [0;34;40mhardware/net_recv_mb_s[0m   |  [0;32;40m0.013177811168134212[0m  |
|   [0;34;40mhardware/net_sent_mb_s[0m   |  [0;32;40m0.050410132855176926[0m  |
|    [0;34;40mhardware/ram_used_gb[0m    |   [0;32;40m343.9903564453125[0m    |
|   [0;34;40mhardware/ram_used_pct[0m    |   [0;32;40m34.099998474121094[0m   |
|    [0;34;40mhparams/lr_default_0[0m    | [0;32;40m3.1393423682857247e-07[0m |
|       [0;34;40mvalidate/loss[0m        |   [0;32;40m0.2614040672779083[0m   |
|    [0;34;40mvalidate/loss_epoch[0m     |   [0;32;40m0.2614040672779083[0m   |
|     [0;34;40mvalidate/pred_loss[0m     |  [0;32;40m0.011115018278360367[0m  |
|  [0;34;40mvalidate/pred_loss_epoch[0m  |  [0;32;40m0.011115018278360367[0m  |
|    [0;34;40mvalidate/probe_loss[0m     |   [0;32;40m0.1153421700000763[0m   |
| [0;34;40mvalidate/probe_loss_epoch[0m  |   [0;32;40m0.1153421700000763[0m   |
|    [0;34;40mvalidate/sigreg_loss[0m    |   [0;32;40m1.500018835067749[0m    |
| [0;34;40mvalidate/sigreg_loss_epoch[0m |   [0;32;40m1.500018835067749[0m    |
+----------------------------+------------------------+
[Epoch 18/20] done in 91.7s
00:25:57 | INFO  | checkpoint_~|   Checking for non PyTorch modules to save
00:25:57 | INFO  | atomic_chec~| [atomic_save] → /data1/likun-share/junjxu/.cache_stable-pretraining/runs/20260607/235548/a0d450531042/checkpoints/epoch=18-step=3857.ckpt
00:25:58 | INFO  | atomic_chec~| [atomic_save] ✓ epoch=18-step=3857.ckpt saved (206.8 MiB, serialise=0.33s write=0.23s rename=0.1ms)
00:25:58 | INFO  | checkpoint_~|   Checking for non PyTorch modules to save
00:25:58 | INFO  | atomic_chec~| [atomic_save] → /data1/likun-share/junjxu/.cache_stable-pretraining/runs/20260607/235548/a0d450531042/checkpoints/last.ckpt
00:25:59 | INFO  | atomic_chec~| [atomic_save] ✓ last.ckpt saved (206.8 MiB, serialise=0.48s write=0.28s rename=49.4ms)
[Epoch 19/20] step 50/203 (2.4 it/s)
[Epoch 19/20] step 100/203 (2.6 it/s)
[Epoch 19/20] step 150/203 (2.6 it/s)
[Epoch 19/20] step 200/203 (2.7 it/s)
00:27:22 | INFO  | trainer_inf~| \n+----------------------------+----------------------+
|           Metric           |        Value         |
+----------------------------+----------------------+
|          [0;34;40mfit/loss[0m          |  [0;32;40m0.1973782777786255[0m  |
|       [0;34;40mfit/pred_loss[0m        | [0;32;40m0.01354403980076313[0m  |
|       [0;34;40mfit/probe_loss[0m       | [0;32;40m0.09008423984050751[0m  |
|      [0;34;40mfit/sigreg_loss[0m       |      [0;32;40m1.0390625[0m       |
|    [0;34;40mhardware/cpu_percent[0m    |         [0;32;40m54.0[0m         |
|  [0;34;40mhardware/disk_read_mb_s[0m   |         [0;32;40m0.0[0m          |
|  [0;34;40mhardware/disk_write_mb_s[0m  |  [0;32;40m96.18543243408203[0m   |
|   [0;34;40mhardware/net_recv_mb_s[0m   | [0;32;40m0.021242404356598854[0m |
|   [0;34;40mhardware/net_sent_mb_s[0m   | [0;32;40m0.05614771321415901[0m  |
|    [0;34;40mhardware/ram_used_gb[0m    |  [0;32;40m298.8630065917969[0m   |
|   [0;34;40mhardware/ram_used_pct[0m    |  [0;32;40m29.700000762939453[0m  |
|    [0;34;40mhparams/lr_default_0[0m    |         [0;32;40m0.0[0m          |
|       [0;34;40mvalidate/loss[0m        |  [0;32;40m0.2610323131084442[0m  |
|    [0;34;40mvalidate/loss_epoch[0m     |  [0;32;40m0.2610323131084442[0m  |
|     [0;34;40mvalidate/pred_loss[0m     | [0;32;40m0.011117312125861645[0m |
|  [0;34;40mvalidate/pred_loss_epoch[0m  | [0;32;40m0.011117312125861645[0m |
|    [0;34;40mvalidate/probe_loss[0m     |  [0;32;40m0.1152898445725441[0m  |
| [0;34;40mvalidate/probe_loss_epoch[0m  |  [0;32;40m0.1152898445725441[0m  |
|    [0;34;40mvalidate/sigreg_loss[0m    |  [0;32;40m1.495011806488037[0m   |
| [0;34;40mvalidate/sigreg_loss_epoch[0m |  [0;32;40m1.495011806488037[0m   |
+----------------------------+----------------------+
[Epoch 19/20] done in 84.2s
00:27:23 | INFO  | checkpoint_~|   Checking for non PyTorch modules to save
00:27:23 | INFO  | atomic_chec~| [atomic_save] → /data1/likun-share/junjxu/.cache_stable-pretraining/runs/20260607/235548/a0d450531042/checkpoints/epoch=19-step=4060.ckpt
00:27:23 | INFO  | atomic_chec~| [atomic_save] ✓ epoch=19-step=4060.ckpt saved (206.8 MiB, serialise=0.34s write=0.22s rename=0.1ms)
00:27:23 | INFO  | checkpoint_~|   Checking for non PyTorch modules to save
00:27:23 | INFO  | atomic_chec~| [atomic_save] → /data1/likun-share/junjxu/.cache_stable-pretraining/runs/20260607/235548/a0d450531042/checkpoints/last.ckpt
00:27:24 | INFO  | atomic_chec~| [atomic_save] ✓ last.ckpt saved (206.8 MiB, serialise=0.35s write=0.24s rename=42.7ms)
`Trainer.fit` stopped: `max_epochs=20` reached.
Epoch 19/19 ━━━━━━━━━━━━━━━━━━━━━━━━━━━━━━━ 203/203 0:01:14 • 0:00:00 2.93it/s 
00:27:25 | INFO  | utils.py    | ── SignalHandlers (after Trainer.fit() returned) ──
00:27:25 | INFO  | manager.py  |   SIGUSR1  → SIG_DFL (default OS action — terminate process)
00:27:25 | INFO  | manager.py  |   SIGUSR2  → SIG_DFL (default OS action — terminate process)
00:27:25 | INFO  | manager.py  |   SIGCONT  → SIG_DFL (default OS action — terminate process)
00:27:25 | INFO  | manager.py  |   SIGTERM  → SIG_DFL (default OS action — terminate process)
