23:55:42 | INFO  | __init__.py | PyTorch version 2.9.1+cu128 available.
23:55:42 | INFO  | __init__.py | JAX version 0.6.2 available.
23:55:44 | INFO  | atomic_chec~| [atomic_save] installed crash-safe checkpoint plugin (write to sibling .tmp + fsync + atomic rename)
[2026-06-07 23:55:45,140][root][INFO] - Cached 'action' from '/data1/likun-share/junjxu/.stable_worldmodel/datasets/phyworld_uniform_motion_id1k.h5'
[2026-06-07 23:55:45,141][root][INFO] - Cached 'proprio' from '/data1/likun-share/junjxu/.stable_worldmodel/datasets/phyworld_uniform_motion_id1k.h5'
23:55:45 | INFO  | utils.py    | Created ViT-tiny from scratch with config: {'hidden_size': 192, 'num_hidden_layers': 12, 'num_attention_heads': 3, 'intermediate_size': 768, 'image_size': 224, 'patch_size': 14}
[init_from_ckpt] /data1/likun-share/junjxu/.stable_worldmodel/lewm_paper_pusht/weights.pt
[init_from_ckpt] prefixes=('encoder.', 'projector.', 'pred_proj.') loaded=216 unexpected=0 missing=89
23:55:45 | INFO  | module.py   | Setting up DataModule
23:55:45 | INFO  | utils.py    | ── Module ────────────────────────────────────────
23:55:45 | WARN  | module.py   | ! No hyperparameters provided - hyperparameter logging is disabled.
23:55:45 | INFO  | module.py   |   Setting custom forward method.
23:55:45 | INFO  | module.py   |   Setting attribute: self.model = <class 'jepa.JEPA'>
23:55:45 | INFO  | module.py   |   Setting attribute: self.sigreg = <class 'module.SIGReg'>
23:55:45 | INFO  | module.py   |   Setting attribute: self.optim = <class 'dict'>
23:55:45 | INFO  | module.py   |   No metrics configuration provided - automatic metric tracking is disabled.
/home/likun-share/junjxu/wm/le-wm/.venv/lib/python3.10/site-packages/lightning/fabric/connector.py:571: `precision=bf16` is supported for historical reasons but its usage is discouraged. Please set your precision to bf16-mixed instead!
Using bfloat16 Automatic Mixed Precision (AMP)
23:55:45 | INFO  | env_info.py |   EnvironmentDumpCallback initialized (filename=environment.json, async=True)
23:55:45 | INFO  | utils.py    | ── HuggingFaceCheckpoint ─────────────────────────
23:55:45 | INFO  | hf_models.py|   save_dir: <cyan>hf_exports</cyan>
23:55:45 | INFO  | hf_models.py|   per_step: <cyan>False</cyan>  (False ⇒ overwrite single 'last/' subdir; True ⇒ keep step_N/)
Adding 14 callbacks from entry point 'stablepretraining_callbacks': PrintProgressBar, ModuleRegistryCallback, LoggingCallback, EnvironmentDumpCallback, TrainerInfo, SklearnCheckpoint, WandbCheckpoint, TrackioCheckpoint, SwanLabCheckpoint, ModuleSummary, SLURMInfo, LogUnusedParametersOnce, HuggingFaceCheckpointCallback, HardwareMonitor
GPU available: True (cuda), used: True
TPU available: False, using: 0 TPU cores
💡 Tip: For seamless cloud logging and experiment tracking, try installing [litlogger](https://pypi.org/project/litlogger/) to enable LitLogger, which logs metrics and artifacts automatically to the Lightning Experiments platform.
23:55:45 | INFO  | utils.py    | ── SIGTERM preempt handler — install ─────────────
23:55:45 | INFO  | manager.py  |   SLURM_JOB_ID         = None
23:55:45 | INFO  | manager.py  |   SLURM_RESTART_COUNT  = '0'
23:55:45 | INFO  | manager.py  |   SLURM_PROCID         = '?'
23:55:45 | INFO  | manager.py  |   SLURM_NODEID         = '?'
23:55:45 | INFO  | manager.py  |   → not under SLURM (SLURM_JOB_ID unset); leaving SIGTERM handler as-is. Forwarding to submitit's USR signal would be a no-op since submitit isn't running upstream.
23:55:45 | WARN  | manager.py  | User didn't specify seed, runs won't be exactly reproducible!
23:55:45 | INFO  | manager.py  |   Manager init: ckpt_path=None, weights_only=True
23:55:45 | INFO  | utils.py    | ── WorkingDirectory ──────────────────────────────
23:55:45 | INFO  | manager.py  |   cwd: /home/likun-share/junjxu/wm/le-wm
23:55:45 | INFO  | utils.py    | ── Seed ──────────────────────────────────────────
23:55:45 | INFO  | manager.py  |   seed: None
/home/likun-share/junjxu/wm/le-wm/.venv/lib/python3.10/site-packages/lightning/fabric/utilities/seed.py:44: No seed found, seed set to 0
Seed set to 0
23:55:45 | INFO  | utils.py    | ── RunDirectory ──────────────────────────────────
23:55:45 | INFO  | manager.py  |   cache_dir = /data1/likun-share/junjxu/.cache_stable-pretraining
23:55:45 | INFO  | manager.py  |   ddp: launch_key=(single-process) rank=0 is_rank_zero=True
23:55:45 | INFO  | utils.py    | ── RunDirectory: requeue probe ───────────────────
23:55:45 | INFO  | manager.py  |   SLURM session key   = (no SLURM)
23:55:45 | INFO  | manager.py  |   SLURM_RESTART_COUNT = 0
23:55:45 | INFO  | manager.py  |   in_requeue          = False
23:55:45 | INFO  | utils.py    | ── RunDirectory: fresh ───────────────────────────
23:55:45 | INFO  | manager.py  |   no user ckpt_path — training from scratch / pretrained backbone.
23:55:45 | INFO  | manager.py  |   created run_dir = /data1/likun-share/junjxu/.cache_stable-pretraining/runs/20260607/235545/8e046fae9aa3
23:55:45 | INFO  | manager.py  |   wrote run_meta.json with run_id=8e046fae9aa3
23:55:45 | INFO  | manager.py  |   SLURM index = (no SLURM, skipped)
23:55:45 | WARN  | manager.py  | ! cache_dir is set but the Trainer was passed as an already-instantiated object. Cannot override default_root_dir cleanly. Consider passing the trainer as a config dict instead.
23:55:45 | WARN  | manager.py  | ! Hydra run.dir='outputs/2026-06-07/23-55-45' will be ignored for trainer outputs (cache_dir takes precedence).
23:55:45 | WARN  | manager.py  | ! Hydra sweep.dir='multirun/2026-06-07/23-55-45' will be ignored for trainer outputs (cache_dir takes precedence).
23:55:45 | INFO  | logger.py   | [RegistryLogger] run_id=8e046fae9aa3 run_dir=/data1/likun-share/junjxu/.cache_stable-pretraining/runs/20260607/235545/8e046fae9aa3 — sidecar.json + summary.json + metrics.csv will live here
23:55:45 | INFO  | utils.py    | ── RegistryLogger ────────────────────────────────
23:55:45 | INFO  | manager.py  |   run_dir: /data1/likun-share/junjxu/.cache_stable-pretraining/runs/20260607/235545/8e046fae9aa3
23:55:45 | INFO  | manager.py  |   run_id:  8e046fae9aa3
23:55:45 | INFO  | utils.py    | ── CSVLogger ─────────────────────────────────────
23:55:45 | INFO  | manager.py  |   root_dir: /data1/likun-share/junjxu/.cache_stable-pretraining/runs/20260607/235545/8e046fae9aa3/
23:55:45 | INFO  | manager.py  |   save_dir: /data1/likun-share/junjxu/.cache_stable-pretraining/runs/20260607/235545/8e046fae9aa3
23:55:45 | INFO  | manager.py  |   log_dir: /data1/likun-share/junjxu/.cache_stable-pretraining/runs/20260607/235545/8e046fae9aa3/
23:55:45 | INFO  | utils.py    | ── SignalHandlers (after submitit setup (spt SIGTERM installed in __init__)) ──
23:55:45 | INFO  | manager.py  |   SIGUSR1  → SIG_DFL (default OS action — terminate process)
23:55:45 | INFO  | manager.py  |   SIGUSR2  → SIG_DFL (default OS action — terminate process)
23:55:45 | INFO  | manager.py  |   SIGCONT  → SIG_DFL (default OS action — terminate process)
23:55:45 | INFO  | manager.py  |   SIGTERM  → SIG_DFL (default OS action — terminate process)
23:55:45 | INFO  | utils.py    | ── Callbacks ─────────────────────────────────────
23:55:45 | INFO  | manager.py  |   count: 19
23:55:45 | INFO  | utils.py    | ── CacheDirCheckpointing ─────────────────────────
23:55:45 | INFO  | manager.py  |   Saving checkpoints to: /data1/likun-share/junjxu/.cache_stable-pretraining/runs/20260607/235545/8e046fae9aa3/checkpoints
23:55:45 | WARN  | manager.py  |   Redirecting HuggingFaceCheckpointCallback from 'hf_exports' to '/data1/likun-share/junjxu/.cache_stable-pretraining/runs/20260607/235545/8e046fae9aa3/hf_exports' (cache_dir is active — prevents races on a shared cache)
23:55:45 | INFO  | manager.py  |   Added requeue checkpoint (filename='last')
23:55:45 | INFO  | utils.py    | ── LoadPath resolution ───────────────────────────
23:55:45 | INFO  | manager.py  |   in_requeue = False
23:55:45 | INFO  | manager.py  |   user ckpt_path = None
23:55:45 | INFO  | manager.py  |   user weights_only = True
23:55:45 | INFO  | manager.py  |   → no ckpt_path; training from scratch.
23:55:45 | INFO  | utils.py    | ── TrainerFit ────────────────────────────────────
23:55:45 | INFO  | manager.py  |   ckpt_path:     None
23:55:45 | INFO  | manager.py  |   weights_only:  None
23:55:45 | INFO  | utils.py    | ── SignalHandlers (before Trainer.fit() (handler installed in __init__)) ──
23:55:45 | INFO  | manager.py  |   SIGUSR1  → SIG_DFL (default OS action — terminate process)
23:55:45 | INFO  | manager.py  |   SIGUSR2  → SIG_DFL (default OS action — terminate process)
23:55:45 | INFO  | manager.py  |   SIGCONT  → SIG_DFL (default OS action — terminate process)
23:55:45 | INFO  | manager.py  |   SIGTERM  → SIG_DFL (default OS action — terminate process)
23:55:45 | INFO  | manager.py  |   → entering Trainer.fit(); lightning's _SignalConnector will now register its own handlers. SIGTERM will become _HandlersCompose([_sigterm_notifier_fn, _sigterm_handler_fn, spt._handler]); USR-sig binding from submitit is preserved (lightning skips USR registration when one already exists).
💡 Tip: For seamless cloud uploads and versioning, try installing [litmodels](https://pypi.org/project/litmodels/) to enable LitModelCheckpoint, which syncs automatically with the Lightning model registry.
You are using a CUDA device ('NVIDIA A800-SXM4-80GB') that has Tensor Cores. To properly utilize them, you should set `torch.set_float32_matmul_precision('medium' | 'high')` which will trade-off precision for performance. For more details, read https://pytorch.org/docs/stable/generated/torch.set_float32_matmul_precision.html#torch.set_float32_matmul_precision
23:55:46 | OK    | module.py   | ✓ dataset for fit loaded
23:55:46 | INFO  | module.py   |   setup was done by user
23:55:46 | INFO  | utils.py    | ── EnvironmentDump ───────────────────────────────
23:55:46 | INFO  | env_info.py |   log_dir: /home/likun-share/.cache/stable-pretraining
23:55:46 | INFO  | env_info.py |   Running environment dump in background thread (non-blocking)
23:55:46 | INFO  | env_info.py |   Collecting environment information...
23:55:46 | OK    | env_info.py | ✓ Background thread started successfully
23:55:46 | OK    | env_info.py | ✓ Python 3.10.12
23:55:46 | INFO  | trainer_inf~|   linking trainer to DataModule
23:55:46 | INFO  | utils.py    | ── Callbacks (in order) ──────────────────────────
23:55:46 | INFO  | utils.py    |     [ 0] ModelObjectCallBack
23:55:46 | INFO  | utils.py    |     [ 1] RichProgressBar
23:55:46 | INFO  | utils.py    |     [ 2] RichModelSummary
23:55:46 | INFO  | utils.py    |     [ 3] PrintProgressBar
23:55:46 | INFO  | utils.py    |     [ 4] ModuleRegistryCallback
23:55:46 | INFO  | utils.py    |     [ 5] LoggingCallback
23:55:46 | INFO  | utils.py    |     [ 6] EnvironmentDumpCallback
23:55:46 | INFO  | utils.py    |     [ 7] TrainerInfo
23:55:46 | INFO  | utils.py    |     [ 8] SklearnCheckpoint
23:55:46 | INFO  | utils.py    |     [ 9] WandbCheckpoint
23:55:46 | INFO  | utils.py    |     [10] TrackioCheckpoint
23:55:46 | INFO  | utils.py    |     [11] SwanLabCheckpoint
23:55:46 | INFO  | utils.py    |     [12] ModuleSummary
23:55:46 | INFO  | utils.py    |     [13] SLURMInfo
23:55:46 | INFO  | utils.py    |     [14] LogUnusedParametersOnce
23:55:46 | INFO  | utils.py    |     [15] HuggingFaceCheckpointCallback
23:55:46 | INFO  | utils.py    |     [16] HardwareMonitor
23:55:46 | INFO  | utils.py    |     [17] ModelCheckpoint
23:55:46 | INFO  | utils.py    |     [18] _RunDirCallback
23:55:46 | INFO  | utils.py    |     [19] ModelCheckpoint
23:55:46 | INFO  | utils.py    |   ⚑ marks order-sensitive callbacks; see AGENTS.md → Callback ordering for the full rules.
23:55:46 | INFO  | utils.py    | ── SklearnCheckpoint ─────────────────────────────
23:55:46 | INFO  | checkpoint_~|   Sklearn Modules:
23:55:46 | INFO  | checkpoint_~| 
┏━━━━━━━━━━┳━━━━━━━━┳━━━━━━━━┓
┃ Module   ┃ Name   ┃ Type   ┃
┣━━━━━━━━━━╋━━━━━━━━╋━━━━━━━━┫
┗━━━━━━━━━━┻━━━━━━━━┻━━━━━━━━┛
23:55:46 | INFO  | utils.py    | ── WandbCheckpoint ───────────────────────────────
23:55:46 | INFO  | utils.py    | ── TrackioCheckpoint ─────────────────────────────
23:55:46 | INFO  | utils.py    | ── SwanLabCheckpoint ─────────────────────────────
23:55:46 | INFO  | utils.py    | ── PyTorch Modules ───────────────────────────────
23:55:46 | WARN  | module.py   | ! You are calling self.parameters which also gives callbacks parameters, to remove them, pass `with_callbacks=False`
23:55:46 | OK    | env_info.py | ✓ System: Linux 5.15.0-113-generic (x86_64)
23:55:46 | INFO  | env_info.py |   Hostname: 10-116-90-13
23:55:46 | INFO  | trainer_inf~| \n+---------------------------------------------------------+----------------------+--------------------------+--------------------------+---------+
| Module                                                  | Trainable parameters | Non Trainable parameters | Uninitialized parameters | Buffers |
+---------------------------------------------------------+----------------------+--------------------------+--------------------------+---------+
|                                                         |             18037474 |                        0 |                        0 |    8245 |
| callbacks_modules                                       |                    0 |                        0 |                        0 |       0 |
| callbacks_metrics                                       |                    0 |                        0 |                        0 |       0 |
| model                                                   |             18037474 |                        0 |                        0 |    8194 |
| model.encoder                                           |              5501376 |                        0 |                        0 |       0 |
| model.encoder.embeddings                                |               162624 |                        0 |                        0 |       0 |
| model.encoder.embeddings.patch_embeddings               |               113088 |                        0 |                        0 |       0 |
| model.encoder.embeddings.patch_embeddings.projection    |               113088 |                        0 |                        0 |       0 |
| model.encoder.embeddings.dropout                        |                    0 |                        0 |                        0 |       0 |
| model.encoder.layers                                    |              5338368 |                        0 |                        0 |       0 |
| model.encoder.layers.0                                  |               444864 |                        0 |                        0 |       0 |
| model.encoder.layers.0.attention                        |               148224 |                        0 |                        0 |       0 |
| model.encoder.layers.0.attention.q_proj                 |                37056 |                        0 |                        0 |       0 |
| model.encoder.layers.0.attention.k_proj                 |                37056 |                        0 |                        0 |       0 |
| model.encoder.layers.0.attention.v_proj                 |                37056 |                        0 |                        0 |       0 |
| model.encoder.layers.0.attention.o_proj                 |                37056 |                        0 |                        0 |       0 |
| model.encoder.layers.0.layernorm_before                 |                  384 |                        0 |                        0 |       0 |
| model.encoder.layers.0.layernorm_after                  |                  384 |                        0 |                        0 |       0 |
| model.encoder.layers.0.mlp                              |               295872 |                        0 |                        0 |       0 |
| model.encoder.layers.0.mlp.activation_fn                |                    0 |                        0 |                        0 |       0 |
| model.encoder.layers.0.mlp.fc1                          |               148224 |                        0 |                        0 |       0 |
| model.encoder.layers.0.mlp.fc2                          |               147648 |                        0 |                        0 |       0 |
| model.encoder.layers.0.dropout                          |                    0 |                        0 |                        0 |       0 |
| model.encoder.layers.1                                  |               444864 |                        0 |                        0 |       0 |
| model.encoder.layers.1.attention                        |               148224 |                        0 |                        0 |       0 |
| model.encoder.layers.1.attention.q_proj                 |                37056 |                        0 |                        0 |       0 |
| model.encoder.layers.1.attention.k_proj                 |                37056 |                        0 |                        0 |       0 |
| model.encoder.layers.1.attention.v_proj                 |                37056 |                        0 |                        0 |       0 |
| model.encoder.layers.1.attention.o_proj                 |                37056 |                        0 |                        0 |       0 |
| model.encoder.layers.1.layernorm_before                 |                  384 |                        0 |                        0 |       0 |
| model.encoder.layers.1.layernorm_after                  |                  384 |                        0 |                        0 |       0 |
| model.encoder.layers.1.mlp                              |               295872 |                        0 |                        0 |       0 |
| model.encoder.layers.1.mlp.activation_fn                |                    0 |                        0 |                        0 |       0 |
| model.encoder.layers.1.mlp.fc1                          |               148224 |                        0 |                        0 |       0 |
| model.encoder.layers.1.mlp.fc2                          |               147648 |                        0 |                        0 |       0 |
| model.encoder.layers.1.dropout                          |                    0 |                        0 |                        0 |       0 |
| model.encoder.layers.2                                  |               444864 |                        0 |                        0 |       0 |
| model.encoder.layers.2.attention                        |               148224 |                        0 |                        0 |       0 |
| model.encoder.layers.2.attention.q_proj                 |                37056 |                        0 |                        0 |       0 |
| model.encoder.layers.2.attention.k_proj                 |                37056 |                        0 |                        0 |       0 |
| model.encoder.layers.2.attention.v_proj                 |                37056 |                        0 |                        0 |       0 |
| model.encoder.layers.2.attention.o_proj                 |                37056 |                        0 |                        0 |       0 |
| model.encoder.layers.2.layernorm_before                 |                  384 |                        0 |                        0 |       0 |
| model.encoder.layers.2.layernorm_after                  |                  384 |                        0 |                        0 |       0 |
| model.encoder.layers.2.mlp                              |               295872 |                        0 |                        0 |       0 |
| model.encoder.layers.2.mlp.activation_fn                |                    0 |                        0 |                        0 |       0 |
| model.encoder.layers.2.mlp.fc1                          |               148224 |                        0 |                        0 |       0 |
| model.encoder.layers.2.mlp.fc2                          |               147648 |                        0 |                        0 |       0 |
| model.encoder.layers.2.dropout                          |                    0 |                        0 |                        0 |       0 |
| model.encoder.layers.3                                  |               444864 |                        0 |                        0 |       0 |
| model.encoder.layers.3.attention                        |               148224 |                        0 |                        0 |       0 |
| model.encoder.layers.3.attention.q_proj                 |                37056 |                        0 |                        0 |       0 |
| model.encoder.layers.3.attention.k_proj                 |                37056 |                        0 |                        0 |       0 |
| model.encoder.layers.3.attention.v_proj                 |                37056 |                        0 |                        0 |       0 |
| model.encoder.layers.3.attention.o_proj                 |                37056 |                        0 |                        0 |       0 |
| model.encoder.layers.3.layernorm_before                 |                  384 |                        0 |                        0 |       0 |
| model.encoder.layers.3.layernorm_after                  |                  384 |                        0 |                        0 |       0 |
| model.encoder.layers.3.mlp                              |               295872 |                        0 |                        0 |       0 |
| model.encoder.layers.3.mlp.activation_fn                |                    0 |                        0 |                        0 |       0 |
| model.encoder.layers.3.mlp.fc1                          |               148224 |                        0 |                        0 |       0 |
| model.encoder.layers.3.mlp.fc2                          |               147648 |                        0 |                        0 |       0 |
| model.encoder.layers.3.dropout                          |                    0 |                        0 |                        0 |       0 |
| model.encoder.layers.4                                  |               444864 |                        0 |                        0 |       0 |
| model.encoder.layers.4.attention                        |               148224 |                        0 |                        0 |       0 |
| model.encoder.layers.4.attention.q_proj                 |                37056 |                        0 |                        0 |       0 |
| model.encoder.layers.4.attention.k_proj                 |                37056 |                        0 |                        0 |       0 |
| model.encoder.layers.4.attention.v_proj                 |                37056 |                        0 |                        0 |       0 |
| model.encoder.layers.4.attention.o_proj                 |                37056 |                        0 |                        0 |       0 |
| model.encoder.layers.4.layernorm_before                 |                  384 |                        0 |                        0 |       0 |
| model.encoder.layers.4.layernorm_after                  |                  384 |                        0 |                        0 |       0 |
| model.encoder.layers.4.mlp                              |               295872 |                        0 |                        0 |       0 |
| model.encoder.layers.4.mlp.activation_fn                |                    0 |                        0 |                        0 |       0 |
| model.encoder.layers.4.mlp.fc1                          |               148224 |                        0 |                        0 |       0 |
| model.encoder.layers.4.mlp.fc2                          |               147648 |                        0 |                        0 |       0 |
| model.encoder.layers.4.dropout                          |                    0 |                        0 |                        0 |       0 |
| model.encoder.layers.5                                  |               444864 |                        0 |                        0 |       0 |
| model.encoder.layers.5.attention                        |               148224 |                        0 |                        0 |       0 |
| model.encoder.layers.5.attention.q_proj                 |                37056 |                        0 |                        0 |       0 |
| model.encoder.layers.5.attention.k_proj                 |                37056 |                        0 |                        0 |       0 |
| model.encoder.layers.5.attention.v_proj                 |                37056 |                        0 |                        0 |       0 |
| model.encoder.layers.5.attention.o_proj                 |                37056 |                        0 |                        0 |       0 |
| model.encoder.layers.5.layernorm_before                 |                  384 |                        0 |                        0 |       0 |
| model.encoder.layers.5.layernorm_after                  |                  384 |                        0 |                        0 |       0 |
| model.encoder.layers.5.mlp                              |               295872 |                        0 |                        0 |       0 |
| model.encoder.layers.5.mlp.activation_fn                |                    0 |                        0 |                        0 |       0 |
| model.encoder.layers.5.mlp.fc1                          |               148224 |                        0 |                        0 |       0 |
| model.encoder.layers.5.mlp.fc2                          |               147648 |                        0 |                        0 |       0 |
| model.encoder.layers.5.dropout                          |                    0 |                        0 |                        0 |       0 |
| model.encoder.layers.6                                  |               444864 |                        0 |                        0 |       0 |
| model.encoder.layers.6.attention                        |               148224 |                        0 |                        0 |       0 |
| model.encoder.layers.6.attention.q_proj                 |                37056 |                        0 |                        0 |       0 |
| model.encoder.layers.6.attention.k_proj                 |                37056 |                        0 |                        0 |       0 |
| model.encoder.layers.6.attention.v_proj                 |                37056 |                        0 |                        0 |       0 |
| model.encoder.layers.6.attention.o_proj                 |                37056 |                        0 |                        0 |       0 |
| model.encoder.layers.6.layernorm_before                 |                  384 |                        0 |                        0 |       0 |
| model.encoder.layers.6.layernorm_after                  |                  384 |                        0 |                        0 |       0 |
| model.encoder.layers.6.mlp                              |               295872 |                        0 |                        0 |       0 |
| model.encoder.layers.6.mlp.activation_fn                |                    0 |                        0 |                        0 |       0 |
| model.encoder.layers.6.mlp.fc1                          |               148224 |                        0 |                        0 |       0 |
| model.encoder.layers.6.mlp.fc2                          |               147648 |                        0 |                        0 |       0 |
| model.encoder.layers.6.dropout                          |                    0 |                        0 |                        0 |       0 |
| model.encoder.layers.7                                  |               444864 |                        0 |                        0 |       0 |
| model.encoder.layers.7.attention                        |               148224 |                        0 |                        0 |       0 |
| model.encoder.layers.7.attention.q_proj                 |                37056 |                        0 |                        0 |       0 |
| model.encoder.layers.7.attention.k_proj                 |                37056 |                        0 |                        0 |       0 |
| model.encoder.layers.7.attention.v_proj                 |                37056 |                        0 |                        0 |       0 |
| model.encoder.layers.7.attention.o_proj                 |                37056 |                        0 |                        0 |       0 |
| model.encoder.layers.7.layernorm_before                 |                  384 |                        0 |                        0 |       0 |
| model.encoder.layers.7.layernorm_after                  |                  384 |                        0 |                        0 |       0 |
| model.encoder.layers.7.mlp                              |               295872 |                        0 |                        0 |       0 |
| model.encoder.layers.7.mlp.activation_fn                |                    0 |                        0 |                        0 |       0 |
| model.encoder.layers.7.mlp.fc1                          |               148224 |                        0 |                        0 |       0 |
| model.encoder.layers.7.mlp.fc2                          |               147648 |                        0 |                        0 |       0 |
| model.encoder.layers.7.dropout                          |                    0 |                        0 |                        0 |       0 |
| model.encoder.layers.8                                  |               444864 |                        0 |                        0 |       0 |
| model.encoder.layers.8.attention                        |               148224 |                        0 |                        0 |       0 |
| model.encoder.layers.8.attention.q_proj                 |                37056 |                        0 |                        0 |       0 |
| model.encoder.layers.8.attention.k_proj                 |                37056 |                        0 |                        0 |       0 |
| model.encoder.layers.8.attention.v_proj                 |                37056 |                        0 |                        0 |       0 |
| model.encoder.layers.8.attention.o_proj                 |                37056 |                        0 |                        0 |       0 |
| model.encoder.layers.8.layernorm_before                 |                  384 |                        0 |                        0 |       0 |
| model.encoder.layers.8.layernorm_after                  |                  384 |                        0 |                        0 |       0 |
| model.encoder.layers.8.mlp                              |               295872 |                        0 |                        0 |       0 |
| model.encoder.layers.8.mlp.activation_fn                |                    0 |                        0 |                        0 |       0 |
| model.encoder.layers.8.mlp.fc1                          |               148224 |                        0 |                        0 |       0 |
| model.encoder.layers.8.mlp.fc2                          |               147648 |                        0 |                        0 |       0 |
| model.encoder.layers.8.dropout                          |                    0 |                        0 |                        0 |       0 |
| model.encoder.layers.9                                  |               444864 |                        0 |                        0 |       0 |
| model.encoder.layers.9.attention                        |               148224 |                        0 |                        0 |       0 |
| model.encoder.layers.9.attention.q_proj                 |                37056 |                        0 |                        0 |       0 |
| model.encoder.layers.9.attention.k_proj                 |                37056 |                        0 |                        0 |       0 |
| model.encoder.layers.9.attention.v_proj                 |                37056 |                        0 |                        0 |       0 |
| model.encoder.layers.9.attention.o_proj                 |                37056 |                        0 |                        0 |       0 |
| model.encoder.layers.9.layernorm_before                 |                  384 |                        0 |                        0 |       0 |
| model.encoder.layers.9.layernorm_after                  |                  384 |                        0 |                        0 |       0 |
| model.encoder.layers.9.mlp                              |               295872 |                        0 |                        0 |       0 |
| model.encoder.layers.9.mlp.activation_fn                |                    0 |                        0 |                        0 |       0 |
| model.encoder.layers.9.mlp.fc1                          |               148224 |                        0 |                        0 |       0 |
| model.encoder.layers.9.mlp.fc2                          |               147648 |                        0 |                        0 |       0 |
| model.encoder.layers.9.dropout                          |                    0 |                        0 |                        0 |       0 |
| model.encoder.layers.10                                 |               444864 |                        0 |                        0 |       0 |
| model.encoder.layers.10.attention                       |               148224 |                        0 |                        0 |       0 |
| model.encoder.layers.10.attention.q_proj                |                37056 |                        0 |                        0 |       0 |
| model.encoder.layers.10.attention.k_proj                |                37056 |                        0 |                        0 |       0 |
| model.encoder.layers.10.attention.v_proj                |                37056 |                        0 |                        0 |       0 |
| model.encoder.layers.10.attention.o_proj                |                37056 |                        0 |                        0 |       0 |
| model.encoder.layers.10.layernorm_before                |                  384 |                        0 |                        0 |       0 |
| model.encoder.layers.10.layernorm_after                 |                  384 |                        0 |                        0 |       0 |
| model.encoder.layers.10.mlp                             |               295872 |                        0 |                        0 |       0 |
| model.encoder.layers.10.mlp.activation_fn               |                    0 |                        0 |                        0 |       0 |
| model.encoder.layers.10.mlp.fc1                         |               148224 |                        0 |                        0 |       0 |
| model.encoder.layers.10.mlp.fc2                         |               147648 |                        0 |                        0 |       0 |
| model.encoder.layers.10.dropout                         |                    0 |                        0 |                        0 |       0 |
| model.encoder.layers.11                                 |               444864 |                        0 |                        0 |       0 |
| model.encoder.layers.11.attention                       |               148224 |                        0 |                        0 |       0 |
| model.encoder.layers.11.attention.q_proj                |                37056 |                        0 |                        0 |       0 |
| model.encoder.layers.11.attention.k_proj                |                37056 |                        0 |                        0 |       0 |
| model.encoder.layers.11.attention.v_proj                |                37056 |                        0 |                        0 |       0 |
| model.encoder.layers.11.attention.o_proj                |                37056 |                        0 |                        0 |       0 |
| model.encoder.layers.11.layernorm_before                |                  384 |                        0 |                        0 |       0 |
| model.encoder.layers.11.layernorm_after                 |                  384 |                        0 |                        0 |       0 |
| model.encoder.layers.11.mlp                             |               295872 |                        0 |                        0 |       0 |
| model.encoder.layers.11.mlp.activation_fn               |                    0 |                        0 |                        0 |       0 |
| model.encoder.layers.11.mlp.fc1                         |               148224 |                        0 |                        0 |       0 |
| model.encoder.layers.11.mlp.fc2                         |               147648 |                        0 |                        0 |       0 |
| model.encoder.layers.11.dropout                         |                    0 |                        0 |                        0 |       0 |
| model.encoder.layernorm                                 |                  384 |                        0 |                        0 |       0 |
| model.predictor                                         |             10791360 |                        0 |                        0 |       0 |
| model.predictor.dropout                                 |                    0 |                        0 |                        0 |       0 |
| model.predictor.transformer                             |             10790784 |                        0 |                        0 |       0 |
| model.predictor.transformer.norm                        |                  384 |                        0 |                        0 |       0 |
| model.predictor.transformer.layers                      |             10790400 |                        0 |                        0 |       0 |
| model.predictor.transformer.layers.0                    |              1798400 |                        0 |                        0 |       0 |
| model.predictor.transformer.layers.0.attn               |               787008 |                        0 |                        0 |       0 |
| model.predictor.transformer.layers.0.attn.norm          |                  384 |                        0 |                        0 |       0 |
| model.predictor.transformer.layers.0.attn.attend        |                    0 |                        0 |                        0 |       0 |
| model.predictor.transformer.layers.0.attn.to_qkv        |               589824 |                        0 |                        0 |       0 |
| model.predictor.transformer.layers.0.attn.to_out        |               196800 |                        0 |                        0 |       0 |
| model.predictor.transformer.layers.0.attn.to_out.0      |               196800 |                        0 |                        0 |       0 |
| model.predictor.transformer.layers.0.attn.to_out.1      |                    0 |                        0 |                        0 |       0 |
| model.predictor.transformer.layers.0.mlp                |               789056 |                        0 |                        0 |       0 |
| model.predictor.transformer.layers.0.mlp.net            |               789056 |                        0 |                        0 |       0 |
| model.predictor.transformer.layers.0.mlp.net.0          |                  384 |                        0 |                        0 |       0 |
| model.predictor.transformer.layers.0.mlp.net.1          |               395264 |                        0 |                        0 |       0 |
| model.predictor.transformer.layers.0.mlp.net.2          |                    0 |                        0 |                        0 |       0 |
| model.predictor.transformer.layers.0.mlp.net.3          |                    0 |                        0 |                        0 |       0 |
| model.predictor.transformer.layers.0.mlp.net.4          |               393408 |                        0 |                        0 |       0 |
| model.predictor.transformer.layers.0.mlp.net.5          |                    0 |                        0 |                        0 |       0 |
| model.predictor.transformer.layers.0.norm1              |                    0 |                        0 |                        0 |       0 |
| model.predictor.transformer.layers.0.norm2              |                    0 |                        0 |                        0 |       0 |
| model.predictor.transformer.layers.0.adaLN_modulation   |               222336 |                        0 |                        0 |       0 |
| model.predictor.transformer.layers.0.adaLN_modulation.0 |                    0 |                        0 |                        0 |       0 |
| model.predictor.transformer.layers.0.adaLN_modulation.1 |               222336 |                        0 |                        0 |       0 |
| model.predictor.transformer.layers.1                    |              1798400 |                        0 |                        0 |       0 |
| model.predictor.transformer.layers.1.attn               |               787008 |                        0 |                        0 |       0 |
| model.predictor.transformer.layers.1.attn.norm          |                  384 |                        0 |                        0 |       0 |
| model.predictor.transformer.layers.1.attn.attend        |                    0 |                        0 |                        0 |       0 |
| model.predictor.transformer.layers.1.attn.to_qkv        |               589824 |                        0 |                        0 |       0 |
| model.predictor.transformer.layers.1.attn.to_out        |               196800 |                        0 |                        0 |       0 |
| model.predictor.transformer.layers.1.attn.to_out.0      |               196800 |                        0 |                        0 |       0 |
| model.predictor.transformer.layers.1.attn.to_out.1      |                    0 |                        0 |                        0 |       0 |
| model.predictor.transformer.layers.1.mlp                |               789056 |                        0 |                        0 |       0 |
| model.predictor.transformer.layers.1.mlp.net            |               789056 |                        0 |                        0 |       0 |
| model.predictor.transformer.layers.1.mlp.net.0          |                  384 |                        0 |                        0 |       0 |
| model.predictor.transformer.layers.1.mlp.net.1          |               395264 |                        0 |                        0 |       0 |
| model.predictor.transformer.layers.1.mlp.net.2          |                    0 |                        0 |                        0 |       0 |
| model.predictor.transformer.layers.1.mlp.net.3          |                    0 |                        0 |                        0 |       0 |
| model.predictor.transformer.layers.1.mlp.net.4          |               393408 |                        0 |                        0 |       0 |
| model.predictor.transformer.layers.1.mlp.net.5          |                    0 |                        0 |                        0 |       0 |
| model.predictor.transformer.layers.1.norm1              |                    0 |                        0 |                        0 |       0 |
| model.predictor.transformer.layers.1.norm2              |                    0 |                        0 |                        0 |       0 |
| model.predictor.transformer.layers.1.adaLN_modulation   |               222336 |                        0 |                        0 |       0 |
| model.predictor.transformer.layers.1.adaLN_modulation.0 |                    0 |                        0 |                        0 |       0 |
| model.predictor.transformer.layers.1.adaLN_modulation.1 |               222336 |                        0 |                        0 |       0 |
| model.predictor.transformer.layers.2                    |              1798400 |                        0 |                        0 |       0 |
| model.predictor.transformer.layers.2.attn               |               787008 |                        0 |                        0 |       0 |
| model.predictor.transformer.layers.2.attn.norm          |                  384 |                        0 |                        0 |       0 |
| model.predictor.transformer.layers.2.attn.attend        |                    0 |                        0 |                        0 |       0 |
| model.predictor.transformer.layers.2.attn.to_qkv        |               589824 |                        0 |                        0 |       0 |
| model.predictor.transformer.layers.2.attn.to_out        |               196800 |                        0 |                        0 |       0 |
| model.predictor.transformer.layers.2.attn.to_out.0      |               196800 |                        0 |                        0 |       0 |
| model.predictor.transformer.layers.2.attn.to_out.1      |                    0 |                        0 |                        0 |       0 |
| model.predictor.transformer.layers.2.mlp                |               789056 |                        0 |                        0 |       0 |
| model.predictor.transformer.layers.2.mlp.net            |               789056 |                        0 |                        0 |       0 |
| model.predictor.transformer.layers.2.mlp.net.0          |                  384 |                        0 |                        0 |       0 |
| model.predictor.transformer.layers.2.mlp.net.1          |               395264 |                        0 |                        0 |       0 |
| model.predictor.transformer.layers.2.mlp.net.2          |                    0 |                        0 |                        0 |       0 |
| model.predictor.transformer.layers.2.mlp.net.3          |                    0 |                        0 |                        0 |       0 |
| model.predictor.transformer.layers.2.mlp.net.4          |               393408 |                        0 |                        0 |       0 |
| model.predictor.transformer.layers.2.mlp.net.5          |                    0 |                        0 |                        0 |       0 |
| model.predictor.transformer.layers.2.norm1              |                    0 |                        0 |                        0 |       0 |
| model.predictor.transformer.layers.2.norm2              |                    0 |                        0 |                        0 |       0 |
| model.predictor.transformer.layers.2.adaLN_modulation   |               222336 |                        0 |                        0 |       0 |
| model.predictor.transformer.layers.2.adaLN_modulation.0 |                    0 |                        0 |                        0 |       0 |
| model.predictor.transformer.layers.2.adaLN_modulation.1 |               222336 |                        0 |                        0 |       0 |
| model.predictor.transformer.layers.3                    |              1798400 |                        0 |                        0 |       0 |
| model.predictor.transformer.layers.3.attn               |               787008 |                        0 |                        0 |       0 |
| model.predictor.transformer.layers.3.attn.norm          |                  384 |                        0 |                        0 |       0 |
| model.predictor.transformer.layers.3.attn.attend        |                    0 |                        0 |                        0 |       0 |
| model.predictor.transformer.layers.3.attn.to_qkv        |               589824 |                        0 |                        0 |       0 |
| model.predictor.transformer.layers.3.attn.to_out        |               196800 |                        0 |                        0 |       0 |
| model.predictor.transformer.layers.3.attn.to_out.0      |               196800 |                        0 |                        0 |       0 |
| model.predictor.transformer.layers.3.attn.to_out.1      |                    0 |                        0 |                        0 |       0 |
| model.predictor.transformer.layers.3.mlp                |               789056 |                        0 |                        0 |       0 |
| model.predictor.transformer.layers.3.mlp.net            |               789056 |                        0 |                        0 |       0 |
| model.predictor.transformer.layers.3.mlp.net.0          |                  384 |                        0 |                        0 |       0 |
| model.predictor.transformer.layers.3.mlp.net.1          |               395264 |                        0 |                        0 |       0 |
| model.predictor.transformer.layers.3.mlp.net.2          |                    0 |                        0 |                        0 |       0 |
| model.predictor.transformer.layers.3.mlp.net.3          |                    0 |                        0 |                        0 |       0 |
| model.predictor.transformer.layers.3.mlp.net.4          |               393408 |                        0 |                        0 |       0 |
| model.predictor.transformer.layers.3.mlp.net.5          |                    0 |                        0 |                        0 |       0 |
| model.predictor.transformer.layers.3.norm1              |                    0 |                        0 |                        0 |       0 |
| model.predictor.transformer.layers.3.norm2              |                    0 |                        0 |                        0 |       0 |
| model.predictor.transformer.layers.3.adaLN_modulation   |               222336 |                        0 |                        0 |       0 |
| model.predictor.transformer.layers.3.adaLN_modulation.0 |                    0 |                        0 |                        0 |       0 |
| model.predictor.transformer.layers.3.adaLN_modulation.1 |               222336 |                        0 |                        0 |       0 |
| model.predictor.transformer.layers.4                    |              1798400 |                        0 |                        0 |       0 |
| model.predictor.transformer.layers.4.attn               |               787008 |                        0 |                        0 |       0 |
| model.predictor.transformer.layers.4.attn.norm          |                  384 |                        0 |                        0 |       0 |
| model.predictor.transformer.layers.4.attn.attend        |                    0 |                        0 |                        0 |       0 |
| model.predictor.transformer.layers.4.attn.to_qkv        |               589824 |                        0 |                        0 |       0 |
| model.predictor.transformer.layers.4.attn.to_out        |               196800 |                        0 |                        0 |       0 |
| model.predictor.transformer.layers.4.attn.to_out.0      |               196800 |                        0 |                        0 |       0 |
| model.predictor.transformer.layers.4.attn.to_out.1      |                    0 |                        0 |                        0 |       0 |
| model.predictor.transformer.layers.4.mlp                |               789056 |                        0 |                        0 |       0 |
| model.predictor.transformer.layers.4.mlp.net            |               789056 |                        0 |                        0 |       0 |
| model.predictor.transformer.layers.4.mlp.net.0          |                  384 |                        0 |                        0 |       0 |
| model.predictor.transformer.layers.4.mlp.net.1          |               395264 |                        0 |                        0 |       0 |
| model.predictor.transformer.layers.4.mlp.net.2          |                    0 |                        0 |                        0 |       0 |
| model.predictor.transformer.layers.4.mlp.net.3          |                    0 |                        0 |                        0 |       0 |
| model.predictor.transformer.layers.4.mlp.net.4          |               393408 |                        0 |                        0 |       0 |
| model.predictor.transformer.layers.4.mlp.net.5          |                    0 |                        0 |                        0 |       0 |
| model.predictor.transformer.layers.4.norm1              |                    0 |                        0 |                        0 |       0 |
| model.predictor.transformer.layers.4.norm2              |                    0 |                        0 |                        0 |       0 |
| model.predictor.transformer.layers.4.adaLN_modulation   |               222336 |                        0 |                        0 |       0 |
| model.predictor.transformer.layers.4.adaLN_modulation.0 |                    0 |                        0 |                        0 |       0 |
| model.predictor.transformer.layers.4.adaLN_modulation.1 |               222336 |                        0 |                        0 |       0 |
| model.predictor.transformer.layers.5                    |              1798400 |                        0 |                        0 |       0 |
| model.predictor.transformer.layers.5.attn               |               787008 |                        0 |                        0 |       0 |
| model.predictor.transformer.layers.5.attn.norm          |                  384 |                        0 |                        0 |       0 |
| model.predictor.transformer.layers.5.attn.attend        |                    0 |                        0 |                        0 |       0 |
| model.predictor.transformer.layers.5.attn.to_qkv        |               589824 |                        0 |                        0 |       0 |
| model.predictor.transformer.layers.5.attn.to_out        |               196800 |                        0 |                        0 |       0 |
| model.predictor.transformer.layers.5.attn.to_out.0      |               196800 |                        0 |                        0 |       0 |
| model.predictor.transformer.layers.5.attn.to_out.1      |                    0 |                        0 |                        0 |       0 |
| model.predictor.transformer.layers.5.mlp                |               789056 |                        0 |                        0 |       0 |
| model.predictor.transformer.layers.5.mlp.net            |               789056 |                        0 |                        0 |       0 |
| model.predictor.transformer.layers.5.mlp.net.0          |                  384 |                        0 |                        0 |       0 |
| model.predictor.transformer.layers.5.mlp.net.1          |               395264 |                        0 |                        0 |       0 |
| model.predictor.transformer.layers.5.mlp.net.2          |                    0 |                        0 |                        0 |       0 |
| model.predictor.transformer.layers.5.mlp.net.3          |                    0 |                        0 |                        0 |       0 |
| model.predictor.transformer.layers.5.mlp.net.4          |               393408 |                        0 |                        0 |       0 |
| model.predictor.transformer.layers.5.mlp.net.5          |                    0 |                        0 |                        0 |       0 |
| model.predictor.transformer.layers.5.norm1              |                    0 |                        0 |                        0 |       0 |
| model.predictor.transformer.layers.5.norm2              |                    0 |                        0 |                        0 |       0 |
| model.predictor.transformer.layers.5.adaLN_modulation   |               222336 |                        0 |                        0 |       0 |
| model.predictor.transformer.layers.5.adaLN_modulation.0 |                    0 |                        0 |                        0 |       0 |
| model.predictor.transformer.layers.5.adaLN_modulation.1 |               222336 |                        0 |                        0 |       0 |
| model.predictor.transformer.input_proj                  |                    0 |                        0 |                        0 |       0 |
| model.predictor.transformer.cond_proj                   |                    0 |                        0 |                        0 |       0 |
| model.predictor.transformer.output_proj                 |                    0 |                        0 |                        0 |       0 |
| model.action_encoder                                    |               156126 |                        0 |                        0 |       0 |
| model.action_encoder.patch_embed                        |                   30 |                        0 |                        0 |       0 |
| model.action_encoder.embed                              |               156096 |                        0 |                        0 |       0 |
| model.action_encoder.embed.0                            |                 8448 |                        0 |                        0 |       0 |
| model.action_encoder.embed.1                            |                    0 |                        0 |                        0 |       0 |
| model.action_encoder.embed.2                            |               147648 |                        0 |                        0 |       0 |
| model.projector                                         |               792768 |                        0 |                        0 |    4097 |
| model.projector.net                                     |               792768 |                        0 |                        0 |    4097 |
| model.projector.net.0                                   |               395264 |                        0 |                        0 |       0 |
| model.projector.net.1                                   |                 4096 |                        0 |                        0 |    4097 |
| model.projector.net.2                                   |                    0 |                        0 |                        0 |       0 |
| model.projector.net.3                                   |               393408 |                        0 |                        0 |       0 |
| model.pred_proj                                         |               792768 |                        0 |                        0 |    4097 |
| model.pred_proj.net                                     |               792768 |                        0 |                        0 |    4097 |
| model.pred_proj.net.0                                   |               395264 |                        0 |                        0 |       0 |
| model.pred_proj.net.1                                   |                 4096 |                        0 |                        0 |    4097 |
| model.pred_proj.net.2                                   |                    0 |                        0 |                        0 |       0 |
| model.pred_proj.net.3                                   |               393408 |                        0 |                        0 |       0 |
| model.probe_head                                        |                 3076 |                        0 |                        0 |       0 |
| sigreg                                                  |                    0 |                        0 |                        0 |      51 |
+---------------------------------------------------------+----------------------+--------------------------+--------------------------+---------+
23:55:46 | INFO  | utils.py    | ── SLURM ─────────────────────────────────────────
23:55:46 | INFO  | trainer_inf~|   Job ID: N/A
23:55:46 | INFO  | trainer_inf~|   Task ID: N/A
23:55:46 | INFO  | trainer_inf~|   Job Name: N/A
23:55:46 | INFO  | trainer_inf~|   Nodes: N/A
23:55:46 | INFO  | trainer_inf~|   Tasks: N/A
23:55:46 | INFO  | trainer_inf~|   CPUs per node: N/A
23:55:46 | INFO  | trainer_inf~|   CPUs per task: N/A
23:55:46 | INFO  | trainer_inf~|   Memory per node: N/A
23:55:46 | INFO  | trainer_inf~|   Memory per CPU: N/A
23:55:46 | INFO  | trainer_inf~|   Time limit: N/A
23:55:46 | INFO  | trainer_inf~|   Partition: N/A
23:55:46 | INFO  | trainer_inf~|   Node List: N/A
23:55:46 | INFO  | trainer_inf~|   Submit Directory: N/A
23:55:46 | INFO  | utils.py    | ── HardwareMonitor ───────────────────────────────
23:55:46 | INFO  | hardware_mo~|   interval: 10.0s
23:55:46 | INFO  | hardware_mo~|   prefix:   'hardware/'
23:55:46 | INFO  | hardware_mo~|   metrics:  cpu=True ram=True disk=True net=True gpu=True
23:55:46 | INFO  | hardware_mo~|   per-rank: rank 0 only
LOCAL_RANK: 0 - CUDA_VISIBLE_DEVICES: [7]
23:55:46 | WARN  | hardware_mo~| HardwareMonitor: pynvml unavailable (ModuleNotFoundError("No module named 'pynvml'")); GPU metrics disabled.
23:55:46 | WARN  | env_info.py | ! pip freeze failed: Command '['/home/likun-share/junjxu/wm/le-wm/.venv/bin/python', '-m', 'pip', 'freeze']' returned non-zero exit status 1.
23:55:46 | OK    | env_info.py | ✓ Packages: 0 packages collected in 0.05s
23:55:46 | INFO  | utils.py    | ── Optimizers ────────────────────────────────────
23:55:46 | INFO  | module.py   |   Optimizer specified by Dict with keys ['model_opt']
23:55:46 | INFO  | module.py   | 
┏━━━━━━━━━━━━━┳━━━━━━━━━━━┳━━━━━━━━━━━━━━━━━━━┳━━━━━━━━━━━━━━━━━┳━━━━━━━━━━━━━━━━┳━━━━━━━━━━━━━━━━━━━━━━━━┓
┃ Optimizer   ┃ Pattern   ┃   Matched Modules ┃   Param Tensors ┃   Total Params ┃   RequiresGrad Tensors ┃
┣━━━━━━━━━━━━━╋━━━━━━━━━━━╋━━━━━━━━━━━━━━━━━━━╋━━━━━━━━━━━━━━━━━╋━━━━━━━━━━━━━━━━╋━━━━━━━━━━━━━━━━━━━━━━━━┫
┃ model_opt   ┃ model     ┃               317 ┃             299 ┃       18037474 ┃                    299 ┃
┗━━━━━━━━━━━━━┻━━━━━━━━━━━┻━━━━━━━━━━━━━━━━━━━┻━━━━━━━━━━━━━━━━━┻━━━━━━━━━━━━━━━━┻━━━━━━━━━━━━━━━━━━━━━━━━┛
23:55:46 | INFO  | lr_schedule~| 	User provided a dict
Loading `train_dataloader` to estimate number of stepping batches.
/home/likun-share/junjxu/wm/le-wm/.venv/lib/python3.10/site-packages/lance/__init__.py:320: UserWarning: lance is not fork-safe. If you are using multiprocessing, use spawn or forkserver instead.
  warnings.warn(
/usr/lib/python3.10/multiprocessing/popen_fork.py:66: RuntimeWarning: lancedb fork support is experimental: the internal async runtime has been reset in the forked child, but a small chance of deadlock remains if other state was mid-operation at fork time. The 'forkserver' or 'spawn' multiprocessing start method is likely a safer alternative.
  self.pid = os.fork()
/usr/lib/python3.10/multiprocessing/popen_fork.py:66: RuntimeWarning: lancedb fork support is experimental: the internal async runtime has been reset in the forked child, but a small chance of deadlock remains if other state was mid-operation at fork time. The 'forkserver' or 'spawn' multiprocessing start method is likely a safer alternative.
  self.pid = os.fork()
/home/likun-share/junjxu/wm/le-wm/.venv/lib/python3.10/site-packages/lance/__init__.py:320: UserWarning: lance is not fork-safe. If you are using multiprocessing, use spawn or forkserver instead.
  warnings.warn(
/usr/lib/python3.10/multiprocessing/popen_fork.py:66: RuntimeWarning: lancedb fork support is experimental: the internal async runtime has been reset in the forked child, but a small chance of deadlock remains if other state was mid-operation at fork time. The 'forkserver' or 'spawn' multiprocessing start method is likely a safer alternative.
  self.pid = os.fork()
/usr/lib/python3.10/multiprocessing/popen_fork.py:66: RuntimeWarning: lancedb fork support is experimental: the internal async runtime has been reset in the forked child, but a small chance of deadlock remains if other state was mid-operation at fork time. The 'forkserver' or 'spawn' multiprocessing start method is likely a safer alternative.
  self.pid = os.fork()
23:55:46 | OK    | env_info.py | ✓ NVIDIA Driver: 580.65.06
/home/likun-share/junjxu/wm/le-wm/.venv/lib/python3.10/site-packages/lance/__init__.py:320: UserWarning: lance is not fork-safe. If you are using multiprocessing, use spawn or forkserver instead.
  warnings.warn(
/usr/lib/python3.10/multiprocessing/popen_fork.py:66: RuntimeWarning: lancedb fork support is experimental: the internal async runtime has been reset in the forked child, but a small chance of deadlock remains if other state was mid-operation at fork time. The 'forkserver' or 'spawn' multiprocessing start method is likely a safer alternative.
  self.pid = os.fork()
/usr/lib/python3.10/multiprocessing/popen_fork.py:66: RuntimeWarning: lancedb fork support is experimental: the internal async runtime has been reset in the forked child, but a small chance of deadlock remains if other state was mid-operation at fork time. The 'forkserver' or 'spawn' multiprocessing start method is likely a safer alternative.
  self.pid = os.fork()
23:55:46 | INFO  | module.py   |   Configured optimizer 'model_opt' (modules=317, param_tensors=299, total_params=18037474) with LinearWarmupCosineAnnealingLR scheduler.
/home/likun-share/junjxu/wm/le-wm/.venv/lib/python3.10/site-packages/lightning/pytorch/utilities/model_summary/model_summary.py:242: Precision bf16-mixed is not supported by the model summary.  Estimated model size in MB will not be accurate. Using 32 bits instead.
┏━━━┳━━━━━━━━━━━━━━━━━━━┳━━━━━━━━━━━━┳━━━━━━━━┳━━━━━━━┳━━━━━━━┓
┃   ┃ Name              ┃ Type       ┃ Params ┃ Mode  ┃ FLOPs ┃
┡━━━╇━━━━━━━━━━━━━━━━━━━╇━━━━━━━━━━━━╇━━━━━━━━╇━━━━━━━╇━━━━━━━┩
│ 0 │ callbacks_modules │ ModuleDict │      0 │ train │     0 │
│ 1 │ callbacks_metrics │ ModuleDict │      0 │ train │     0 │
│ 2 │ model             │ JEPA       │ 18.0 M │ train │     0 │
│ 3 │ sigreg            │ SIGReg     │      0 │ train │     0 │
└───┴───────────────────┴────────────┴────────┴───────┴───────┘
Trainable params: 18.0 M                                                        
Non-trainable params: 0                                                         
Total params: 18.0 M                                                            
Total estimated model params size (MB): 72.150                                  
Modules in train mode: 320                                                      
Modules in eval mode: 0                                                         
Total FLOPs: 0                                                                  
23:55:46 | INFO  | logger.py   | [RegistryLogger] summary.json flushed (0 metrics, step=0, epoch=0) → /data1/likun-share/junjxu/.cache_stable-pretraining/runs/20260607/235545/8e046fae9aa3/summary.json
/usr/lib/python3.10/multiprocessing/popen_fork.py:66: RuntimeWarning: lancedb fork support is experimental: the internal async runtime has been reset in the forked child, but a small chance of deadlock remains if other state was mid-operation at fork time. The 'forkserver' or 'spawn' multiprocessing start method is likely a safer alternative.
  self.pid = os.fork()
/usr/lib/python3.10/multiprocessing/popen_fork.py:66: RuntimeWarning: lancedb fork support is experimental: the internal async runtime has been reset in the forked child, but a small chance of deadlock remains if other state was mid-operation at fork time. The 'forkserver' or 'spawn' multiprocessing start method is likely a safer alternative.
  self.pid = os.fork()
/usr/lib/python3.10/multiprocessing/popen_fork.py:66: RuntimeWarning: lancedb fork support is experimental: the internal async runtime has been reset in the forked child, but a small chance of deadlock remains if other state was mid-operation at fork time. The 'forkserver' or 'spawn' multiprocessing start method is likely a safer alternative.
  self.pid = os.fork()
/usr/lib/python3.10/multiprocessing/popen_fork.py:66: RuntimeWarning: lancedb fork support is experimental: the internal async runtime has been reset in the forked child, but a small chance of deadlock remains if other state was mid-operation at fork time. The 'forkserver' or 'spawn' multiprocessing start method is likely a safer alternative.
  self.pid = os.fork()
/usr/lib/python3.10/multiprocessing/popen_fork.py:66: RuntimeWarning: lancedb fork support is experimental: the internal async runtime has been reset in the forked child, but a small chance of deadlock remains if other state was mid-operation at fork time. The 'forkserver' or 'spawn' multiprocessing start method is likely a safer alternative.
  self.pid = os.fork()
/usr/lib/python3.10/multiprocessing/popen_fork.py:66: RuntimeWarning: lancedb fork support is experimental: the internal async runtime has been reset in the forked child, but a small chance of deadlock remains if other state was mid-operation at fork time. The 'forkserver' or 'spawn' multiprocessing start method is likely a safer alternative.
  self.pid = os.fork()
/home/likun-share/junjxu/wm/le-wm/.venv/lib/python3.10/site-packages/lightning/pytorch/utilities/data.py:79: Trying to infer the `batch_size` from an ambiguous collection. The batch size we found is 128. To avoid any miscalculations, use `self.log(..., batch_size=batch_size)`.
23:55:57 | INFO  | trainer_inf~| \n+----------------------------+---------------------+
|           Metric           |        Value        |
+----------------------------+---------------------+
|       [0;34;40mvalidate/loss[0m        |  [0;32;40m9.819436073303223[0m  |
|    [0;34;40mvalidate/loss_epoch[0m     |  [0;32;40m9.819436073303223[0m  |
|     [0;34;40mvalidate/pred_loss[0m     | [0;32;40m0.35797515511512756[0m |
|  [0;34;40mvalidate/pred_loss_epoch[0m  | [0;32;40m0.35797515511512756[0m |
|    [0;34;40mvalidate/probe_loss[0m     |  [0;32;40m1.148960828781128[0m  |
| [0;34;40mvalidate/probe_loss_epoch[0m  |  [0;32;40m1.148960828781128[0m  |
|    [0;34;40mvalidate/sigreg_loss[0m    |         [0;32;40m92.5[0m        |
| [0;34;40mvalidate/sigreg_loss_epoch[0m |         [0;32;40m92.5[0m        |
+----------------------------+---------------------+
23:55:57 | WARN  | hf_models.py| ! No Hugging Face (PreTrainedModel) submodules found in LightningModule.
23:55:57 | INFO  | utils.py    | ── Optimizers ────────────────────────────────────
23:55:57 | INFO  | module.py   |   self.optimizers() gave us 1 optimizers
23:55:57 | WARN  | module.py   | ! No clip val found for optimizer default_0
23:55:57 | WARN  | module.py   | ! Will use the Trainer's value of 1.0
23:55:57 | WARN  | module.py   | ! No clip algorithm found for optimizer default_0
23:55:57 | WARN  | module.py   | ! Will use the Trainer's value of None
23:55:57 | OK    | module.py   | ✓ Optimizer check complete:
+------------+-----------+----------------+-----------+-----------+
| Opt. Index | Opt. name |      opt       | clip val. | clip alg. |
+------------+-----------+----------------+-----------+-----------+
|     0      | default_0 | LightningAdamW |    1.0    |    None   |
+------------+-----------+----------------+-----------+-----------+
23:55:57 | INFO  | utils.py    | ── LogUnusedParametersOnce ───────────────────────
23:55:57 | INFO  | unused_para~|   registered hooks on 299 leaf parameters
23:56:02 | OK    | unused_para~| ✓ all tracked parameters received gradients on the first backward pass
23:56:02 | INFO  | unused_para~|   hooks removed, callback disabled
[Epoch 0/20] step 50/203 (2.6 it/s)
[Epoch 0/20] step 100/203 (2.4 it/s)
[Epoch 0/20] step 150/203 (2.5 it/s)
[Epoch 0/20] step 200/203 (2.6 it/s)
/home/likun-share/junjxu/wm/le-wm/.venv/lib/python3.10/site-packages/lightning/pytorch/utilities/data.py:79: Trying to infer the `batch_size` from an ambiguous collection. The batch size we found is 83. To avoid any miscalculations, use `self.log(..., batch_size=batch_size)`.
23:57:26 | INFO  | trainer_inf~| \n+----------------------------+------------------------+
|           Metric           |         Value          |
+----------------------------+------------------------+
|          [0;34;40mfit/loss[0m          |  [0;32;40m0.37020376324653625[0m   |
|       [0;34;40mfit/pred_loss[0m        |  [0;32;40m0.026500508189201355[0m  |
|       [0;34;40mfit/probe_loss[0m       |   [0;32;40m0.1806173175573349[0m   |
|      [0;34;40mfit/sigreg_loss[0m       |         [0;32;40m1.8125[0m         |
|    [0;34;40mhardware/cpu_percent[0m    |   [0;32;40m58.79999923706055[0m    |
|  [0;34;40mhardware/disk_read_mb_s[0m   |          [0;32;40m0.0[0m           |
|  [0;34;40mhardware/disk_write_mb_s[0m  |   [0;32;40m43.38655471801758[0m    |
|   [0;34;40mhardware/net_recv_mb_s[0m   |  [0;32;40m0.01658816821873188[0m   |
|   [0;34;40mhardware/net_sent_mb_s[0m   |  [0;32;40m0.01724848337471485[0m   |
|    [0;34;40mhardware/ram_used_gb[0m    |   [0;32;40m330.0863342285156[0m    |
|   [0;34;40mhardware/ram_used_pct[0m    |   [0;32;40m32.79999923706055[0m    |
|    [0;34;40mhparams/lr_default_0[0m    | [0;32;40m4.9797443352872506e-05[0m |
|       [0;34;40mvalidate/loss[0m        |   [0;32;40m0.5085847973823547[0m   |
|    [0;34;40mvalidate/loss_epoch[0m     |   [0;32;40m0.5085847973823547[0m   |
|     [0;34;40mvalidate/pred_loss[0m     |  [0;32;40m0.02538280561566353[0m   |
|  [0;34;40mvalidate/pred_loss_epoch[0m  |  [0;32;40m0.02538280561566353[0m   |
|    [0;34;40mvalidate/probe_loss[0m     |  [0;32;40m0.20914024114608765[0m   |
| [0;34;40mvalidate/probe_loss_epoch[0m  |  [0;32;40m0.20914024114608765[0m   |
|    [0;34;40mvalidate/sigreg_loss[0m    |   [0;32;40m3.0455222129821777[0m   |
| [0;34;40mvalidate/sigreg_loss_epoch[0m |   [0;32;40m3.0455222129821777[0m   |
+----------------------------+------------------------+
[Epoch 0/20] done in 89.3s
23:57:27 | INFO  | checkpoint_~|   Checking for non PyTorch modules to save
23:57:27 | INFO  | atomic_chec~| [atomic_save] → /data1/likun-share/junjxu/.cache_stable-pretraining/runs/20260607/235545/8e046fae9aa3/checkpoints/epoch=0-step=203.ckpt
23:57:27 | INFO  | atomic_chec~| [atomic_save] ✓ epoch=0-step=203.ckpt saved (206.8 MiB, serialise=0.37s write=0.24s rename=0.1ms)
23:57:27 | INFO  | checkpoint_~|   Checking for non PyTorch modules to save
23:57:27 | INFO  | atomic_chec~| [atomic_save] → /data1/likun-share/junjxu/.cache_stable-pretraining/runs/20260607/235545/8e046fae9aa3/checkpoints/last.ckpt
23:57:28 | INFO  | atomic_chec~| [atomic_save] ✓ last.ckpt saved (206.8 MiB, serialise=0.31s write=0.23s rename=0.1ms)
[Epoch 1/20] step 50/203 (2.3 it/s)
[Epoch 1/20] step 100/203 (2.3 it/s)
[Epoch 1/20] step 150/203 (2.3 it/s)
[Epoch 1/20] step 200/203 (2.3 it/s)
23:59:04 | INFO  | trainer_inf~| \n+----------------------------+-----------------------+
|           Metric           |         Value         |
+----------------------------+-----------------------+
|          [0;34;40mfit/loss[0m          |   [0;32;40m0.3311728239059448[0m  |
|       [0;34;40mfit/pred_loss[0m        |  [0;32;40m0.020714832469820976[0m |
|       [0;34;40mfit/probe_loss[0m       |   [0;32;40m0.1737392246723175[0m  |
|      [0;34;40mfit/sigreg_loss[0m       |        [0;32;40m1.515625[0m       |
|    [0;34;40mhardware/cpu_percent[0m    |   [0;32;40m59.400001525878906[0m  |
|  [0;34;40mhardware/disk_read_mb_s[0m   |          [0;32;40m0.0[0m          |
|  [0;34;40mhardware/disk_write_mb_s[0m  |   [0;32;40m39.266902923583984[0m  |
|   [0;34;40mhardware/net_recv_mb_s[0m   |  [0;32;40m0.017627354711294174[0m |
|   [0;34;40mhardware/net_sent_mb_s[0m   |  [0;32;40m0.016823207959532738[0m |
|    [0;34;40mhardware/ram_used_gb[0m    |   [0;32;40m335.7962951660156[0m   |
|   [0;34;40mhardware/ram_used_pct[0m    |   [0;32;40m33.29999923706055[0m   |
|    [0;34;40mhparams/lr_default_0[0m    | [0;32;40m4.898431870969944e-05[0m |
|       [0;34;40mvalidate/loss[0m        |   [0;32;40m0.4519132971763611[0m  |
|    [0;34;40mvalidate/loss_epoch[0m     |   [0;32;40m0.4519132971763611[0m  |
|     [0;34;40mvalidate/pred_loss[0m     |  [0;32;40m0.019561780616641045[0m |
|  [0;34;40mvalidate/pred_loss_epoch[0m  |  [0;32;40m0.019561780616641045[0m |
|    [0;34;40mvalidate/probe_loss[0m     |  [0;32;40m0.19926871359348297[0m  |
| [0;34;40mvalidate/probe_loss_epoch[0m  |  [0;32;40m0.19926871359348297[0m  |
|    [0;34;40mvalidate/sigreg_loss[0m    |   [0;32;40m2.5900042057037354[0m  |
| [0;34;40mvalidate/sigreg_loss_epoch[0m |   [0;32;40m2.5900042057037354[0m  |
+----------------------------+-----------------------+
[Epoch 1/20] done in 96.6s
23:59:04 | INFO  | checkpoint_~|   Checking for non PyTorch modules to save
23:59:04 | INFO  | atomic_chec~| [atomic_save] → /data1/likun-share/junjxu/.cache_stable-pretraining/runs/20260607/235545/8e046fae9aa3/checkpoints/epoch=1-step=406.ckpt
23:59:05 | INFO  | atomic_chec~| [atomic_save] ✓ epoch=1-step=406.ckpt saved (206.8 MiB, serialise=0.40s write=0.23s rename=0.1ms)
23:59:05 | INFO  | checkpoint_~|   Checking for non PyTorch modules to save
23:59:05 | INFO  | atomic_chec~| [atomic_save] → /data1/likun-share/junjxu/.cache_stable-pretraining/runs/20260607/235545/8e046fae9aa3/checkpoints/last.ckpt
23:59:06 | INFO  | atomic_chec~| [atomic_save] ✓ last.ckpt saved (206.8 MiB, serialise=0.34s write=0.25s rename=30.0ms)
[Epoch 2/20] step 50/203 (2.2 it/s)
[Epoch 2/20] step 100/203 (2.3 it/s)
[Epoch 2/20] step 150/203 (2.4 it/s)
[Epoch 2/20] step 200/203 (2.4 it/s)
00:00:42 | INFO  | trainer_inf~| \n+----------------------------+-----------------------+
|           Metric           |         Value         |
+----------------------------+-----------------------+
|          [0;34;40mfit/loss[0m          |   [0;32;40m0.3015904128551483[0m  |
|       [0;34;40mfit/pred_loss[0m        |  [0;32;40m0.017383519560098648[0m |
|       [0;34;40mfit/probe_loss[0m       |  [0;32;40m0.15969517827033997[0m  |
|      [0;34;40mfit/sigreg_loss[0m       |       [0;32;40m1.3828125[0m       |
|    [0;34;40mhardware/cpu_percent[0m    |   [0;32;40m58.400001525878906[0m  |
|  [0;34;40mhardware/disk_read_mb_s[0m   |  [0;32;40m0.06638988852500916[0m  |
|  [0;34;40mhardware/disk_write_mb_s[0m  |   [0;32;40m43.27254104614258[0m   |
|   [0;34;40mhardware/net_recv_mb_s[0m   |  [0;32;40m0.02315036579966545[0m  |
|   [0;34;40mhardware/net_sent_mb_s[0m   |  [0;32;40m0.06134076043963432[0m  |
|    [0;34;40mhardware/ram_used_gb[0m    |    [0;32;40m334.811279296875[0m   |
|   [0;34;40mhardware/ram_used_pct[0m    |   [0;32;40m33.20000076293945[0m   |
|    [0;34;40mhparams/lr_default_0[0m    | [0;32;40m4.756883572554216e-05[0m |
|       [0;34;40mvalidate/loss[0m        |  [0;32;40m0.40444669127464294[0m  |
|    [0;34;40mvalidate/loss_epoch[0m     |  [0;32;40m0.40444669127464294[0m  |
|     [0;34;40mvalidate/pred_loss[0m     |  [0;32;40m0.015459797345101833[0m |
|  [0;34;40mvalidate/pred_loss_epoch[0m  |  [0;32;40m0.015459797345101833[0m |
|    [0;34;40mvalidate/probe_loss[0m     |  [0;32;40m0.17181682586669922[0m  |
| [0;34;40mvalidate/probe_loss_epoch[0m  |  [0;32;40m0.17181682586669922[0m  |
|    [0;34;40mvalidate/sigreg_loss[0m    |   [0;32;40m2.413348436355591[0m   |
| [0;34;40mvalidate/sigreg_loss_epoch[0m |   [0;32;40m2.413348436355591[0m   |
+----------------------------+-----------------------+
[Epoch 2/20] done in 96.2s
00:00:42 | INFO  | checkpoint_~|   Checking for non PyTorch modules to save
00:00:42 | INFO  | atomic_chec~| [atomic_save] → /data1/likun-share/junjxu/.cache_stable-pretraining/runs/20260607/235545/8e046fae9aa3/checkpoints/epoch=2-step=609.ckpt
00:00:43 | INFO  | atomic_chec~| [atomic_save] ✓ epoch=2-step=609.ckpt saved (206.8 MiB, serialise=0.45s write=0.26s rename=0.1ms)
00:00:43 | INFO  | checkpoint_~|   Checking for non PyTorch modules to save
00:00:43 | INFO  | atomic_chec~| [atomic_save] → /data1/likun-share/junjxu/.cache_stable-pretraining/runs/20260607/235545/8e046fae9aa3/checkpoints/last.ckpt
00:00:44 | INFO  | atomic_chec~| [atomic_save] ✓ last.ckpt saved (206.8 MiB, serialise=0.47s write=0.27s rename=63.9ms)
[Epoch 3/20] step 50/203 (2.2 it/s)
[Epoch 3/20] step 100/203 (2.2 it/s)
[Epoch 3/20] step 150/203 (2.4 it/s)
[Epoch 3/20] step 200/203 (2.4 it/s)
00:02:18 | INFO  | trainer_inf~| \n+----------------------------+-----------------------+
|           Metric           |         Value         |
+----------------------------+-----------------------+
|          [0;34;40mfit/loss[0m          |   [0;32;40m0.3381189703941345[0m  |
|       [0;34;40mfit/pred_loss[0m        |  [0;32;40m0.01964338682591915[0m  |
|       [0;34;40mfit/probe_loss[0m       |  [0;32;40m0.18468651175498962[0m  |
|      [0;34;40mfit/sigreg_loss[0m       |        [0;32;40m1.484375[0m       |
|    [0;34;40mhardware/cpu_percent[0m    |   [0;32;40m56.70000076293945[0m   |
|  [0;34;40mhardware/disk_read_mb_s[0m   |          [0;32;40m0.0[0m          |
|  [0;34;40mhardware/disk_write_mb_s[0m  |   [0;32;40m66.17735290527344[0m   |
|   [0;34;40mhardware/net_recv_mb_s[0m   |  [0;32;40m0.01700710691511631[0m  |
|   [0;34;40mhardware/net_sent_mb_s[0m   |   [0;32;40m0.0572117418050766[0m  |
|    [0;34;40mhardware/ram_used_gb[0m    |   [0;32;40m334.8451232910156[0m   |
|   [0;34;40mhardware/ram_used_pct[0m    |   [0;32;40m33.20000076293945[0m   |
|    [0;34;40mhparams/lr_default_0[0m    | [0;32;40m4.558654109132476e-05[0m |
|       [0;34;40mvalidate/loss[0m        |   [0;32;40m0.4217381775379181[0m  |
|    [0;34;40mvalidate/loss_epoch[0m     |   [0;32;40m0.4217381775379181[0m  |
|     [0;34;40mvalidate/pred_loss[0m     |  [0;32;40m0.018063610419631004[0m |
|  [0;34;40mvalidate/pred_loss_epoch[0m  |  [0;32;40m0.018063610419631004[0m |
|    [0;34;40mvalidate/probe_loss[0m     |  [0;32;40m0.16875490546226501[0m  |
| [0;34;40mvalidate/probe_loss_epoch[0m  |  [0;32;40m0.16875490546226501[0m  |
|    [0;34;40mvalidate/sigreg_loss[0m    |    [0;32;40m2.61076021194458[0m   |
| [0;34;40mvalidate/sigreg_loss_epoch[0m |    [0;32;40m2.61076021194458[0m   |
+----------------------------+-----------------------+
[Epoch 3/20] done in 94.2s
00:02:18 | INFO  | checkpoint_~|   Checking for non PyTorch modules to save
00:02:18 | INFO  | atomic_chec~| [atomic_save] → /data1/likun-share/junjxu/.cache_stable-pretraining/runs/20260607/235545/8e046fae9aa3/checkpoints/epoch=3-step=812.ckpt
00:02:18 | INFO  | atomic_chec~| [atomic_save] ✓ epoch=3-step=812.ckpt saved (206.8 MiB, serialise=0.33s write=0.25s rename=0.1ms)
00:02:18 | INFO  | checkpoint_~|   Checking for non PyTorch modules to save
00:02:18 | INFO  | atomic_chec~| [atomic_save] → /data1/likun-share/junjxu/.cache_stable-pretraining/runs/20260607/235545/8e046fae9aa3/checkpoints/last.ckpt
00:02:19 | INFO  | atomic_chec~| [atomic_save] ✓ last.ckpt saved (206.8 MiB, serialise=0.30s write=0.22s rename=28.7ms)
[Epoch 4/20] step 50/203 (2.1 it/s)
[Epoch 4/20] step 100/203 (2.2 it/s)
[Epoch 4/20] step 150/203 (2.3 it/s)
[Epoch 4/20] step 200/203 (2.5 it/s)
00:03:52 | INFO  | trainer_inf~| \n+----------------------------+----------------------+
|           Metric           |        Value         |
+----------------------------+----------------------+
|          [0;34;40mfit/loss[0m          | [0;32;40m0.26636701822280884[0m  |
|       [0;34;40mfit/pred_loss[0m        | [0;32;40m0.014823284931480885[0m |
|       [0;34;40mfit/probe_loss[0m       | [0;32;40m0.13484449684619904[0m  |
|      [0;34;40mfit/sigreg_loss[0m       |       [0;32;40m1.296875[0m       |
|    [0;34;40mhardware/cpu_percent[0m    |  [0;32;40m56.79999923706055[0m   |
|  [0;34;40mhardware/disk_read_mb_s[0m   |         [0;32;40m0.0[0m          |
|  [0;34;40mhardware/disk_write_mb_s[0m  |   [0;32;40m45.2645378112793[0m   |
|   [0;34;40mhardware/net_recv_mb_s[0m   | [0;32;40m0.11368957161903381[0m  |
|   [0;34;40mhardware/net_sent_mb_s[0m   | [0;32;40m0.35551077127456665[0m  |
|    [0;34;40mhardware/ram_used_gb[0m    |  [0;32;40m336.5635681152344[0m   |
|   [0;34;40mhardware/ram_used_pct[0m    |  [0;32;40m33.400001525878906[0m  |
|    [0;34;40mhparams/lr_default_0[0m    | [0;32;40m4.30872205470223e-05[0m |
|       [0;34;40mvalidate/loss[0m        | [0;32;40m0.34990254044532776[0m  |
|    [0;34;40mvalidate/loss_epoch[0m     | [0;32;40m0.34990254044532776[0m  |
|     [0;34;40mvalidate/pred_loss[0m     | [0;32;40m0.013376601040363312[0m |
|  [0;34;40mvalidate/pred_loss_epoch[0m  | [0;32;40m0.013376601040363312[0m |
|    [0;34;40mvalidate/probe_loss[0m     |  [0;32;40m0.1531800627708435[0m  |
| [0;34;40mvalidate/probe_loss_epoch[0m  |  [0;32;40m0.1531800627708435[0m  |
|    [0;34;40mvalidate/sigreg_loss[0m    |   [0;32;40m2.03749942779541[0m   |
| [0;34;40mvalidate/sigreg_loss_epoch[0m |   [0;32;40m2.03749942779541[0m   |
+----------------------------+----------------------+
[Epoch 4/20] done in 92.6s
00:03:52 | INFO  | checkpoint_~|   Checking for non PyTorch modules to save
00:03:52 | INFO  | atomic_chec~| [atomic_save] → /data1/likun-share/junjxu/.cache_stable-pretraining/runs/20260607/235545/8e046fae9aa3/checkpoints/epoch=4-step=1015.ckpt
00:03:52 | INFO  | atomic_chec~| [atomic_save] ✓ epoch=4-step=1015.ckpt saved (206.8 MiB, serialise=0.33s write=0.23s rename=0.1ms)
00:03:52 | INFO  | checkpoint_~|   Checking for non PyTorch modules to save
00:03:52 | INFO  | atomic_chec~| [atomic_save] → /data1/likun-share/junjxu/.cache_stable-pretraining/runs/20260607/235545/8e046fae9aa3/checkpoints/last.ckpt
00:03:53 | INFO  | atomic_chec~| [atomic_save] ✓ last.ckpt saved (206.8 MiB, serialise=0.32s write=0.22s rename=26.7ms)
[Epoch 5/20] step 50/203 (2.2 it/s)
[Epoch 5/20] step 100/203 (2.3 it/s)
[Epoch 5/20] step 150/203 (2.3 it/s)
[Epoch 5/20] step 200/203 (2.4 it/s)
00:05:31 | INFO  | trainer_inf~| \n+----------------------------+------------------------+
|           Metric           |         Value          |
+----------------------------+------------------------+
|          [0;34;40mfit/loss[0m          |  [0;32;40m0.25723159313201904[0m   |
|       [0;34;40mfit/pred_loss[0m        |  [0;32;40m0.014945326372981071[0m  |
|       [0;34;40mfit/probe_loss[0m       |  [0;32;40m0.13877063989639282[0m   |
|      [0;34;40mfit/sigreg_loss[0m       |       [0;32;40m1.1484375[0m        |
|    [0;34;40mhardware/cpu_percent[0m    |   [0;32;40m55.099998474121094[0m   |
|  [0;34;40mhardware/disk_read_mb_s[0m   |          [0;32;40m0.0[0m           |
|  [0;34;40mhardware/disk_write_mb_s[0m  |   [0;32;40m82.52017211914062[0m    |
|   [0;34;40mhardware/net_recv_mb_s[0m   |  [0;32;40m0.015495531260967255[0m  |
|   [0;34;40mhardware/net_sent_mb_s[0m   |  [0;32;40m0.015709999948740005[0m  |
|    [0;34;40mhardware/ram_used_gb[0m    |    [0;32;40m336.49365234375[0m     |
|   [0;34;40mhardware/ram_used_pct[0m    |   [0;32;40m33.400001525878906[0m   |
|    [0;34;40mhparams/lr_default_0[0m    | [0;32;40m4.0133647416951135e-05[0m |
|       [0;34;40mvalidate/loss[0m        |   [0;32;40m0.3436785340309143[0m   |
|    [0;34;40mvalidate/loss_epoch[0m     |   [0;32;40m0.3436785340309143[0m   |
|     [0;34;40mvalidate/pred_loss[0m     |  [0;32;40m0.012844476848840714[0m  |
|  [0;34;40mvalidate/pred_loss_epoch[0m  |  [0;32;40m0.012844476848840714[0m  |
|    [0;34;40mvalidate/probe_loss[0m     |  [0;32;40m0.14818282425403595[0m   |
| [0;34;40mvalidate/probe_loss_epoch[0m  |  [0;32;40m0.14818282425403595[0m   |
|    [0;34;40mvalidate/sigreg_loss[0m    |   [0;32;40m2.029975414276123[0m    |
| [0;34;40mvalidate/sigreg_loss_epoch[0m |   [0;32;40m2.029975414276123[0m    |
+----------------------------+------------------------+
[Epoch 5/20] done in 97.9s
00:05:31 | INFO  | checkpoint_~|   Checking for non PyTorch modules to save
00:05:31 | INFO  | atomic_chec~| [atomic_save] → /data1/likun-share/junjxu/.cache_stable-pretraining/runs/20260607/235545/8e046fae9aa3/checkpoints/epoch=5-step=1218.ckpt
00:05:32 | INFO  | atomic_chec~| [atomic_save] ✓ epoch=5-step=1218.ckpt saved (206.8 MiB, serialise=0.44s write=0.32s rename=0.1ms)
00:05:32 | INFO  | checkpoint_~|   Checking for non PyTorch modules to save
00:05:32 | INFO  | atomic_chec~| [atomic_save] → /data1/likun-share/junjxu/.cache_stable-pretraining/runs/20260607/235545/8e046fae9aa3/checkpoints/last.ckpt
00:05:32 | INFO  | atomic_chec~| [atomic_save] ✓ last.ckpt saved (206.8 MiB, serialise=0.46s write=0.23s rename=43.3ms)
[Epoch 6/20] step 50/203 (2.1 it/s)
[Epoch 6/20] step 100/203 (2.2 it/s)
[Epoch 6/20] step 150/203 (2.2 it/s)
[Epoch 6/20] step 200/203 (2.4 it/s)
00:07:09 | INFO  | trainer_inf~| \n+----------------------------+-----------------------+
|           Metric           |         Value         |
+----------------------------+-----------------------+
|          [0;34;40mfit/loss[0m          |   [0;32;40m0.252249538898468[0m   |
|       [0;34;40mfit/pred_loss[0m        |  [0;32;40m0.015180415473878384[0m |
|       [0;34;40mfit/probe_loss[0m       |  [0;32;40m0.12671756744384766[0m  |
|      [0;34;40mfit/sigreg_loss[0m       |       [0;32;40m1.2265625[0m       |
|    [0;34;40mhardware/cpu_percent[0m    |          [0;32;40m56.5[0m         |
|  [0;34;40mhardware/disk_read_mb_s[0m   |          [0;32;40m0.0[0m          |
|  [0;34;40mhardware/disk_write_mb_s[0m  |   [0;32;40m88.39431762695312[0m   |
|   [0;34;40mhardware/net_recv_mb_s[0m   |  [0;32;40m0.028574077412486076[0m |
|   [0;34;40mhardware/net_sent_mb_s[0m   |  [0;32;40m0.06659549474716187[0m  |
|    [0;34;40mhardware/ram_used_gb[0m    |   [0;32;40m336.8444519042969[0m   |
|   [0;34;40mhardware/ram_used_pct[0m    |   [0;32;40m33.400001525878906[0m  |
|    [0;34;40mhparams/lr_default_0[0m    | [0;32;40m3.679999281303026e-05[0m |
|       [0;34;40mvalidate/loss[0m        |   [0;32;40m0.3729895353317261[0m  |
|    [0;34;40mvalidate/loss_epoch[0m     |   [0;32;40m0.3729895353317261[0m  |
|     [0;34;40mvalidate/pred_loss[0m     |  [0;32;40m0.014369454234838486[0m |
|  [0;34;40mvalidate/pred_loss_epoch[0m  |  [0;32;40m0.014369454234838486[0m |
|    [0;34;40mvalidate/probe_loss[0m     |  [0;32;40m0.14807836711406708[0m  |
| [0;34;40mvalidate/probe_loss_epoch[0m  |  [0;32;40m0.14807836711406708[0m  |
|    [0;34;40mvalidate/sigreg_loss[0m    |   [0;32;40m2.339540481567383[0m   |
| [0;34;40mvalidate/sigreg_loss_epoch[0m |   [0;32;40m2.339540481567383[0m   |
+----------------------------+-----------------------+
[Epoch 6/20] done in 96.8s
00:07:09 | INFO  | checkpoint_~|   Checking for non PyTorch modules to save
00:07:09 | INFO  | atomic_chec~| [atomic_save] → /data1/likun-share/junjxu/.cache_stable-pretraining/runs/20260607/235545/8e046fae9aa3/checkpoints/epoch=6-step=1421.ckpt
00:07:10 | INFO  | atomic_chec~| [atomic_save] ✓ epoch=6-step=1421.ckpt saved (206.8 MiB, serialise=1.00s write=0.29s rename=0.1ms)
00:07:11 | INFO  | checkpoint_~|   Checking for non PyTorch modules to save
00:07:11 | INFO  | atomic_chec~| [atomic_save] → /data1/likun-share/junjxu/.cache_stable-pretraining/runs/20260607/235545/8e046fae9aa3/checkpoints/last.ckpt
00:07:11 | INFO  | atomic_chec~| [atomic_save] ✓ last.ckpt saved (206.8 MiB, serialise=0.47s write=0.29s rename=53.6ms)
[Epoch 7/20] step 50/203 (2.2 it/s)
[Epoch 7/20] step 100/203 (2.4 it/s)
[Epoch 7/20] step 150/203 (2.5 it/s)
[Epoch 7/20] step 200/203 (2.5 it/s)
00:08:44 | INFO  | trainer_inf~| \n+----------------------------+-----------------------+
|           Metric           |         Value         |
+----------------------------+-----------------------+
|          [0;34;40mfit/loss[0m          |   [0;32;40m0.2869100272655487[0m  |
|       [0;34;40mfit/pred_loss[0m        |  [0;32;40m0.014864589087665081[0m |
|       [0;34;40mfit/probe_loss[0m       |  [0;32;40m0.16169387102127075[0m  |
|      [0;34;40mfit/sigreg_loss[0m       |       [0;32;40m1.2265625[0m       |
|    [0;34;40mhardware/cpu_percent[0m    |   [0;32;40m55.70000076293945[0m   |
|  [0;34;40mhardware/disk_read_mb_s[0m   |          [0;32;40m0.0[0m          |
|  [0;34;40mhardware/disk_write_mb_s[0m  |   [0;32;40m105.23023223876953[0m  |
|   [0;34;40mhardware/net_recv_mb_s[0m   |  [0;32;40m0.057606104761362076[0m |
|   [0;34;40mhardware/net_sent_mb_s[0m   |  [0;32;40m0.12159138172864914[0m  |
|    [0;34;40mhardware/ram_used_gb[0m    |   [0;32;40m340.1983337402344[0m   |
|   [0;34;40mhardware/ram_used_pct[0m    |   [0;32;40m33.79999923706055[0m   |
|    [0;34;40mhparams/lr_default_0[0m    | [0;32;40m3.316998481750488e-05[0m |
|       [0;34;40mvalidate/loss[0m        |  [0;32;40m0.30938059091567993[0m  |
|    [0;34;40mvalidate/loss_epoch[0m     |  [0;32;40m0.30938059091567993[0m  |
|     [0;34;40mvalidate/pred_loss[0m     |  [0;32;40m0.01141988392919302[0m  |
|  [0;34;40mvalidate/pred_loss_epoch[0m  |  [0;32;40m0.01141988392919302[0m  |
|    [0;34;40mvalidate/probe_loss[0m     |  [0;32;40m0.12953951954841614[0m  |
| [0;34;40mvalidate/probe_loss_epoch[0m  |  [0;32;40m0.12953951954841614[0m  |
|    [0;34;40mvalidate/sigreg_loss[0m    |   [0;32;40m1.870639681816101[0m   |
| [0;34;40mvalidate/sigreg_loss_epoch[0m |   [0;32;40m1.870639681816101[0m   |
+----------------------------+-----------------------+
[Epoch 7/20] done in 92.5s
00:08:44 | INFO  | checkpoint_~|   Checking for non PyTorch modules to save
00:08:44 | INFO  | atomic_chec~| [atomic_save] → /data1/likun-share/junjxu/.cache_stable-pretraining/runs/20260607/235545/8e046fae9aa3/checkpoints/epoch=7-step=1624.ckpt
00:08:45 | INFO  | atomic_chec~| [atomic_save] ✓ epoch=7-step=1624.ckpt saved (206.8 MiB, serialise=0.33s write=0.25s rename=0.1ms)
00:08:45 | INFO  | checkpoint_~|   Checking for non PyTorch modules to save
00:08:45 | INFO  | atomic_chec~| [atomic_save] → /data1/likun-share/junjxu/.cache_stable-pretraining/runs/20260607/235545/8e046fae9aa3/checkpoints/last.ckpt
00:08:45 | INFO  | atomic_chec~| [atomic_save] ✓ last.ckpt saved (206.8 MiB, serialise=0.37s write=0.27s rename=25.1ms)
[Epoch 8/20] step 50/203 (2.0 it/s)
[Epoch 8/20] step 100/203 (2.2 it/s)
[Epoch 8/20] step 150/203 (2.4 it/s)
[Epoch 8/20] step 200/203 (2.4 it/s)
00:10:18 | INFO  | trainer_inf~| \n+----------------------------+------------------------+
|           Metric           |         Value          |
+----------------------------+------------------------+
|          [0;34;40mfit/loss[0m          |   [0;32;40m0.2373555302619934[0m   |
|       [0;34;40mfit/pred_loss[0m        |  [0;32;40m0.013935052789747715[0m  |
|       [0;34;40mfit/probe_loss[0m       |  [0;32;40m0.11746345460414886[0m   |
|      [0;34;40mfit/sigreg_loss[0m       |       [0;32;40m1.1796875[0m        |
|    [0;34;40mhardware/cpu_percent[0m    |   [0;32;40m56.29999923706055[0m    |
|  [0;34;40mhardware/disk_read_mb_s[0m   |  [0;32;40m0.007025213446468115[0m  |
|  [0;34;40mhardware/disk_write_mb_s[0m  |   [0;32;40m85.24433135986328[0m    |
|   [0;34;40mhardware/net_recv_mb_s[0m   |  [0;32;40m0.04008529707789421[0m   |
|   [0;34;40mhardware/net_sent_mb_s[0m   |  [0;32;40m0.09718764573335648[0m   |
|    [0;34;40mhardware/ram_used_gb[0m    |   [0;32;40m337.6231384277344[0m    |
|   [0;34;40mhardware/ram_used_pct[0m    |          [0;32;40m33.5[0m          |
|    [0;34;40mhparams/lr_default_0[0m    | [0;32;40m2.9334791179280728e-05[0m |
|       [0;34;40mvalidate/loss[0m        |  [0;32;40m0.30498090386390686[0m   |
|    [0;34;40mvalidate/loss_epoch[0m     |  [0;32;40m0.30498090386390686[0m   |
|     [0;34;40mvalidate/pred_loss[0m     |  [0;32;40m0.011062052100896835[0m  |
|  [0;34;40mvalidate/pred_loss_epoch[0m  |  [0;32;40m0.011062052100896835[0m  |
|    [0;34;40mvalidate/probe_loss[0m     |   [0;32;40m0.131389781832695[0m    |
| [0;34;40mvalidate/probe_loss_epoch[0m  |   [0;32;40m0.131389781832695[0m    |
|    [0;34;40mvalidate/sigreg_loss[0m    |   [0;32;40m1.8060322999954224[0m   |
| [0;34;40mvalidate/sigreg_loss_epoch[0m |   [0;32;40m1.8060322999954224[0m   |
+----------------------------+------------------------+
[Epoch 8/20] done in 92.4s
00:10:18 | INFO  | checkpoint_~|   Checking for non PyTorch modules to save
00:10:18 | INFO  | atomic_chec~| [atomic_save] → /data1/likun-share/junjxu/.cache_stable-pretraining/runs/20260607/235545/8e046fae9aa3/checkpoints/epoch=8-step=1827.ckpt
00:10:18 | INFO  | atomic_chec~| [atomic_save] ✓ epoch=8-step=1827.ckpt saved (206.8 MiB, serialise=0.32s write=0.25s rename=0.1ms)
00:10:18 | INFO  | checkpoint_~|   Checking for non PyTorch modules to save
00:10:18 | INFO  | atomic_chec~| [atomic_save] → /data1/likun-share/junjxu/.cache_stable-pretraining/runs/20260607/235545/8e046fae9aa3/checkpoints/last.ckpt
00:10:19 | INFO  | atomic_chec~| [atomic_save] ✓ last.ckpt saved (206.8 MiB, serialise=0.32s write=0.23s rename=30.6ms)
[Epoch 9/20] step 50/203 (2.2 it/s)
[Epoch 9/20] step 100/203 (2.4 it/s)
[Epoch 9/20] step 150/203 (2.4 it/s)
[Epoch 9/20] step 200/203 (2.5 it/s)
00:11:51 | INFO  | trainer_inf~| \n+----------------------------+-----------------------+
|           Metric           |         Value         |
+----------------------------+-----------------------+
|          [0;34;40mfit/loss[0m          |  [0;32;40m0.22671499848365784[0m  |
|       [0;34;40mfit/pred_loss[0m        |  [0;32;40m0.012384383007884026[0m |
|       [0;34;40mfit/probe_loss[0m       |  [0;32;40m0.12204545736312866[0m  |
|      [0;34;40mfit/sigreg_loss[0m       |       [0;32;40m1.0234375[0m       |
|    [0;34;40mhardware/cpu_percent[0m    |   [0;32;40m54.70000076293945[0m   |
|  [0;34;40mhardware/disk_read_mb_s[0m   |          [0;32;40m0.0[0m          |
|  [0;34;40mhardware/disk_write_mb_s[0m  |   [0;32;40m67.67855072021484[0m   |
|   [0;34;40mhardware/net_recv_mb_s[0m   |  [0;32;40m0.014228207990527153[0m |
|   [0;34;40mhardware/net_sent_mb_s[0m   |  [0;32;40m0.05186488851904869[0m  |
|    [0;34;40mhardware/ram_used_gb[0m    |     [0;32;40m337.6904296875[0m    |
|   [0;34;40mhardware/ram_used_pct[0m    |          [0;32;40m33.5[0m         |
|    [0;34;40mhparams/lr_default_0[0m    | [0;32;40m2.539072920626495e-05[0m |
|       [0;34;40mvalidate/loss[0m        |  [0;32;40m0.30231422185897827[0m  |
|    [0;34;40mvalidate/loss_epoch[0m     |  [0;32;40m0.30231422185897827[0m  |
|     [0;34;40mvalidate/pred_loss[0m     |  [0;32;40m0.010587240569293499[0m |
|  [0;34;40mvalidate/pred_loss_epoch[0m  |  [0;32;40m0.010587240569293499[0m |
|    [0;34;40mvalidate/probe_loss[0m     |  [0;32;40m0.12822368741035461[0m  |
| [0;34;40mvalidate/probe_loss_epoch[0m  |  [0;32;40m0.12822368741035461[0m  |
|    [0;34;40mvalidate/sigreg_loss[0m    |   [0;32;40m1.8177226781845093[0m  |
| [0;34;40mvalidate/sigreg_loss_epoch[0m |   [0;32;40m1.8177226781845093[0m  |
+----------------------------+-----------------------+
[Epoch 9/20] done in 92.5s
00:11:51 | INFO  | checkpoint_~|   Checking for non PyTorch modules to save
00:11:51 | INFO  | atomic_chec~| [atomic_save] → /data1/likun-share/junjxu/.cache_stable-pretraining/runs/20260607/235545/8e046fae9aa3/checkpoints/epoch=9-step=2030.ckpt
00:11:52 | INFO  | atomic_chec~| [atomic_save] ✓ epoch=9-step=2030.ckpt saved (206.8 MiB, serialise=0.31s write=0.24s rename=0.1ms)
00:11:52 | INFO  | checkpoint_~|   Checking for non PyTorch modules to save
00:11:52 | INFO  | atomic_chec~| [atomic_save] → /data1/likun-share/junjxu/.cache_stable-pretraining/runs/20260607/235545/8e046fae9aa3/checkpoints/last.ckpt
00:11:53 | INFO  | atomic_chec~| [atomic_save] ✓ last.ckpt saved (206.8 MiB, serialise=0.31s write=0.26s rename=28.3ms)
[Epoch 10/20] step 50/203 (2.0 it/s)
[Epoch 10/20] step 100/203 (2.2 it/s)
[Epoch 10/20] step 150/203 (2.2 it/s)
[Epoch 10/20] step 200/203 (2.3 it/s)
00:13:31 | INFO  | trainer_inf~| \n+----------------------------+------------------------+
|           Metric           |         Value          |
+----------------------------+------------------------+
|          [0;34;40mfit/loss[0m          |  [0;32;40m0.22092078626155853[0m   |
|       [0;34;40mfit/pred_loss[0m        |  [0;32;40m0.012943984940648079[0m  |
|       [0;34;40mfit/probe_loss[0m       |   [0;32;40m0.1088557094335556[0m   |
|      [0;34;40mfit/sigreg_loss[0m       |       [0;32;40m1.1015625[0m        |
|    [0;34;40mhardware/cpu_percent[0m    |   [0;32;40m52.400001525878906[0m   |
|  [0;34;40mhardware/disk_read_mb_s[0m   |          [0;32;40m0.0[0m           |
|  [0;34;40mhardware/disk_write_mb_s[0m  |   [0;32;40m132.50741577148438[0m   |
|   [0;34;40mhardware/net_recv_mb_s[0m   |  [0;32;40m0.030285144224762917[0m  |
|   [0;34;40mhardware/net_sent_mb_s[0m   |  [0;32;40m0.022122735157608986[0m  |
|    [0;34;40mhardware/ram_used_gb[0m    |   [0;32;40m343.37835693359375[0m   |
|   [0;34;40mhardware/ram_used_pct[0m    |   [0;32;40m34.099998474121094[0m   |
|    [0;34;40mhparams/lr_default_0[0m    | [0;32;40m2.1436855604406446e-05[0m |
|       [0;34;40mvalidate/loss[0m        |  [0;32;40m0.30218929052352905[0m   |
|    [0;34;40mvalidate/loss_epoch[0m     |  [0;32;40m0.30218929052352905[0m   |
|     [0;34;40mvalidate/pred_loss[0m     |  [0;32;40m0.010952620767056942[0m  |
|  [0;34;40mvalidate/pred_loss_epoch[0m  |  [0;32;40m0.010952620767056942[0m  |
|    [0;34;40mvalidate/probe_loss[0m     |  [0;32;40m0.12613564729690552[0m   |
| [0;34;40mvalidate/probe_loss_epoch[0m  |  [0;32;40m0.12613564729690552[0m   |
|    [0;34;40mvalidate/sigreg_loss[0m    |   [0;32;40m1.835921287536621[0m    |
| [0;34;40mvalidate/sigreg_loss_epoch[0m |   [0;32;40m1.835921287536621[0m    |
+----------------------------+------------------------+
[Epoch 10/20] done in 98.6s
00:13:31 | INFO  | checkpoint_~|   Checking for non PyTorch modules to save
00:13:31 | INFO  | atomic_chec~| [atomic_save] → /data1/likun-share/junjxu/.cache_stable-pretraining/runs/20260607/235545/8e046fae9aa3/checkpoints/epoch=10-step=2233.ckpt
00:13:32 | INFO  | atomic_chec~| [atomic_save] ✓ epoch=10-step=2233.ckpt saved (206.8 MiB, serialise=0.33s write=0.25s rename=0.1ms)
00:13:32 | INFO  | checkpoint_~|   Checking for non PyTorch modules to save
00:13:32 | INFO  | atomic_chec~| [atomic_save] → /data1/likun-share/junjxu/.cache_stable-pretraining/runs/20260607/235545/8e046fae9aa3/checkpoints/last.ckpt
00:13:33 | INFO  | atomic_chec~| [atomic_save] ✓ last.ckpt saved (206.8 MiB, serialise=0.42s write=0.28s rename=31.6ms)
[Epoch 11/20] step 50/203 (2.0 it/s)
[Epoch 11/20] step 100/203 (2.4 it/s)
[Epoch 11/20] step 150/203 (2.3 it/s)
[Epoch 11/20] step 200/203 (2.5 it/s)
00:15:06 | INFO  | trainer_inf~| \n+----------------------------+-----------------------+
|           Metric           |         Value         |
+----------------------------+-----------------------+
|          [0;34;40mfit/loss[0m          |  [0;32;40m0.24068522453308105[0m  |
|       [0;34;40mfit/pred_loss[0m        |  [0;32;40m0.012686542235314846[0m |
|       [0;34;40mfit/probe_loss[0m       |  [0;32;40m0.13424867391586304[0m  |
|      [0;34;40mfit/sigreg_loss[0m       |       [0;32;40m1.0390625[0m       |
|    [0;34;40mhardware/cpu_percent[0m    |   [0;32;40m56.70000076293945[0m   |
|  [0;34;40mhardware/disk_read_mb_s[0m   |          [0;32;40m0.0[0m          |
|  [0;34;40mhardware/disk_write_mb_s[0m  |   [0;32;40m82.23688507080078[0m   |
|   [0;34;40mhardware/net_recv_mb_s[0m   |  [0;32;40m0.014208591543138027[0m |
|   [0;34;40mhardware/net_sent_mb_s[0m   |  [0;32;40m0.017074430361390114[0m |
|    [0;34;40mhardware/ram_used_gb[0m    |   [0;32;40m342.2296142578125[0m   |
|   [0;34;40mhardware/ram_used_pct[0m    |          [0;32;40m34.0[0m         |
|    [0;34;40mhparams/lr_default_0[0m    | [0;32;40m1.757246718625538e-05[0m |
|       [0;34;40mvalidate/loss[0m        |   [0;32;40m0.2927536964416504[0m  |
|    [0;34;40mvalidate/loss_epoch[0m     |   [0;32;40m0.2927536964416504[0m  |
|     [0;34;40mvalidate/pred_loss[0m     |  [0;32;40m0.010037487372756004[0m |
|  [0;34;40mvalidate/pred_loss_epoch[0m  |  [0;32;40m0.010037487372756004[0m |
|    [0;34;40mvalidate/probe_loss[0m     |   [0;32;40m0.1195659264922142[0m  |
| [0;34;40mvalidate/probe_loss_epoch[0m  |   [0;32;40m0.1195659264922142[0m  |
|    [0;34;40mvalidate/sigreg_loss[0m    |   [0;32;40m1.8133138418197632[0m  |
| [0;34;40mvalidate/sigreg_loss_epoch[0m |   [0;32;40m1.8133138418197632[0m  |
+----------------------------+-----------------------+
[Epoch 11/20] done in 93.8s
00:15:06 | INFO  | checkpoint_~|   Checking for non PyTorch modules to save
00:15:06 | INFO  | atomic_chec~| [atomic_save] → /data1/likun-share/junjxu/.cache_stable-pretraining/runs/20260607/235545/8e046fae9aa3/checkpoints/epoch=11-step=2436.ckpt
00:15:07 | INFO  | atomic_chec~| [atomic_save] ✓ epoch=11-step=2436.ckpt saved (206.8 MiB, serialise=0.31s write=0.24s rename=0.1ms)
00:15:07 | INFO  | checkpoint_~|   Checking for non PyTorch modules to save
00:15:07 | INFO  | atomic_chec~| [atomic_save] → /data1/likun-share/junjxu/.cache_stable-pretraining/runs/20260607/235545/8e046fae9aa3/checkpoints/last.ckpt
00:15:08 | INFO  | atomic_chec~| [atomic_save] ✓ last.ckpt saved (206.8 MiB, serialise=0.30s write=0.26s rename=58.2ms)
[Epoch 12/20] step 50/203 (2.2 it/s)
[Epoch 12/20] step 100/203 (2.1 it/s)
[Epoch 12/20] step 150/203 (2.2 it/s)
[Epoch 12/20] step 200/203 (2.2 it/s)
00:16:49 | INFO  | trainer_inf~| \n+----------------------------+------------------------+
|           Metric           |         Value          |
+----------------------------+------------------------+
|          [0;34;40mfit/loss[0m          |   [0;32;40m0.2106427550315857[0m   |
|       [0;34;40mfit/pred_loss[0m        |  [0;32;40m0.01187785156071186[0m   |
|       [0;34;40mfit/probe_loss[0m       |  [0;32;40m0.09964380413293839[0m   |
|      [0;34;40mfit/sigreg_loss[0m       |       [0;32;40m1.1015625[0m        |
|    [0;34;40mhardware/cpu_percent[0m    |   [0;32;40m55.70000076293945[0m    |
|  [0;34;40mhardware/disk_read_mb_s[0m   |   [0;32;40m81.42585754394531[0m    |
|  [0;34;40mhardware/disk_write_mb_s[0m  |   [0;32;40m85.62764739990234[0m    |
|   [0;34;40mhardware/net_recv_mb_s[0m   |  [0;32;40m0.02725103683769703[0m   |
|   [0;34;40mhardware/net_sent_mb_s[0m   |  [0;32;40m0.08034943044185638[0m   |
|    [0;34;40mhardware/ram_used_gb[0m    |   [0;32;40m343.5435485839844[0m    |
|   [0;34;40mhardware/ram_used_pct[0m    |   [0;32;40m34.099998474121094[0m   |
|    [0;34;40mhparams/lr_default_0[0m    | [0;32;40m1.3894621588406153e-05[0m |
|       [0;34;40mvalidate/loss[0m        |   [0;32;40m0.2744181156158447[0m   |
|    [0;34;40mvalidate/loss_epoch[0m     |   [0;32;40m0.2744181156158447[0m   |
|     [0;34;40mvalidate/pred_loss[0m     |  [0;32;40m0.009876551106572151[0m  |
|  [0;34;40mvalidate/pred_loss_epoch[0m  |  [0;32;40m0.009876551106572151[0m  |
|    [0;34;40mvalidate/probe_loss[0m     |  [0;32;40m0.11378707736730576[0m   |
| [0;34;40mvalidate/probe_loss_epoch[0m  |  [0;32;40m0.11378707736730576[0m   |
|    [0;34;40mvalidate/sigreg_loss[0m    |   [0;32;40m1.6755319833755493[0m   |
| [0;34;40mvalidate/sigreg_loss_epoch[0m |   [0;32;40m1.6755319833755493[0m   |
+----------------------------+------------------------+
[Epoch 12/20] done in 101.4s
00:16:49 | INFO  | checkpoint_~|   Checking for non PyTorch modules to save
00:16:49 | INFO  | atomic_chec~| [atomic_save] → /data1/likun-share/junjxu/.cache_stable-pretraining/runs/20260607/235545/8e046fae9aa3/checkpoints/epoch=12-step=2639.ckpt
00:16:50 | INFO  | atomic_chec~| [atomic_save] ✓ epoch=12-step=2639.ckpt saved (206.8 MiB, serialise=0.45s write=0.30s rename=0.1ms)
00:16:50 | INFO  | checkpoint_~|   Checking for non PyTorch modules to save
00:16:50 | INFO  | atomic_chec~| [atomic_save] → /data1/likun-share/junjxu/.cache_stable-pretraining/runs/20260607/235545/8e046fae9aa3/checkpoints/last.ckpt
00:16:51 | INFO  | atomic_chec~| [atomic_save] ✓ last.ckpt saved (206.8 MiB, serialise=0.46s write=0.29s rename=48.2ms)
[Epoch 13/20] step 50/203 (2.1 it/s)
[Epoch 13/20] step 100/203 (2.3 it/s)
[Epoch 13/20] step 150/203 (2.3 it/s)
[Epoch 13/20] step 200/203 (2.4 it/s)
00:18:28 | INFO  | trainer_inf~| \n+----------------------------+------------------------+
|           Metric           |         Value          |
+----------------------------+------------------------+
|          [0;34;40mfit/loss[0m          |  [0;32;40m0.24163898825645447[0m   |
|       [0;34;40mfit/pred_loss[0m        |  [0;32;40m0.01223987527191639[0m   |
|       [0;34;40mfit/probe_loss[0m       |  [0;32;40m0.12686005234718323[0m   |
|      [0;34;40mfit/sigreg_loss[0m       |        [0;32;40m1.140625[0m        |
|    [0;34;40mhardware/cpu_percent[0m    |   [0;32;40m55.099998474121094[0m   |
|  [0;34;40mhardware/disk_read_mb_s[0m   |          [0;32;40m0.0[0m           |
|  [0;34;40mhardware/disk_write_mb_s[0m  |   [0;32;40m93.41351318359375[0m    |
|   [0;34;40mhardware/net_recv_mb_s[0m   |  [0;32;40m0.08203928917646408[0m   |
|   [0;34;40mhardware/net_sent_mb_s[0m   |  [0;32;40m0.12456413358449936[0m   |
|    [0;34;40mhardware/ram_used_gb[0m    |   [0;32;40m341.32464599609375[0m   |
|   [0;34;40mhardware/ram_used_pct[0m    |   [0;32;40m33.900001525878906[0m   |
|    [0;34;40mhparams/lr_default_0[0m    | [0;32;40m1.0495683454792015e-05[0m |
|       [0;34;40mvalidate/loss[0m        |  [0;32;40m0.26243481040000916[0m   |
|    [0;34;40mvalidate/loss_epoch[0m     |  [0;32;40m0.26243481040000916[0m   |
|     [0;34;40mvalidate/pred_loss[0m     |  [0;32;40m0.009240654297173023[0m  |
|  [0;34;40mvalidate/pred_loss_epoch[0m  |  [0;32;40m0.009240654297173023[0m  |
|    [0;34;40mvalidate/probe_loss[0m     |  [0;32;40m0.10448853671550751[0m   |
| [0;34;40mvalidate/probe_loss_epoch[0m  |  [0;32;40m0.10448853671550751[0m   |
|    [0;34;40mvalidate/sigreg_loss[0m    |   [0;32;40m1.6529136896133423[0m   |
| [0;34;40mvalidate/sigreg_loss_epoch[0m |   [0;32;40m1.6529136896133423[0m   |
+----------------------------+------------------------+
[Epoch 13/20] done in 97.1s
00:18:28 | INFO  | checkpoint_~|   Checking for non PyTorch modules to save
00:18:28 | INFO  | atomic_chec~| [atomic_save] → /data1/likun-share/junjxu/.cache_stable-pretraining/runs/20260607/235545/8e046fae9aa3/checkpoints/epoch=13-step=2842.ckpt
00:18:29 | INFO  | atomic_chec~| [atomic_save] ✓ epoch=13-step=2842.ckpt saved (206.8 MiB, serialise=0.33s write=0.27s rename=0.1ms)
00:18:29 | INFO  | checkpoint_~|   Checking for non PyTorch modules to save
00:18:29 | INFO  | atomic_chec~| [atomic_save] → /data1/likun-share/junjxu/.cache_stable-pretraining/runs/20260607/235545/8e046fae9aa3/checkpoints/last.ckpt
00:18:29 | INFO  | atomic_chec~| [atomic_save] ✓ last.ckpt saved (206.8 MiB, serialise=0.45s write=0.30s rename=52.6ms)
[Epoch 14/20] step 50/203 (2.1 it/s)
[Epoch 14/20] step 100/203 (2.2 it/s)
[Epoch 14/20] step 150/203 (2.2 it/s)
[Epoch 14/20] step 200/203 (2.3 it/s)
00:20:09 | INFO  | trainer_inf~| \n+----------------------------+-----------------------+
|           Metric           |         Value         |
+----------------------------+-----------------------+
|          [0;34;40mfit/loss[0m          |  [0;32;40m0.22407618165016174[0m  |
|       [0;34;40mfit/pred_loss[0m        |  [0;32;40m0.010883471928536892[0m |
|       [0;34;40mfit/probe_loss[0m       |  [0;32;40m0.11944270133972168[0m  |
|      [0;34;40mfit/sigreg_loss[0m       |       [0;32;40m1.0390625[0m       |
|    [0;34;40mhardware/cpu_percent[0m    |   [0;32;40m60.400001525878906[0m  |
|  [0;34;40mhardware/disk_read_mb_s[0m   |          [0;32;40m0.0[0m          |
|  [0;34;40mhardware/disk_write_mb_s[0m  |   [0;32;40m53.874393463134766[0m  |
|   [0;34;40mhardware/net_recv_mb_s[0m   |  [0;32;40m0.12994638085365295[0m  |
|   [0;34;40mhardware/net_sent_mb_s[0m   |   [0;32;40m0.2396257221698761[0m  |
|    [0;34;40mhardware/ram_used_gb[0m    |   [0;32;40m343.8839416503906[0m   |
|   [0;34;40mhardware/ram_used_pct[0m    |   [0;32;40m34.099998474121094[0m  |
|    [0;34;40mhparams/lr_default_0[0m    | [0;32;40m7.461018412868725e-06[0m |
|       [0;34;40mvalidate/loss[0m        |  [0;32;40m0.25807827711105347[0m  |
|    [0;34;40mvalidate/loss_epoch[0m     |  [0;32;40m0.25807827711105347[0m  |
|     [0;34;40mvalidate/pred_loss[0m     |  [0;32;40m0.009298872202634811[0m |
|  [0;34;40mvalidate/pred_loss_epoch[0m  |  [0;32;40m0.009298872202634811[0m |
|    [0;34;40mvalidate/probe_loss[0m     |  [0;32;40m0.10098159313201904[0m  |
| [0;34;40mvalidate/probe_loss_epoch[0m  |  [0;32;40m0.10098159313201904[0m  |
|    [0;34;40mvalidate/sigreg_loss[0m    |   [0;32;40m1.641390323638916[0m   |
| [0;34;40mvalidate/sigreg_loss_epoch[0m |   [0;32;40m1.641390323638916[0m   |
+----------------------------+-----------------------+
[Epoch 14/20] done in 99.4s
00:20:09 | INFO  | checkpoint_~|   Checking for non PyTorch modules to save
00:20:09 | INFO  | atomic_chec~| [atomic_save] → /data1/likun-share/junjxu/.cache_stable-pretraining/runs/20260607/235545/8e046fae9aa3/checkpoints/epoch=14-step=3045.ckpt
00:20:10 | INFO  | atomic_chec~| [atomic_save] ✓ epoch=14-step=3045.ckpt saved (206.8 MiB, serialise=0.43s write=0.28s rename=0.1ms)
00:20:10 | INFO  | checkpoint_~|   Checking for non PyTorch modules to save
00:20:10 | INFO  | atomic_chec~| [atomic_save] → /data1/likun-share/junjxu/.cache_stable-pretraining/runs/20260607/235545/8e046fae9aa3/checkpoints/last.ckpt
00:20:10 | INFO  | atomic_chec~| [atomic_save] ✓ last.ckpt saved (206.8 MiB, serialise=0.43s write=0.30s rename=50.6ms)
[Epoch 15/20] step 50/203 (2.5 it/s)
[Epoch 15/20] step 100/203 (2.7 it/s)
[Epoch 15/20] step 150/203 (2.7 it/s)
[Epoch 15/20] step 200/203 (2.7 it/s)
00:21:36 | INFO  | trainer_inf~| \n+----------------------------+-----------------------+
|           Metric           |         Value         |
+----------------------------+-----------------------+
|          [0;34;40mfit/loss[0m          |  [0;32;40m0.21078775823116302[0m  |
|       [0;34;40mfit/pred_loss[0m        |  [0;32;40m0.01167796179652214[0m  |
|       [0;34;40mfit/probe_loss[0m       |  [0;32;40m0.09803557395935059[0m  |
|      [0;34;40mfit/sigreg_loss[0m       |         [0;32;40m1.125[0m         |
|    [0;34;40mhardware/cpu_percent[0m    |   [0;32;40m59.900001525878906[0m  |
|  [0;34;40mhardware/disk_read_mb_s[0m   |          [0;32;40m0.0[0m          |
|  [0;34;40mhardware/disk_write_mb_s[0m  |   [0;32;40m81.71916198730469[0m   |
|   [0;34;40mhardware/net_recv_mb_s[0m   |  [0;32;40m0.07798250764608383[0m  |
|   [0;34;40mhardware/net_sent_mb_s[0m   |  [0;32;40m0.11225713044404984[0m  |
|    [0;34;40mhardware/ram_used_gb[0m    |    [0;32;40m343.907958984375[0m   |
|   [0;34;40mhardware/ram_used_pct[0m    |   [0;32;40m34.099998474121094[0m  |
|    [0;34;40mhparams/lr_default_0[0m    | [0;32;40m4.866839390160749e-06[0m |
|       [0;34;40mvalidate/loss[0m        |  [0;32;40m0.25208404660224915[0m  |
|    [0;34;40mvalidate/loss_epoch[0m     |  [0;32;40m0.25208404660224915[0m  |
|     [0;34;40mvalidate/pred_loss[0m     |  [0;32;40m0.008890190161764622[0m |
|  [0;34;40mvalidate/pred_loss_epoch[0m  |  [0;32;40m0.008890190161764622[0m |
|    [0;34;40mvalidate/probe_loss[0m     |  [0;32;40m0.09876503795385361[0m  |
| [0;34;40mvalidate/probe_loss_epoch[0m  |  [0;32;40m0.09876503795385361[0m  |
|    [0;34;40mvalidate/sigreg_loss[0m    |   [0;32;40m1.6054890155792236[0m  |
| [0;34;40mvalidate/sigreg_loss_epoch[0m |   [0;32;40m1.6054890155792236[0m  |
+----------------------------+-----------------------+
[Epoch 15/20] done in 85.9s
00:21:36 | INFO  | checkpoint_~|   Checking for non PyTorch modules to save
00:21:36 | INFO  | atomic_chec~| [atomic_save] → /data1/likun-share/junjxu/.cache_stable-pretraining/runs/20260607/235545/8e046fae9aa3/checkpoints/epoch=15-step=3248.ckpt
00:21:37 | INFO  | atomic_chec~| [atomic_save] ✓ epoch=15-step=3248.ckpt saved (206.8 MiB, serialise=0.34s write=0.25s rename=0.1ms)
00:21:37 | INFO  | checkpoint_~|   Checking for non PyTorch modules to save
00:21:37 | INFO  | atomic_chec~| [atomic_save] → /data1/likun-share/junjxu/.cache_stable-pretraining/runs/20260607/235545/8e046fae9aa3/checkpoints/last.ckpt
00:21:38 | INFO  | atomic_chec~| [atomic_save] ✓ last.ckpt saved (206.8 MiB, serialise=0.42s write=0.28s rename=48.5ms)
[Epoch 16/20] step 50/203 (2.1 it/s)
[Epoch 16/20] step 100/203 (2.2 it/s)
[Epoch 16/20] step 150/203 (2.4 it/s)
[Epoch 16/20] step 200/203 (2.5 it/s)
00:23:11 | INFO  | trainer_inf~| \n+----------------------------+------------------------+
|           Metric           |         Value          |
+----------------------------+------------------------+
|          [0;34;40mfit/loss[0m          |   [0;32;40m0.2123008668422699[0m   |
|       [0;34;40mfit/pred_loss[0m        |  [0;32;40m0.011492331512272358[0m  |
|       [0;34;40mfit/probe_loss[0m       |  [0;32;40m0.10364056378602982[0m   |
|      [0;34;40mfit/sigreg_loss[0m       |        [0;32;40m1.078125[0m        |
|    [0;34;40mhardware/cpu_percent[0m    |   [0;32;40m58.29999923706055[0m    |
|  [0;34;40mhardware/disk_read_mb_s[0m   |          [0;32;40m0.0[0m           |
|  [0;34;40mhardware/disk_write_mb_s[0m  |   [0;32;40m134.47161865234375[0m   |
|   [0;34;40mhardware/net_recv_mb_s[0m   |  [0;32;40m0.009187587536871433[0m  |
|   [0;34;40mhardware/net_sent_mb_s[0m   |  [0;32;40m0.04788209870457649[0m   |
|    [0;34;40mhardware/ram_used_gb[0m    |   [0;32;40m342.9200134277344[0m    |
|   [0;34;40mhardware/ram_used_pct[0m    |          [0;32;40m34.0[0m          |
|    [0;34;40mhparams/lr_default_0[0m    | [0;32;40m2.7783000859926688e-06[0m |
|       [0;34;40mvalidate/loss[0m        |  [0;32;40m0.24987289309501648[0m   |
|    [0;34;40mvalidate/loss_epoch[0m     |  [0;32;40m0.24987289309501648[0m   |
|     [0;34;40mvalidate/pred_loss[0m     |  [0;32;40m0.00890760961920023[0m   |
|  [0;34;40mvalidate/pred_loss_epoch[0m  |  [0;32;40m0.00890760961920023[0m   |
|    [0;34;40mvalidate/probe_loss[0m     |  [0;32;40m0.09860849380493164[0m   |
| [0;34;40mvalidate/probe_loss_epoch[0m  |  [0;32;40m0.09860849380493164[0m   |
|    [0;34;40mvalidate/sigreg_loss[0m    |   [0;32;40m1.5813238620758057[0m   |
| [0;34;40mvalidate/sigreg_loss_epoch[0m |   [0;32;40m1.5813238620758057[0m   |
+----------------------------+------------------------+
[Epoch 16/20] done in 92.9s
00:23:11 | INFO  | checkpoint_~|   Checking for non PyTorch modules to save
00:23:11 | INFO  | atomic_chec~| [atomic_save] → /data1/likun-share/junjxu/.cache_stable-pretraining/runs/20260607/235545/8e046fae9aa3/checkpoints/epoch=16-step=3451.ckpt
00:23:11 | INFO  | atomic_chec~| [atomic_save] ✓ epoch=16-step=3451.ckpt saved (206.8 MiB, serialise=0.35s write=0.26s rename=0.1ms)
00:23:11 | INFO  | checkpoint_~|   Checking for non PyTorch modules to save
00:23:11 | INFO  | atomic_chec~| [atomic_save] → /data1/likun-share/junjxu/.cache_stable-pretraining/runs/20260607/235545/8e046fae9aa3/checkpoints/last.ckpt
00:23:12 | INFO  | atomic_chec~| [atomic_save] ✓ last.ckpt saved (206.8 MiB, serialise=0.41s write=0.34s rename=46.8ms)
[Epoch 17/20] step 50/203 (2.1 it/s)
[Epoch 17/20] step 100/203 (2.2 it/s)
[Epoch 17/20] step 150/203 (2.3 it/s)
[Epoch 17/20] step 200/203 (2.4 it/s)
00:24:49 | INFO  | trainer_inf~| \n+----------------------------+-----------------------+
|           Metric           |         Value         |
+----------------------------+-----------------------+
|          [0;34;40mfit/loss[0m          |   [0;32;40m0.1899850070476532[0m  |
|       [0;34;40mfit/pred_loss[0m        |  [0;32;40m0.011056618764996529[0m |
|       [0;34;40mfit/probe_loss[0m       |  [0;32;40m0.08517838269472122[0m  |
|      [0;34;40mfit/sigreg_loss[0m       |       [0;32;40m1.0390625[0m       |
|    [0;34;40mhardware/cpu_percent[0m    |          [0;32;40m57.5[0m         |
|  [0;34;40mhardware/disk_read_mb_s[0m   |          [0;32;40m0.0[0m          |
|  [0;34;40mhardware/disk_write_mb_s[0m  |   [0;32;40m90.80807495117188[0m   |
|   [0;34;40mhardware/net_recv_mb_s[0m   |  [0;32;40m0.02287406474351883[0m  |
|   [0;34;40mhardware/net_sent_mb_s[0m   |  [0;32;40m0.061219822615385056[0m |
|    [0;34;40mhardware/ram_used_gb[0m    |   [0;32;40m340.7019958496094[0m   |
|   [0;34;40mhardware/ram_used_pct[0m    |   [0;32;40m33.79999923706055[0m   |
|    [0;34;40mhparams/lr_default_0[0m    | [0;32;40m1.247852651431458e-06[0m |
|       [0;34;40mvalidate/loss[0m        |  [0;32;40m0.24757617712020874[0m  |
|    [0;34;40mvalidate/loss_epoch[0m     |  [0;32;40m0.24757617712020874[0m  |
|     [0;34;40mvalidate/pred_loss[0m     |  [0;32;40m0.008868266828358173[0m |
|  [0;34;40mvalidate/pred_loss_epoch[0m  |  [0;32;40m0.008868266828358173[0m |
|    [0;34;40mvalidate/probe_loss[0m     |  [0;32;40m0.09620893001556396[0m  |
| [0;34;40mvalidate/probe_loss_epoch[0m  |  [0;32;40m0.09620893001556396[0m  |
|    [0;34;40mvalidate/sigreg_loss[0m    |   [0;32;40m1.5830297470092773[0m  |
| [0;34;40mvalidate/sigreg_loss_epoch[0m |   [0;32;40m1.5830297470092773[0m  |
+----------------------------+-----------------------+
[Epoch 17/20] done in 96.4s
00:24:49 | INFO  | checkpoint_~|   Checking for non PyTorch modules to save
00:24:49 | INFO  | atomic_chec~| [atomic_save] → /data1/likun-share/junjxu/.cache_stable-pretraining/runs/20260607/235545/8e046fae9aa3/checkpoints/epoch=17-step=3654.ckpt
00:24:49 | INFO  | atomic_chec~| [atomic_save] ✓ epoch=17-step=3654.ckpt saved (206.8 MiB, serialise=0.41s write=0.26s rename=0.1ms)
00:24:49 | INFO  | checkpoint_~|   Checking for non PyTorch modules to save
00:24:49 | INFO  | atomic_chec~| [atomic_save] → /data1/likun-share/junjxu/.cache_stable-pretraining/runs/20260607/235545/8e046fae9aa3/checkpoints/last.ckpt
00:24:50 | INFO  | atomic_chec~| [atomic_save] ✓ last.ckpt saved (206.8 MiB, serialise=0.32s write=0.25s rename=29.6ms)
[Epoch 18/20] step 50/203 (2.1 it/s)
[Epoch 18/20] step 100/203 (2.3 it/s)
[Epoch 18/20] step 150/203 (2.5 it/s)
[Epoch 18/20] step 200/203 (2.5 it/s)
00:26:23 | INFO  | trainer_inf~| \n+----------------------------+------------------------+
|           Metric           |         Value          |
+----------------------------+------------------------+
|          [0;34;40mfit/loss[0m          |  [0;32;40m0.18991976976394653[0m   |
|       [0;34;40mfit/pred_loss[0m        |  [0;32;40m0.01071970909833908[0m   |
|       [0;34;40mfit/probe_loss[0m       |  [0;32;40m0.08203208446502686[0m   |
|      [0;34;40mfit/sigreg_loss[0m       |        [0;32;40m1.078125[0m        |
|    [0;34;40mhardware/cpu_percent[0m    |   [0;32;40m59.099998474121094[0m   |
|  [0;34;40mhardware/disk_read_mb_s[0m   |          [0;32;40m0.0[0m           |
|  [0;34;40mhardware/disk_write_mb_s[0m  |    [0;32;40m90.8830337524414[0m    |
|   [0;34;40mhardware/net_recv_mb_s[0m   |  [0;32;40m0.014692745171487331[0m  |
|   [0;34;40mhardware/net_sent_mb_s[0m   |  [0;32;40m0.050202928483486176[0m  |
|    [0;34;40mhardware/ram_used_gb[0m    |    [0;32;40m342.888916015625[0m    |
|   [0;34;40mhardware/ram_used_pct[0m    |          [0;32;40m34.0[0m          |
|    [0;34;40mhparams/lr_default_0[0m    | [0;32;40m3.1393423682857247e-07[0m |
|       [0;34;40mvalidate/loss[0m        |  [0;32;40m0.24667231738567352[0m   |
|    [0;34;40mvalidate/loss_epoch[0m     |  [0;32;40m0.24667231738567352[0m   |
|     [0;34;40mvalidate/pred_loss[0m     |  [0;32;40m0.008869076147675514[0m  |
|  [0;34;40mvalidate/pred_loss_epoch[0m  |  [0;32;40m0.008869076147675514[0m  |
|    [0;34;40mvalidate/probe_loss[0m     |  [0;32;40m0.09553267061710358[0m   |
| [0;34;40mvalidate/probe_loss_epoch[0m  |  [0;32;40m0.09553267061710358[0m   |
|    [0;34;40mvalidate/sigreg_loss[0m    |   [0;32;40m1.5812026262283325[0m   |
| [0;34;40mvalidate/sigreg_loss_epoch[0m |   [0;32;40m1.5812026262283325[0m   |
+----------------------------+------------------------+
[Epoch 18/20] done in 93.0s
00:26:23 | INFO  | checkpoint_~|   Checking for non PyTorch modules to save
00:26:23 | INFO  | atomic_chec~| [atomic_save] → /data1/likun-share/junjxu/.cache_stable-pretraining/runs/20260607/235545/8e046fae9aa3/checkpoints/epoch=18-step=3857.ckpt
00:26:24 | INFO  | atomic_chec~| [atomic_save] ✓ epoch=18-step=3857.ckpt saved (206.8 MiB, serialise=0.42s write=0.32s rename=0.1ms)
00:26:24 | INFO  | checkpoint_~|   Checking for non PyTorch modules to save
00:26:24 | INFO  | atomic_chec~| [atomic_save] → /data1/likun-share/junjxu/.cache_stable-pretraining/runs/20260607/235545/8e046fae9aa3/checkpoints/last.ckpt
00:26:25 | INFO  | atomic_chec~| [atomic_save] ✓ last.ckpt saved (206.8 MiB, serialise=0.44s write=0.29s rename=59.9ms)
[Epoch 19/20] step 50/203 (2.3 it/s)
[Epoch 19/20] step 100/203 (2.4 it/s)
[Epoch 19/20] step 150/203 (2.7 it/s)
[Epoch 19/20] step 200/203 (2.8 it/s)
00:27:46 | INFO  | trainer_inf~| \n+----------------------------+----------------------+
|           Metric           |        Value         |
+----------------------------+----------------------+
|          [0;34;40mfit/loss[0m          | [0;32;40m0.18256351351737976[0m  |
|       [0;34;40mfit/pred_loss[0m        | [0;32;40m0.011277545243501663[0m |
|       [0;34;40mfit/probe_loss[0m       | [0;32;40m0.07362972944974899[0m  |
|      [0;34;40mfit/sigreg_loss[0m       |      [0;32;40m1.0859375[0m       |
|    [0;34;40mhardware/cpu_percent[0m    |  [0;32;40m47.099998474121094[0m  |
|  [0;34;40mhardware/disk_read_mb_s[0m   | [0;32;40m0.005075481254607439[0m |
|  [0;34;40mhardware/disk_write_mb_s[0m  |  [0;32;40m47.816890716552734[0m  |
|   [0;34;40mhardware/net_recv_mb_s[0m   | [0;32;40m0.012314295396208763[0m |
|   [0;34;40mhardware/net_sent_mb_s[0m   |  [0;32;40m0.0502801313996315[0m  |
|    [0;34;40mhardware/ram_used_gb[0m    |  [0;32;40m240.4544677734375[0m   |
|   [0;34;40mhardware/ram_used_pct[0m    |  [0;32;40m23.899999618530273[0m  |
|    [0;34;40mhparams/lr_default_0[0m    |         [0;32;40m0.0[0m          |
|       [0;34;40mvalidate/loss[0m        | [0;32;40m0.24953648447990417[0m  |
|    [0;34;40mvalidate/loss_epoch[0m     | [0;32;40m0.24953648447990417[0m  |
|     [0;34;40mvalidate/pred_loss[0m     | [0;32;40m0.008911864832043648[0m |
|  [0;34;40mvalidate/pred_loss_epoch[0m  | [0;32;40m0.008911864832043648[0m |
|    [0;34;40mvalidate/probe_loss[0m     | [0;32;40m0.09631702303886414[0m  |
| [0;34;40mvalidate/probe_loss_epoch[0m  | [0;32;40m0.09631702303886414[0m  |
|    [0;34;40mvalidate/sigreg_loss[0m    |  [0;32;40m1.6035863161087036[0m  |
| [0;34;40mvalidate/sigreg_loss_epoch[0m |  [0;32;40m1.6035863161087036[0m  |
+----------------------------+----------------------+
[Epoch 19/20] done in 81.1s
00:27:46 | INFO  | checkpoint_~|   Checking for non PyTorch modules to save
00:27:46 | INFO  | atomic_chec~| [atomic_save] → /data1/likun-share/junjxu/.cache_stable-pretraining/runs/20260607/235545/8e046fae9aa3/checkpoints/epoch=19-step=4060.ckpt
00:27:46 | INFO  | atomic_chec~| [atomic_save] ✓ epoch=19-step=4060.ckpt saved (206.8 MiB, serialise=0.30s write=0.25s rename=0.0ms)
00:27:46 | INFO  | checkpoint_~|   Checking for non PyTorch modules to save
00:27:46 | INFO  | atomic_chec~| [atomic_save] → /data1/likun-share/junjxu/.cache_stable-pretraining/runs/20260607/235545/8e046fae9aa3/checkpoints/last.ckpt
00:27:47 | INFO  | atomic_chec~| [atomic_save] ✓ last.ckpt saved (206.8 MiB, serialise=0.26s write=0.21s rename=23.2ms)
`Trainer.fit` stopped: `max_epochs=20` reached.
00:27:47 | OK    | env_info.py | ✓ Git: main @ e17f3b3f
00:27:47 | INFO  | env_info.py |   Remote: git@github.com-xuustc99:XuUSTC99/wm.git
00:27:47 | WARN  | env_info.py | ! Working directory has uncommitted changes
00:27:47 | OK    | env_info.py | ✓ Environment: 4 relevant variables captured
00:27:47 | INFO  | env_info.py |   Serializing environment data...
00:27:47 | INFO  | env_info.py |   File exists, using version 100: environment_v100.json
00:27:47 | INFO  | env_info.py |   File exists, using version 100: requirements_frozen_v100.txt
00:27:47 | INFO  | env_info.py |   Save directory: /home/likun-share/.cache/stable-pretraining
00:27:47 | INFO  | env_info.py |   Writing environment to temp file...
00:27:47 | INFO  | env_info.py |   Moving to: environment_v100.json
00:27:47 | OK    | env_info.py | ✓ Environment file saved (3.1 KB)
00:27:47 | OK    | env_info.py | ✓ Requirements file saved (0.1 KB)
Epoch 19/19 ━━━━━━━━━━━━━━━━━━━━━━━━━━━━━━━ 203/203 0:01:12 • 0:00:00 3.24it/s 
00:27:47 | INFO  | utils.py    | ── SignalHandlers (after Trainer.fit() returned) ──
00:27:47 | INFO  | manager.py  |   SIGUSR1  → SIG_DFL (default OS action — terminate process)
00:27:47 | INFO  | manager.py  |   SIGUSR2  → SIG_DFL (default OS action — terminate process)
00:27:47 | INFO  | manager.py  |   SIGCONT  → SIG_DFL (default OS action — terminate process)
00:27:47 | INFO  | manager.py  |   SIGTERM  → SIG_DFL (default OS action — terminate process)
