22:35:47 | INFO  | __init__.py | PyTorch version 2.9.1+cu128 available.
22:35:47 | INFO  | __init__.py | JAX version 0.6.2 available.
22:35:50 | INFO  | atomic_chec~| [atomic_save] installed crash-safe checkpoint plugin (write to sibling .tmp + fsync + atomic rename)
[2026-06-05 22:36:03,027][root][INFO] - Cached 'pixels' from '/data1/likun-share/junjxu/.stable_worldmodel/datasets/phyworld_uniform_motion_id1k.h5'
[2026-06-05 22:36:03,029][root][INFO] - Cached 'action' from '/data1/likun-share/junjxu/.stable_worldmodel/datasets/phyworld_uniform_motion_id1k.h5'
[2026-06-05 22:36:03,029][root][INFO] - Cached 'proprio' from '/data1/likun-share/junjxu/.stable_worldmodel/datasets/phyworld_uniform_motion_id1k.h5'
22:36:03 | INFO  | utils.py    | Created ViT-tiny from scratch with config: {'hidden_size': 192, 'num_hidden_layers': 12, 'num_attention_heads': 3, 'intermediate_size': 768, 'image_size': 224, 'patch_size': 14}
[init_from_ckpt] /data1/likun-share/junjxu/.stable_worldmodel/lewm_paper_pusht/weights.pt
[init_from_ckpt] prefixes=('encoder.', 'projector.', 'pred_proj.') loaded=24 unexpected=192 missing=281
[init_from_ckpt] first unexpected: ['encoder.encoder.layer.0.attention.attention.query.weight', 'encoder.encoder.layer.0.attention.attention.query.bias', 'encoder.encoder.layer.0.attention.attention.key.weight']
22:36:03 | INFO  | module.py   | Setting up DataModule
22:36:03 | INFO  | utils.py    | ── Module ────────────────────────────────────────
22:36:03 | WARN  | module.py   | ! No hyperparameters provided - hyperparameter logging is disabled.
22:36:03 | INFO  | module.py   |   Setting custom forward method.
22:36:03 | INFO  | module.py   |   Setting attribute: self.model = <class 'jepa.JEPA'>
22:36:03 | INFO  | module.py   |   Setting attribute: self.sigreg = <class 'module.SIGReg'>
22:36:03 | INFO  | module.py   |   Setting attribute: self.optim = <class 'dict'>
22:36:03 | INFO  | module.py   |   No metrics configuration provided - automatic metric tracking is disabled.
/home/likun-share/junjxu/wm/le-wm/.venv/lib/python3.10/site-packages/lightning/fabric/connector.py:571: `precision=bf16` is supported for historical reasons but its usage is discouraged. Please set your precision to bf16-mixed instead!
Using bfloat16 Automatic Mixed Precision (AMP)
22:36:04 | INFO  | env_info.py |   EnvironmentDumpCallback initialized (filename=environment.json, async=True)
22:36:04 | INFO  | utils.py    | ── HuggingFaceCheckpoint ─────────────────────────
22:36:04 | INFO  | hf_models.py|   save_dir: <cyan>hf_exports</cyan>
22:36:04 | INFO  | hf_models.py|   per_step: <cyan>False</cyan>  (False ⇒ overwrite single 'last/' subdir; True ⇒ keep step_N/)
Adding 14 callbacks from entry point 'stablepretraining_callbacks': PrintProgressBar, ModuleRegistryCallback, LoggingCallback, EnvironmentDumpCallback, TrainerInfo, SklearnCheckpoint, WandbCheckpoint, TrackioCheckpoint, SwanLabCheckpoint, ModuleSummary, SLURMInfo, LogUnusedParametersOnce, HuggingFaceCheckpointCallback, HardwareMonitor
GPU available: True (cuda), used: True
TPU available: False, using: 0 TPU cores
💡 Tip: For seamless cloud logging and experiment tracking, try installing [litlogger](https://pypi.org/project/litlogger/) to enable LitLogger, which logs metrics and artifacts automatically to the Lightning Experiments platform.
22:36:04 | INFO  | utils.py    | ── SIGTERM preempt handler — install ─────────────
22:36:04 | INFO  | manager.py  |   SLURM_JOB_ID         = None
22:36:04 | INFO  | manager.py  |   SLURM_RESTART_COUNT  = '0'
22:36:04 | INFO  | manager.py  |   SLURM_PROCID         = '?'
22:36:04 | INFO  | manager.py  |   SLURM_NODEID         = '?'
22:36:04 | INFO  | manager.py  |   → not under SLURM (SLURM_JOB_ID unset); leaving SIGTERM handler as-is. Forwarding to submitit's USR signal would be a no-op since submitit isn't running upstream.
22:36:04 | WARN  | manager.py  | User didn't specify seed, runs won't be exactly reproducible!
22:36:04 | INFO  | manager.py  |   Manager init: ckpt_path=None, weights_only=True
22:36:04 | INFO  | utils.py    | ── WorkingDirectory ──────────────────────────────
22:36:04 | INFO  | manager.py  |   cwd: /home/likun-share/junjxu/wm/le-wm
22:36:04 | INFO  | utils.py    | ── Seed ──────────────────────────────────────────
22:36:04 | INFO  | manager.py  |   seed: None
/home/likun-share/junjxu/wm/le-wm/.venv/lib/python3.10/site-packages/lightning/fabric/utilities/seed.py:44: No seed found, seed set to 0
Seed set to 0
22:36:04 | INFO  | utils.py    | ── RunDirectory ──────────────────────────────────
22:36:04 | INFO  | manager.py  |   cache_dir = /data1/likun-share/junjxu/.cache_stable-pretraining
22:36:04 | INFO  | manager.py  |   ddp: launch_key=(single-process) rank=0 is_rank_zero=True
22:36:04 | INFO  | utils.py    | ── RunDirectory: requeue probe ───────────────────
22:36:04 | INFO  | manager.py  |   SLURM session key   = (no SLURM)
22:36:04 | INFO  | manager.py  |   SLURM_RESTART_COUNT = 0
22:36:04 | INFO  | manager.py  |   in_requeue          = False
22:36:04 | INFO  | utils.py    | ── RunDirectory: fresh ───────────────────────────
22:36:04 | INFO  | manager.py  |   no user ckpt_path — training from scratch / pretrained backbone.
22:36:04 | INFO  | manager.py  |   created run_dir = /data1/likun-share/junjxu/.cache_stable-pretraining/runs/20260605/223604/a313b4b8afb8
22:36:04 | INFO  | manager.py  |   wrote run_meta.json with run_id=a313b4b8afb8
22:36:04 | INFO  | manager.py  |   SLURM index = (no SLURM, skipped)
22:36:04 | WARN  | manager.py  | ! cache_dir is set but the Trainer was passed as an already-instantiated object. Cannot override default_root_dir cleanly. Consider passing the trainer as a config dict instead.
22:36:04 | WARN  | manager.py  | ! Hydra run.dir='outputs/2026-06-05/22-35-50' will be ignored for trainer outputs (cache_dir takes precedence).
22:36:04 | WARN  | manager.py  | ! Hydra sweep.dir='multirun/2026-06-05/22-35-50' will be ignored for trainer outputs (cache_dir takes precedence).
22:36:04 | INFO  | logger.py   | [RegistryLogger] run_id=a313b4b8afb8 run_dir=/data1/likun-share/junjxu/.cache_stable-pretraining/runs/20260605/223604/a313b4b8afb8 — sidecar.json + summary.json + metrics.csv will live here
22:36:04 | INFO  | utils.py    | ── RegistryLogger ────────────────────────────────
22:36:04 | INFO  | manager.py  |   run_dir: /data1/likun-share/junjxu/.cache_stable-pretraining/runs/20260605/223604/a313b4b8afb8
22:36:04 | INFO  | manager.py  |   run_id:  a313b4b8afb8
22:36:04 | INFO  | utils.py    | ── CSVLogger ─────────────────────────────────────
22:36:04 | INFO  | manager.py  |   root_dir: /data1/likun-share/junjxu/.cache_stable-pretraining/runs/20260605/223604/a313b4b8afb8/
22:36:04 | INFO  | manager.py  |   save_dir: /data1/likun-share/junjxu/.cache_stable-pretraining/runs/20260605/223604/a313b4b8afb8
22:36:04 | INFO  | manager.py  |   log_dir: /data1/likun-share/junjxu/.cache_stable-pretraining/runs/20260605/223604/a313b4b8afb8/
22:36:04 | INFO  | utils.py    | ── SignalHandlers (after submitit setup (spt SIGTERM installed in __init__)) ──
22:36:04 | INFO  | manager.py  |   SIGUSR1  → SIG_DFL (default OS action — terminate process)
22:36:04 | INFO  | manager.py  |   SIGUSR2  → SIG_DFL (default OS action — terminate process)
22:36:04 | INFO  | manager.py  |   SIGCONT  → SIG_DFL (default OS action — terminate process)
22:36:04 | INFO  | manager.py  |   SIGTERM  → SIG_DFL (default OS action — terminate process)
22:36:04 | INFO  | utils.py    | ── Callbacks ─────────────────────────────────────
22:36:04 | INFO  | manager.py  |   count: 19
22:36:04 | INFO  | utils.py    | ── CacheDirCheckpointing ─────────────────────────
22:36:04 | INFO  | manager.py  |   Saving checkpoints to: /data1/likun-share/junjxu/.cache_stable-pretraining/runs/20260605/223604/a313b4b8afb8/checkpoints
22:36:04 | WARN  | manager.py  |   Redirecting HuggingFaceCheckpointCallback from 'hf_exports' to '/data1/likun-share/junjxu/.cache_stable-pretraining/runs/20260605/223604/a313b4b8afb8/hf_exports' (cache_dir is active — prevents races on a shared cache)
22:36:04 | INFO  | manager.py  |   Added requeue checkpoint (filename='last')
22:36:04 | INFO  | utils.py    | ── LoadPath resolution ───────────────────────────
22:36:04 | INFO  | manager.py  |   in_requeue = False
22:36:04 | INFO  | manager.py  |   user ckpt_path = None
22:36:04 | INFO  | manager.py  |   user weights_only = True
22:36:04 | INFO  | manager.py  |   → no ckpt_path; training from scratch.
22:36:04 | INFO  | utils.py    | ── TrainerFit ────────────────────────────────────
22:36:04 | INFO  | manager.py  |   ckpt_path:     None
22:36:04 | INFO  | manager.py  |   weights_only:  None
22:36:04 | INFO  | utils.py    | ── SignalHandlers (before Trainer.fit() (handler installed in __init__)) ──
22:36:04 | INFO  | manager.py  |   SIGUSR1  → SIG_DFL (default OS action — terminate process)
22:36:04 | INFO  | manager.py  |   SIGUSR2  → SIG_DFL (default OS action — terminate process)
22:36:04 | INFO  | manager.py  |   SIGCONT  → SIG_DFL (default OS action — terminate process)
22:36:04 | INFO  | manager.py  |   SIGTERM  → SIG_DFL (default OS action — terminate process)
22:36:04 | INFO  | manager.py  |   → entering Trainer.fit(); lightning's _SignalConnector will now register its own handlers. SIGTERM will become _HandlersCompose([_sigterm_notifier_fn, _sigterm_handler_fn, spt._handler]); USR-sig binding from submitit is preserved (lightning skips USR registration when one already exists).
💡 Tip: For seamless cloud uploads and versioning, try installing [litmodels](https://pypi.org/project/litmodels/) to enable LitModelCheckpoint, which syncs automatically with the Lightning model registry.
You are using a CUDA device ('NVIDIA A800-SXM4-80GB') that has Tensor Cores. To properly utilize them, you should set `torch.set_float32_matmul_precision('medium' | 'high')` which will trade-off precision for performance. For more details, read https://pytorch.org/docs/stable/generated/torch.set_float32_matmul_precision.html#torch.set_float32_matmul_precision
22:36:17 | OK    | module.py   | ✓ dataset for fit loaded
22:36:17 | INFO  | module.py   |   setup was done by user
22:36:17 | INFO  | utils.py    | ── EnvironmentDump ───────────────────────────────
22:36:17 | INFO  | env_info.py |   log_dir: /home/likun-share/.cache/stable-pretraining
22:36:17 | INFO  | env_info.py |   Running environment dump in background thread (non-blocking)
22:36:17 | INFO  | env_info.py |   Collecting environment information...
22:36:17 | OK    | env_info.py | ✓ Python 3.10.12
22:36:17 | OK    | env_info.py | ✓ System: Linux 5.15.0-113-generic (x86_64)
22:36:17 | INFO  | env_info.py |   Hostname: 10-116-90-13
22:36:17 | OK    | env_info.py | ✓ Background thread started successfully
22:36:17 | INFO  | trainer_inf~|   linking trainer to DataModule
22:36:17 | INFO  | utils.py    | ── Callbacks (in order) ──────────────────────────
22:36:17 | INFO  | utils.py    |     [ 0] ModelObjectCallBack
22:36:17 | INFO  | utils.py    |     [ 1] RichProgressBar
22:36:17 | INFO  | utils.py    |     [ 2] RichModelSummary
22:36:17 | INFO  | utils.py    |     [ 3] PrintProgressBar
22:36:17 | INFO  | utils.py    |     [ 4] ModuleRegistryCallback
22:36:17 | INFO  | utils.py    |     [ 5] LoggingCallback
22:36:17 | INFO  | utils.py    |     [ 6] EnvironmentDumpCallback
22:36:17 | INFO  | utils.py    |     [ 7] TrainerInfo
22:36:17 | INFO  | utils.py    |     [ 8] SklearnCheckpoint
22:36:17 | INFO  | utils.py    |     [ 9] WandbCheckpoint
22:36:17 | INFO  | utils.py    |     [10] TrackioCheckpoint
22:36:17 | INFO  | utils.py    |     [11] SwanLabCheckpoint
22:36:17 | INFO  | utils.py    |     [12] ModuleSummary
22:36:17 | INFO  | utils.py    |     [13] SLURMInfo
22:36:17 | INFO  | utils.py    |     [14] LogUnusedParametersOnce
22:36:17 | INFO  | utils.py    |     [15] HuggingFaceCheckpointCallback
22:36:17 | INFO  | utils.py    |     [16] HardwareMonitor
22:36:17 | INFO  | utils.py    |     [17] ModelCheckpoint
22:36:17 | INFO  | utils.py    |     [18] _RunDirCallback
22:36:17 | INFO  | utils.py    |     [19] ModelCheckpoint
22:36:17 | INFO  | utils.py    |   ⚑ marks order-sensitive callbacks; see AGENTS.md → Callback ordering for the full rules.
22:36:17 | INFO  | utils.py    | ── SklearnCheckpoint ─────────────────────────────
22:36:17 | INFO  | checkpoint_~|   Sklearn Modules:
22:36:17 | INFO  | checkpoint_~| 
┏━━━━━━━━━━┳━━━━━━━━┳━━━━━━━━┓
┃ Module   ┃ Name   ┃ Type   ┃
┣━━━━━━━━━━╋━━━━━━━━╋━━━━━━━━┫
┗━━━━━━━━━━┻━━━━━━━━┻━━━━━━━━┛
22:36:17 | INFO  | utils.py    | ── WandbCheckpoint ───────────────────────────────
22:36:17 | INFO  | utils.py    | ── TrackioCheckpoint ─────────────────────────────
22:36:17 | INFO  | utils.py    | ── SwanLabCheckpoint ─────────────────────────────
22:36:17 | INFO  | utils.py    | ── PyTorch Modules ───────────────────────────────
22:36:17 | WARN  | module.py   | ! You are calling self.parameters which also gives callbacks parameters, to remove them, pass `with_callbacks=False`
22:36:17 | WARN  | env_info.py | ! pip freeze failed: Command '['/home/likun-share/junjxu/wm/le-wm/.venv/bin/python', '-m', 'pip', 'freeze']' returned non-zero exit status 1.
22:36:17 | OK    | env_info.py | ✓ Packages: 0 packages collected in 0.04s
22:36:17 | INFO  | trainer_inf~| \n+---------------------------------------------------------+----------------------+--------------------------+--------------------------+---------+
| Module                                                  | Trainable parameters | Non Trainable parameters | Uninitialized parameters | Buffers |
+---------------------------------------------------------+----------------------+--------------------------+--------------------------+---------+
|                                                         |             18035170 |                        0 |                        0 |    8245 |
| callbacks_modules                                       |                    0 |                        0 |                        0 |       0 |
| callbacks_metrics                                       |                    0 |                        0 |                        0 |       0 |
| model                                                   |             18035170 |                        0 |                        0 |    8194 |
| model.encoder                                           |              5501376 |                        0 |                        0 |       0 |
| model.encoder.embeddings                                |               162624 |                        0 |                        0 |       0 |
| model.encoder.embeddings.patch_embeddings               |               113088 |                        0 |                        0 |       0 |
| model.encoder.embeddings.patch_embeddings.projection    |               113088 |                        0 |                        0 |       0 |
| model.encoder.embeddings.dropout                        |                    0 |                        0 |                        0 |       0 |
| model.encoder.layers                                    |              5338368 |                        0 |                        0 |       0 |
| model.encoder.layers.0                                  |               444864 |                        0 |                        0 |       0 |
| model.encoder.layers.0.attention                        |               148224 |                        0 |                        0 |       0 |
| model.encoder.layers.0.attention.q_proj                 |                37056 |                        0 |                        0 |       0 |
| model.encoder.layers.0.attention.k_proj                 |                37056 |                        0 |                        0 |       0 |
| model.encoder.layers.0.attention.v_proj                 |                37056 |                        0 |                        0 |       0 |
| model.encoder.layers.0.attention.o_proj                 |                37056 |                        0 |                        0 |       0 |
| model.encoder.layers.0.layernorm_before                 |                  384 |                        0 |                        0 |       0 |
| model.encoder.layers.0.layernorm_after                  |                  384 |                        0 |                        0 |       0 |
| model.encoder.layers.0.mlp                              |               295872 |                        0 |                        0 |       0 |
| model.encoder.layers.0.mlp.activation_fn                |                    0 |                        0 |                        0 |       0 |
| model.encoder.layers.0.mlp.fc1                          |               148224 |                        0 |                        0 |       0 |
| model.encoder.layers.0.mlp.fc2                          |               147648 |                        0 |                        0 |       0 |
| model.encoder.layers.0.dropout                          |                    0 |                        0 |                        0 |       0 |
| model.encoder.layers.1                                  |               444864 |                        0 |                        0 |       0 |
| model.encoder.layers.1.attention                        |               148224 |                        0 |                        0 |       0 |
| model.encoder.layers.1.attention.q_proj                 |                37056 |                        0 |                        0 |       0 |
| model.encoder.layers.1.attention.k_proj                 |                37056 |                        0 |                        0 |       0 |
| model.encoder.layers.1.attention.v_proj                 |                37056 |                        0 |                        0 |       0 |
| model.encoder.layers.1.attention.o_proj                 |                37056 |                        0 |                        0 |       0 |
| model.encoder.layers.1.layernorm_before                 |                  384 |                        0 |                        0 |       0 |
| model.encoder.layers.1.layernorm_after                  |                  384 |                        0 |                        0 |       0 |
| model.encoder.layers.1.mlp                              |               295872 |                        0 |                        0 |       0 |
| model.encoder.layers.1.mlp.activation_fn                |                    0 |                        0 |                        0 |       0 |
| model.encoder.layers.1.mlp.fc1                          |               148224 |                        0 |                        0 |       0 |
| model.encoder.layers.1.mlp.fc2                          |               147648 |                        0 |                        0 |       0 |
| model.encoder.layers.1.dropout                          |                    0 |                        0 |                        0 |       0 |
| model.encoder.layers.2                                  |               444864 |                        0 |                        0 |       0 |
| model.encoder.layers.2.attention                        |               148224 |                        0 |                        0 |       0 |
| model.encoder.layers.2.attention.q_proj                 |                37056 |                        0 |                        0 |       0 |
| model.encoder.layers.2.attention.k_proj                 |                37056 |                        0 |                        0 |       0 |
| model.encoder.layers.2.attention.v_proj                 |                37056 |                        0 |                        0 |       0 |
| model.encoder.layers.2.attention.o_proj                 |                37056 |                        0 |                        0 |       0 |
| model.encoder.layers.2.layernorm_before                 |                  384 |                        0 |                        0 |       0 |
| model.encoder.layers.2.layernorm_after                  |                  384 |                        0 |                        0 |       0 |
| model.encoder.layers.2.mlp                              |               295872 |                        0 |                        0 |       0 |
| model.encoder.layers.2.mlp.activation_fn                |                    0 |                        0 |                        0 |       0 |
| model.encoder.layers.2.mlp.fc1                          |               148224 |                        0 |                        0 |       0 |
| model.encoder.layers.2.mlp.fc2                          |               147648 |                        0 |                        0 |       0 |
| model.encoder.layers.2.dropout                          |                    0 |                        0 |                        0 |       0 |
| model.encoder.layers.3                                  |               444864 |                        0 |                        0 |       0 |
| model.encoder.layers.3.attention                        |               148224 |                        0 |                        0 |       0 |
| model.encoder.layers.3.attention.q_proj                 |                37056 |                        0 |                        0 |       0 |
| model.encoder.layers.3.attention.k_proj                 |                37056 |                        0 |                        0 |       0 |
| model.encoder.layers.3.attention.v_proj                 |                37056 |                        0 |                        0 |       0 |
| model.encoder.layers.3.attention.o_proj                 |                37056 |                        0 |                        0 |       0 |
| model.encoder.layers.3.layernorm_before                 |                  384 |                        0 |                        0 |       0 |
| model.encoder.layers.3.layernorm_after                  |                  384 |                        0 |                        0 |       0 |
| model.encoder.layers.3.mlp                              |               295872 |                        0 |                        0 |       0 |
| model.encoder.layers.3.mlp.activation_fn                |                    0 |                        0 |                        0 |       0 |
| model.encoder.layers.3.mlp.fc1                          |               148224 |                        0 |                        0 |       0 |
| model.encoder.layers.3.mlp.fc2                          |               147648 |                        0 |                        0 |       0 |
| model.encoder.layers.3.dropout                          |                    0 |                        0 |                        0 |       0 |
| model.encoder.layers.4                                  |               444864 |                        0 |                        0 |       0 |
| model.encoder.layers.4.attention                        |               148224 |                        0 |                        0 |       0 |
| model.encoder.layers.4.attention.q_proj                 |                37056 |                        0 |                        0 |       0 |
| model.encoder.layers.4.attention.k_proj                 |                37056 |                        0 |                        0 |       0 |
| model.encoder.layers.4.attention.v_proj                 |                37056 |                        0 |                        0 |       0 |
| model.encoder.layers.4.attention.o_proj                 |                37056 |                        0 |                        0 |       0 |
| model.encoder.layers.4.layernorm_before                 |                  384 |                        0 |                        0 |       0 |
| model.encoder.layers.4.layernorm_after                  |                  384 |                        0 |                        0 |       0 |
| model.encoder.layers.4.mlp                              |               295872 |                        0 |                        0 |       0 |
| model.encoder.layers.4.mlp.activation_fn                |                    0 |                        0 |                        0 |       0 |
| model.encoder.layers.4.mlp.fc1                          |               148224 |                        0 |                        0 |       0 |
| model.encoder.layers.4.mlp.fc2                          |               147648 |                        0 |                        0 |       0 |
| model.encoder.layers.4.dropout                          |                    0 |                        0 |                        0 |       0 |
| model.encoder.layers.5                                  |               444864 |                        0 |                        0 |       0 |
| model.encoder.layers.5.attention                        |               148224 |                        0 |                        0 |       0 |
| model.encoder.layers.5.attention.q_proj                 |                37056 |                        0 |                        0 |       0 |
| model.encoder.layers.5.attention.k_proj                 |                37056 |                        0 |                        0 |       0 |
| model.encoder.layers.5.attention.v_proj                 |                37056 |                        0 |                        0 |       0 |
| model.encoder.layers.5.attention.o_proj                 |                37056 |                        0 |                        0 |       0 |
| model.encoder.layers.5.layernorm_before                 |                  384 |                        0 |                        0 |       0 |
| model.encoder.layers.5.layernorm_after                  |                  384 |                        0 |                        0 |       0 |
| model.encoder.layers.5.mlp                              |               295872 |                        0 |                        0 |       0 |
| model.encoder.layers.5.mlp.activation_fn                |                    0 |                        0 |                        0 |       0 |
| model.encoder.layers.5.mlp.fc1                          |               148224 |                        0 |                        0 |       0 |
| model.encoder.layers.5.mlp.fc2                          |               147648 |                        0 |                        0 |       0 |
| model.encoder.layers.5.dropout                          |                    0 |                        0 |                        0 |       0 |
| model.encoder.layers.6                                  |               444864 |                        0 |                        0 |       0 |
| model.encoder.layers.6.attention                        |               148224 |                        0 |                        0 |       0 |
| model.encoder.layers.6.attention.q_proj                 |                37056 |                        0 |                        0 |       0 |
| model.encoder.layers.6.attention.k_proj                 |                37056 |                        0 |                        0 |       0 |
| model.encoder.layers.6.attention.v_proj                 |                37056 |                        0 |                        0 |       0 |
| model.encoder.layers.6.attention.o_proj                 |                37056 |                        0 |                        0 |       0 |
| model.encoder.layers.6.layernorm_before                 |                  384 |                        0 |                        0 |       0 |
| model.encoder.layers.6.layernorm_after                  |                  384 |                        0 |                        0 |       0 |
| model.encoder.layers.6.mlp                              |               295872 |                        0 |                        0 |       0 |
| model.encoder.layers.6.mlp.activation_fn                |                    0 |                        0 |                        0 |       0 |
| model.encoder.layers.6.mlp.fc1                          |               148224 |                        0 |                        0 |       0 |
| model.encoder.layers.6.mlp.fc2                          |               147648 |                        0 |                        0 |       0 |
| model.encoder.layers.6.dropout                          |                    0 |                        0 |                        0 |       0 |
| model.encoder.layers.7                                  |               444864 |                        0 |                        0 |       0 |
| model.encoder.layers.7.attention                        |               148224 |                        0 |                        0 |       0 |
| model.encoder.layers.7.attention.q_proj                 |                37056 |                        0 |                        0 |       0 |
| model.encoder.layers.7.attention.k_proj                 |                37056 |                        0 |                        0 |       0 |
| model.encoder.layers.7.attention.v_proj                 |                37056 |                        0 |                        0 |       0 |
| model.encoder.layers.7.attention.o_proj                 |                37056 |                        0 |                        0 |       0 |
| model.encoder.layers.7.layernorm_before                 |                  384 |                        0 |                        0 |       0 |
| model.encoder.layers.7.layernorm_after                  |                  384 |                        0 |                        0 |       0 |
| model.encoder.layers.7.mlp                              |               295872 |                        0 |                        0 |       0 |
| model.encoder.layers.7.mlp.activation_fn                |                    0 |                        0 |                        0 |       0 |
| model.encoder.layers.7.mlp.fc1                          |               148224 |                        0 |                        0 |       0 |
| model.encoder.layers.7.mlp.fc2                          |               147648 |                        0 |                        0 |       0 |
| model.encoder.layers.7.dropout                          |                    0 |                        0 |                        0 |       0 |
| model.encoder.layers.8                                  |               444864 |                        0 |                        0 |       0 |
| model.encoder.layers.8.attention                        |               148224 |                        0 |                        0 |       0 |
| model.encoder.layers.8.attention.q_proj                 |                37056 |                        0 |                        0 |       0 |
| model.encoder.layers.8.attention.k_proj                 |                37056 |                        0 |                        0 |       0 |
| model.encoder.layers.8.attention.v_proj                 |                37056 |                        0 |                        0 |       0 |
| model.encoder.layers.8.attention.o_proj                 |                37056 |                        0 |                        0 |       0 |
| model.encoder.layers.8.layernorm_before                 |                  384 |                        0 |                        0 |       0 |
| model.encoder.layers.8.layernorm_after                  |                  384 |                        0 |                        0 |       0 |
| model.encoder.layers.8.mlp                              |               295872 |                        0 |                        0 |       0 |
| model.encoder.layers.8.mlp.activation_fn                |                    0 |                        0 |                        0 |       0 |
| model.encoder.layers.8.mlp.fc1                          |               148224 |                        0 |                        0 |       0 |
| model.encoder.layers.8.mlp.fc2                          |               147648 |                        0 |                        0 |       0 |
| model.encoder.layers.8.dropout                          |                    0 |                        0 |                        0 |       0 |
| model.encoder.layers.9                                  |               444864 |                        0 |                        0 |       0 |
| model.encoder.layers.9.attention                        |               148224 |                        0 |                        0 |       0 |
| model.encoder.layers.9.attention.q_proj                 |                37056 |                        0 |                        0 |       0 |
| model.encoder.layers.9.attention.k_proj                 |                37056 |                        0 |                        0 |       0 |
| model.encoder.layers.9.attention.v_proj                 |                37056 |                        0 |                        0 |       0 |
| model.encoder.layers.9.attention.o_proj                 |                37056 |                        0 |                        0 |       0 |
| model.encoder.layers.9.layernorm_before                 |                  384 |                        0 |                        0 |       0 |
| model.encoder.layers.9.layernorm_after                  |                  384 |                        0 |                        0 |       0 |
| model.encoder.layers.9.mlp                              |               295872 |                        0 |                        0 |       0 |
| model.encoder.layers.9.mlp.activation_fn                |                    0 |                        0 |                        0 |       0 |
| model.encoder.layers.9.mlp.fc1                          |               148224 |                        0 |                        0 |       0 |
| model.encoder.layers.9.mlp.fc2                          |               147648 |                        0 |                        0 |       0 |
| model.encoder.layers.9.dropout                          |                    0 |                        0 |                        0 |       0 |
| model.encoder.layers.10                                 |               444864 |                        0 |                        0 |       0 |
| model.encoder.layers.10.attention                       |               148224 |                        0 |                        0 |       0 |
| model.encoder.layers.10.attention.q_proj                |                37056 |                        0 |                        0 |       0 |
| model.encoder.layers.10.attention.k_proj                |                37056 |                        0 |                        0 |       0 |
| model.encoder.layers.10.attention.v_proj                |                37056 |                        0 |                        0 |       0 |
| model.encoder.layers.10.attention.o_proj                |                37056 |                        0 |                        0 |       0 |
| model.encoder.layers.10.layernorm_before                |                  384 |                        0 |                        0 |       0 |
| model.encoder.layers.10.layernorm_after                 |                  384 |                        0 |                        0 |       0 |
| model.encoder.layers.10.mlp                             |               295872 |                        0 |                        0 |       0 |
| model.encoder.layers.10.mlp.activation_fn               |                    0 |                        0 |                        0 |       0 |
| model.encoder.layers.10.mlp.fc1                         |               148224 |                        0 |                        0 |       0 |
| model.encoder.layers.10.mlp.fc2                         |               147648 |                        0 |                        0 |       0 |
| model.encoder.layers.10.dropout                         |                    0 |                        0 |                        0 |       0 |
| model.encoder.layers.11                                 |               444864 |                        0 |                        0 |       0 |
| model.encoder.layers.11.attention                       |               148224 |                        0 |                        0 |       0 |
| model.encoder.layers.11.attention.q_proj                |                37056 |                        0 |                        0 |       0 |
| model.encoder.layers.11.attention.k_proj                |                37056 |                        0 |                        0 |       0 |
| model.encoder.layers.11.attention.v_proj                |                37056 |                        0 |                        0 |       0 |
| model.encoder.layers.11.attention.o_proj                |                37056 |                        0 |                        0 |       0 |
| model.encoder.layers.11.layernorm_before                |                  384 |                        0 |                        0 |       0 |
| model.encoder.layers.11.layernorm_after                 |                  384 |                        0 |                        0 |       0 |
| model.encoder.layers.11.mlp                             |               295872 |                        0 |                        0 |       0 |
| model.encoder.layers.11.mlp.activation_fn               |                    0 |                        0 |                        0 |       0 |
| model.encoder.layers.11.mlp.fc1                         |               148224 |                        0 |                        0 |       0 |
| model.encoder.layers.11.mlp.fc2                         |               147648 |                        0 |                        0 |       0 |
| model.encoder.layers.11.dropout                         |                    0 |                        0 |                        0 |       0 |
| model.encoder.layernorm                                 |                  384 |                        0 |                        0 |       0 |
| model.predictor                                         |             10791360 |                        0 |                        0 |       0 |
| model.predictor.dropout                                 |                    0 |                        0 |                        0 |       0 |
| model.predictor.transformer                             |             10790784 |                        0 |                        0 |       0 |
| model.predictor.transformer.norm                        |                  384 |                        0 |                        0 |       0 |
| model.predictor.transformer.layers                      |             10790400 |                        0 |                        0 |       0 |
| model.predictor.transformer.layers.0                    |              1798400 |                        0 |                        0 |       0 |
| model.predictor.transformer.layers.0.attn               |               787008 |                        0 |                        0 |       0 |
| model.predictor.transformer.layers.0.attn.norm          |                  384 |                        0 |                        0 |       0 |
| model.predictor.transformer.layers.0.attn.attend        |                    0 |                        0 |                        0 |       0 |
| model.predictor.transformer.layers.0.attn.to_qkv        |               589824 |                        0 |                        0 |       0 |
| model.predictor.transformer.layers.0.attn.to_out        |               196800 |                        0 |                        0 |       0 |
| model.predictor.transformer.layers.0.attn.to_out.0      |               196800 |                        0 |                        0 |       0 |
| model.predictor.transformer.layers.0.attn.to_out.1      |                    0 |                        0 |                        0 |       0 |
| model.predictor.transformer.layers.0.mlp                |               789056 |                        0 |                        0 |       0 |
| model.predictor.transformer.layers.0.mlp.net            |               789056 |                        0 |                        0 |       0 |
| model.predictor.transformer.layers.0.mlp.net.0          |                  384 |                        0 |                        0 |       0 |
| model.predictor.transformer.layers.0.mlp.net.1          |               395264 |                        0 |                        0 |       0 |
| model.predictor.transformer.layers.0.mlp.net.2          |                    0 |                        0 |                        0 |       0 |
| model.predictor.transformer.layers.0.mlp.net.3          |                    0 |                        0 |                        0 |       0 |
| model.predictor.transformer.layers.0.mlp.net.4          |               393408 |                        0 |                        0 |       0 |
| model.predictor.transformer.layers.0.mlp.net.5          |                    0 |                        0 |                        0 |       0 |
| model.predictor.transformer.layers.0.norm1              |                    0 |                        0 |                        0 |       0 |
| model.predictor.transformer.layers.0.norm2              |                    0 |                        0 |                        0 |       0 |
| model.predictor.transformer.layers.0.adaLN_modulation   |               222336 |                        0 |                        0 |       0 |
| model.predictor.transformer.layers.0.adaLN_modulation.0 |                    0 |                        0 |                        0 |       0 |
| model.predictor.transformer.layers.0.adaLN_modulation.1 |               222336 |                        0 |                        0 |       0 |
| model.predictor.transformer.layers.1                    |              1798400 |                        0 |                        0 |       0 |
| model.predictor.transformer.layers.1.attn               |               787008 |                        0 |                        0 |       0 |
| model.predictor.transformer.layers.1.attn.norm          |                  384 |                        0 |                        0 |       0 |
| model.predictor.transformer.layers.1.attn.attend        |                    0 |                        0 |                        0 |       0 |
| model.predictor.transformer.layers.1.attn.to_qkv        |               589824 |                        0 |                        0 |       0 |
| model.predictor.transformer.layers.1.attn.to_out        |               196800 |                        0 |                        0 |       0 |
| model.predictor.transformer.layers.1.attn.to_out.0      |               196800 |                        0 |                        0 |       0 |
| model.predictor.transformer.layers.1.attn.to_out.1      |                    0 |                        0 |                        0 |       0 |
| model.predictor.transformer.layers.1.mlp                |               789056 |                        0 |                        0 |       0 |
| model.predictor.transformer.layers.1.mlp.net            |               789056 |                        0 |                        0 |       0 |
| model.predictor.transformer.layers.1.mlp.net.0          |                  384 |                        0 |                        0 |       0 |
| model.predictor.transformer.layers.1.mlp.net.1          |               395264 |                        0 |                        0 |       0 |
| model.predictor.transformer.layers.1.mlp.net.2          |                    0 |                        0 |                        0 |       0 |
| model.predictor.transformer.layers.1.mlp.net.3          |                    0 |                        0 |                        0 |       0 |
| model.predictor.transformer.layers.1.mlp.net.4          |               393408 |                        0 |                        0 |       0 |
| model.predictor.transformer.layers.1.mlp.net.5          |                    0 |                        0 |                        0 |       0 |
| model.predictor.transformer.layers.1.norm1              |                    0 |                        0 |                        0 |       0 |
| model.predictor.transformer.layers.1.norm2              |                    0 |                        0 |                        0 |       0 |
| model.predictor.transformer.layers.1.adaLN_modulation   |               222336 |                        0 |                        0 |       0 |
| model.predictor.transformer.layers.1.adaLN_modulation.0 |                    0 |                        0 |                        0 |       0 |
| model.predictor.transformer.layers.1.adaLN_modulation.1 |               222336 |                        0 |                        0 |       0 |
| model.predictor.transformer.layers.2                    |              1798400 |                        0 |                        0 |       0 |
| model.predictor.transformer.layers.2.attn               |               787008 |                        0 |                        0 |       0 |
| model.predictor.transformer.layers.2.attn.norm          |                  384 |                        0 |                        0 |       0 |
| model.predictor.transformer.layers.2.attn.attend        |                    0 |                        0 |                        0 |       0 |
| model.predictor.transformer.layers.2.attn.to_qkv        |               589824 |                        0 |                        0 |       0 |
| model.predictor.transformer.layers.2.attn.to_out        |               196800 |                        0 |                        0 |       0 |
| model.predictor.transformer.layers.2.attn.to_out.0      |               196800 |                        0 |                        0 |       0 |
| model.predictor.transformer.layers.2.attn.to_out.1      |                    0 |                        0 |                        0 |       0 |
| model.predictor.transformer.layers.2.mlp                |               789056 |                        0 |                        0 |       0 |
| model.predictor.transformer.layers.2.mlp.net            |               789056 |                        0 |                        0 |       0 |
| model.predictor.transformer.layers.2.mlp.net.0          |                  384 |                        0 |                        0 |       0 |
| model.predictor.transformer.layers.2.mlp.net.1          |               395264 |                        0 |                        0 |       0 |
| model.predictor.transformer.layers.2.mlp.net.2          |                    0 |                        0 |                        0 |       0 |
| model.predictor.transformer.layers.2.mlp.net.3          |                    0 |                        0 |                        0 |       0 |
| model.predictor.transformer.layers.2.mlp.net.4          |               393408 |                        0 |                        0 |       0 |
| model.predictor.transformer.layers.2.mlp.net.5          |                    0 |                        0 |                        0 |       0 |
| model.predictor.transformer.layers.2.norm1              |                    0 |                        0 |                        0 |       0 |
| model.predictor.transformer.layers.2.norm2              |                    0 |                        0 |                        0 |       0 |
| model.predictor.transformer.layers.2.adaLN_modulation   |               222336 |                        0 |                        0 |       0 |
| model.predictor.transformer.layers.2.adaLN_modulation.0 |                    0 |                        0 |                        0 |       0 |
| model.predictor.transformer.layers.2.adaLN_modulation.1 |               222336 |                        0 |                        0 |       0 |
| model.predictor.transformer.layers.3                    |              1798400 |                        0 |                        0 |       0 |
| model.predictor.transformer.layers.3.attn               |               787008 |                        0 |                        0 |       0 |
| model.predictor.transformer.layers.3.attn.norm          |                  384 |                        0 |                        0 |       0 |
| model.predictor.transformer.layers.3.attn.attend        |                    0 |                        0 |                        0 |       0 |
| model.predictor.transformer.layers.3.attn.to_qkv        |               589824 |                        0 |                        0 |       0 |
| model.predictor.transformer.layers.3.attn.to_out        |               196800 |                        0 |                        0 |       0 |
| model.predictor.transformer.layers.3.attn.to_out.0      |               196800 |                        0 |                        0 |       0 |
| model.predictor.transformer.layers.3.attn.to_out.1      |                    0 |                        0 |                        0 |       0 |
| model.predictor.transformer.layers.3.mlp                |               789056 |                        0 |                        0 |       0 |
| model.predictor.transformer.layers.3.mlp.net            |               789056 |                        0 |                        0 |       0 |
| model.predictor.transformer.layers.3.mlp.net.0          |                  384 |                        0 |                        0 |       0 |
| model.predictor.transformer.layers.3.mlp.net.1          |               395264 |                        0 |                        0 |       0 |
| model.predictor.transformer.layers.3.mlp.net.2          |                    0 |                        0 |                        0 |       0 |
| model.predictor.transformer.layers.3.mlp.net.3          |                    0 |                        0 |                        0 |       0 |
| model.predictor.transformer.layers.3.mlp.net.4          |               393408 |                        0 |                        0 |       0 |
| model.predictor.transformer.layers.3.mlp.net.5          |                    0 |                        0 |                        0 |       0 |
| model.predictor.transformer.layers.3.norm1              |                    0 |                        0 |                        0 |       0 |
| model.predictor.transformer.layers.3.norm2              |                    0 |                        0 |                        0 |       0 |
| model.predictor.transformer.layers.3.adaLN_modulation   |               222336 |                        0 |                        0 |       0 |
| model.predictor.transformer.layers.3.adaLN_modulation.0 |                    0 |                        0 |                        0 |       0 |
| model.predictor.transformer.layers.3.adaLN_modulation.1 |               222336 |                        0 |                        0 |       0 |
| model.predictor.transformer.layers.4                    |              1798400 |                        0 |                        0 |       0 |
| model.predictor.transformer.layers.4.attn               |               787008 |                        0 |                        0 |       0 |
| model.predictor.transformer.layers.4.attn.norm          |                  384 |                        0 |                        0 |       0 |
| model.predictor.transformer.layers.4.attn.attend        |                    0 |                        0 |                        0 |       0 |
| model.predictor.transformer.layers.4.attn.to_qkv        |               589824 |                        0 |                        0 |       0 |
| model.predictor.transformer.layers.4.attn.to_out        |               196800 |                        0 |                        0 |       0 |
| model.predictor.transformer.layers.4.attn.to_out.0      |               196800 |                        0 |                        0 |       0 |
| model.predictor.transformer.layers.4.attn.to_out.1      |                    0 |                        0 |                        0 |       0 |
| model.predictor.transformer.layers.4.mlp                |               789056 |                        0 |                        0 |       0 |
| model.predictor.transformer.layers.4.mlp.net            |               789056 |                        0 |                        0 |       0 |
| model.predictor.transformer.layers.4.mlp.net.0          |                  384 |                        0 |                        0 |       0 |
| model.predictor.transformer.layers.4.mlp.net.1          |               395264 |                        0 |                        0 |       0 |
| model.predictor.transformer.layers.4.mlp.net.2          |                    0 |                        0 |                        0 |       0 |
| model.predictor.transformer.layers.4.mlp.net.3          |                    0 |                        0 |                        0 |       0 |
| model.predictor.transformer.layers.4.mlp.net.4          |               393408 |                        0 |                        0 |       0 |
| model.predictor.transformer.layers.4.mlp.net.5          |                    0 |                        0 |                        0 |       0 |
| model.predictor.transformer.layers.4.norm1              |                    0 |                        0 |                        0 |       0 |
| model.predictor.transformer.layers.4.norm2              |                    0 |                        0 |                        0 |       0 |
| model.predictor.transformer.layers.4.adaLN_modulation   |               222336 |                        0 |                        0 |       0 |
| model.predictor.transformer.layers.4.adaLN_modulation.0 |                    0 |                        0 |                        0 |       0 |
| model.predictor.transformer.layers.4.adaLN_modulation.1 |               222336 |                        0 |                        0 |       0 |
| model.predictor.transformer.layers.5                    |              1798400 |                        0 |                        0 |       0 |
| model.predictor.transformer.layers.5.attn               |               787008 |                        0 |                        0 |       0 |
| model.predictor.transformer.layers.5.attn.norm          |                  384 |                        0 |                        0 |       0 |
| model.predictor.transformer.layers.5.attn.attend        |                    0 |                        0 |                        0 |       0 |
| model.predictor.transformer.layers.5.attn.to_qkv        |               589824 |                        0 |                        0 |       0 |
| model.predictor.transformer.layers.5.attn.to_out        |               196800 |                        0 |                        0 |       0 |
| model.predictor.transformer.layers.5.attn.to_out.0      |               196800 |                        0 |                        0 |       0 |
| model.predictor.transformer.layers.5.attn.to_out.1      |                    0 |                        0 |                        0 |       0 |
| model.predictor.transformer.layers.5.mlp                |               789056 |                        0 |                        0 |       0 |
| model.predictor.transformer.layers.5.mlp.net            |               789056 |                        0 |                        0 |       0 |
| model.predictor.transformer.layers.5.mlp.net.0          |                  384 |                        0 |                        0 |       0 |
| model.predictor.transformer.layers.5.mlp.net.1          |               395264 |                        0 |                        0 |       0 |
| model.predictor.transformer.layers.5.mlp.net.2          |                    0 |                        0 |                        0 |       0 |
| model.predictor.transformer.layers.5.mlp.net.3          |                    0 |                        0 |                        0 |       0 |
| model.predictor.transformer.layers.5.mlp.net.4          |               393408 |                        0 |                        0 |       0 |
| model.predictor.transformer.layers.5.mlp.net.5          |                    0 |                        0 |                        0 |       0 |
| model.predictor.transformer.layers.5.norm1              |                    0 |                        0 |                        0 |       0 |
| model.predictor.transformer.layers.5.norm2              |                    0 |                        0 |                        0 |       0 |
| model.predictor.transformer.layers.5.adaLN_modulation   |               222336 |                        0 |                        0 |       0 |
| model.predictor.transformer.layers.5.adaLN_modulation.0 |                    0 |                        0 |                        0 |       0 |
| model.predictor.transformer.layers.5.adaLN_modulation.1 |               222336 |                        0 |                        0 |       0 |
| model.predictor.transformer.input_proj                  |                    0 |                        0 |                        0 |       0 |
| model.predictor.transformer.cond_proj                   |                    0 |                        0 |                        0 |       0 |
| model.predictor.transformer.output_proj                 |                    0 |                        0 |                        0 |       0 |
| model.action_encoder                                    |               156126 |                        0 |                        0 |       0 |
| model.action_encoder.patch_embed                        |                   30 |                        0 |                        0 |       0 |
| model.action_encoder.embed                              |               156096 |                        0 |                        0 |       0 |
| model.action_encoder.embed.0                            |                 8448 |                        0 |                        0 |       0 |
| model.action_encoder.embed.1                            |                    0 |                        0 |                        0 |       0 |
| model.action_encoder.embed.2                            |               147648 |                        0 |                        0 |       0 |
| model.projector                                         |               792768 |                        0 |                        0 |    4097 |
| model.projector.net                                     |               792768 |                        0 |                        0 |    4097 |
| model.projector.net.0                                   |               395264 |                        0 |                        0 |       0 |
| model.projector.net.1                                   |                 4096 |                        0 |                        0 |    4097 |
| model.projector.net.2                                   |                    0 |                        0 |                        0 |       0 |
| model.projector.net.3                                   |               393408 |                        0 |                        0 |       0 |
| model.pred_proj                                         |               792768 |                        0 |                        0 |    4097 |
| model.pred_proj.net                                     |               792768 |                        0 |                        0 |    4097 |
| model.pred_proj.net.0                                   |               395264 |                        0 |                        0 |       0 |
| model.pred_proj.net.1                                   |                 4096 |                        0 |                        0 |    4097 |
| model.pred_proj.net.2                                   |                    0 |                        0 |                        0 |       0 |
| model.pred_proj.net.3                                   |               393408 |                        0 |                        0 |       0 |
| model.probe_head                                        |                  772 |                        0 |                        0 |       0 |
| sigreg                                                  |                    0 |                        0 |                        0 |      51 |
+---------------------------------------------------------+----------------------+--------------------------+--------------------------+---------+
22:36:17 | INFO  | utils.py    | ── SLURM ─────────────────────────────────────────
22:36:17 | INFO  | trainer_inf~|   Job ID: N/A
22:36:17 | INFO  | trainer_inf~|   Task ID: N/A
22:36:17 | INFO  | trainer_inf~|   Job Name: N/A
22:36:17 | INFO  | trainer_inf~|   Nodes: N/A
22:36:17 | INFO  | trainer_inf~|   Tasks: N/A
22:36:17 | INFO  | trainer_inf~|   CPUs per node: N/A
22:36:17 | INFO  | trainer_inf~|   CPUs per task: N/A
22:36:17 | INFO  | trainer_inf~|   Memory per node: N/A
22:36:17 | INFO  | trainer_inf~|   Memory per CPU: N/A
22:36:17 | INFO  | trainer_inf~|   Time limit: N/A
22:36:17 | INFO  | trainer_inf~|   Partition: N/A
22:36:17 | INFO  | trainer_inf~|   Node List: N/A
22:36:17 | INFO  | trainer_inf~|   Submit Directory: N/A
22:36:17 | INFO  | utils.py    | ── HardwareMonitor ───────────────────────────────
22:36:17 | INFO  | hardware_mo~|   interval: 10.0s
22:36:17 | INFO  | hardware_mo~|   prefix:   'hardware/'
22:36:17 | INFO  | hardware_mo~|   metrics:  cpu=True ram=True disk=True net=True gpu=True
22:36:17 | INFO  | hardware_mo~|   per-rank: rank 0 only
LOCAL_RANK: 0 - CUDA_VISIBLE_DEVICES: [7]
22:36:17 | WARN  | hardware_mo~| HardwareMonitor: pynvml unavailable (ModuleNotFoundError("No module named 'pynvml'")); GPU metrics disabled.
22:36:17 | INFO  | utils.py    | ── Optimizers ────────────────────────────────────
22:36:17 | INFO  | module.py   |   Optimizer specified by Dict with keys ['model_opt']
22:36:17 | INFO  | module.py   | 
┏━━━━━━━━━━━━━┳━━━━━━━━━━━┳━━━━━━━━━━━━━━━━━━━┳━━━━━━━━━━━━━━━━━┳━━━━━━━━━━━━━━━━┳━━━━━━━━━━━━━━━━━━━━━━━━┓
┃ Optimizer   ┃ Pattern   ┃   Matched Modules ┃   Param Tensors ┃   Total Params ┃   RequiresGrad Tensors ┃
┣━━━━━━━━━━━━━╋━━━━━━━━━━━╋━━━━━━━━━━━━━━━━━━━╋━━━━━━━━━━━━━━━━━╋━━━━━━━━━━━━━━━━╋━━━━━━━━━━━━━━━━━━━━━━━━┫
┃ model_opt   ┃ model     ┃               317 ┃             299 ┃       18035170 ┃                    299 ┃
┗━━━━━━━━━━━━━┻━━━━━━━━━━━┻━━━━━━━━━━━━━━━━━━━┻━━━━━━━━━━━━━━━━━┻━━━━━━━━━━━━━━━━┻━━━━━━━━━━━━━━━━━━━━━━━━┛
22:36:17 | INFO  | lr_schedule~| 	User provided a dict
Loading `train_dataloader` to estimate number of stepping batches.
/home/likun-share/junjxu/wm/le-wm/.venv/lib/python3.10/site-packages/lance/__init__.py:320: UserWarning: lance is not fork-safe. If you are using multiprocessing, use spawn or forkserver instead.
  warnings.warn(
/usr/lib/python3.10/multiprocessing/popen_fork.py:66: RuntimeWarning: lancedb fork support is experimental: the internal async runtime has been reset in the forked child, but a small chance of deadlock remains if other state was mid-operation at fork time. The 'forkserver' or 'spawn' multiprocessing start method is likely a safer alternative.
  self.pid = os.fork()
/usr/lib/python3.10/multiprocessing/popen_fork.py:66: RuntimeWarning: lancedb fork support is experimental: the internal async runtime has been reset in the forked child, but a small chance of deadlock remains if other state was mid-operation at fork time. The 'forkserver' or 'spawn' multiprocessing start method is likely a safer alternative.
  self.pid = os.fork()
/usr/lib/python3.10/multiprocessing/popen_fork.py:66: RuntimeWarning: lancedb fork support is experimental: the internal async runtime has been reset in the forked child, but a small chance of deadlock remains if other state was mid-operation at fork time. The 'forkserver' or 'spawn' multiprocessing start method is likely a safer alternative.
  self.pid = os.fork()
/usr/lib/python3.10/multiprocessing/popen_fork.py:66: RuntimeWarning: lancedb fork support is experimental: the internal async runtime has been reset in the forked child, but a small chance of deadlock remains if other state was mid-operation at fork time. The 'forkserver' or 'spawn' multiprocessing start method is likely a safer alternative.
  self.pid = os.fork()
/home/likun-share/junjxu/wm/le-wm/.venv/lib/python3.10/site-packages/lance/__init__.py:320: UserWarning: lance is not fork-safe. If you are using multiprocessing, use spawn or forkserver instead.
  warnings.warn(
/usr/lib/python3.10/multiprocessing/popen_fork.py:66: RuntimeWarning: lancedb fork support is experimental: the internal async runtime has been reset in the forked child, but a small chance of deadlock remains if other state was mid-operation at fork time. The 'forkserver' or 'spawn' multiprocessing start method is likely a safer alternative.
  self.pid = os.fork()
/usr/lib/python3.10/multiprocessing/popen_fork.py:66: RuntimeWarning: lancedb fork support is experimental: the internal async runtime has been reset in the forked child, but a small chance of deadlock remains if other state was mid-operation at fork time. The 'forkserver' or 'spawn' multiprocessing start method is likely a safer alternative.
  self.pid = os.fork()
22:36:18 | INFO  | module.py   |   Configured optimizer 'model_opt' (modules=317, param_tensors=299, total_params=18035170) with LinearWarmupCosineAnnealingLR scheduler.
/home/likun-share/junjxu/wm/le-wm/.venv/lib/python3.10/site-packages/lightning/pytorch/utilities/model_summary/model_summary.py:242: Precision bf16-mixed is not supported by the model summary.  Estimated model size in MB will not be accurate. Using 32 bits instead.
┏━━━┳━━━━━━━━━━━━━━━━━━━┳━━━━━━━━━━━━┳━━━━━━━━┳━━━━━━━┳━━━━━━━┓
┃   ┃ Name              ┃ Type       ┃ Params ┃ Mode  ┃ FLOPs ┃
┡━━━╇━━━━━━━━━━━━━━━━━━━╇━━━━━━━━━━━━╇━━━━━━━━╇━━━━━━━╇━━━━━━━┩
│ 0 │ callbacks_modules │ ModuleDict │      0 │ train │     0 │
│ 1 │ callbacks_metrics │ ModuleDict │      0 │ train │     0 │
│ 2 │ model             │ JEPA       │ 18.0 M │ train │     0 │
│ 3 │ sigreg            │ SIGReg     │      0 │ train │     0 │
└───┴───────────────────┴────────────┴────────┴───────┴───────┘
Trainable params: 18.0 M                                                        
Non-trainable params: 0                                                         
Total params: 18.0 M                                                            
Total estimated model params size (MB): 72.141                                  
Modules in train mode: 320                                                      
Modules in eval mode: 0                                                         
Total FLOPs: 0                                                                  
22:36:18 | INFO  | logger.py   | [RegistryLogger] summary.json flushed (0 metrics, step=0, epoch=0) → /data1/likun-share/junjxu/.cache_stable-pretraining/runs/20260605/223604/a313b4b8afb8/summary.json
/usr/lib/python3.10/multiprocessing/popen_fork.py:66: RuntimeWarning: lancedb fork support is experimental: the internal async runtime has been reset in the forked child, but a small chance of deadlock remains if other state was mid-operation at fork time. The 'forkserver' or 'spawn' multiprocessing start method is likely a safer alternative.
  self.pid = os.fork()
/usr/lib/python3.10/multiprocessing/popen_fork.py:66: RuntimeWarning: lancedb fork support is experimental: the internal async runtime has been reset in the forked child, but a small chance of deadlock remains if other state was mid-operation at fork time. The 'forkserver' or 'spawn' multiprocessing start method is likely a safer alternative.
  self.pid = os.fork()
/usr/lib/python3.10/multiprocessing/popen_fork.py:66: RuntimeWarning: lancedb fork support is experimental: the internal async runtime has been reset in the forked child, but a small chance of deadlock remains if other state was mid-operation at fork time. The 'forkserver' or 'spawn' multiprocessing start method is likely a safer alternative.
  self.pid = os.fork()
22:36:19 | OK    | env_info.py | ✓ NVIDIA Driver: 580.65.06
/usr/lib/python3.10/multiprocessing/popen_fork.py:66: RuntimeWarning: lancedb fork support is experimental: the internal async runtime has been reset in the forked child, but a small chance of deadlock remains if other state was mid-operation at fork time. The 'forkserver' or 'spawn' multiprocessing start method is likely a safer alternative.
  self.pid = os.fork()
/home/likun-share/junjxu/wm/le-wm/.venv/lib/python3.10/site-packages/lance/__init__.py:320: UserWarning: lance is not fork-safe. If you are using multiprocessing, use spawn or forkserver instead.
  warnings.warn(
/usr/lib/python3.10/multiprocessing/popen_fork.py:66: RuntimeWarning: lancedb fork support is experimental: the internal async runtime has been reset in the forked child, but a small chance of deadlock remains if other state was mid-operation at fork time. The 'forkserver' or 'spawn' multiprocessing start method is likely a safer alternative.
  self.pid = os.fork()
/usr/lib/python3.10/multiprocessing/popen_fork.py:66: RuntimeWarning: lancedb fork support is experimental: the internal async runtime has been reset in the forked child, but a small chance of deadlock remains if other state was mid-operation at fork time. The 'forkserver' or 'spawn' multiprocessing start method is likely a safer alternative.
  self.pid = os.fork()
/home/likun-share/junjxu/wm/le-wm/.venv/lib/python3.10/site-packages/lightning/pytorch/utilities/data.py:79: Trying to infer the `batch_size` from an ambiguous collection. The batch size we found is 128. To avoid any miscalculations, use `self.log(..., batch_size=batch_size)`.
22:36:44 | INFO  | trainer_inf~| \n+----------------------------+--------------------+
|           Metric           |       Value        |
+----------------------------+--------------------+
|       [0;34;40mvalidate/loss[0m        | [0;32;40m15.511635780334473[0m |
|    [0;34;40mvalidate/loss_epoch[0m     | [0;32;40m15.511635780334473[0m |
|     [0;34;40mvalidate/pred_loss[0m     | [0;32;40m0.350629061460495[0m  |
|  [0;34;40mvalidate/pred_loss_epoch[0m  | [0;32;40m0.350629061460495[0m  |
|    [0;34;40mvalidate/probe_loss[0m     | [0;32;40m0.8192256689071655[0m |
| [0;34;40mvalidate/probe_loss_epoch[0m  | [0;32;40m0.8192256689071655[0m |
|    [0;34;40mvalidate/sigreg_loss[0m    |        [0;32;40m77.5[0m        |
| [0;34;40mvalidate/sigreg_loss_epoch[0m |        [0;32;40m77.5[0m        |
+----------------------------+--------------------+
22:36:44 | WARN  | hf_models.py| ! No Hugging Face (PreTrainedModel) submodules found in LightningModule.
22:36:44 | INFO  | utils.py    | ── Optimizers ────────────────────────────────────
22:36:44 | INFO  | module.py   |   self.optimizers() gave us 1 optimizers
22:36:44 | WARN  | module.py   | ! No clip val found for optimizer default_0
22:36:44 | WARN  | module.py   | ! Will use the Trainer's value of 1.0
22:36:44 | WARN  | module.py   | ! No clip algorithm found for optimizer default_0
22:36:44 | WARN  | module.py   | ! Will use the Trainer's value of None
22:36:44 | OK    | module.py   | ✓ Optimizer check complete:
+------------+-----------+----------------+-----------+-----------+
| Opt. Index | Opt. name |      opt       | clip val. | clip alg. |
+------------+-----------+----------------+-----------+-----------+
|     0      | default_0 | LightningAdamW |    1.0    |    None   |
+------------+-----------+----------------+-----------+-----------+
22:36:44 | INFO  | utils.py    | ── LogUnusedParametersOnce ───────────────────────
22:36:44 | INFO  | unused_para~|   registered hooks on 299 leaf parameters
22:36:50 | OK    | unused_para~| ✓ all tracked parameters received gradients on the first backward pass
22:36:50 | INFO  | unused_para~|   hooks removed, callback disabled
[Epoch 0/20] step 50/203 (1.1 it/s)
[Epoch 0/20] step 100/203 (1.2 it/s)
[Epoch 0/20] step 150/203 (1.2 it/s)
[Epoch 0/20] step 200/203 (1.2 it/s)
/home/likun-share/junjxu/wm/le-wm/.venv/lib/python3.10/site-packages/lightning/pytorch/utilities/data.py:79: Trying to infer the `batch_size` from an ambiguous collection. The batch size we found is 83. To avoid any miscalculations, use `self.log(..., batch_size=batch_size)`.
22:39:44 | INFO  | trainer_inf~| \n+----------------------------+------------------------+
|           Metric           |         Value          |
+----------------------------+------------------------+
|          [0;34;40mfit/loss[0m          |   [0;32;40m2.7754218578338623[0m   |
|       [0;34;40mfit/pred_loss[0m        |  [0;32;40m0.06253067404031754[0m   |
|       [0;34;40mfit/probe_loss[0m       |  [0;32;40m0.22382816672325134[0m   |
|      [0;34;40mfit/sigreg_loss[0m       |        [0;32;40m5.28125[0m         |
|    [0;34;40mhardware/cpu_percent[0m    |   [0;32;40m97.69999694824219[0m    |
|  [0;34;40mhardware/disk_read_mb_s[0m   |  [0;32;40m0.14722146093845367[0m   |
|  [0;34;40mhardware/disk_write_mb_s[0m  |   [0;32;40m190.4245147705078[0m    |
|   [0;34;40mhardware/net_recv_mb_s[0m   |   [0;32;40m0.1164114847779274[0m   |
|   [0;34;40mhardware/net_sent_mb_s[0m   |  [0;32;40m0.31446054577827454[0m   |
|    [0;34;40mhardware/ram_used_gb[0m    |   [0;32;40m904.7490844726562[0m    |
|   [0;34;40mhardware/ram_used_pct[0m    |   [0;32;40m89.80000305175781[0m    |
|    [0;34;40mhparams/lr_default_0[0m    | [0;32;40m4.9797443352872506e-05[0m |
|       [0;34;40mvalidate/loss[0m        |   [0;32;40m1004.313720703125[0m    |
|    [0;34;40mvalidate/loss_epoch[0m     |   [0;32;40m1004.313720703125[0m    |
|     [0;34;40mvalidate/pred_loss[0m     |   [0;32;40m221.79522705078125[0m   |
|  [0;34;40mvalidate/pred_loss_epoch[0m  |   [0;32;40m221.79522705078125[0m   |
|    [0;34;40mvalidate/probe_loss[0m     |   [0;32;40m75.28707885742188[0m    |
| [0;34;40mvalidate/probe_loss_epoch[0m  |   [0;32;40m75.28707885742188[0m    |
|    [0;34;40mvalidate/sigreg_loss[0m    |   [0;32;40m329.44256591796875[0m   |
| [0;34;40mvalidate/sigreg_loss_epoch[0m |   [0;32;40m329.44256591796875[0m   |
+----------------------------+------------------------+
[Epoch 0/20] done in 180.9s
22:39:45 | INFO  | checkpoint_~|   Checking for non PyTorch modules to save
22:39:45 | INFO  | atomic_chec~| [atomic_save] → /data1/likun-share/junjxu/.cache_stable-pretraining/runs/20260605/223604/a313b4b8afb8/checkpoints/epoch=0-step=203.ckpt
22:39:47 | INFO  | atomic_chec~| [atomic_save] ✓ epoch=0-step=203.ckpt saved (206.8 MiB, serialise=1.12s write=0.81s rename=0.1ms)
22:39:47 | INFO  | checkpoint_~|   Checking for non PyTorch modules to save
22:39:47 | INFO  | atomic_chec~| [atomic_save] → /data1/likun-share/junjxu/.cache_stable-pretraining/runs/20260605/223604/a313b4b8afb8/checkpoints/last.ckpt
22:39:49 | INFO  | atomic_chec~| [atomic_save] ✓ last.ckpt saved (206.8 MiB, serialise=0.90s write=0.89s rename=0.1ms)
[Epoch 1/20] step 50/203 (1.1 it/s)
[Epoch 1/20] step 100/203 (1.2 it/s)
[Epoch 1/20] step 150/203 (1.2 it/s)
[Epoch 1/20] step 200/203 (1.2 it/s)
22:42:45 | INFO  | trainer_inf~| \n+----------------------------+-----------------------+
|           Metric           |         Value         |
+----------------------------+-----------------------+
|          [0;34;40mfit/loss[0m          |   [0;32;40m2.847395896911621[0m   |
|       [0;34;40mfit/pred_loss[0m        |   [0;32;40m0.0503680519759655[0m  |
|       [0;34;40mfit/probe_loss[0m       |  [0;32;40m0.24200746417045593[0m  |
|      [0;34;40mfit/sigreg_loss[0m       |         [0;32;40m4.1875[0m        |
|    [0;34;40mhardware/cpu_percent[0m    |   [0;32;40m94.19999694824219[0m   |
|  [0;34;40mhardware/disk_read_mb_s[0m   |  [0;32;40m0.049193330109119415[0m |
|  [0;34;40mhardware/disk_write_mb_s[0m  |   [0;32;40m252.56793212890625[0m  |
|   [0;34;40mhardware/net_recv_mb_s[0m   |  [0;32;40m0.011463440954685211[0m |
|   [0;34;40mhardware/net_sent_mb_s[0m   |   [0;32;40m0.0471145361661911[0m  |
|    [0;34;40mhardware/ram_used_gb[0m    |    [0;32;40m907.083740234375[0m   |
|   [0;34;40mhardware/ram_used_pct[0m    |          [0;32;40m90.0[0m         |
|    [0;34;40mhparams/lr_default_0[0m    | [0;32;40m4.898431870969944e-05[0m |
|       [0;34;40mvalidate/loss[0m        |   [0;32;40m797.7907104492188[0m   |
|    [0;34;40mvalidate/loss_epoch[0m     |   [0;32;40m797.7907104492188[0m   |
|     [0;34;40mvalidate/pred_loss[0m     |   [0;32;40m110.40145111083984[0m  |
|  [0;34;40mvalidate/pred_loss_epoch[0m  |   [0;32;40m110.40145111083984[0m  |
|    [0;34;40mvalidate/probe_loss[0m     |   [0;32;40m65.86053466796875[0m   |
| [0;34;40mvalidate/probe_loss_epoch[0m  |   [0;32;40m65.86053466796875[0m   |
|    [0;34;40mvalidate/sigreg_loss[0m    |   [0;32;40m319.6191711425781[0m   |
| [0;34;40mvalidate/sigreg_loss_epoch[0m |   [0;32;40m319.6191711425781[0m   |
+----------------------------+-----------------------+
[Epoch 1/20] done in 176.8s
22:42:46 | INFO  | checkpoint_~|   Checking for non PyTorch modules to save
22:42:46 | INFO  | atomic_chec~| [atomic_save] → /data1/likun-share/junjxu/.cache_stable-pretraining/runs/20260605/223604/a313b4b8afb8/checkpoints/epoch=1-step=406.ckpt
22:42:47 | INFO  | atomic_chec~| [atomic_save] ✓ epoch=1-step=406.ckpt saved (206.8 MiB, serialise=0.73s write=0.67s rename=0.1ms)
22:42:47 | INFO  | checkpoint_~|   Checking for non PyTorch modules to save
22:42:47 | INFO  | atomic_chec~| [atomic_save] → /data1/likun-share/junjxu/.cache_stable-pretraining/runs/20260605/223604/a313b4b8afb8/checkpoints/last.ckpt
22:42:49 | INFO  | atomic_chec~| [atomic_save] ✓ last.ckpt saved (206.8 MiB, serialise=0.64s write=0.67s rename=155.5ms)
[Epoch 2/20] step 50/203 (1.2 it/s)
[Epoch 2/20] step 100/203 (1.2 it/s)
[Epoch 2/20] step 150/203 (1.2 it/s)
[Epoch 2/20] step 200/203 (1.3 it/s)
22:45:45 | INFO  | trainer_inf~| \n+----------------------------+-----------------------+
|           Metric           |         Value         |
+----------------------------+-----------------------+
|          [0;34;40mfit/loss[0m          |   [0;32;40m2.405625343322754[0m   |
|       [0;34;40mfit/pred_loss[0m        |  [0;32;40m0.03987707197666168[0m  |
|       [0;34;40mfit/probe_loss[0m       |  [0;32;40m0.20473890006542206[0m  |
|      [0;34;40mfit/sigreg_loss[0m       |        [0;32;40m3.53125[0m        |
|    [0;34;40mhardware/cpu_percent[0m    |    [0;32;40m98.0999984741211[0m   |
|  [0;34;40mhardware/disk_read_mb_s[0m   |  [0;32;40m0.11519881337881088[0m  |
|  [0;34;40mhardware/disk_write_mb_s[0m  |   [0;32;40m362.08782958984375[0m  |
|   [0;34;40mhardware/net_recv_mb_s[0m   |  [0;32;40m0.01443636603653431[0m  |
|   [0;34;40mhardware/net_sent_mb_s[0m   |  [0;32;40m0.048874933272600174[0m |
|    [0;34;40mhardware/ram_used_gb[0m    |    [0;32;40m933.066162109375[0m   |
|   [0;34;40mhardware/ram_used_pct[0m    |    [0;32;40m92.5999984741211[0m   |
|    [0;34;40mhparams/lr_default_0[0m    | [0;32;40m4.756883572554216e-05[0m |
|       [0;34;40mvalidate/loss[0m        |    [0;32;40m261.68798828125[0m    |
|    [0;34;40mvalidate/loss_epoch[0m     |    [0;32;40m261.68798828125[0m    |
|     [0;34;40mvalidate/pred_loss[0m     |   [0;32;40m74.45270538330078[0m   |
|  [0;34;40mvalidate/pred_loss_epoch[0m  |   [0;32;40m74.45270538330078[0m   |
|    [0;34;40mvalidate/probe_loss[0m     |   [0;32;40m15.881183624267578[0m  |
| [0;34;40mvalidate/probe_loss_epoch[0m  |   [0;32;40m15.881183624267578[0m  |
|    [0;34;40mvalidate/sigreg_loss[0m    |   [0;32;40m315.6477966308594[0m   |
| [0;34;40mvalidate/sigreg_loss_epoch[0m |   [0;32;40m315.6477966308594[0m   |
+----------------------------+-----------------------+
[Epoch 2/20] done in 176.3s
22:45:45 | INFO  | checkpoint_~|   Checking for non PyTorch modules to save
22:45:45 | INFO  | atomic_chec~| [atomic_save] → /data1/likun-share/junjxu/.cache_stable-pretraining/runs/20260605/223604/a313b4b8afb8/checkpoints/epoch=2-step=609.ckpt
22:45:47 | INFO  | atomic_chec~| [atomic_save] ✓ epoch=2-step=609.ckpt saved (206.8 MiB, serialise=0.76s write=0.73s rename=0.1ms)
22:45:47 | INFO  | checkpoint_~|   Checking for non PyTorch modules to save
22:45:47 | INFO  | atomic_chec~| [atomic_save] → /data1/likun-share/junjxu/.cache_stable-pretraining/runs/20260605/223604/a313b4b8afb8/checkpoints/last.ckpt
22:45:48 | INFO  | atomic_chec~| [atomic_save] ✓ last.ckpt saved (206.8 MiB, serialise=0.73s write=0.87s rename=5.7ms)
[Epoch 3/20] step 50/203 (1.3 it/s)
[Epoch 3/20] step 100/203 (1.3 it/s)
[Epoch 3/20] step 150/203 (1.3 it/s)
[Epoch 3/20] step 200/203 (1.3 it/s)
22:48:38 | INFO  | trainer_inf~| \n+----------------------------+-----------------------+
|           Metric           |         Value         |
+----------------------------+-----------------------+
|          [0;34;40mfit/loss[0m          |   [0;32;40m2.544487476348877[0m   |
|       [0;34;40mfit/pred_loss[0m        |  [0;32;40m0.03318023681640625[0m  |
|       [0;34;40mfit/probe_loss[0m       |  [0;32;40m0.21792760491371155[0m  |
|      [0;34;40mfit/sigreg_loss[0m       |         [0;32;40m3.6875[0m        |
|    [0;34;40mhardware/cpu_percent[0m    |    [0;32;40m98.0999984741211[0m   |
|  [0;34;40mhardware/disk_read_mb_s[0m   |  [0;32;40m0.11945486068725586[0m  |
|  [0;34;40mhardware/disk_write_mb_s[0m  |   [0;32;40m333.52227783203125[0m  |
|   [0;34;40mhardware/net_recv_mb_s[0m   |  [0;32;40m0.038969963788986206[0m |
|   [0;34;40mhardware/net_sent_mb_s[0m   |  [0;32;40m0.03867584839463234[0m  |
|    [0;34;40mhardware/ram_used_gb[0m    |   [0;32;40m925.9295654296875[0m   |
|   [0;34;40mhardware/ram_used_pct[0m    |    [0;32;40m91.9000015258789[0m   |
|    [0;34;40mhparams/lr_default_0[0m    | [0;32;40m4.558654109132476e-05[0m |
|       [0;34;40mvalidate/loss[0m        |   [0;32;40m215.1250457763672[0m   |
|    [0;34;40mvalidate/loss_epoch[0m     |   [0;32;40m215.1250457763672[0m   |
|     [0;34;40mvalidate/pred_loss[0m     |     [0;32;40m63.36181640625[0m    |
|  [0;34;40mvalidate/pred_loss_epoch[0m  |     [0;32;40m63.36181640625[0m    |
|    [0;34;40mvalidate/probe_loss[0m     |   [0;32;40m12.400732040405273[0m  |
| [0;34;40mvalidate/probe_loss_epoch[0m  |   [0;32;40m12.400732040405273[0m  |
|    [0;34;40mvalidate/sigreg_loss[0m    |   [0;32;40m308.23248291015625[0m  |
| [0;34;40mvalidate/sigreg_loss_epoch[0m |   [0;32;40m308.23248291015625[0m  |
+----------------------------+-----------------------+
[Epoch 3/20] done in 169.5s
22:48:38 | INFO  | checkpoint_~|   Checking for non PyTorch modules to save
22:48:38 | INFO  | atomic_chec~| [atomic_save] → /data1/likun-share/junjxu/.cache_stable-pretraining/runs/20260605/223604/a313b4b8afb8/checkpoints/epoch=3-step=812.ckpt
22:48:39 | INFO  | atomic_chec~| [atomic_save] ✓ epoch=3-step=812.ckpt saved (206.8 MiB, serialise=0.55s write=0.58s rename=0.1ms)
22:48:39 | INFO  | checkpoint_~|   Checking for non PyTorch modules to save
22:48:39 | INFO  | atomic_chec~| [atomic_save] → /data1/likun-share/junjxu/.cache_stable-pretraining/runs/20260605/223604/a313b4b8afb8/checkpoints/last.ckpt
22:48:40 | INFO  | atomic_chec~| [atomic_save] ✓ last.ckpt saved (206.8 MiB, serialise=0.58s write=0.48s rename=71.8ms)
[Epoch 4/20] step 50/203 (1.2 it/s)
[Epoch 4/20] step 100/203 (1.3 it/s)
[Epoch 4/20] step 150/203 (1.3 it/s)
[Epoch 4/20] step 200/203 (1.3 it/s)
22:51:27 | INFO  | trainer_inf~| \n+----------------------------+----------------------+
|           Metric           |        Value         |
+----------------------------+----------------------+
|          [0;34;40mfit/loss[0m          |  [0;32;40m2.0037176609039307[0m  |
|       [0;34;40mfit/pred_loss[0m        | [0;32;40m0.029746029525995255[0m |
|       [0;34;40mfit/probe_loss[0m       | [0;32;40m0.16888153553009033[0m  |
|      [0;34;40mfit/sigreg_loss[0m       |       [0;32;40m3.171875[0m       |
|    [0;34;40mhardware/cpu_percent[0m    |         [0;32;40m99.0[0m         |
|  [0;34;40mhardware/disk_read_mb_s[0m   | [0;32;40m0.026161938905715942[0m |
|  [0;34;40mhardware/disk_write_mb_s[0m  |  [0;32;40m251.11907958984375[0m  |
|   [0;34;40mhardware/net_recv_mb_s[0m   | [0;32;40m0.015193033032119274[0m |
|   [0;34;40mhardware/net_sent_mb_s[0m   | [0;32;40m0.048425689339637756[0m |
|    [0;34;40mhardware/ram_used_gb[0m    |  [0;32;40m931.7868041992188[0m   |
|   [0;34;40mhardware/ram_used_pct[0m    |         [0;32;40m92.5[0m         |
|    [0;34;40mhparams/lr_default_0[0m    | [0;32;40m4.30872205470223e-05[0m |
|       [0;34;40mvalidate/loss[0m        |   [0;32;40m62.5139045715332[0m   |
|    [0;34;40mvalidate/loss_epoch[0m     |   [0;32;40m62.5139045715332[0m   |
|     [0;34;40mvalidate/pred_loss[0m     |  [0;32;40m25.617481231689453[0m  |
|  [0;34;40mvalidate/pred_loss_epoch[0m  |  [0;32;40m25.617481231689453[0m  |
|    [0;34;40mvalidate/probe_loss[0m     |   [0;32;40m1.2318035364151[0m    |
| [0;34;40mvalidate/probe_loss_epoch[0m  |   [0;32;40m1.2318035364151[0m    |
|    [0;34;40mvalidate/sigreg_loss[0m    |  [0;32;40m273.0748596191406[0m   |
| [0;34;40mvalidate/sigreg_loss_epoch[0m |  [0;32;40m273.0748596191406[0m   |
+----------------------------+----------------------+
[Epoch 4/20] done in 167.5s
22:51:28 | INFO  | checkpoint_~|   Checking for non PyTorch modules to save
22:51:28 | INFO  | atomic_chec~| [atomic_save] → /data1/likun-share/junjxu/.cache_stable-pretraining/runs/20260605/223604/a313b4b8afb8/checkpoints/epoch=4-step=1015.ckpt
22:51:29 | INFO  | atomic_chec~| [atomic_save] ✓ epoch=4-step=1015.ckpt saved (206.8 MiB, serialise=0.83s write=0.63s rename=0.1ms)
22:51:30 | INFO  | checkpoint_~|   Checking for non PyTorch modules to save
22:51:30 | INFO  | atomic_chec~| [atomic_save] → /data1/likun-share/junjxu/.cache_stable-pretraining/runs/20260605/223604/a313b4b8afb8/checkpoints/last.ckpt
22:51:31 | INFO  | atomic_chec~| [atomic_save] ✓ last.ckpt saved (206.8 MiB, serialise=0.88s write=0.77s rename=108.9ms)
[Epoch 5/20] step 50/203 (1.2 it/s)
[Epoch 5/20] step 100/203 (1.3 it/s)
[Epoch 5/20] step 150/203 (1.3 it/s)
[Epoch 5/20] step 200/203 (1.3 it/s)
22:54:21 | INFO  | trainer_inf~| \n+----------------------------+------------------------+
|           Metric           |         Value          |
+----------------------------+------------------------+
|          [0;34;40mfit/loss[0m          |   [0;32;40m2.351860761642456[0m    |
|       [0;34;40mfit/pred_loss[0m        |  [0;32;40m0.02896149642765522[0m   |
|       [0;34;40mfit/probe_loss[0m       |   [0;32;40m0.2053368091583252[0m   |
|      [0;34;40mfit/sigreg_loss[0m       |          [0;32;40m3.0[0m           |
|    [0;34;40mhardware/cpu_percent[0m    |    [0;32;40m99.4000015258789[0m    |
|  [0;34;40mhardware/disk_read_mb_s[0m   |   [0;32;40m0.0210865568369627[0m   |
|  [0;34;40mhardware/disk_write_mb_s[0m  |   [0;32;40m182.4287872314453[0m    |
|   [0;34;40mhardware/net_recv_mb_s[0m   |  [0;32;40m0.027651511132717133[0m  |
|   [0;34;40mhardware/net_sent_mb_s[0m   |  [0;32;40m0.06295879930257797[0m   |
|    [0;34;40mhardware/ram_used_gb[0m    |   [0;32;40m941.7699584960938[0m    |
|   [0;34;40mhardware/ram_used_pct[0m    |          [0;32;40m93.5[0m          |
|    [0;34;40mhparams/lr_default_0[0m    | [0;32;40m4.0133647416951135e-05[0m |
|       [0;34;40mvalidate/loss[0m        |   [0;32;40m1099.119873046875[0m    |
|    [0;34;40mvalidate/loss_epoch[0m     |   [0;32;40m1099.119873046875[0m    |
|     [0;34;40mvalidate/pred_loss[0m     |   [0;32;40m216.9458465576172[0m    |
|  [0;34;40mvalidate/pred_loss_epoch[0m  |   [0;32;40m216.9458465576172[0m    |
|    [0;34;40mvalidate/probe_loss[0m     |    [0;32;40m85.2792739868164[0m    |
| [0;34;40mvalidate/probe_loss_epoch[0m  |    [0;32;40m85.2792739868164[0m    |
|    [0;34;40mvalidate/sigreg_loss[0m    |   [0;32;40m326.44256591796875[0m   |
| [0;34;40mvalidate/sigreg_loss_epoch[0m |   [0;32;40m326.44256591796875[0m   |
+----------------------------+------------------------+
[Epoch 5/20] done in 169.8s
22:54:21 | INFO  | checkpoint_~|   Checking for non PyTorch modules to save
22:54:21 | INFO  | atomic_chec~| [atomic_save] → /data1/likun-share/junjxu/.cache_stable-pretraining/runs/20260605/223604/a313b4b8afb8/checkpoints/epoch=5-step=1218.ckpt
22:54:23 | INFO  | atomic_chec~| [atomic_save] ✓ epoch=5-step=1218.ckpt saved (206.8 MiB, serialise=1.02s write=1.04s rename=0.1ms)
22:54:23 | INFO  | checkpoint_~|   Checking for non PyTorch modules to save
22:54:23 | INFO  | atomic_chec~| [atomic_save] → /data1/likun-share/junjxu/.cache_stable-pretraining/runs/20260605/223604/a313b4b8afb8/checkpoints/last.ckpt
22:54:25 | INFO  | atomic_chec~| [atomic_save] ✓ last.ckpt saved (206.8 MiB, serialise=0.68s write=0.51s rename=275.9ms)
[Epoch 6/20] step 50/203 (1.3 it/s)
[Epoch 6/20] step 100/203 (1.3 it/s)
[Epoch 6/20] step 150/203 (1.3 it/s)
[Epoch 6/20] step 200/203 (1.3 it/s)
22:57:14 | INFO  | trainer_inf~| \n+----------------------------+-----------------------+
|           Metric           |         Value         |
+----------------------------+-----------------------+
|          [0;34;40mfit/loss[0m          |   [0;32;40m2.2971065044403076[0m  |
|       [0;34;40mfit/pred_loss[0m        |   [0;32;40m0.0266083013266325[0m  |
|       [0;34;40mfit/probe_loss[0m       |  [0;32;40m0.20244045555591583[0m  |
|      [0;34;40mfit/sigreg_loss[0m       |        [0;32;40m2.734375[0m       |
|    [0;34;40mhardware/cpu_percent[0m    |   [0;32;40m98.80000305175781[0m   |
|  [0;34;40mhardware/disk_read_mb_s[0m   |  [0;32;40m0.024991456419229507[0m |
|  [0;34;40mhardware/disk_write_mb_s[0m  |   [0;32;40m200.60055541992188[0m  |
|   [0;34;40mhardware/net_recv_mb_s[0m   |  [0;32;40m0.015793168917298317[0m |
|   [0;34;40mhardware/net_sent_mb_s[0m   |  [0;32;40m0.014613877981901169[0m |
|    [0;34;40mhardware/ram_used_gb[0m    |    [0;32;40m941.57275390625[0m    |
|   [0;34;40mhardware/ram_used_pct[0m    |          [0;32;40m93.5[0m         |
|    [0;34;40mhparams/lr_default_0[0m    | [0;32;40m3.679999281303026e-05[0m |
|       [0;34;40mvalidate/loss[0m        |   [0;32;40m175.09982299804688[0m  |
|    [0;34;40mvalidate/loss_epoch[0m     |   [0;32;40m175.09982299804688[0m  |
|     [0;34;40mvalidate/pred_loss[0m     |   [0;32;40m28.445404052734375[0m  |
|  [0;34;40mvalidate/pred_loss_epoch[0m  |   [0;32;40m28.445404052734375[0m  |
|    [0;34;40mvalidate/probe_loss[0m     |   [0;32;40m12.144876480102539[0m  |
| [0;34;40mvalidate/probe_loss_epoch[0m  |   [0;32;40m12.144876480102539[0m  |
|    [0;34;40mvalidate/sigreg_loss[0m    |   [0;32;40m280.1966247558594[0m   |
| [0;34;40mvalidate/sigreg_loss_epoch[0m |   [0;32;40m280.1966247558594[0m   |
+----------------------------+-----------------------+
[Epoch 6/20] done in 168.9s
22:57:14 | INFO  | checkpoint_~|   Checking for non PyTorch modules to save
22:57:14 | INFO  | atomic_chec~| [atomic_save] → /data1/likun-share/junjxu/.cache_stable-pretraining/runs/20260605/223604/a313b4b8afb8/checkpoints/epoch=6-step=1421.ckpt
22:57:16 | INFO  | atomic_chec~| [atomic_save] ✓ epoch=6-step=1421.ckpt saved (206.8 MiB, serialise=1.08s write=0.70s rename=0.1ms)
22:57:16 | INFO  | checkpoint_~|   Checking for non PyTorch modules to save
22:57:16 | INFO  | atomic_chec~| [atomic_save] → /data1/likun-share/junjxu/.cache_stable-pretraining/runs/20260605/223604/a313b4b8afb8/checkpoints/last.ckpt
22:57:18 | INFO  | atomic_chec~| [atomic_save] ✓ last.ckpt saved (206.8 MiB, serialise=0.94s write=0.67s rename=7.9ms)
[Epoch 7/20] step 50/203 (1.2 it/s)
[Epoch 7/20] step 100/203 (1.2 it/s)
[Epoch 7/20] step 150/203 (1.3 it/s)
[Epoch 7/20] step 200/203 (1.3 it/s)
23:00:15 | INFO  | trainer_inf~| \n+----------------------------+-----------------------+
|           Metric           |         Value         |
+----------------------------+-----------------------+
|          [0;34;40mfit/loss[0m          |   [0;32;40m2.6345858573913574[0m  |
|       [0;34;40mfit/pred_loss[0m        |  [0;32;40m0.029017163440585136[0m |
|       [0;34;40mfit/probe_loss[0m       |  [0;32;40m0.23438498377799988[0m  |
|      [0;34;40mfit/sigreg_loss[0m       |        [0;32;40m2.90625[0m        |
|    [0;34;40mhardware/cpu_percent[0m    |   [0;32;40m99.80000305175781[0m   |
|  [0;34;40mhardware/disk_read_mb_s[0m   |  [0;32;40m0.014057009480893612[0m |
|  [0;34;40mhardware/disk_write_mb_s[0m  |   [0;32;40m118.7520523071289[0m   |
|   [0;34;40mhardware/net_recv_mb_s[0m   |  [0;32;40m0.021890386939048767[0m |
|   [0;34;40mhardware/net_sent_mb_s[0m   |  [0;32;40m0.02117788977921009[0m  |
|    [0;34;40mhardware/ram_used_gb[0m    |   [0;32;40m955.4957275390625[0m   |
|   [0;34;40mhardware/ram_used_pct[0m    |    [0;32;40m94.9000015258789[0m   |
|    [0;34;40mhparams/lr_default_0[0m    | [0;32;40m3.316998481750488e-05[0m |
|       [0;34;40mvalidate/loss[0m        |   [0;32;40m79.11634063720703[0m   |
|    [0;34;40mvalidate/loss_epoch[0m     |   [0;32;40m79.11634063720703[0m   |
|     [0;34;40mvalidate/pred_loss[0m     |   [0;32;40m32.618465423583984[0m  |
|  [0;34;40mvalidate/pred_loss_epoch[0m  |   [0;32;40m32.618465423583984[0m  |
|    [0;34;40mvalidate/probe_loss[0m     |   [0;32;40m2.084937334060669[0m   |
| [0;34;40mvalidate/probe_loss_epoch[0m  |   [0;32;40m2.084937334060669[0m   |
|    [0;34;40mvalidate/sigreg_loss[0m    |   [0;32;40m285.0772705078125[0m   |
| [0;34;40mvalidate/sigreg_loss_epoch[0m |   [0;32;40m285.0772705078125[0m   |
+----------------------------+-----------------------+
[Epoch 7/20] done in 177.9s
23:00:16 | INFO  | checkpoint_~|   Checking for non PyTorch modules to save
23:00:16 | INFO  | atomic_chec~| [atomic_save] → /data1/likun-share/junjxu/.cache_stable-pretraining/runs/20260605/223604/a313b4b8afb8/checkpoints/epoch=7-step=1624.ckpt
23:00:17 | INFO  | atomic_chec~| [atomic_save] ✓ epoch=7-step=1624.ckpt saved (206.8 MiB, serialise=0.66s write=0.64s rename=0.1ms)
23:00:17 | INFO  | checkpoint_~|   Checking for non PyTorch modules to save
23:00:17 | INFO  | atomic_chec~| [atomic_save] → /data1/likun-share/junjxu/.cache_stable-pretraining/runs/20260605/223604/a313b4b8afb8/checkpoints/last.ckpt
23:00:19 | INFO  | atomic_chec~| [atomic_save] ✓ last.ckpt saved (206.8 MiB, serialise=0.80s write=0.95s rename=5.2ms)
[Epoch 8/20] step 50/203 (1.3 it/s)
[Epoch 8/20] step 100/203 (1.2 it/s)
[Epoch 8/20] step 150/203 (1.3 it/s)
[Epoch 8/20] step 200/203 (1.3 it/s)
23:03:13 | INFO  | trainer_inf~| \n+----------------------------+------------------------+
|           Metric           |         Value          |
+----------------------------+------------------------+
|          [0;34;40mfit/loss[0m          |   [0;32;40m2.096360683441162[0m    |
|       [0;34;40mfit/pred_loss[0m        |  [0;32;40m0.02791491150856018[0m   |
|       [0;34;40mfit/probe_loss[0m       |  [0;32;40m0.18350473046302795[0m   |
|      [0;34;40mfit/sigreg_loss[0m       |        [0;32;40m2.59375[0m         |
|    [0;34;40mhardware/cpu_percent[0m    |   [0;32;40m98.69999694824219[0m    |
|  [0;34;40mhardware/disk_read_mb_s[0m   |  [0;32;40m0.02147640474140644[0m   |
|  [0;34;40mhardware/disk_write_mb_s[0m  |   [0;32;40m140.26278686523438[0m   |
|   [0;34;40mhardware/net_recv_mb_s[0m   |  [0;32;40m0.02160271815955639[0m   |
|   [0;34;40mhardware/net_sent_mb_s[0m   |  [0;32;40m0.020918235182762146[0m  |
|    [0;34;40mhardware/ram_used_gb[0m    |   [0;32;40m958.3685302734375[0m    |
|   [0;34;40mhardware/ram_used_pct[0m    |    [0;32;40m95.0999984741211[0m    |
|    [0;34;40mhparams/lr_default_0[0m    | [0;32;40m2.9334791179280728e-05[0m |
|       [0;34;40mvalidate/loss[0m        |   [0;32;40m193.4838104248047[0m    |
|    [0;34;40mvalidate/loss_epoch[0m     |   [0;32;40m193.4838104248047[0m    |
|     [0;34;40mvalidate/pred_loss[0m     |    [0;32;40m73.8482894897461[0m    |
|  [0;34;40mvalidate/pred_loss_epoch[0m  |    [0;32;40m73.8482894897461[0m    |
|    [0;34;40mvalidate/probe_loss[0m     |   [0;32;40m9.159847259521484[0m    |
| [0;34;40mvalidate/probe_loss_epoch[0m  |   [0;32;40m9.159847259521484[0m    |
|    [0;34;40mvalidate/sigreg_loss[0m    |   [0;32;40m311.34942626953125[0m   |
| [0;34;40mvalidate/sigreg_loss_epoch[0m |   [0;32;40m311.34942626953125[0m   |
+----------------------------+------------------------+
[Epoch 8/20] done in 174.3s
23:03:13 | INFO  | checkpoint_~|   Checking for non PyTorch modules to save
23:03:13 | INFO  | atomic_chec~| [atomic_save] → /data1/likun-share/junjxu/.cache_stable-pretraining/runs/20260605/223604/a313b4b8afb8/checkpoints/epoch=8-step=1827.ckpt
23:03:15 | INFO  | atomic_chec~| [atomic_save] ✓ epoch=8-step=1827.ckpt saved (206.8 MiB, serialise=0.94s write=0.84s rename=0.1ms)
23:03:15 | INFO  | checkpoint_~|   Checking for non PyTorch modules to save
23:03:15 | INFO  | atomic_chec~| [atomic_save] → /data1/likun-share/junjxu/.cache_stable-pretraining/runs/20260605/223604/a313b4b8afb8/checkpoints/last.ckpt
23:03:16 | INFO  | atomic_chec~| [atomic_save] ✓ last.ckpt saved (206.8 MiB, serialise=0.66s write=0.52s rename=5.7ms)
[Epoch 9/20] step 50/203 (1.3 it/s)
[Epoch 9/20] step 100/203 (1.3 it/s)
[Epoch 9/20] step 150/203 (1.3 it/s)
[Epoch 9/20] step 200/203 (1.3 it/s)
23:06:03 | INFO  | trainer_inf~| \n+----------------------------+-----------------------+
|           Metric           |         Value         |
+----------------------------+-----------------------+
|          [0;34;40mfit/loss[0m          |    [0;32;40m2.43243408203125[0m   |
|       [0;34;40mfit/pred_loss[0m        |  [0;32;40m0.02491883374750614[0m  |
|       [0;34;40mfit/probe_loss[0m       |  [0;32;40m0.21780230104923248[0m  |
|      [0;34;40mfit/sigreg_loss[0m       |        [0;32;40m2.546875[0m       |
|    [0;34;40mhardware/cpu_percent[0m    |          [0;32;40m96.5[0m         |
|  [0;34;40mhardware/disk_read_mb_s[0m   |   [0;32;40m0.8657210469245911[0m  |
|  [0;34;40mhardware/disk_write_mb_s[0m  |   [0;32;40m15.71847915649414[0m   |
|   [0;34;40mhardware/net_recv_mb_s[0m   |  [0;32;40m0.02183609828352928[0m  |
|   [0;34;40mhardware/net_sent_mb_s[0m   |  [0;32;40m0.02161644585430622[0m  |
|    [0;34;40mhardware/ram_used_gb[0m    |   [0;32;40m978.6949462890625[0m   |
|   [0;34;40mhardware/ram_used_pct[0m    |   [0;32;40m97.19999694824219[0m   |
|    [0;34;40mhparams/lr_default_0[0m    | [0;32;40m2.539072920626495e-05[0m |
|       [0;34;40mvalidate/loss[0m        |   [0;32;40m184.6752471923828[0m   |
|    [0;34;40mvalidate/loss_epoch[0m     |   [0;32;40m184.6752471923828[0m   |
|     [0;34;40mvalidate/pred_loss[0m     |   [0;32;40m44.61552810668945[0m   |
|  [0;34;40mvalidate/pred_loss_epoch[0m  |   [0;32;40m44.61552810668945[0m   |
|    [0;34;40mvalidate/probe_loss[0m     |   [0;32;40m11.431022644042969[0m  |
| [0;34;40mvalidate/probe_loss_epoch[0m  |   [0;32;40m11.431022644042969[0m  |
|    [0;34;40mvalidate/sigreg_loss[0m    |   [0;32;40m286.10589599609375[0m  |
| [0;34;40mvalidate/sigreg_loss_epoch[0m |   [0;32;40m286.10589599609375[0m  |
+----------------------------+-----------------------+
[Epoch 9/20] done in 167.1s
23:06:04 | INFO  | checkpoint_~|   Checking for non PyTorch modules to save
23:06:04 | INFO  | atomic_chec~| [atomic_save] → /data1/likun-share/junjxu/.cache_stable-pretraining/runs/20260605/223604/a313b4b8afb8/checkpoints/epoch=9-step=2030.ckpt
23:06:05 | INFO  | atomic_chec~| [atomic_save] ✓ epoch=9-step=2030.ckpt saved (206.8 MiB, serialise=0.80s write=0.65s rename=0.3ms)
23:06:05 | INFO  | checkpoint_~|   Checking for non PyTorch modules to save
23:06:05 | INFO  | atomic_chec~| [atomic_save] → /data1/likun-share/junjxu/.cache_stable-pretraining/runs/20260605/223604/a313b4b8afb8/checkpoints/last.ckpt
23:06:07 | INFO  | atomic_chec~| [atomic_save] ✓ last.ckpt saved (206.8 MiB, serialise=0.82s write=0.64s rename=5.1ms)
[Epoch 10/20] step 50/203 (1.3 it/s)
[Epoch 10/20] step 100/203 (1.3 it/s)
[Epoch 10/20] step 150/203 (1.3 it/s)
[Epoch 10/20] step 200/203 (1.3 it/s)
23:08:56 | INFO  | trainer_inf~| \n+----------------------------+------------------------+
|           Metric           |         Value          |
+----------------------------+------------------------+
|          [0;34;40mfit/loss[0m          |   [0;32;40m2.1138691902160645[0m   |
|       [0;34;40mfit/pred_loss[0m        |  [0;32;40m0.023457078263163567[0m  |
|       [0;34;40mfit/probe_loss[0m       |  [0;32;40m0.18765448033809662[0m   |
|      [0;34;40mfit/sigreg_loss[0m       |         [0;32;40m2.375[0m          |
|    [0;34;40mhardware/cpu_percent[0m    |   [0;32;40m99.80000305175781[0m    |
|  [0;34;40mhardware/disk_read_mb_s[0m   |   [0;32;40m0.3744019567966461[0m   |
|  [0;34;40mhardware/disk_write_mb_s[0m  |   [0;32;40m59.37118148803711[0m    |
|   [0;34;40mhardware/net_recv_mb_s[0m   |  [0;32;40m0.025257868692278862[0m  |
|   [0;34;40mhardware/net_sent_mb_s[0m   |  [0;32;40m0.05891706421971321[0m   |
|    [0;34;40mhardware/ram_used_gb[0m    |   [0;32;40m979.1152954101562[0m    |
|   [0;34;40mhardware/ram_used_pct[0m    |   [0;32;40m97.19999694824219[0m    |
|    [0;34;40mhparams/lr_default_0[0m    | [0;32;40m2.1436855604406446e-05[0m |
|       [0;34;40mvalidate/loss[0m        |    [0;32;40m339.82568359375[0m     |
|    [0;34;40mvalidate/loss_epoch[0m     |    [0;32;40m339.82568359375[0m     |
|     [0;34;40mvalidate/pred_loss[0m     |   [0;32;40m49.23484420776367[0m    |
|  [0;34;40mvalidate/pred_loss_epoch[0m  |   [0;32;40m49.23484420776367[0m    |
|    [0;34;40mvalidate/probe_loss[0m     |   [0;32;40m26.417741775512695[0m   |
| [0;34;40mvalidate/probe_loss_epoch[0m  |   [0;32;40m26.417741775512695[0m   |
|    [0;34;40mvalidate/sigreg_loss[0m    |   [0;32;40m293.43292236328125[0m   |
| [0;34;40mvalidate/sigreg_loss_epoch[0m |   [0;32;40m293.43292236328125[0m   |
+----------------------------+------------------------+
[Epoch 10/20] done in 169.8s
23:08:57 | INFO  | checkpoint_~|   Checking for non PyTorch modules to save
23:08:57 | INFO  | atomic_chec~| [atomic_save] → /data1/likun-share/junjxu/.cache_stable-pretraining/runs/20260605/223604/a313b4b8afb8/checkpoints/epoch=10-step=2233.ckpt
23:08:58 | INFO  | atomic_chec~| [atomic_save] ✓ epoch=10-step=2233.ckpt saved (206.8 MiB, serialise=0.95s write=0.61s rename=0.1ms)
23:08:58 | INFO  | checkpoint_~|   Checking for non PyTorch modules to save
23:08:58 | INFO  | atomic_chec~| [atomic_save] → /data1/likun-share/junjxu/.cache_stable-pretraining/runs/20260605/223604/a313b4b8afb8/checkpoints/last.ckpt
23:09:00 | INFO  | atomic_chec~| [atomic_save] ✓ last.ckpt saved (206.8 MiB, serialise=0.81s write=0.88s rename=6.9ms)
[Epoch 11/20] step 50/203 (1.3 it/s)
[Epoch 11/20] step 100/203 (1.3 it/s)
[Epoch 11/20] step 150/203 (1.3 it/s)
[Epoch 11/20] step 200/203 (1.3 it/s)
23:11:48 | INFO  | trainer_inf~| \n+----------------------------+-----------------------+
|           Metric           |         Value         |
+----------------------------+-----------------------+
|          [0;34;40mfit/loss[0m          |   [0;32;40m2.3348968029022217[0m  |
|       [0;34;40mfit/pred_loss[0m        |  [0;32;40m0.025312695652246475[0m |
|       [0;34;40mfit/probe_loss[0m       |  [0;32;40m0.20927873253822327[0m  |
|      [0;34;40mfit/sigreg_loss[0m       |        [0;32;40m2.40625[0m        |
|    [0;34;40mhardware/cpu_percent[0m    |   [0;32;40m99.30000305175781[0m   |
|  [0;34;40mhardware/disk_read_mb_s[0m   |   [0;32;40m0.0554484985768795[0m  |
|  [0;34;40mhardware/disk_write_mb_s[0m  |   [0;32;40m7.402764797210693[0m   |
|   [0;34;40mhardware/net_recv_mb_s[0m   |  [0;32;40m0.03293055295944214[0m  |
|   [0;34;40mhardware/net_sent_mb_s[0m   |   [0;32;40m0.0687205120921135[0m  |
|    [0;34;40mhardware/ram_used_gb[0m    |   [0;32;40m980.0068969726562[0m   |
|   [0;34;40mhardware/ram_used_pct[0m    |   [0;32;40m97.30000305175781[0m   |
|    [0;34;40mhparams/lr_default_0[0m    | [0;32;40m1.757246718625538e-05[0m |
|       [0;34;40mvalidate/loss[0m        |   [0;32;40m252.8037872314453[0m   |
|    [0;34;40mvalidate/loss_epoch[0m     |   [0;32;40m252.8037872314453[0m   |
|     [0;34;40mvalidate/pred_loss[0m     |   [0;32;40m31.190780639648438[0m  |
|  [0;34;40mvalidate/pred_loss_epoch[0m  |   [0;32;40m31.190780639648438[0m  |
|    [0;34;40mvalidate/probe_loss[0m     |   [0;32;40m19.55343246459961[0m   |
| [0;34;40mvalidate/probe_loss_epoch[0m  |   [0;32;40m19.55343246459961[0m   |
|    [0;34;40mvalidate/sigreg_loss[0m    |   [0;32;40m289.7837219238281[0m   |
| [0;34;40mvalidate/sigreg_loss_epoch[0m |   [0;32;40m289.7837219238281[0m   |
+----------------------------+-----------------------+
[Epoch 11/20] done in 168.7s
23:11:49 | INFO  | checkpoint_~|   Checking for non PyTorch modules to save
23:11:49 | INFO  | atomic_chec~| [atomic_save] → /data1/likun-share/junjxu/.cache_stable-pretraining/runs/20260605/223604/a313b4b8afb8/checkpoints/epoch=11-step=2436.ckpt
23:11:51 | INFO  | atomic_chec~| [atomic_save] ✓ epoch=11-step=2436.ckpt saved (206.8 MiB, serialise=0.77s write=0.92s rename=0.1ms)
23:11:51 | INFO  | checkpoint_~|   Checking for non PyTorch modules to save
23:11:51 | INFO  | atomic_chec~| [atomic_save] → /data1/likun-share/junjxu/.cache_stable-pretraining/runs/20260605/223604/a313b4b8afb8/checkpoints/last.ckpt
23:11:52 | INFO  | atomic_chec~| [atomic_save] ✓ last.ckpt saved (206.8 MiB, serialise=0.77s write=0.58s rename=5.2ms)
[Epoch 12/20] step 50/203 (1.2 it/s)
[Epoch 12/20] step 100/203 (1.3 it/s)
[Epoch 12/20] step 150/203 (1.3 it/s)
[Epoch 12/20] step 200/203 (1.3 it/s)
23:14:46 | INFO  | trainer_inf~| \n+----------------------------+------------------------+
|           Metric           |         Value          |
+----------------------------+------------------------+
|          [0;34;40mfit/loss[0m          |   [0;32;40m2.149298667907715[0m    |
|       [0;34;40mfit/pred_loss[0m        |  [0;32;40m0.02277315966784954[0m   |
|       [0;34;40mfit/probe_loss[0m       |  [0;32;40m0.19185176491737366[0m   |
|      [0;34;40mfit/sigreg_loss[0m       |         [0;32;40m2.3125[0m         |
|    [0;34;40mhardware/cpu_percent[0m    |    [0;32;40m98.9000015258789[0m    |
|  [0;34;40mhardware/disk_read_mb_s[0m   |  [0;32;40m0.03279874846339226[0m   |
|  [0;34;40mhardware/disk_write_mb_s[0m  |    [0;32;40m71.3318099975586[0m    |
|   [0;34;40mhardware/net_recv_mb_s[0m   |  [0;32;40m0.02183103747665882[0m   |
|   [0;34;40mhardware/net_sent_mb_s[0m   |  [0;32;40m0.020169099792838097[0m  |
|    [0;34;40mhardware/ram_used_gb[0m    |   [0;32;40m982.2337036132812[0m    |
|   [0;34;40mhardware/ram_used_pct[0m    |          [0;32;40m97.5[0m          |
|    [0;34;40mhparams/lr_default_0[0m    | [0;32;40m1.3894621588406153e-05[0m |
|       [0;34;40mvalidate/loss[0m        |   [0;32;40m160.8751983642578[0m    |
|    [0;34;40mvalidate/loss_epoch[0m     |   [0;32;40m160.8751983642578[0m    |
|     [0;34;40mvalidate/pred_loss[0m     |   [0;32;40m8.066614151000977[0m    |
|  [0;34;40mvalidate/pred_loss_epoch[0m  |   [0;32;40m8.066614151000977[0m    |
|    [0;34;40mvalidate/probe_loss[0m     |   [0;32;40m13.163175582885742[0m   |
| [0;34;40mvalidate/probe_loss_epoch[0m  |   [0;32;40m13.163175582885742[0m   |
|    [0;34;40mvalidate/sigreg_loss[0m    |   [0;32;40m235.2859649658203[0m    |
| [0;34;40mvalidate/sigreg_loss_epoch[0m |   [0;32;40m235.2859649658203[0m    |
+----------------------------+------------------------+
[Epoch 12/20] done in 174.1s
23:14:46 | INFO  | checkpoint_~|   Checking for non PyTorch modules to save
23:14:46 | INFO  | atomic_chec~| [atomic_save] → /data1/likun-share/junjxu/.cache_stable-pretraining/runs/20260605/223604/a313b4b8afb8/checkpoints/epoch=12-step=2639.ckpt
23:14:48 | INFO  | atomic_chec~| [atomic_save] ✓ epoch=12-step=2639.ckpt saved (206.8 MiB, serialise=0.74s write=0.74s rename=0.1ms)
23:14:48 | INFO  | checkpoint_~|   Checking for non PyTorch modules to save
23:14:48 | INFO  | atomic_chec~| [atomic_save] → /data1/likun-share/junjxu/.cache_stable-pretraining/runs/20260605/223604/a313b4b8afb8/checkpoints/last.ckpt
23:14:49 | INFO  | atomic_chec~| [atomic_save] ✓ last.ckpt saved (206.8 MiB, serialise=0.65s write=0.47s rename=4.8ms)
[Epoch 13/20] step 50/203 (1.3 it/s)
[Epoch 13/20] step 100/203 (1.4 it/s)
[Epoch 13/20] step 150/203 (1.4 it/s)
[Epoch 13/20] step 200/203 (1.4 it/s)
23:17:35 | INFO  | trainer_inf~| \n+----------------------------+------------------------+
|           Metric           |         Value          |
+----------------------------+------------------------+
|          [0;34;40mfit/loss[0m          |   [0;32;40m2.479856014251709[0m    |
|       [0;34;40mfit/pred_loss[0m        |  [0;32;40m0.024899106472730637[0m  |
|       [0;34;40mfit/probe_loss[0m       |  [0;32;40m0.22371834516525269[0m   |
|      [0;34;40mfit/sigreg_loss[0m       |        [0;32;40m2.421875[0m        |
|    [0;34;40mhardware/cpu_percent[0m    |    [0;32;40m99.4000015258789[0m    |
|  [0;34;40mhardware/disk_read_mb_s[0m   |  [0;32;40m0.43851029872894287[0m   |
|  [0;34;40mhardware/disk_write_mb_s[0m  |    [0;32;40m86.540771484375[0m     |
|   [0;34;40mhardware/net_recv_mb_s[0m   |  [0;32;40m0.01624138280749321[0m   |
|   [0;34;40mhardware/net_sent_mb_s[0m   |  [0;32;40m0.05093929171562195[0m   |
|    [0;34;40mhardware/ram_used_gb[0m    |   [0;32;40m982.8585815429688[0m    |
|   [0;34;40mhardware/ram_used_pct[0m    |    [0;32;40m97.5999984741211[0m    |
|    [0;34;40mhparams/lr_default_0[0m    | [0;32;40m1.0495683454792015e-05[0m |
|       [0;34;40mvalidate/loss[0m        |   [0;32;40m68.21231079101562[0m    |
|    [0;34;40mvalidate/loss_epoch[0m     |   [0;32;40m68.21231079101562[0m    |
|     [0;34;40mvalidate/pred_loss[0m     |   [0;32;40m7.405380725860596[0m    |
|  [0;34;40mvalidate/pred_loss_epoch[0m  |   [0;32;40m7.405380725860596[0m    |
|    [0;34;40mvalidate/probe_loss[0m     |   [0;32;40m4.023317813873291[0m    |
| [0;34;40mvalidate/probe_loss_epoch[0m  |   [0;32;40m4.023317813873291[0m    |
|    [0;34;40mvalidate/sigreg_loss[0m    |   [0;32;40m228.6522979736328[0m    |
| [0;34;40mvalidate/sigreg_loss_epoch[0m |   [0;32;40m228.6522979736328[0m    |
+----------------------------+------------------------+
[Epoch 13/20] done in 166.1s
23:17:35 | INFO  | checkpoint_~|   Checking for non PyTorch modules to save
23:17:35 | INFO  | atomic_chec~| [atomic_save] → /data1/likun-share/junjxu/.cache_stable-pretraining/runs/20260605/223604/a313b4b8afb8/checkpoints/epoch=13-step=2842.ckpt
23:17:36 | INFO  | atomic_chec~| [atomic_save] ✓ epoch=13-step=2842.ckpt saved (206.8 MiB, serialise=0.63s write=0.51s rename=0.1ms)
23:17:36 | INFO  | checkpoint_~|   Checking for non PyTorch modules to save
23:17:36 | INFO  | atomic_chec~| [atomic_save] → /data1/likun-share/junjxu/.cache_stable-pretraining/runs/20260605/223604/a313b4b8afb8/checkpoints/last.ckpt
23:17:38 | INFO  | atomic_chec~| [atomic_save] ✓ last.ckpt saved (206.8 MiB, serialise=0.65s write=0.50s rename=272.3ms)
[Epoch 14/20] step 50/203 (1.3 it/s)
[Epoch 14/20] step 100/203 (1.3 it/s)
[Epoch 14/20] step 150/203 (1.3 it/s)
[Epoch 14/20] step 200/203 (1.3 it/s)
23:20:22 | INFO  | trainer_inf~| \n+----------------------------+-----------------------+
|           Metric           |         Value         |
+----------------------------+-----------------------+
|          [0;34;40mfit/loss[0m          |   [0;32;40m2.0650370121002197[0m  |
|       [0;34;40mfit/pred_loss[0m        |  [0;32;40m0.022160157561302185[0m |
|       [0;34;40mfit/probe_loss[0m       |  [0;32;40m0.18436582386493683[0m  |
|      [0;34;40mfit/sigreg_loss[0m       |        [0;32;40m2.21875[0m        |
|    [0;34;40mhardware/cpu_percent[0m    |          [0;32;40m99.0[0m         |
|  [0;34;40mhardware/disk_read_mb_s[0m   |   [0;32;40m4.932703018188477[0m   |
|  [0;34;40mhardware/disk_write_mb_s[0m  |   [0;32;40m45.91310501098633[0m   |
|   [0;34;40mhardware/net_recv_mb_s[0m   |  [0;32;40m0.02003931999206543[0m  |
|   [0;34;40mhardware/net_sent_mb_s[0m   |  [0;32;40m0.053039684891700745[0m |
|    [0;34;40mhardware/ram_used_gb[0m    |    [0;32;40m912.98779296875[0m    |
|   [0;34;40mhardware/ram_used_pct[0m    |    [0;32;40m90.5999984741211[0m   |
|    [0;34;40mhparams/lr_default_0[0m    | [0;32;40m7.461018412868725e-06[0m |
|       [0;34;40mvalidate/loss[0m        |   [0;32;40m37.79766082763672[0m   |
|    [0;34;40mvalidate/loss_epoch[0m     |   [0;32;40m37.79766082763672[0m   |
|     [0;34;40mvalidate/pred_loss[0m     |   [0;32;40m0.8565980792045593[0m  |
|  [0;34;40mvalidate/pred_loss_epoch[0m  |   [0;32;40m0.8565980792045593[0m  |
|    [0;34;40mvalidate/probe_loss[0m     |   [0;32;40m2.5778658390045166[0m  |
| [0;34;40mvalidate/probe_loss_epoch[0m  |   [0;32;40m2.5778658390045166[0m  |
|    [0;34;40mvalidate/sigreg_loss[0m    |   [0;32;40m124.00103759765625[0m  |
| [0;34;40mvalidate/sigreg_loss_epoch[0m |   [0;32;40m124.00103759765625[0m  |
+----------------------------+-----------------------+
[Epoch 14/20] done in 164.7s
23:20:23 | INFO  | checkpoint_~|   Checking for non PyTorch modules to save
23:20:23 | INFO  | atomic_chec~| [atomic_save] → /data1/likun-share/junjxu/.cache_stable-pretraining/runs/20260605/223604/a313b4b8afb8/checkpoints/epoch=14-step=3045.ckpt
23:20:24 | INFO  | atomic_chec~| [atomic_save] ✓ epoch=14-step=3045.ckpt saved (206.8 MiB, serialise=0.68s write=0.63s rename=0.1ms)
23:20:24 | INFO  | checkpoint_~|   Checking for non PyTorch modules to save
23:20:24 | INFO  | atomic_chec~| [atomic_save] → /data1/likun-share/junjxu/.cache_stable-pretraining/runs/20260605/223604/a313b4b8afb8/checkpoints/last.ckpt
23:20:26 | INFO  | atomic_chec~| [atomic_save] ✓ last.ckpt saved (206.8 MiB, serialise=0.89s write=0.39s rename=56.3ms)
[Epoch 15/20] step 50/203 (1.3 it/s)
[Epoch 15/20] step 100/203 (1.3 it/s)
[Epoch 15/20] step 150/203 (1.3 it/s)
[Epoch 15/20] step 200/203 (1.3 it/s)
23:23:17 | INFO  | trainer_inf~| \n+----------------------------+-----------------------+
|           Metric           |         Value         |
+----------------------------+-----------------------+
|          [0;34;40mfit/loss[0m          |   [0;32;40m2.010668992996216[0m   |
|       [0;34;40mfit/pred_loss[0m        |  [0;32;40m0.02096201293170452[0m  |
|       [0;34;40mfit/probe_loss[0m       |  [0;32;40m0.17816990613937378[0m  |
|      [0;34;40mfit/sigreg_loss[0m       |         [0;32;40m2.3125[0m        |
|    [0;34;40mhardware/cpu_percent[0m    |    [0;32;40m93.9000015258789[0m   |
|  [0;34;40mhardware/disk_read_mb_s[0m   |   [0;32;40m0.5763333439826965[0m  |
|  [0;34;40mhardware/disk_write_mb_s[0m  |    [0;32;40m45.4092903137207[0m   |
|   [0;34;40mhardware/net_recv_mb_s[0m   |  [0;32;40m0.42139169573783875[0m  |
|   [0;34;40mhardware/net_sent_mb_s[0m   |   [0;32;40m0.090452179312706[0m   |
|    [0;34;40mhardware/ram_used_gb[0m    |      [0;32;40m893.4609375[0m      |
|   [0;34;40mhardware/ram_used_pct[0m    |   [0;32;40m88.69999694824219[0m   |
|    [0;34;40mhparams/lr_default_0[0m    | [0;32;40m4.866839390160749e-06[0m |
|       [0;34;40mvalidate/loss[0m        |    [0;32;40m53.3585090637207[0m   |
|    [0;34;40mvalidate/loss_epoch[0m     |    [0;32;40m53.3585090637207[0m   |
|     [0;34;40mvalidate/pred_loss[0m     |   [0;32;40m1.3295778036117554[0m  |
|  [0;34;40mvalidate/pred_loss_epoch[0m  |   [0;32;40m1.3295778036117554[0m  |
|    [0;34;40mvalidate/probe_loss[0m     |   [0;32;40m3.9255471229553223[0m  |
| [0;34;40mvalidate/probe_loss_epoch[0m  |   [0;32;40m3.9255471229553223[0m  |
|    [0;34;40mvalidate/sigreg_loss[0m    |   [0;32;40m142.00637817382812[0m  |
| [0;34;40mvalidate/sigreg_loss_epoch[0m |   [0;32;40m142.00637817382812[0m  |
+----------------------------+-----------------------+
[Epoch 15/20] done in 171.4s
23:23:17 | INFO  | checkpoint_~|   Checking for non PyTorch modules to save
23:23:17 | INFO  | atomic_chec~| [atomic_save] → /data1/likun-share/junjxu/.cache_stable-pretraining/runs/20260605/223604/a313b4b8afb8/checkpoints/epoch=15-step=3248.ckpt
23:23:18 | INFO  | atomic_chec~| [atomic_save] ✓ epoch=15-step=3248.ckpt saved (206.8 MiB, serialise=0.55s write=0.41s rename=0.1ms)
23:23:18 | INFO  | checkpoint_~|   Checking for non PyTorch modules to save
23:23:18 | INFO  | atomic_chec~| [atomic_save] → /data1/likun-share/junjxu/.cache_stable-pretraining/runs/20260605/223604/a313b4b8afb8/checkpoints/last.ckpt
23:23:20 | INFO  | atomic_chec~| [atomic_save] ✓ last.ckpt saved (206.8 MiB, serialise=0.55s write=0.57s rename=257.9ms)
[Epoch 16/20] step 50/203 (1.5 it/s)
[Epoch 16/20] step 100/203 (1.5 it/s)
[Epoch 16/20] step 150/203 (1.5 it/s)
[Epoch 16/20] step 200/203 (1.5 it/s)
23:25:46 | INFO  | trainer_inf~| \n+----------------------------+------------------------+
|           Metric           |         Value          |
+----------------------------+------------------------+
|          [0;34;40mfit/loss[0m          |   [0;32;40m2.161076545715332[0m    |
|       [0;34;40mfit/pred_loss[0m        |  [0;32;40m0.02284151315689087[0m   |
|       [0;34;40mfit/probe_loss[0m       |  [0;32;40m0.19233913719654083[0m   |
|      [0;34;40mfit/sigreg_loss[0m       |        [0;32;40m2.390625[0m        |
|    [0;34;40mhardware/cpu_percent[0m    |   [0;32;40m94.69999694824219[0m    |
|  [0;34;40mhardware/disk_read_mb_s[0m   |  [0;32;40m0.11946116387844086[0m   |
|  [0;34;40mhardware/disk_write_mb_s[0m  |   [0;32;40m64.88888549804688[0m    |
|   [0;34;40mhardware/net_recv_mb_s[0m   |  [0;32;40m0.014624503441154957[0m  |
|   [0;34;40mhardware/net_sent_mb_s[0m   |  [0;32;40m0.04978301376104355[0m   |
|    [0;34;40mhardware/ram_used_gb[0m    |   [0;32;40m867.0018310546875[0m    |
|   [0;34;40mhardware/ram_used_pct[0m    |    [0;32;40m86.0999984741211[0m    |
|    [0;34;40mhparams/lr_default_0[0m    | [0;32;40m2.7783000859926688e-06[0m |
|       [0;34;40mvalidate/loss[0m        |   [0;32;40m19.796051025390625[0m   |
|    [0;34;40mvalidate/loss_epoch[0m     |   [0;32;40m19.796051025390625[0m   |
|     [0;34;40mvalidate/pred_loss[0m     |  [0;32;40m0.17020757496356964[0m   |
|  [0;34;40mvalidate/pred_loss_epoch[0m  |  [0;32;40m0.17020757496356964[0m   |
|    [0;34;40mvalidate/probe_loss[0m     |   [0;32;40m1.5885004997253418[0m   |
| [0;34;40mvalidate/probe_loss_epoch[0m  |   [0;32;40m1.5885004997253418[0m   |
|    [0;34;40mvalidate/sigreg_loss[0m    |   [0;32;40m41.55829620361328[0m    |
| [0;34;40mvalidate/sigreg_loss_epoch[0m |   [0;32;40m41.55829620361328[0m    |
+----------------------------+------------------------+
[Epoch 16/20] done in 146.7s
23:25:46 | INFO  | checkpoint_~|   Checking for non PyTorch modules to save
23:25:46 | INFO  | atomic_chec~| [atomic_save] → /data1/likun-share/junjxu/.cache_stable-pretraining/runs/20260605/223604/a313b4b8afb8/checkpoints/epoch=16-step=3451.ckpt
23:25:48 | INFO  | atomic_chec~| [atomic_save] ✓ epoch=16-step=3451.ckpt saved (206.8 MiB, serialise=0.83s write=0.76s rename=0.1ms)
23:25:48 | INFO  | checkpoint_~|   Checking for non PyTorch modules to save
23:25:48 | INFO  | atomic_chec~| [atomic_save] → /data1/likun-share/junjxu/.cache_stable-pretraining/runs/20260605/223604/a313b4b8afb8/checkpoints/last.ckpt
23:25:49 | INFO  | atomic_chec~| [atomic_save] ✓ last.ckpt saved (206.8 MiB, serialise=0.61s write=0.50s rename=123.5ms)
[Epoch 17/20] step 50/203 (1.5 it/s)
[Epoch 17/20] step 100/203 (1.5 it/s)
[Epoch 17/20] step 150/203 (1.5 it/s)
[Epoch 17/20] step 200/203 (1.5 it/s)
23:28:09 | INFO  | trainer_inf~| \n+----------------------------+-----------------------+
|           Metric           |         Value         |
+----------------------------+-----------------------+
|          [0;34;40mfit/loss[0m          |   [0;32;40m2.043583631515503[0m   |
|       [0;34;40mfit/pred_loss[0m        |  [0;32;40m0.022217130288481712[0m |
|       [0;34;40mfit/probe_loss[0m       |  [0;32;40m0.18162883818149567[0m  |
|      [0;34;40mfit/sigreg_loss[0m       |        [0;32;40m2.28125[0m        |
|    [0;34;40mhardware/cpu_percent[0m    |   [0;32;40m92.69999694824219[0m   |
|  [0;34;40mhardware/disk_read_mb_s[0m   |  [0;32;40m0.035141874104738235[0m |
|  [0;34;40mhardware/disk_write_mb_s[0m  |   [0;32;40m107.22332000732422[0m  |
|   [0;34;40mhardware/net_recv_mb_s[0m   |  [0;32;40m0.015602309256792068[0m |
|   [0;34;40mhardware/net_sent_mb_s[0m   |  [0;32;40m0.05042235180735588[0m  |
|    [0;34;40mhardware/ram_used_gb[0m    |   [0;32;40m848.7476196289062[0m   |
|   [0;34;40mhardware/ram_used_pct[0m    |   [0;32;40m84.30000305175781[0m   |
|    [0;34;40mhparams/lr_default_0[0m    | [0;32;40m1.247852651431458e-06[0m |
|       [0;34;40mvalidate/loss[0m        |   [0;32;40m5.774179458618164[0m   |
|    [0;34;40mvalidate/loss_epoch[0m     |   [0;32;40m5.774179458618164[0m   |
|     [0;34;40mvalidate/pred_loss[0m     |  [0;32;40m0.05476408824324608[0m  |
|  [0;34;40mvalidate/pred_loss_epoch[0m  |  [0;32;40m0.05476408824324608[0m  |
|    [0;34;40mvalidate/probe_loss[0m     |   [0;32;40m0.4187273681163788[0m  |
| [0;34;40mvalidate/probe_loss_epoch[0m  |   [0;32;40m0.4187273681163788[0m  |
|    [0;34;40mvalidate/sigreg_loss[0m    |   [0;32;40m17.025936126708984[0m  |
| [0;34;40mvalidate/sigreg_loss_epoch[0m |   [0;32;40m17.025936126708984[0m  |
+----------------------------+-----------------------+
[Epoch 17/20] done in 140.0s
23:28:09 | INFO  | checkpoint_~|   Checking for non PyTorch modules to save
23:28:09 | INFO  | atomic_chec~| [atomic_save] → /data1/likun-share/junjxu/.cache_stable-pretraining/runs/20260605/223604/a313b4b8afb8/checkpoints/epoch=17-step=3654.ckpt
23:28:11 | INFO  | atomic_chec~| [atomic_save] ✓ epoch=17-step=3654.ckpt saved (206.8 MiB, serialise=0.62s write=0.57s rename=0.1ms)
23:28:11 | INFO  | checkpoint_~|   Checking for non PyTorch modules to save
23:28:11 | INFO  | atomic_chec~| [atomic_save] → /data1/likun-share/junjxu/.cache_stable-pretraining/runs/20260605/223604/a313b4b8afb8/checkpoints/last.ckpt
23:28:12 | INFO  | atomic_chec~| [atomic_save] ✓ last.ckpt saved (206.8 MiB, serialise=0.55s write=0.43s rename=60.7ms)
[Epoch 18/20] step 50/203 (1.7 it/s)
[Epoch 18/20] step 100/203 (2.0 it/s)
[Epoch 18/20] step 150/203 (2.1 it/s)
[Epoch 18/20] step 200/203 (2.1 it/s)
23:29:54 | INFO  | trainer_inf~| \n+----------------------------+------------------------+
|           Metric           |         Value          |
+----------------------------+------------------------+
|          [0;34;40mfit/loss[0m          |   [0;32;40m1.838484525680542[0m    |
|       [0;34;40mfit/pred_loss[0m        |  [0;32;40m0.021479828283190727[0m  |
|       [0;34;40mfit/probe_loss[0m       |  [0;32;40m0.15963014960289001[0m   |
|      [0;34;40mfit/sigreg_loss[0m       |        [0;32;40m2.453125[0m        |
|    [0;34;40mhardware/cpu_percent[0m    |   [0;32;40m94.19999694824219[0m    |
|  [0;34;40mhardware/disk_read_mb_s[0m   |   [0;32;40m0.5513505935668945[0m   |
|  [0;34;40mhardware/disk_write_mb_s[0m  |   [0;32;40m148.51361083984375[0m   |
|   [0;34;40mhardware/net_recv_mb_s[0m   |  [0;32;40m0.015804318711161613[0m  |
|   [0;34;40mhardware/net_sent_mb_s[0m   |  [0;32;40m0.04785929620265961[0m   |
|    [0;34;40mhardware/ram_used_gb[0m    |   [0;32;40m673.1472778320312[0m    |
|   [0;34;40mhardware/ram_used_pct[0m    |   [0;32;40m66.80000305175781[0m    |
|    [0;34;40mhparams/lr_default_0[0m    | [0;32;40m3.1393423682857247e-07[0m |
|       [0;34;40mvalidate/loss[0m        |   [0;32;40m2.8403055667877197[0m   |
|    [0;34;40mvalidate/loss_epoch[0m     |   [0;32;40m2.8403055667877197[0m   |
|     [0;34;40mvalidate/pred_loss[0m     |  [0;32;40m0.025103282183408737[0m  |
|  [0;34;40mvalidate/pred_loss_epoch[0m  |  [0;32;40m0.025103282183408737[0m  |
|    [0;34;40mvalidate/probe_loss[0m     |  [0;32;40m0.23232340812683105[0m   |
| [0;34;40mvalidate/probe_loss_epoch[0m  |  [0;32;40m0.23232340812683105[0m   |
|    [0;34;40mvalidate/sigreg_loss[0m    |   [0;32;40m5.465860843658447[0m    |
| [0;34;40mvalidate/sigreg_loss_epoch[0m |   [0;32;40m5.465860843658447[0m    |
+----------------------------+------------------------+
[Epoch 18/20] done in 101.9s
23:29:54 | INFO  | checkpoint_~|   Checking for non PyTorch modules to save
23:29:54 | INFO  | atomic_chec~| [atomic_save] → /data1/likun-share/junjxu/.cache_stable-pretraining/runs/20260605/223604/a313b4b8afb8/checkpoints/epoch=18-step=3857.ckpt
23:29:54 | INFO  | atomic_chec~| [atomic_save] ✓ epoch=18-step=3857.ckpt saved (206.8 MiB, serialise=0.35s write=0.30s rename=0.1ms)
23:29:55 | INFO  | checkpoint_~|   Checking for non PyTorch modules to save
23:29:55 | INFO  | atomic_chec~| [atomic_save] → /data1/likun-share/junjxu/.cache_stable-pretraining/runs/20260605/223604/a313b4b8afb8/checkpoints/last.ckpt
23:29:55 | INFO  | atomic_chec~| [atomic_save] ✓ last.ckpt saved (206.8 MiB, serialise=0.36s write=0.32s rename=47.6ms)
[Epoch 19/20] step 50/203 (2.7 it/s)
[Epoch 19/20] step 100/203 (2.8 it/s)
[Epoch 19/20] step 150/203 (2.8 it/s)
[Epoch 19/20] step 200/203 (3.0 it/s)
23:31:09 | INFO  | trainer_inf~| \n+----------------------------+----------------------+
|           Metric           |        Value         |
+----------------------------+----------------------+
|          [0;34;40mfit/loss[0m          |  [0;32;40m1.8824818134307861[0m  |
|       [0;34;40mfit/pred_loss[0m        | [0;32;40m0.02137475647032261[0m  |
|       [0;34;40mfit/probe_loss[0m       |  [0;32;40m0.1656028926372528[0m  |
|      [0;34;40mfit/sigreg_loss[0m       |       [0;32;40m2.28125[0m        |
|    [0;34;40mhardware/cpu_percent[0m    |   [0;32;40m72.5999984741211[0m   |
|  [0;34;40mhardware/disk_read_mb_s[0m   |  [0;32;40m0.589658260345459[0m   |
|  [0;34;40mhardware/disk_write_mb_s[0m  |  [0;32;40m149.65957641601562[0m  |
|   [0;34;40mhardware/net_recv_mb_s[0m   | [0;32;40m0.016557825729250908[0m |
|   [0;34;40mhardware/net_sent_mb_s[0m   | [0;32;40m0.04893404245376587[0m  |
|    [0;34;40mhardware/ram_used_gb[0m    |     [0;32;40m475.91796875[0m     |
|   [0;34;40mhardware/ram_used_pct[0m    |  [0;32;40m47.20000076293945[0m   |
|    [0;34;40mhparams/lr_default_0[0m    |         [0;32;40m0.0[0m          |
|       [0;34;40mvalidate/loss[0m        |  [0;32;40m1.9603805541992188[0m  |
|    [0;34;40mvalidate/loss_epoch[0m     |  [0;32;40m1.9603805541992188[0m  |
|     [0;34;40mvalidate/pred_loss[0m     | [0;32;40m0.020115263760089874[0m |
|  [0;34;40mvalidate/pred_loss_epoch[0m  | [0;32;40m0.020115263760089874[0m |
|    [0;34;40mvalidate/probe_loss[0m     | [0;32;40m0.16887974739074707[0m  |
| [0;34;40mvalidate/probe_loss_epoch[0m  | [0;32;40m0.16887974739074707[0m  |
|    [0;34;40mvalidate/sigreg_loss[0m    |  [0;32;40m2.7937111854553223[0m  |
| [0;34;40mvalidate/sigreg_loss_epoch[0m |  [0;32;40m2.7937111854553223[0m  |
+----------------------------+----------------------+
[Epoch 19/20] done in 73.9s
23:31:09 | INFO  | checkpoint_~|   Checking for non PyTorch modules to save
23:31:09 | INFO  | atomic_chec~| [atomic_save] → /data1/likun-share/junjxu/.cache_stable-pretraining/runs/20260605/223604/a313b4b8afb8/checkpoints/epoch=19-step=4060.ckpt
23:31:10 | INFO  | atomic_chec~| [atomic_save] ✓ epoch=19-step=4060.ckpt saved (206.8 MiB, serialise=0.31s write=0.28s rename=0.1ms)
23:31:10 | INFO  | checkpoint_~|   Checking for non PyTorch modules to save
23:31:10 | INFO  | atomic_chec~| [atomic_save] → /data1/likun-share/junjxu/.cache_stable-pretraining/runs/20260605/223604/a313b4b8afb8/checkpoints/last.ckpt
23:31:11 | INFO  | atomic_chec~| [atomic_save] ✓ last.ckpt saved (206.8 MiB, serialise=0.33s write=0.27s rename=37.2ms)
`Trainer.fit` stopped: `max_epochs=20` reached.
23:31:15 | OK    | env_info.py | ✓ Git: main @ e17f3b3f
23:31:15 | INFO  | env_info.py |   Remote: git@github.com-xuustc99:XuUSTC99/wm.git
23:31:15 | WARN  | env_info.py | ! Working directory has uncommitted changes
23:31:15 | OK    | env_info.py | ✓ Environment: 4 relevant variables captured
23:31:15 | INFO  | env_info.py |   Serializing environment data...
23:31:15 | INFO  | env_info.py |   File exists, using version 65: environment_v65.json
23:31:15 | INFO  | env_info.py |   File exists, using version 65: requirements_frozen_v65.txt
23:31:15 | INFO  | env_info.py |   Save directory: /home/likun-share/.cache/stable-pretraining
23:31:15 | INFO  | env_info.py |   Writing environment to temp file...
23:31:15 | INFO  | env_info.py |   Moving to: environment_v65.json
23:31:15 | OK    | env_info.py | ✓ Environment file saved (2.8 KB)
23:31:15 | OK    | env_info.py | ✓ Requirements file saved (0.1 KB)
Epoch 19/19 ━━━━━━━━━━━━━━━━━━━━━━━━━━━━━━━ 203/203 0:01:07 • 0:00:00 3.23it/s 
23:31:15 | INFO  | utils.py    | ── SignalHandlers (after Trainer.fit() returned) ──
23:31:15 | INFO  | manager.py  |   SIGUSR1  → SIG_DFL (default OS action — terminate process)
23:31:15 | INFO  | manager.py  |   SIGUSR2  → SIG_DFL (default OS action — terminate process)
23:31:15 | INFO  | manager.py  |   SIGCONT  → SIG_DFL (default OS action — terminate process)
23:31:15 | INFO  | manager.py  |   SIGTERM  → SIG_DFL (default OS action — terminate process)
