22:35:46 | INFO  | __init__.py | PyTorch version 2.9.1+cu128 available.
22:35:46 | INFO  | __init__.py | JAX version 0.6.2 available.
22:35:51 | INFO  | atomic_chec~| [atomic_save] installed crash-safe checkpoint plugin (write to sibling .tmp + fsync + atomic rename)
[2026-06-05 22:36:04,906][root][INFO] - Cached 'pixels' from '/data1/likun-share/junjxu/.stable_worldmodel/datasets/phyworld_parabola_id1k.h5'
[2026-06-05 22:36:04,959][root][INFO] - Cached 'action' from '/data1/likun-share/junjxu/.stable_worldmodel/datasets/phyworld_parabola_id1k.h5'
[2026-06-05 22:36:04,960][root][INFO] - Cached 'proprio' from '/data1/likun-share/junjxu/.stable_worldmodel/datasets/phyworld_parabola_id1k.h5'
22:36:06 | INFO  | utils.py    | Created ViT-tiny from scratch with config: {'hidden_size': 192, 'num_hidden_layers': 12, 'num_attention_heads': 3, 'intermediate_size': 768, 'image_size': 224, 'patch_size': 14}
[init_from_ckpt] /data1/likun-share/junjxu/.stable_worldmodel/lewm_paper_pusht/weights.pt
[init_from_ckpt] prefixes=('encoder.', 'projector.', 'pred_proj.') loaded=24 unexpected=192 missing=281
[init_from_ckpt] first unexpected: ['encoder.encoder.layer.0.attention.attention.query.weight', 'encoder.encoder.layer.0.attention.attention.query.bias', 'encoder.encoder.layer.0.attention.attention.key.weight']
22:36:07 | INFO  | module.py   | Setting up DataModule
22:36:07 | INFO  | utils.py    | ── Module ────────────────────────────────────────
22:36:07 | WARN  | module.py   | ! No hyperparameters provided - hyperparameter logging is disabled.
22:36:07 | INFO  | module.py   |   Setting custom forward method.
22:36:07 | INFO  | module.py   |   Setting attribute: self.model = <class 'jepa.JEPA'>
22:36:07 | INFO  | module.py   |   Setting attribute: self.sigreg = <class 'module.SIGReg'>
22:36:07 | INFO  | module.py   |   Setting attribute: self.optim = <class 'dict'>
22:36:07 | INFO  | module.py   |   No metrics configuration provided - automatic metric tracking is disabled.
/home/likun-share/junjxu/wm/le-wm/.venv/lib/python3.10/site-packages/lightning/fabric/connector.py:571: `precision=bf16` is supported for historical reasons but its usage is discouraged. Please set your precision to bf16-mixed instead!
Using bfloat16 Automatic Mixed Precision (AMP)
22:36:10 | INFO  | env_info.py |   EnvironmentDumpCallback initialized (filename=environment.json, async=True)
22:36:10 | INFO  | utils.py    | ── HuggingFaceCheckpoint ─────────────────────────
22:36:10 | INFO  | hf_models.py|   save_dir: <cyan>hf_exports</cyan>
22:36:10 | INFO  | hf_models.py|   per_step: <cyan>False</cyan>  (False ⇒ overwrite single 'last/' subdir; True ⇒ keep step_N/)
Adding 14 callbacks from entry point 'stablepretraining_callbacks': PrintProgressBar, ModuleRegistryCallback, LoggingCallback, EnvironmentDumpCallback, TrainerInfo, SklearnCheckpoint, WandbCheckpoint, TrackioCheckpoint, SwanLabCheckpoint, ModuleSummary, SLURMInfo, LogUnusedParametersOnce, HuggingFaceCheckpointCallback, HardwareMonitor
GPU available: True (cuda), used: True
TPU available: False, using: 0 TPU cores
💡 Tip: For seamless cloud logging and experiment tracking, try installing [litlogger](https://pypi.org/project/litlogger/) to enable LitLogger, which logs metrics and artifacts automatically to the Lightning Experiments platform.
22:36:10 | INFO  | utils.py    | ── SIGTERM preempt handler — install ─────────────
22:36:10 | INFO  | manager.py  |   SLURM_JOB_ID         = None
22:36:10 | INFO  | manager.py  |   SLURM_RESTART_COUNT  = '0'
22:36:10 | INFO  | manager.py  |   SLURM_PROCID         = '?'
22:36:10 | INFO  | manager.py  |   SLURM_NODEID         = '?'
22:36:10 | INFO  | manager.py  |   → not under SLURM (SLURM_JOB_ID unset); leaving SIGTERM handler as-is. Forwarding to submitit's USR signal would be a no-op since submitit isn't running upstream.
22:36:10 | WARN  | manager.py  | User didn't specify seed, runs won't be exactly reproducible!
22:36:10 | INFO  | manager.py  |   Manager init: ckpt_path=None, weights_only=True
22:36:10 | INFO  | utils.py    | ── WorkingDirectory ──────────────────────────────
22:36:10 | INFO  | manager.py  |   cwd: /home/likun-share/junjxu/wm/le-wm
22:36:10 | INFO  | utils.py    | ── Seed ──────────────────────────────────────────
22:36:10 | INFO  | manager.py  |   seed: None
/home/likun-share/junjxu/wm/le-wm/.venv/lib/python3.10/site-packages/lightning/fabric/utilities/seed.py:44: No seed found, seed set to 0
Seed set to 0
22:36:10 | INFO  | utils.py    | ── RunDirectory ──────────────────────────────────
22:36:10 | INFO  | manager.py  |   cache_dir = /data1/likun-share/junjxu/.cache_stable-pretraining
22:36:10 | INFO  | manager.py  |   ddp: launch_key=(single-process) rank=0 is_rank_zero=True
22:36:10 | INFO  | utils.py    | ── RunDirectory: requeue probe ───────────────────
22:36:10 | INFO  | manager.py  |   SLURM session key   = (no SLURM)
22:36:10 | INFO  | manager.py  |   SLURM_RESTART_COUNT = 0
22:36:10 | INFO  | manager.py  |   in_requeue          = False
22:36:10 | INFO  | utils.py    | ── RunDirectory: fresh ───────────────────────────
22:36:10 | INFO  | manager.py  |   no user ckpt_path — training from scratch / pretrained backbone.
22:36:10 | INFO  | manager.py  |   created run_dir = /data1/likun-share/junjxu/.cache_stable-pretraining/runs/20260605/223610/a0f7787b2d20
22:36:10 | INFO  | manager.py  |   wrote run_meta.json with run_id=a0f7787b2d20
22:36:10 | INFO  | manager.py  |   SLURM index = (no SLURM, skipped)
22:36:10 | WARN  | manager.py  | ! cache_dir is set but the Trainer was passed as an already-instantiated object. Cannot override default_root_dir cleanly. Consider passing the trainer as a config dict instead.
22:36:10 | WARN  | manager.py  | ! Hydra run.dir='outputs/2026-06-05/22-35-51' will be ignored for trainer outputs (cache_dir takes precedence).
22:36:10 | WARN  | manager.py  | ! Hydra sweep.dir='multirun/2026-06-05/22-35-51' will be ignored for trainer outputs (cache_dir takes precedence).
22:36:10 | INFO  | logger.py   | [RegistryLogger] run_id=a0f7787b2d20 run_dir=/data1/likun-share/junjxu/.cache_stable-pretraining/runs/20260605/223610/a0f7787b2d20 — sidecar.json + summary.json + metrics.csv will live here
22:36:10 | INFO  | utils.py    | ── RegistryLogger ────────────────────────────────
22:36:10 | INFO  | manager.py  |   run_dir: /data1/likun-share/junjxu/.cache_stable-pretraining/runs/20260605/223610/a0f7787b2d20
22:36:10 | INFO  | manager.py  |   run_id:  a0f7787b2d20
22:36:10 | INFO  | utils.py    | ── CSVLogger ─────────────────────────────────────
22:36:10 | INFO  | manager.py  |   root_dir: /data1/likun-share/junjxu/.cache_stable-pretraining/runs/20260605/223610/a0f7787b2d20/
22:36:10 | INFO  | manager.py  |   save_dir: /data1/likun-share/junjxu/.cache_stable-pretraining/runs/20260605/223610/a0f7787b2d20
22:36:10 | INFO  | manager.py  |   log_dir: /data1/likun-share/junjxu/.cache_stable-pretraining/runs/20260605/223610/a0f7787b2d20/
22:36:10 | INFO  | utils.py    | ── SignalHandlers (after submitit setup (spt SIGTERM installed in __init__)) ──
22:36:10 | INFO  | manager.py  |   SIGUSR1  → SIG_DFL (default OS action — terminate process)
22:36:10 | INFO  | manager.py  |   SIGUSR2  → SIG_DFL (default OS action — terminate process)
22:36:10 | INFO  | manager.py  |   SIGCONT  → SIG_DFL (default OS action — terminate process)
22:36:10 | INFO  | manager.py  |   SIGTERM  → SIG_DFL (default OS action — terminate process)
22:36:10 | INFO  | utils.py    | ── Callbacks ─────────────────────────────────────
22:36:10 | INFO  | manager.py  |   count: 19
22:36:10 | INFO  | utils.py    | ── CacheDirCheckpointing ─────────────────────────
22:36:10 | INFO  | manager.py  |   Saving checkpoints to: /data1/likun-share/junjxu/.cache_stable-pretraining/runs/20260605/223610/a0f7787b2d20/checkpoints
22:36:10 | WARN  | manager.py  |   Redirecting HuggingFaceCheckpointCallback from 'hf_exports' to '/data1/likun-share/junjxu/.cache_stable-pretraining/runs/20260605/223610/a0f7787b2d20/hf_exports' (cache_dir is active — prevents races on a shared cache)
22:36:10 | INFO  | manager.py  |   Added requeue checkpoint (filename='last')
22:36:10 | INFO  | utils.py    | ── LoadPath resolution ───────────────────────────
22:36:10 | INFO  | manager.py  |   in_requeue = False
22:36:10 | INFO  | manager.py  |   user ckpt_path = None
22:36:10 | INFO  | manager.py  |   user weights_only = True
22:36:10 | INFO  | manager.py  |   → no ckpt_path; training from scratch.
22:36:10 | INFO  | utils.py    | ── TrainerFit ────────────────────────────────────
22:36:10 | INFO  | manager.py  |   ckpt_path:     None
22:36:10 | INFO  | manager.py  |   weights_only:  None
22:36:10 | INFO  | utils.py    | ── SignalHandlers (before Trainer.fit() (handler installed in __init__)) ──
22:36:10 | INFO  | manager.py  |   SIGUSR1  → SIG_DFL (default OS action — terminate process)
22:36:10 | INFO  | manager.py  |   SIGUSR2  → SIG_DFL (default OS action — terminate process)
22:36:10 | INFO  | manager.py  |   SIGCONT  → SIG_DFL (default OS action — terminate process)
22:36:10 | INFO  | manager.py  |   SIGTERM  → SIG_DFL (default OS action — terminate process)
22:36:10 | INFO  | manager.py  |   → entering Trainer.fit(); lightning's _SignalConnector will now register its own handlers. SIGTERM will become _HandlersCompose([_sigterm_notifier_fn, _sigterm_handler_fn, spt._handler]); USR-sig binding from submitit is preserved (lightning skips USR registration when one already exists).
💡 Tip: For seamless cloud uploads and versioning, try installing [litmodels](https://pypi.org/project/litmodels/) to enable LitModelCheckpoint, which syncs automatically with the Lightning model registry.
You are using a CUDA device ('NVIDIA A800-SXM4-80GB') that has Tensor Cores. To properly utilize them, you should set `torch.set_float32_matmul_precision('medium' | 'high')` which will trade-off precision for performance. For more details, read https://pytorch.org/docs/stable/generated/torch.set_float32_matmul_precision.html#torch.set_float32_matmul_precision
22:36:18 | OK    | module.py   | ✓ dataset for fit loaded
22:36:18 | INFO  | module.py   |   setup was done by user
22:36:18 | INFO  | utils.py    | ── EnvironmentDump ───────────────────────────────
22:36:18 | INFO  | env_info.py |   log_dir: /home/likun-share/.cache/stable-pretraining
22:36:18 | INFO  | env_info.py |   Running environment dump in background thread (non-blocking)
22:36:18 | INFO  | env_info.py |   Collecting environment information...
22:36:18 | OK    | env_info.py | ✓ Background thread started successfully
22:36:18 | OK    | env_info.py | ✓ Python 3.10.12
22:36:18 | INFO  | trainer_inf~|   linking trainer to DataModule
22:36:18 | OK    | env_info.py | ✓ System: Linux 5.15.0-113-generic (x86_64)
22:36:18 | INFO  | utils.py    | ── Callbacks (in order) ──────────────────────────
22:36:18 | INFO  | env_info.py |   Hostname: 10-116-90-13
22:36:18 | INFO  | utils.py    |     [ 0] ModelObjectCallBack
22:36:18 | INFO  | utils.py    |     [ 1] RichProgressBar
22:36:18 | INFO  | utils.py    |     [ 2] RichModelSummary
22:36:18 | INFO  | utils.py    |     [ 3] PrintProgressBar
22:36:18 | INFO  | utils.py    |     [ 4] ModuleRegistryCallback
22:36:18 | INFO  | utils.py    |     [ 5] LoggingCallback
22:36:18 | INFO  | utils.py    |     [ 6] EnvironmentDumpCallback
22:36:18 | INFO  | utils.py    |     [ 7] TrainerInfo
22:36:18 | INFO  | utils.py    |     [ 8] SklearnCheckpoint
22:36:18 | INFO  | utils.py    |     [ 9] WandbCheckpoint
22:36:18 | INFO  | utils.py    |     [10] TrackioCheckpoint
22:36:18 | INFO  | utils.py    |     [11] SwanLabCheckpoint
22:36:18 | INFO  | utils.py    |     [12] ModuleSummary
22:36:18 | INFO  | utils.py    |     [13] SLURMInfo
22:36:18 | INFO  | utils.py    |     [14] LogUnusedParametersOnce
22:36:18 | INFO  | utils.py    |     [15] HuggingFaceCheckpointCallback
22:36:18 | INFO  | utils.py    |     [16] HardwareMonitor
22:36:18 | INFO  | utils.py    |     [17] ModelCheckpoint
22:36:18 | INFO  | utils.py    |     [18] _RunDirCallback
22:36:18 | INFO  | utils.py    |     [19] ModelCheckpoint
22:36:18 | INFO  | utils.py    |   ⚑ marks order-sensitive callbacks; see AGENTS.md → Callback ordering for the full rules.
22:36:18 | INFO  | utils.py    | ── SklearnCheckpoint ─────────────────────────────
22:36:18 | INFO  | checkpoint_~|   Sklearn Modules:
22:36:18 | INFO  | checkpoint_~| 
┏━━━━━━━━━━┳━━━━━━━━┳━━━━━━━━┓
┃ Module   ┃ Name   ┃ Type   ┃
┣━━━━━━━━━━╋━━━━━━━━╋━━━━━━━━┫
┗━━━━━━━━━━┻━━━━━━━━┻━━━━━━━━┛
22:36:18 | INFO  | utils.py    | ── WandbCheckpoint ───────────────────────────────
22:36:18 | INFO  | utils.py    | ── TrackioCheckpoint ─────────────────────────────
22:36:18 | INFO  | utils.py    | ── SwanLabCheckpoint ─────────────────────────────
22:36:18 | INFO  | utils.py    | ── PyTorch Modules ───────────────────────────────
22:36:18 | WARN  | module.py   | ! You are calling self.parameters which also gives callbacks parameters, to remove them, pass `with_callbacks=False`
22:36:18 | INFO  | trainer_inf~| \n+---------------------------------------------------------+----------------------+--------------------------+--------------------------+---------+
| Module                                                  | Trainable parameters | Non Trainable parameters | Uninitialized parameters | Buffers |
+---------------------------------------------------------+----------------------+--------------------------+--------------------------+---------+
|                                                         |             18037474 |                        0 |                        0 |    8245 |
| callbacks_modules                                       |                    0 |                        0 |                        0 |       0 |
| callbacks_metrics                                       |                    0 |                        0 |                        0 |       0 |
| model                                                   |             18037474 |                        0 |                        0 |    8194 |
| model.encoder                                           |              5501376 |                        0 |                        0 |       0 |
| model.encoder.embeddings                                |               162624 |                        0 |                        0 |       0 |
| model.encoder.embeddings.patch_embeddings               |               113088 |                        0 |                        0 |       0 |
| model.encoder.embeddings.patch_embeddings.projection    |               113088 |                        0 |                        0 |       0 |
| model.encoder.embeddings.dropout                        |                    0 |                        0 |                        0 |       0 |
| model.encoder.layers                                    |              5338368 |                        0 |                        0 |       0 |
| model.encoder.layers.0                                  |               444864 |                        0 |                        0 |       0 |
| model.encoder.layers.0.attention                        |               148224 |                        0 |                        0 |       0 |
| model.encoder.layers.0.attention.q_proj                 |                37056 |                        0 |                        0 |       0 |
| model.encoder.layers.0.attention.k_proj                 |                37056 |                        0 |                        0 |       0 |
| model.encoder.layers.0.attention.v_proj                 |                37056 |                        0 |                        0 |       0 |
| model.encoder.layers.0.attention.o_proj                 |                37056 |                        0 |                        0 |       0 |
| model.encoder.layers.0.layernorm_before                 |                  384 |                        0 |                        0 |       0 |
| model.encoder.layers.0.layernorm_after                  |                  384 |                        0 |                        0 |       0 |
| model.encoder.layers.0.mlp                              |               295872 |                        0 |                        0 |       0 |
| model.encoder.layers.0.mlp.activation_fn                |                    0 |                        0 |                        0 |       0 |
| model.encoder.layers.0.mlp.fc1                          |               148224 |                        0 |                        0 |       0 |
| model.encoder.layers.0.mlp.fc2                          |               147648 |                        0 |                        0 |       0 |
| model.encoder.layers.0.dropout                          |                    0 |                        0 |                        0 |       0 |
| model.encoder.layers.1                                  |               444864 |                        0 |                        0 |       0 |
| model.encoder.layers.1.attention                        |               148224 |                        0 |                        0 |       0 |
| model.encoder.layers.1.attention.q_proj                 |                37056 |                        0 |                        0 |       0 |
| model.encoder.layers.1.attention.k_proj                 |                37056 |                        0 |                        0 |       0 |
| model.encoder.layers.1.attention.v_proj                 |                37056 |                        0 |                        0 |       0 |
| model.encoder.layers.1.attention.o_proj                 |                37056 |                        0 |                        0 |       0 |
| model.encoder.layers.1.layernorm_before                 |                  384 |                        0 |                        0 |       0 |
| model.encoder.layers.1.layernorm_after                  |                  384 |                        0 |                        0 |       0 |
| model.encoder.layers.1.mlp                              |               295872 |                        0 |                        0 |       0 |
| model.encoder.layers.1.mlp.activation_fn                |                    0 |                        0 |                        0 |       0 |
| model.encoder.layers.1.mlp.fc1                          |               148224 |                        0 |                        0 |       0 |
| model.encoder.layers.1.mlp.fc2                          |               147648 |                        0 |                        0 |       0 |
| model.encoder.layers.1.dropout                          |                    0 |                        0 |                        0 |       0 |
| model.encoder.layers.2                                  |               444864 |                        0 |                        0 |       0 |
| model.encoder.layers.2.attention                        |               148224 |                        0 |                        0 |       0 |
| model.encoder.layers.2.attention.q_proj                 |                37056 |                        0 |                        0 |       0 |
| model.encoder.layers.2.attention.k_proj                 |                37056 |                        0 |                        0 |       0 |
| model.encoder.layers.2.attention.v_proj                 |                37056 |                        0 |                        0 |       0 |
| model.encoder.layers.2.attention.o_proj                 |                37056 |                        0 |                        0 |       0 |
| model.encoder.layers.2.layernorm_before                 |                  384 |                        0 |                        0 |       0 |
| model.encoder.layers.2.layernorm_after                  |                  384 |                        0 |                        0 |       0 |
| model.encoder.layers.2.mlp                              |               295872 |                        0 |                        0 |       0 |
| model.encoder.layers.2.mlp.activation_fn                |                    0 |                        0 |                        0 |       0 |
| model.encoder.layers.2.mlp.fc1                          |               148224 |                        0 |                        0 |       0 |
| model.encoder.layers.2.mlp.fc2                          |               147648 |                        0 |                        0 |       0 |
| model.encoder.layers.2.dropout                          |                    0 |                        0 |                        0 |       0 |
| model.encoder.layers.3                                  |               444864 |                        0 |                        0 |       0 |
| model.encoder.layers.3.attention                        |               148224 |                        0 |                        0 |       0 |
| model.encoder.layers.3.attention.q_proj                 |                37056 |                        0 |                        0 |       0 |
| model.encoder.layers.3.attention.k_proj                 |                37056 |                        0 |                        0 |       0 |
| model.encoder.layers.3.attention.v_proj                 |                37056 |                        0 |                        0 |       0 |
| model.encoder.layers.3.attention.o_proj                 |                37056 |                        0 |                        0 |       0 |
| model.encoder.layers.3.layernorm_before                 |                  384 |                        0 |                        0 |       0 |
| model.encoder.layers.3.layernorm_after                  |                  384 |                        0 |                        0 |       0 |
| model.encoder.layers.3.mlp                              |               295872 |                        0 |                        0 |       0 |
| model.encoder.layers.3.mlp.activation_fn                |                    0 |                        0 |                        0 |       0 |
| model.encoder.layers.3.mlp.fc1                          |               148224 |                        0 |                        0 |       0 |
| model.encoder.layers.3.mlp.fc2                          |               147648 |                        0 |                        0 |       0 |
| model.encoder.layers.3.dropout                          |                    0 |                        0 |                        0 |       0 |
| model.encoder.layers.4                                  |               444864 |                        0 |                        0 |       0 |
| model.encoder.layers.4.attention                        |               148224 |                        0 |                        0 |       0 |
| model.encoder.layers.4.attention.q_proj                 |                37056 |                        0 |                        0 |       0 |
| model.encoder.layers.4.attention.k_proj                 |                37056 |                        0 |                        0 |       0 |
| model.encoder.layers.4.attention.v_proj                 |                37056 |                        0 |                        0 |       0 |
| model.encoder.layers.4.attention.o_proj                 |                37056 |                        0 |                        0 |       0 |
| model.encoder.layers.4.layernorm_before                 |                  384 |                        0 |                        0 |       0 |
| model.encoder.layers.4.layernorm_after                  |                  384 |                        0 |                        0 |       0 |
| model.encoder.layers.4.mlp                              |               295872 |                        0 |                        0 |       0 |
| model.encoder.layers.4.mlp.activation_fn                |                    0 |                        0 |                        0 |       0 |
| model.encoder.layers.4.mlp.fc1                          |               148224 |                        0 |                        0 |       0 |
| model.encoder.layers.4.mlp.fc2                          |               147648 |                        0 |                        0 |       0 |
| model.encoder.layers.4.dropout                          |                    0 |                        0 |                        0 |       0 |
| model.encoder.layers.5                                  |               444864 |                        0 |                        0 |       0 |
| model.encoder.layers.5.attention                        |               148224 |                        0 |                        0 |       0 |
| model.encoder.layers.5.attention.q_proj                 |                37056 |                        0 |                        0 |       0 |
| model.encoder.layers.5.attention.k_proj                 |                37056 |                        0 |                        0 |       0 |
| model.encoder.layers.5.attention.v_proj                 |                37056 |                        0 |                        0 |       0 |
| model.encoder.layers.5.attention.o_proj                 |                37056 |                        0 |                        0 |       0 |
| model.encoder.layers.5.layernorm_before                 |                  384 |                        0 |                        0 |       0 |
| model.encoder.layers.5.layernorm_after                  |                  384 |                        0 |                        0 |       0 |
| model.encoder.layers.5.mlp                              |               295872 |                        0 |                        0 |       0 |
| model.encoder.layers.5.mlp.activation_fn                |                    0 |                        0 |                        0 |       0 |
| model.encoder.layers.5.mlp.fc1                          |               148224 |                        0 |                        0 |       0 |
| model.encoder.layers.5.mlp.fc2                          |               147648 |                        0 |                        0 |       0 |
| model.encoder.layers.5.dropout                          |                    0 |                        0 |                        0 |       0 |
| model.encoder.layers.6                                  |               444864 |                        0 |                        0 |       0 |
| model.encoder.layers.6.attention                        |               148224 |                        0 |                        0 |       0 |
| model.encoder.layers.6.attention.q_proj                 |                37056 |                        0 |                        0 |       0 |
| model.encoder.layers.6.attention.k_proj                 |                37056 |                        0 |                        0 |       0 |
| model.encoder.layers.6.attention.v_proj                 |                37056 |                        0 |                        0 |       0 |
| model.encoder.layers.6.attention.o_proj                 |                37056 |                        0 |                        0 |       0 |
| model.encoder.layers.6.layernorm_before                 |                  384 |                        0 |                        0 |       0 |
| model.encoder.layers.6.layernorm_after                  |                  384 |                        0 |                        0 |       0 |
| model.encoder.layers.6.mlp                              |               295872 |                        0 |                        0 |       0 |
| model.encoder.layers.6.mlp.activation_fn                |                    0 |                        0 |                        0 |       0 |
| model.encoder.layers.6.mlp.fc1                          |               148224 |                        0 |                        0 |       0 |
| model.encoder.layers.6.mlp.fc2                          |               147648 |                        0 |                        0 |       0 |
| model.encoder.layers.6.dropout                          |                    0 |                        0 |                        0 |       0 |
| model.encoder.layers.7                                  |               444864 |                        0 |                        0 |       0 |
| model.encoder.layers.7.attention                        |               148224 |                        0 |                        0 |       0 |
| model.encoder.layers.7.attention.q_proj                 |                37056 |                        0 |                        0 |       0 |
| model.encoder.layers.7.attention.k_proj                 |                37056 |                        0 |                        0 |       0 |
| model.encoder.layers.7.attention.v_proj                 |                37056 |                        0 |                        0 |       0 |
| model.encoder.layers.7.attention.o_proj                 |                37056 |                        0 |                        0 |       0 |
| model.encoder.layers.7.layernorm_before                 |                  384 |                        0 |                        0 |       0 |
| model.encoder.layers.7.layernorm_after                  |                  384 |                        0 |                        0 |       0 |
| model.encoder.layers.7.mlp                              |               295872 |                        0 |                        0 |       0 |
| model.encoder.layers.7.mlp.activation_fn                |                    0 |                        0 |                        0 |       0 |
| model.encoder.layers.7.mlp.fc1                          |               148224 |                        0 |                        0 |       0 |
| model.encoder.layers.7.mlp.fc2                          |               147648 |                        0 |                        0 |       0 |
| model.encoder.layers.7.dropout                          |                    0 |                        0 |                        0 |       0 |
| model.encoder.layers.8                                  |               444864 |                        0 |                        0 |       0 |
| model.encoder.layers.8.attention                        |               148224 |                        0 |                        0 |       0 |
| model.encoder.layers.8.attention.q_proj                 |                37056 |                        0 |                        0 |       0 |
| model.encoder.layers.8.attention.k_proj                 |                37056 |                        0 |                        0 |       0 |
| model.encoder.layers.8.attention.v_proj                 |                37056 |                        0 |                        0 |       0 |
| model.encoder.layers.8.attention.o_proj                 |                37056 |                        0 |                        0 |       0 |
| model.encoder.layers.8.layernorm_before                 |                  384 |                        0 |                        0 |       0 |
| model.encoder.layers.8.layernorm_after                  |                  384 |                        0 |                        0 |       0 |
| model.encoder.layers.8.mlp                              |               295872 |                        0 |                        0 |       0 |
| model.encoder.layers.8.mlp.activation_fn                |                    0 |                        0 |                        0 |       0 |
| model.encoder.layers.8.mlp.fc1                          |               148224 |                        0 |                        0 |       0 |
| model.encoder.layers.8.mlp.fc2                          |               147648 |                        0 |                        0 |       0 |
| model.encoder.layers.8.dropout                          |                    0 |                        0 |                        0 |       0 |
| model.encoder.layers.9                                  |               444864 |                        0 |                        0 |       0 |
| model.encoder.layers.9.attention                        |               148224 |                        0 |                        0 |       0 |
| model.encoder.layers.9.attention.q_proj                 |                37056 |                        0 |                        0 |       0 |
| model.encoder.layers.9.attention.k_proj                 |                37056 |                        0 |                        0 |       0 |
| model.encoder.layers.9.attention.v_proj                 |                37056 |                        0 |                        0 |       0 |
| model.encoder.layers.9.attention.o_proj                 |                37056 |                        0 |                        0 |       0 |
| model.encoder.layers.9.layernorm_before                 |                  384 |                        0 |                        0 |       0 |
| model.encoder.layers.9.layernorm_after                  |                  384 |                        0 |                        0 |       0 |
| model.encoder.layers.9.mlp                              |               295872 |                        0 |                        0 |       0 |
| model.encoder.layers.9.mlp.activation_fn                |                    0 |                        0 |                        0 |       0 |
| model.encoder.layers.9.mlp.fc1                          |               148224 |                        0 |                        0 |       0 |
| model.encoder.layers.9.mlp.fc2                          |               147648 |                        0 |                        0 |       0 |
| model.encoder.layers.9.dropout                          |                    0 |                        0 |                        0 |       0 |
| model.encoder.layers.10                                 |               444864 |                        0 |                        0 |       0 |
| model.encoder.layers.10.attention                       |               148224 |                        0 |                        0 |       0 |
| model.encoder.layers.10.attention.q_proj                |                37056 |                        0 |                        0 |       0 |
| model.encoder.layers.10.attention.k_proj                |                37056 |                        0 |                        0 |       0 |
| model.encoder.layers.10.attention.v_proj                |                37056 |                        0 |                        0 |       0 |
| model.encoder.layers.10.attention.o_proj                |                37056 |                        0 |                        0 |       0 |
| model.encoder.layers.10.layernorm_before                |                  384 |                        0 |                        0 |       0 |
| model.encoder.layers.10.layernorm_after                 |                  384 |                        0 |                        0 |       0 |
| model.encoder.layers.10.mlp                             |               295872 |                        0 |                        0 |       0 |
| model.encoder.layers.10.mlp.activation_fn               |                    0 |                        0 |                        0 |       0 |
| model.encoder.layers.10.mlp.fc1                         |               148224 |                        0 |                        0 |       0 |
| model.encoder.layers.10.mlp.fc2                         |               147648 |                        0 |                        0 |       0 |
| model.encoder.layers.10.dropout                         |                    0 |                        0 |                        0 |       0 |
| model.encoder.layers.11                                 |               444864 |                        0 |                        0 |       0 |
| model.encoder.layers.11.attention                       |               148224 |                        0 |                        0 |       0 |
| model.encoder.layers.11.attention.q_proj                |                37056 |                        0 |                        0 |       0 |
| model.encoder.layers.11.attention.k_proj                |                37056 |                        0 |                        0 |       0 |
| model.encoder.layers.11.attention.v_proj                |                37056 |                        0 |                        0 |       0 |
| model.encoder.layers.11.attention.o_proj                |                37056 |                        0 |                        0 |       0 |
| model.encoder.layers.11.layernorm_before                |                  384 |                        0 |                        0 |       0 |
| model.encoder.layers.11.layernorm_after                 |                  384 |                        0 |                        0 |       0 |
| model.encoder.layers.11.mlp                             |               295872 |                        0 |                        0 |       0 |
| model.encoder.layers.11.mlp.activation_fn               |                    0 |                        0 |                        0 |       0 |
| model.encoder.layers.11.mlp.fc1                         |               148224 |                        0 |                        0 |       0 |
| model.encoder.layers.11.mlp.fc2                         |               147648 |                        0 |                        0 |       0 |
| model.encoder.layers.11.dropout                         |                    0 |                        0 |                        0 |       0 |
| model.encoder.layernorm                                 |                  384 |                        0 |                        0 |       0 |
| model.predictor                                         |             10791360 |                        0 |                        0 |       0 |
| model.predictor.dropout                                 |                    0 |                        0 |                        0 |       0 |
| model.predictor.transformer                             |             10790784 |                        0 |                        0 |       0 |
| model.predictor.transformer.norm                        |                  384 |                        0 |                        0 |       0 |
| model.predictor.transformer.layers                      |             10790400 |                        0 |                        0 |       0 |
| model.predictor.transformer.layers.0                    |              1798400 |                        0 |                        0 |       0 |
| model.predictor.transformer.layers.0.attn               |               787008 |                        0 |                        0 |       0 |
| model.predictor.transformer.layers.0.attn.norm          |                  384 |                        0 |                        0 |       0 |
| model.predictor.transformer.layers.0.attn.attend        |                    0 |                        0 |                        0 |       0 |
| model.predictor.transformer.layers.0.attn.to_qkv        |               589824 |                        0 |                        0 |       0 |
| model.predictor.transformer.layers.0.attn.to_out        |               196800 |                        0 |                        0 |       0 |
| model.predictor.transformer.layers.0.attn.to_out.0      |               196800 |                        0 |                        0 |       0 |
| model.predictor.transformer.layers.0.attn.to_out.1      |                    0 |                        0 |                        0 |       0 |
| model.predictor.transformer.layers.0.mlp                |               789056 |                        0 |                        0 |       0 |
| model.predictor.transformer.layers.0.mlp.net            |               789056 |                        0 |                        0 |       0 |
| model.predictor.transformer.layers.0.mlp.net.0          |                  384 |                        0 |                        0 |       0 |
| model.predictor.transformer.layers.0.mlp.net.1          |               395264 |                        0 |                        0 |       0 |
| model.predictor.transformer.layers.0.mlp.net.2          |                    0 |                        0 |                        0 |       0 |
| model.predictor.transformer.layers.0.mlp.net.3          |                    0 |                        0 |                        0 |       0 |
| model.predictor.transformer.layers.0.mlp.net.4          |               393408 |                        0 |                        0 |       0 |
| model.predictor.transformer.layers.0.mlp.net.5          |                    0 |                        0 |                        0 |       0 |
| model.predictor.transformer.layers.0.norm1              |                    0 |                        0 |                        0 |       0 |
| model.predictor.transformer.layers.0.norm2              |                    0 |                        0 |                        0 |       0 |
| model.predictor.transformer.layers.0.adaLN_modulation   |               222336 |                        0 |                        0 |       0 |
| model.predictor.transformer.layers.0.adaLN_modulation.0 |                    0 |                        0 |                        0 |       0 |
| model.predictor.transformer.layers.0.adaLN_modulation.1 |               222336 |                        0 |                        0 |       0 |
| model.predictor.transformer.layers.1                    |              1798400 |                        0 |                        0 |       0 |
| model.predictor.transformer.layers.1.attn               |               787008 |                        0 |                        0 |       0 |
| model.predictor.transformer.layers.1.attn.norm          |                  384 |                        0 |                        0 |       0 |
| model.predictor.transformer.layers.1.attn.attend        |                    0 |                        0 |                        0 |       0 |
| model.predictor.transformer.layers.1.attn.to_qkv        |               589824 |                        0 |                        0 |       0 |
| model.predictor.transformer.layers.1.attn.to_out        |               196800 |                        0 |                        0 |       0 |
| model.predictor.transformer.layers.1.attn.to_out.0      |               196800 |                        0 |                        0 |       0 |
| model.predictor.transformer.layers.1.attn.to_out.1      |                    0 |                        0 |                        0 |       0 |
| model.predictor.transformer.layers.1.mlp                |               789056 |                        0 |                        0 |       0 |
| model.predictor.transformer.layers.1.mlp.net            |               789056 |                        0 |                        0 |       0 |
| model.predictor.transformer.layers.1.mlp.net.0          |                  384 |                        0 |                        0 |       0 |
| model.predictor.transformer.layers.1.mlp.net.1          |               395264 |                        0 |                        0 |       0 |
| model.predictor.transformer.layers.1.mlp.net.2          |                    0 |                        0 |                        0 |       0 |
| model.predictor.transformer.layers.1.mlp.net.3          |                    0 |                        0 |                        0 |       0 |
| model.predictor.transformer.layers.1.mlp.net.4          |               393408 |                        0 |                        0 |       0 |
| model.predictor.transformer.layers.1.mlp.net.5          |                    0 |                        0 |                        0 |       0 |
| model.predictor.transformer.layers.1.norm1              |                    0 |                        0 |                        0 |       0 |
| model.predictor.transformer.layers.1.norm2              |                    0 |                        0 |                        0 |       0 |
| model.predictor.transformer.layers.1.adaLN_modulation   |               222336 |                        0 |                        0 |       0 |
| model.predictor.transformer.layers.1.adaLN_modulation.0 |                    0 |                        0 |                        0 |       0 |
| model.predictor.transformer.layers.1.adaLN_modulation.1 |               222336 |                        0 |                        0 |       0 |
| model.predictor.transformer.layers.2                    |              1798400 |                        0 |                        0 |       0 |
| model.predictor.transformer.layers.2.attn               |               787008 |                        0 |                        0 |       0 |
| model.predictor.transformer.layers.2.attn.norm          |                  384 |                        0 |                        0 |       0 |
| model.predictor.transformer.layers.2.attn.attend        |                    0 |                        0 |                        0 |       0 |
| model.predictor.transformer.layers.2.attn.to_qkv        |               589824 |                        0 |                        0 |       0 |
| model.predictor.transformer.layers.2.attn.to_out        |               196800 |                        0 |                        0 |       0 |
| model.predictor.transformer.layers.2.attn.to_out.0      |               196800 |                        0 |                        0 |       0 |
| model.predictor.transformer.layers.2.attn.to_out.1      |                    0 |                        0 |                        0 |       0 |
| model.predictor.transformer.layers.2.mlp                |               789056 |                        0 |                        0 |       0 |
| model.predictor.transformer.layers.2.mlp.net            |               789056 |                        0 |                        0 |       0 |
| model.predictor.transformer.layers.2.mlp.net.0          |                  384 |                        0 |                        0 |       0 |
| model.predictor.transformer.layers.2.mlp.net.1          |               395264 |                        0 |                        0 |       0 |
| model.predictor.transformer.layers.2.mlp.net.2          |                    0 |                        0 |                        0 |       0 |
| model.predictor.transformer.layers.2.mlp.net.3          |                    0 |                        0 |                        0 |       0 |
| model.predictor.transformer.layers.2.mlp.net.4          |               393408 |                        0 |                        0 |       0 |
| model.predictor.transformer.layers.2.mlp.net.5          |                    0 |                        0 |                        0 |       0 |
| model.predictor.transformer.layers.2.norm1              |                    0 |                        0 |                        0 |       0 |
| model.predictor.transformer.layers.2.norm2              |                    0 |                        0 |                        0 |       0 |
| model.predictor.transformer.layers.2.adaLN_modulation   |               222336 |                        0 |                        0 |       0 |
| model.predictor.transformer.layers.2.adaLN_modulation.0 |                    0 |                        0 |                        0 |       0 |
| model.predictor.transformer.layers.2.adaLN_modulation.1 |               222336 |                        0 |                        0 |       0 |
| model.predictor.transformer.layers.3                    |              1798400 |                        0 |                        0 |       0 |
| model.predictor.transformer.layers.3.attn               |               787008 |                        0 |                        0 |       0 |
| model.predictor.transformer.layers.3.attn.norm          |                  384 |                        0 |                        0 |       0 |
| model.predictor.transformer.layers.3.attn.attend        |                    0 |                        0 |                        0 |       0 |
| model.predictor.transformer.layers.3.attn.to_qkv        |               589824 |                        0 |                        0 |       0 |
| model.predictor.transformer.layers.3.attn.to_out        |               196800 |                        0 |                        0 |       0 |
| model.predictor.transformer.layers.3.attn.to_out.0      |               196800 |                        0 |                        0 |       0 |
| model.predictor.transformer.layers.3.attn.to_out.1      |                    0 |                        0 |                        0 |       0 |
| model.predictor.transformer.layers.3.mlp                |               789056 |                        0 |                        0 |       0 |
| model.predictor.transformer.layers.3.mlp.net            |               789056 |                        0 |                        0 |       0 |
| model.predictor.transformer.layers.3.mlp.net.0          |                  384 |                        0 |                        0 |       0 |
| model.predictor.transformer.layers.3.mlp.net.1          |               395264 |                        0 |                        0 |       0 |
| model.predictor.transformer.layers.3.mlp.net.2          |                    0 |                        0 |                        0 |       0 |
| model.predictor.transformer.layers.3.mlp.net.3          |                    0 |                        0 |                        0 |       0 |
| model.predictor.transformer.layers.3.mlp.net.4          |               393408 |                        0 |                        0 |       0 |
| model.predictor.transformer.layers.3.mlp.net.5          |                    0 |                        0 |                        0 |       0 |
| model.predictor.transformer.layers.3.norm1              |                    0 |                        0 |                        0 |       0 |
| model.predictor.transformer.layers.3.norm2              |                    0 |                        0 |                        0 |       0 |
| model.predictor.transformer.layers.3.adaLN_modulation   |               222336 |                        0 |                        0 |       0 |
| model.predictor.transformer.layers.3.adaLN_modulation.0 |                    0 |                        0 |                        0 |       0 |
| model.predictor.transformer.layers.3.adaLN_modulation.1 |               222336 |                        0 |                        0 |       0 |
| model.predictor.transformer.layers.4                    |              1798400 |                        0 |                        0 |       0 |
| model.predictor.transformer.layers.4.attn               |               787008 |                        0 |                        0 |       0 |
| model.predictor.transformer.layers.4.attn.norm          |                  384 |                        0 |                        0 |       0 |
| model.predictor.transformer.layers.4.attn.attend        |                    0 |                        0 |                        0 |       0 |
| model.predictor.transformer.layers.4.attn.to_qkv        |               589824 |                        0 |                        0 |       0 |
| model.predictor.transformer.layers.4.attn.to_out        |               196800 |                        0 |                        0 |       0 |
| model.predictor.transformer.layers.4.attn.to_out.0      |               196800 |                        0 |                        0 |       0 |
| model.predictor.transformer.layers.4.attn.to_out.1      |                    0 |                        0 |                        0 |       0 |
| model.predictor.transformer.layers.4.mlp                |               789056 |                        0 |                        0 |       0 |
| model.predictor.transformer.layers.4.mlp.net            |               789056 |                        0 |                        0 |       0 |
| model.predictor.transformer.layers.4.mlp.net.0          |                  384 |                        0 |                        0 |       0 |
| model.predictor.transformer.layers.4.mlp.net.1          |               395264 |                        0 |                        0 |       0 |
| model.predictor.transformer.layers.4.mlp.net.2          |                    0 |                        0 |                        0 |       0 |
| model.predictor.transformer.layers.4.mlp.net.3          |                    0 |                        0 |                        0 |       0 |
| model.predictor.transformer.layers.4.mlp.net.4          |               393408 |                        0 |                        0 |       0 |
| model.predictor.transformer.layers.4.mlp.net.5          |                    0 |                        0 |                        0 |       0 |
| model.predictor.transformer.layers.4.norm1              |                    0 |                        0 |                        0 |       0 |
| model.predictor.transformer.layers.4.norm2              |                    0 |                        0 |                        0 |       0 |
| model.predictor.transformer.layers.4.adaLN_modulation   |               222336 |                        0 |                        0 |       0 |
| model.predictor.transformer.layers.4.adaLN_modulation.0 |                    0 |                        0 |                        0 |       0 |
| model.predictor.transformer.layers.4.adaLN_modulation.1 |               222336 |                        0 |                        0 |       0 |
| model.predictor.transformer.layers.5                    |              1798400 |                        0 |                        0 |       0 |
| model.predictor.transformer.layers.5.attn               |               787008 |                        0 |                        0 |       0 |
| model.predictor.transformer.layers.5.attn.norm          |                  384 |                        0 |                        0 |       0 |
| model.predictor.transformer.layers.5.attn.attend        |                    0 |                        0 |                        0 |       0 |
| model.predictor.transformer.layers.5.attn.to_qkv        |               589824 |                        0 |                        0 |       0 |
| model.predictor.transformer.layers.5.attn.to_out        |               196800 |                        0 |                        0 |       0 |
| model.predictor.transformer.layers.5.attn.to_out.0      |               196800 |                        0 |                        0 |       0 |
| model.predictor.transformer.layers.5.attn.to_out.1      |                    0 |                        0 |                        0 |       0 |
| model.predictor.transformer.layers.5.mlp                |               789056 |                        0 |                        0 |       0 |
| model.predictor.transformer.layers.5.mlp.net            |               789056 |                        0 |                        0 |       0 |
| model.predictor.transformer.layers.5.mlp.net.0          |                  384 |                        0 |                        0 |       0 |
| model.predictor.transformer.layers.5.mlp.net.1          |               395264 |                        0 |                        0 |       0 |
| model.predictor.transformer.layers.5.mlp.net.2          |                    0 |                        0 |                        0 |       0 |
| model.predictor.transformer.layers.5.mlp.net.3          |                    0 |                        0 |                        0 |       0 |
| model.predictor.transformer.layers.5.mlp.net.4          |               393408 |                        0 |                        0 |       0 |
| model.predictor.transformer.layers.5.mlp.net.5          |                    0 |                        0 |                        0 |       0 |
| model.predictor.transformer.layers.5.norm1              |                    0 |                        0 |                        0 |       0 |
| model.predictor.transformer.layers.5.norm2              |                    0 |                        0 |                        0 |       0 |
| model.predictor.transformer.layers.5.adaLN_modulation   |               222336 |                        0 |                        0 |       0 |
| model.predictor.transformer.layers.5.adaLN_modulation.0 |                    0 |                        0 |                        0 |       0 |
| model.predictor.transformer.layers.5.adaLN_modulation.1 |               222336 |                        0 |                        0 |       0 |
| model.predictor.transformer.input_proj                  |                    0 |                        0 |                        0 |       0 |
| model.predictor.transformer.cond_proj                   |                    0 |                        0 |                        0 |       0 |
| model.predictor.transformer.output_proj                 |                    0 |                        0 |                        0 |       0 |
| model.action_encoder                                    |               156126 |                        0 |                        0 |       0 |
| model.action_encoder.patch_embed                        |                   30 |                        0 |                        0 |       0 |
| model.action_encoder.embed                              |               156096 |                        0 |                        0 |       0 |
| model.action_encoder.embed.0                            |                 8448 |                        0 |                        0 |       0 |
| model.action_encoder.embed.1                            |                    0 |                        0 |                        0 |       0 |
| model.action_encoder.embed.2                            |               147648 |                        0 |                        0 |       0 |
| model.projector                                         |               792768 |                        0 |                        0 |    4097 |
| model.projector.net                                     |               792768 |                        0 |                        0 |    4097 |
| model.projector.net.0                                   |               395264 |                        0 |                        0 |       0 |
| model.projector.net.1                                   |                 4096 |                        0 |                        0 |    4097 |
| model.projector.net.2                                   |                    0 |                        0 |                        0 |       0 |
| model.projector.net.3                                   |               393408 |                        0 |                        0 |       0 |
| model.pred_proj                                         |               792768 |                        0 |                        0 |    4097 |
| model.pred_proj.net                                     |               792768 |                        0 |                        0 |    4097 |
| model.pred_proj.net.0                                   |               395264 |                        0 |                        0 |       0 |
| model.pred_proj.net.1                                   |                 4096 |                        0 |                        0 |    4097 |
| model.pred_proj.net.2                                   |                    0 |                        0 |                        0 |       0 |
| model.pred_proj.net.3                                   |               393408 |                        0 |                        0 |       0 |
| model.probe_head                                        |                 3076 |                        0 |                        0 |       0 |
| sigreg                                                  |                    0 |                        0 |                        0 |      51 |
+---------------------------------------------------------+----------------------+--------------------------+--------------------------+---------+
22:36:18 | WARN  | env_info.py | ! pip freeze failed: Command '['/home/likun-share/junjxu/wm/le-wm/.venv/bin/python', '-m', 'pip', 'freeze']' returned non-zero exit status 1.
22:36:18 | INFO  | utils.py    | ── SLURM ─────────────────────────────────────────
22:36:18 | OK    | env_info.py | ✓ Packages: 0 packages collected in 0.03s
22:36:18 | INFO  | trainer_inf~|   Job ID: N/A
22:36:18 | INFO  | trainer_inf~|   Task ID: N/A
22:36:18 | INFO  | trainer_inf~|   Job Name: N/A
22:36:18 | INFO  | trainer_inf~|   Nodes: N/A
22:36:18 | INFO  | trainer_inf~|   Tasks: N/A
22:36:18 | INFO  | trainer_inf~|   CPUs per node: N/A
22:36:18 | INFO  | trainer_inf~|   CPUs per task: N/A
22:36:18 | INFO  | trainer_inf~|   Memory per node: N/A
22:36:18 | INFO  | trainer_inf~|   Memory per CPU: N/A
22:36:18 | INFO  | trainer_inf~|   Time limit: N/A
22:36:18 | INFO  | trainer_inf~|   Partition: N/A
22:36:18 | INFO  | trainer_inf~|   Node List: N/A
22:36:18 | INFO  | trainer_inf~|   Submit Directory: N/A
22:36:18 | INFO  | utils.py    | ── HardwareMonitor ───────────────────────────────
22:36:18 | INFO  | hardware_mo~|   interval: 10.0s
22:36:18 | INFO  | hardware_mo~|   prefix:   'hardware/'
22:36:18 | INFO  | hardware_mo~|   metrics:  cpu=True ram=True disk=True net=True gpu=True
22:36:18 | INFO  | hardware_mo~|   per-rank: rank 0 only
LOCAL_RANK: 0 - CUDA_VISIBLE_DEVICES: [5]
22:36:18 | WARN  | hardware_mo~| HardwareMonitor: pynvml unavailable (ModuleNotFoundError("No module named 'pynvml'")); GPU metrics disabled.
22:36:18 | INFO  | utils.py    | ── Optimizers ────────────────────────────────────
22:36:18 | INFO  | module.py   |   Optimizer specified by Dict with keys ['model_opt']
22:36:18 | INFO  | module.py   | 
┏━━━━━━━━━━━━━┳━━━━━━━━━━━┳━━━━━━━━━━━━━━━━━━━┳━━━━━━━━━━━━━━━━━┳━━━━━━━━━━━━━━━━┳━━━━━━━━━━━━━━━━━━━━━━━━┓
┃ Optimizer   ┃ Pattern   ┃   Matched Modules ┃   Param Tensors ┃   Total Params ┃   RequiresGrad Tensors ┃
┣━━━━━━━━━━━━━╋━━━━━━━━━━━╋━━━━━━━━━━━━━━━━━━━╋━━━━━━━━━━━━━━━━━╋━━━━━━━━━━━━━━━━╋━━━━━━━━━━━━━━━━━━━━━━━━┫
┃ model_opt   ┃ model     ┃               317 ┃             299 ┃       18037474 ┃                    299 ┃
┗━━━━━━━━━━━━━┻━━━━━━━━━━━┻━━━━━━━━━━━━━━━━━━━┻━━━━━━━━━━━━━━━━━┻━━━━━━━━━━━━━━━━┻━━━━━━━━━━━━━━━━━━━━━━━━┛
22:36:18 | INFO  | lr_schedule~| 	User provided a dict
Loading `train_dataloader` to estimate number of stepping batches.
/home/likun-share/junjxu/wm/le-wm/.venv/lib/python3.10/site-packages/lance/__init__.py:320: UserWarning: lance is not fork-safe. If you are using multiprocessing, use spawn or forkserver instead.
  warnings.warn(
/usr/lib/python3.10/multiprocessing/popen_fork.py:66: RuntimeWarning: lancedb fork support is experimental: the internal async runtime has been reset in the forked child, but a small chance of deadlock remains if other state was mid-operation at fork time. The 'forkserver' or 'spawn' multiprocessing start method is likely a safer alternative.
  self.pid = os.fork()
/usr/lib/python3.10/multiprocessing/popen_fork.py:66: RuntimeWarning: lancedb fork support is experimental: the internal async runtime has been reset in the forked child, but a small chance of deadlock remains if other state was mid-operation at fork time. The 'forkserver' or 'spawn' multiprocessing start method is likely a safer alternative.
  self.pid = os.fork()
/usr/lib/python3.10/multiprocessing/popen_fork.py:66: RuntimeWarning: lancedb fork support is experimental: the internal async runtime has been reset in the forked child, but a small chance of deadlock remains if other state was mid-operation at fork time. The 'forkserver' or 'spawn' multiprocessing start method is likely a safer alternative.
  self.pid = os.fork()
/usr/lib/python3.10/multiprocessing/popen_fork.py:66: RuntimeWarning: lancedb fork support is experimental: the internal async runtime has been reset in the forked child, but a small chance of deadlock remains if other state was mid-operation at fork time. The 'forkserver' or 'spawn' multiprocessing start method is likely a safer alternative.
  self.pid = os.fork()
/home/likun-share/junjxu/wm/le-wm/.venv/lib/python3.10/site-packages/lance/__init__.py:320: UserWarning: lance is not fork-safe. If you are using multiprocessing, use spawn or forkserver instead.
  warnings.warn(
/usr/lib/python3.10/multiprocessing/popen_fork.py:66: RuntimeWarning: lancedb fork support is experimental: the internal async runtime has been reset in the forked child, but a small chance of deadlock remains if other state was mid-operation at fork time. The 'forkserver' or 'spawn' multiprocessing start method is likely a safer alternative.
  self.pid = os.fork()
/usr/lib/python3.10/multiprocessing/popen_fork.py:66: RuntimeWarning: lancedb fork support is experimental: the internal async runtime has been reset in the forked child, but a small chance of deadlock remains if other state was mid-operation at fork time. The 'forkserver' or 'spawn' multiprocessing start method is likely a safer alternative.
  self.pid = os.fork()
22:36:19 | INFO  | module.py   |   Configured optimizer 'model_opt' (modules=317, param_tensors=299, total_params=18037474) with LinearWarmupCosineAnnealingLR scheduler.
/home/likun-share/junjxu/wm/le-wm/.venv/lib/python3.10/site-packages/lightning/pytorch/utilities/model_summary/model_summary.py:242: Precision bf16-mixed is not supported by the model summary.  Estimated model size in MB will not be accurate. Using 32 bits instead.
┏━━━┳━━━━━━━━━━━━━━━━━━━┳━━━━━━━━━━━━┳━━━━━━━━┳━━━━━━━┳━━━━━━━┓
┃   ┃ Name              ┃ Type       ┃ Params ┃ Mode  ┃ FLOPs ┃
┡━━━╇━━━━━━━━━━━━━━━━━━━╇━━━━━━━━━━━━╇━━━━━━━━╇━━━━━━━╇━━━━━━━┩
│ 0 │ callbacks_modules │ ModuleDict │      0 │ train │     0 │
│ 1 │ callbacks_metrics │ ModuleDict │      0 │ train │     0 │
│ 2 │ model             │ JEPA       │ 18.0 M │ train │     0 │
│ 3 │ sigreg            │ SIGReg     │      0 │ train │     0 │
└───┴───────────────────┴────────────┴────────┴───────┴───────┘
Trainable params: 18.0 M                                                        
Non-trainable params: 0                                                         
Total params: 18.0 M                                                            
Total estimated model params size (MB): 72.150                                  
Modules in train mode: 320                                                      
Modules in eval mode: 0                                                         
Total FLOPs: 0                                                                  
22:36:19 | INFO  | logger.py   | [RegistryLogger] summary.json flushed (0 metrics, step=0, epoch=0) → /data1/likun-share/junjxu/.cache_stable-pretraining/runs/20260605/223610/a0f7787b2d20/summary.json
22:36:19 | OK    | env_info.py | ✓ NVIDIA Driver: 580.65.06
/home/likun-share/junjxu/wm/le-wm/.venv/lib/python3.10/site-packages/lance/__init__.py:320: UserWarning: lance is not fork-safe. If you are using multiprocessing, use spawn or forkserver instead.
  warnings.warn(
/usr/lib/python3.10/multiprocessing/popen_fork.py:66: RuntimeWarning: lancedb fork support is experimental: the internal async runtime has been reset in the forked child, but a small chance of deadlock remains if other state was mid-operation at fork time. The 'forkserver' or 'spawn' multiprocessing start method is likely a safer alternative.
  self.pid = os.fork()
/usr/lib/python3.10/multiprocessing/popen_fork.py:66: RuntimeWarning: lancedb fork support is experimental: the internal async runtime has been reset in the forked child, but a small chance of deadlock remains if other state was mid-operation at fork time. The 'forkserver' or 'spawn' multiprocessing start method is likely a safer alternative.
  self.pid = os.fork()
/usr/lib/python3.10/multiprocessing/popen_fork.py:66: RuntimeWarning: lancedb fork support is experimental: the internal async runtime has been reset in the forked child, but a small chance of deadlock remains if other state was mid-operation at fork time. The 'forkserver' or 'spawn' multiprocessing start method is likely a safer alternative.
  self.pid = os.fork()
/usr/lib/python3.10/multiprocessing/popen_fork.py:66: RuntimeWarning: lancedb fork support is experimental: the internal async runtime has been reset in the forked child, but a small chance of deadlock remains if other state was mid-operation at fork time. The 'forkserver' or 'spawn' multiprocessing start method is likely a safer alternative.
  self.pid = os.fork()
/usr/lib/python3.10/multiprocessing/popen_fork.py:66: RuntimeWarning: lancedb fork support is experimental: the internal async runtime has been reset in the forked child, but a small chance of deadlock remains if other state was mid-operation at fork time. The 'forkserver' or 'spawn' multiprocessing start method is likely a safer alternative.
  self.pid = os.fork()
/usr/lib/python3.10/multiprocessing/popen_fork.py:66: RuntimeWarning: lancedb fork support is experimental: the internal async runtime has been reset in the forked child, but a small chance of deadlock remains if other state was mid-operation at fork time. The 'forkserver' or 'spawn' multiprocessing start method is likely a safer alternative.
  self.pid = os.fork()
/home/likun-share/junjxu/wm/le-wm/.venv/lib/python3.10/site-packages/lightning/pytorch/utilities/data.py:79: Trying to infer the `batch_size` from an ambiguous collection. The batch size we found is 128. To avoid any miscalculations, use `self.log(..., batch_size=batch_size)`.
22:36:49 | INFO  | trainer_inf~| \n+----------------------------+--------------------+
|           Metric           |       Value        |
+----------------------------+--------------------+
|       [0;34;40mvalidate/loss[0m        | [0;32;40m8.239638328552246[0m  |
|    [0;34;40mvalidate/loss_epoch[0m     | [0;32;40m8.239638328552246[0m  |
|     [0;34;40mvalidate/pred_loss[0m     | [0;32;40m0.4605310261249542[0m |
|  [0;34;40mvalidate/pred_loss_epoch[0m  | [0;32;40m0.4605310261249542[0m |
|    [0;34;40mvalidate/probe_loss[0m     | [0;32;40m0.9353567361831665[0m |
| [0;34;40mvalidate/probe_loss_epoch[0m  | [0;32;40m0.9353567361831665[0m |
|    [0;34;40mvalidate/sigreg_loss[0m    |        [0;32;40m76.0[0m        |
| [0;34;40mvalidate/sigreg_loss_epoch[0m |        [0;32;40m76.0[0m        |
+----------------------------+--------------------+
22:36:49 | WARN  | hf_models.py| ! No Hugging Face (PreTrainedModel) submodules found in LightningModule.
22:36:49 | INFO  | utils.py    | ── Optimizers ────────────────────────────────────
22:36:49 | INFO  | module.py   |   self.optimizers() gave us 1 optimizers
22:36:49 | WARN  | module.py   | ! No clip val found for optimizer default_0
22:36:49 | WARN  | module.py   | ! Will use the Trainer's value of 1.0
22:36:49 | WARN  | module.py   | ! No clip algorithm found for optimizer default_0
22:36:49 | WARN  | module.py   | ! Will use the Trainer's value of None
22:36:49 | OK    | module.py   | ✓ Optimizer check complete:
+------------+-----------+----------------+-----------+-----------+
| Opt. Index | Opt. name |      opt       | clip val. | clip alg. |
+------------+-----------+----------------+-----------+-----------+
|     0      | default_0 | LightningAdamW |    1.0    |    None   |
+------------+-----------+----------------+-----------+-----------+
22:36:49 | INFO  | utils.py    | ── LogUnusedParametersOnce ───────────────────────
22:36:49 | INFO  | unused_para~|   registered hooks on 299 leaf parameters
22:36:57 | OK    | unused_para~| ✓ all tracked parameters received gradients on the first backward pass
22:36:57 | INFO  | unused_para~|   hooks removed, callback disabled
[Epoch 0/20] step 50/203 (1.2 it/s)
[Epoch 0/20] step 100/203 (1.1 it/s)
[Epoch 0/20] step 150/203 (1.2 it/s)
[Epoch 0/20] step 200/203 (1.2 it/s)
/home/likun-share/junjxu/wm/le-wm/.venv/lib/python3.10/site-packages/lightning/pytorch/utilities/data.py:79: Trying to infer the `batch_size` from an ambiguous collection. The batch size we found is 83. To avoid any miscalculations, use `self.log(..., batch_size=batch_size)`.
22:39:50 | INFO  | trainer_inf~| \n+----------------------------+------------------------+
|           Metric           |         Value          |
+----------------------------+------------------------+
|          [0;34;40mfit/loss[0m          |   [0;32;40m0.699042797088623[0m    |
|       [0;34;40mfit/pred_loss[0m        |  [0;32;40m0.08519989997148514[0m   |
|       [0;34;40mfit/probe_loss[0m       |  [0;32;40m0.15876474976539612[0m   |
|      [0;34;40mfit/sigreg_loss[0m       |         [0;32;40m5.0625[0m         |
|    [0;34;40mhardware/cpu_percent[0m    |    [0;32;40m96.9000015258789[0m    |
|  [0;34;40mhardware/disk_read_mb_s[0m   |  [0;32;40m0.14168396592140198[0m   |
|  [0;34;40mhardware/disk_write_mb_s[0m  |   [0;32;40m190.3483123779297[0m    |
|   [0;34;40mhardware/net_recv_mb_s[0m   |  [0;32;40m0.11704949289560318[0m   |
|   [0;34;40mhardware/net_sent_mb_s[0m   |  [0;32;40m0.31502652168273926[0m   |
|    [0;34;40mhardware/ram_used_gb[0m    |   [0;32;40m902.7564086914062[0m    |
|   [0;34;40mhardware/ram_used_pct[0m    |    [0;32;40m89.5999984741211[0m    |
|    [0;34;40mhparams/lr_default_0[0m    | [0;32;40m4.9797443352872506e-05[0m |
|       [0;34;40mvalidate/loss[0m        |   [0;32;40m68.92625427246094[0m    |
|    [0;34;40mvalidate/loss_epoch[0m     |   [0;32;40m68.92625427246094[0m    |
|     [0;34;40mvalidate/pred_loss[0m     |   [0;32;40m26.122652053833008[0m   |
|  [0;34;40mvalidate/pred_loss_epoch[0m  |   [0;32;40m26.122652053833008[0m   |
|    [0;34;40mvalidate/probe_loss[0m     |   [0;32;40m18.013547897338867[0m   |
| [0;34;40mvalidate/probe_loss_epoch[0m  |   [0;32;40m18.013547897338867[0m   |
|    [0;34;40mvalidate/sigreg_loss[0m    |    [0;32;40m275.518798828125[0m    |
| [0;34;40mvalidate/sigreg_loss_epoch[0m |    [0;32;40m275.518798828125[0m    |
+----------------------------+------------------------+
[Epoch 0/20] done in 181.3s
22:39:51 | INFO  | checkpoint_~|   Checking for non PyTorch modules to save
22:39:51 | INFO  | atomic_chec~| [atomic_save] → /data1/likun-share/junjxu/.cache_stable-pretraining/runs/20260605/223610/a0f7787b2d20/checkpoints/epoch=0-step=203.ckpt
22:39:52 | INFO  | atomic_chec~| [atomic_save] ✓ epoch=0-step=203.ckpt saved (206.8 MiB, serialise=0.59s write=0.53s rename=0.1ms)
22:39:52 | INFO  | checkpoint_~|   Checking for non PyTorch modules to save
22:39:52 | INFO  | atomic_chec~| [atomic_save] → /data1/likun-share/junjxu/.cache_stable-pretraining/runs/20260605/223610/a0f7787b2d20/checkpoints/last.ckpt
22:39:53 | INFO  | atomic_chec~| [atomic_save] ✓ last.ckpt saved (206.8 MiB, serialise=0.94s write=0.66s rename=0.1ms)
[Epoch 1/20] step 50/203 (1.1 it/s)
[Epoch 1/20] step 100/203 (1.1 it/s)
[Epoch 1/20] step 150/203 (1.2 it/s)
[Epoch 1/20] step 200/203 (1.2 it/s)
22:43:07 | INFO  | trainer_inf~| \n+----------------------------+-----------------------+
|           Metric           |         Value         |
+----------------------------+-----------------------+
|          [0;34;40mfit/loss[0m          |   [0;32;40m0.549555778503418[0m   |
|       [0;34;40mfit/pred_loss[0m        |  [0;32;40m0.05896054580807686[0m  |
|       [0;34;40mfit/probe_loss[0m       |  [0;32;40m0.12145459651947021[0m  |
|      [0;34;40mfit/sigreg_loss[0m       |        [0;32;40m4.09375[0m        |
|    [0;34;40mhardware/cpu_percent[0m    |          [0;32;40m98.5[0m         |
|  [0;34;40mhardware/disk_read_mb_s[0m   |   [0;32;40m0.1780378818511963[0m  |
|  [0;34;40mhardware/disk_write_mb_s[0m  |   [0;32;40m409.7049865722656[0m   |
|   [0;34;40mhardware/net_recv_mb_s[0m   |  [0;32;40m0.012641728855669498[0m |
|   [0;34;40mhardware/net_sent_mb_s[0m   |  [0;32;40m0.04764008894562721[0m  |
|    [0;34;40mhardware/ram_used_gb[0m    |   [0;32;40m921.6988525390625[0m   |
|   [0;34;40mhardware/ram_used_pct[0m    |          [0;32;40m91.5[0m         |
|    [0;34;40mhparams/lr_default_0[0m    | [0;32;40m4.898431870969944e-05[0m |
|       [0;34;40mvalidate/loss[0m        |   [0;32;40m216.6793975830078[0m   |
|    [0;34;40mvalidate/loss_epoch[0m     |   [0;32;40m216.6793975830078[0m   |
|     [0;34;40mvalidate/pred_loss[0m     |    [0;32;40m78.5220947265625[0m   |
|  [0;34;40mvalidate/pred_loss_epoch[0m  |    [0;32;40m78.5220947265625[0m   |
|    [0;34;40mvalidate/probe_loss[0m     |   [0;32;40m110.2857894897461[0m   |
| [0;34;40mvalidate/probe_loss_epoch[0m  |   [0;32;40m110.2857894897461[0m   |
|    [0;34;40mvalidate/sigreg_loss[0m    |   [0;32;40m309.6716003417969[0m   |
| [0;34;40mvalidate/sigreg_loss_epoch[0m |   [0;32;40m309.6716003417969[0m   |
+----------------------------+-----------------------+
[Epoch 1/20] done in 194.2s
22:43:08 | INFO  | checkpoint_~|   Checking for non PyTorch modules to save
22:43:08 | INFO  | atomic_chec~| [atomic_save] → /data1/likun-share/junjxu/.cache_stable-pretraining/runs/20260605/223610/a0f7787b2d20/checkpoints/epoch=1-step=406.ckpt
22:43:09 | INFO  | atomic_chec~| [atomic_save] ✓ epoch=1-step=406.ckpt saved (206.8 MiB, serialise=0.73s write=0.60s rename=0.1ms)
22:43:10 | INFO  | checkpoint_~|   Checking for non PyTorch modules to save
22:43:10 | INFO  | atomic_chec~| [atomic_save] → /data1/likun-share/junjxu/.cache_stable-pretraining/runs/20260605/223610/a0f7787b2d20/checkpoints/last.ckpt
22:43:12 | INFO  | atomic_chec~| [atomic_save] ✓ last.ckpt saved (206.8 MiB, serialise=0.89s write=0.65s rename=252.5ms)
[Epoch 2/20] step 50/203 (1.1 it/s)
[Epoch 2/20] step 100/203 (1.2 it/s)
[Epoch 2/20] step 150/203 (1.2 it/s)
[Epoch 2/20] step 200/203 (1.2 it/s)
22:46:29 | INFO  | trainer_inf~| \n+----------------------------+-----------------------+
|           Metric           |         Value         |
+----------------------------+-----------------------+
|          [0;34;40mfit/loss[0m          |   [0;32;40m0.4581844210624695[0m  |
|       [0;34;40mfit/pred_loss[0m        |   [0;32;40m0.0456206277012825[0m  |
|       [0;34;40mfit/probe_loss[0m       |  [0;32;40m0.08443881571292877[0m  |
|      [0;34;40mfit/sigreg_loss[0m       |        [0;32;40m3.640625[0m       |
|    [0;34;40mhardware/cpu_percent[0m    |   [0;32;40m97.30000305175781[0m   |
|  [0;34;40mhardware/disk_read_mb_s[0m   |  [0;32;40m0.010542909614741802[0m |
|  [0;34;40mhardware/disk_write_mb_s[0m  |   [0;32;40m91.89590454101562[0m   |
|   [0;34;40mhardware/net_recv_mb_s[0m   |  [0;32;40m0.012809799052774906[0m |
|   [0;34;40mhardware/net_sent_mb_s[0m   |  [0;32;40m0.048463426530361176[0m |
|    [0;34;40mhardware/ram_used_gb[0m    |   [0;32;40m950.5983276367188[0m   |
|   [0;34;40mhardware/ram_used_pct[0m    |    [0;32;40m94.4000015258789[0m   |
|    [0;34;40mhparams/lr_default_0[0m    | [0;32;40m4.756883572554216e-05[0m |
|       [0;34;40mvalidate/loss[0m        |    [0;32;40m259.197509765625[0m   |
|    [0;34;40mvalidate/loss_epoch[0m     |    [0;32;40m259.197509765625[0m   |
|     [0;34;40mvalidate/pred_loss[0m     |   [0;32;40m112.93083953857422[0m  |
|  [0;34;40mvalidate/pred_loss_epoch[0m  |   [0;32;40m112.93083953857422[0m  |
|    [0;34;40mvalidate/probe_loss[0m     |   [0;32;40m116.97377014160156[0m  |
| [0;34;40mvalidate/probe_loss_epoch[0m  |   [0;32;40m116.97377014160156[0m  |
|    [0;34;40mvalidate/sigreg_loss[0m    |    [0;32;40m325.47119140625[0m    |
| [0;34;40mvalidate/sigreg_loss_epoch[0m |    [0;32;40m325.47119140625[0m    |
+----------------------------+-----------------------+
[Epoch 2/20] done in 198.4s
22:46:30 | INFO  | checkpoint_~|   Checking for non PyTorch modules to save
22:46:30 | INFO  | atomic_chec~| [atomic_save] → /data1/likun-share/junjxu/.cache_stable-pretraining/runs/20260605/223610/a0f7787b2d20/checkpoints/epoch=2-step=609.ckpt
22:46:32 | INFO  | atomic_chec~| [atomic_save] ✓ epoch=2-step=609.ckpt saved (206.8 MiB, serialise=0.97s write=0.74s rename=0.1ms)
22:46:32 | INFO  | checkpoint_~|   Checking for non PyTorch modules to save
22:46:32 | INFO  | atomic_chec~| [atomic_save] → /data1/likun-share/junjxu/.cache_stable-pretraining/runs/20260605/223610/a0f7787b2d20/checkpoints/last.ckpt
22:46:34 | INFO  | atomic_chec~| [atomic_save] ✓ last.ckpt saved (206.8 MiB, serialise=0.83s write=0.96s rename=6.4ms)
[Epoch 3/20] step 50/203 (1.2 it/s)
[Epoch 3/20] step 100/203 (1.2 it/s)
[Epoch 3/20] step 150/203 (1.2 it/s)
[Epoch 3/20] step 200/203 (1.2 it/s)
22:49:41 | INFO  | trainer_inf~| \n+----------------------------+-----------------------+
|           Metric           |         Value         |
+----------------------------+-----------------------+
|          [0;34;40mfit/loss[0m          |   [0;32;40m0.4429120123386383[0m  |
|       [0;34;40mfit/pred_loss[0m        |  [0;32;40m0.03975241258740425[0m  |
|       [0;34;40mfit/probe_loss[0m       |  [0;32;40m0.08675333857536316[0m  |
|      [0;34;40mfit/sigreg_loss[0m       |        [0;32;40m3.515625[0m       |
|    [0;34;40mhardware/cpu_percent[0m    |          [0;32;40m98.5[0m         |
|  [0;34;40mhardware/disk_read_mb_s[0m   |  [0;32;40m0.11206702142953873[0m  |
|  [0;34;40mhardware/disk_write_mb_s[0m  |    [0;32;40m50.1615104675293[0m   |
|   [0;34;40mhardware/net_recv_mb_s[0m   |  [0;32;40m0.05249376222491264[0m  |
|   [0;34;40mhardware/net_sent_mb_s[0m   |  [0;32;40m0.058786775916814804[0m |
|    [0;34;40mhardware/ram_used_gb[0m    |   [0;32;40m952.5081176757812[0m   |
|   [0;34;40mhardware/ram_used_pct[0m    |    [0;32;40m94.5999984741211[0m   |
|    [0;34;40mhparams/lr_default_0[0m    | [0;32;40m4.558654109132476e-05[0m |
|       [0;34;40mvalidate/loss[0m        |   [0;32;40m70.67842102050781[0m   |
|    [0;34;40mvalidate/loss_epoch[0m     |   [0;32;40m70.67842102050781[0m   |
|     [0;34;40mvalidate/pred_loss[0m     |   [0;32;40m22.133296966552734[0m  |
|  [0;34;40mvalidate/pred_loss_epoch[0m  |   [0;32;40m22.133296966552734[0m  |
|    [0;34;40mvalidate/probe_loss[0m     |   [0;32;40m25.581138610839844[0m  |
| [0;34;40mvalidate/probe_loss_epoch[0m  |   [0;32;40m25.581138610839844[0m  |
|    [0;34;40mvalidate/sigreg_loss[0m    |   [0;32;40m255.05450439453125[0m  |
| [0;34;40mvalidate/sigreg_loss_epoch[0m |   [0;32;40m255.05450439453125[0m  |
+----------------------------+-----------------------+
[Epoch 3/20] done in 188.1s
22:49:42 | INFO  | checkpoint_~|   Checking for non PyTorch modules to save
22:49:42 | INFO  | atomic_chec~| [atomic_save] → /data1/likun-share/junjxu/.cache_stable-pretraining/runs/20260605/223610/a0f7787b2d20/checkpoints/epoch=3-step=812.ckpt
22:49:43 | INFO  | atomic_chec~| [atomic_save] ✓ epoch=3-step=812.ckpt saved (206.8 MiB, serialise=0.79s write=0.68s rename=0.1ms)
22:49:44 | INFO  | checkpoint_~|   Checking for non PyTorch modules to save
22:49:44 | INFO  | atomic_chec~| [atomic_save] → /data1/likun-share/junjxu/.cache_stable-pretraining/runs/20260605/223610/a0f7787b2d20/checkpoints/last.ckpt
22:49:46 | INFO  | atomic_chec~| [atomic_save] ✓ last.ckpt saved (206.8 MiB, serialise=1.16s write=0.97s rename=341.2ms)
[Epoch 4/20] step 50/203 (1.2 it/s)
[Epoch 4/20] step 100/203 (1.2 it/s)
[Epoch 4/20] step 150/203 (1.2 it/s)
[Epoch 4/20] step 200/203 (1.2 it/s)
22:52:54 | INFO  | trainer_inf~| \n+----------------------------+----------------------+
|           Metric           |        Value         |
+----------------------------+----------------------+
|          [0;34;40mfit/loss[0m          | [0;32;40m0.44059616327285767[0m  |
|       [0;34;40mfit/pred_loss[0m        | [0;32;40m0.03855743631720543[0m  |
|       [0;34;40mfit/probe_loss[0m       | [0;32;40m0.10906996577978134[0m  |
|      [0;34;40mfit/sigreg_loss[0m       |         [0;32;40m3.25[0m         |
|    [0;34;40mhardware/cpu_percent[0m    |   [0;32;40m99.0999984741211[0m   |
|  [0;34;40mhardware/disk_read_mb_s[0m   |  [0;32;40m0.280191034078598[0m   |
|  [0;34;40mhardware/disk_write_mb_s[0m  |  [0;32;40m44.307254791259766[0m  |
|   [0;34;40mhardware/net_recv_mb_s[0m   | [0;32;40m0.016227373853325844[0m |
|   [0;34;40mhardware/net_sent_mb_s[0m   | [0;32;40m0.048774536699056625[0m |
|    [0;34;40mhardware/ram_used_gb[0m    |  [0;32;40m948.5641479492188[0m   |
|   [0;34;40mhardware/ram_used_pct[0m    |  [0;32;40m94.19999694824219[0m   |
|    [0;34;40mhparams/lr_default_0[0m    | [0;32;40m4.30872205470223e-05[0m |
|       [0;34;40mvalidate/loss[0m        |  [0;32;40m126.6125717163086[0m   |
|    [0;34;40mvalidate/loss_epoch[0m     |  [0;32;40m126.6125717163086[0m   |
|     [0;34;40mvalidate/pred_loss[0m     |  [0;32;40m66.69491577148438[0m   |
|  [0;34;40mvalidate/pred_loss_epoch[0m  |  [0;32;40m66.69491577148438[0m   |
|    [0;34;40mvalidate/probe_loss[0m     |  [0;32;40m33.86463165283203[0m   |
| [0;34;40mvalidate/probe_loss_epoch[0m  |  [0;32;40m33.86463165283203[0m   |
|    [0;34;40mvalidate/sigreg_loss[0m    |  [0;32;40m289.49017333984375[0m  |
| [0;34;40mvalidate/sigreg_loss_epoch[0m |  [0;32;40m289.49017333984375[0m  |
+----------------------------+----------------------+
[Epoch 4/20] done in 187.7s
22:52:54 | INFO  | checkpoint_~|   Checking for non PyTorch modules to save
22:52:54 | INFO  | atomic_chec~| [atomic_save] → /data1/likun-share/junjxu/.cache_stable-pretraining/runs/20260605/223610/a0f7787b2d20/checkpoints/epoch=4-step=1015.ckpt
22:52:55 | INFO  | atomic_chec~| [atomic_save] ✓ epoch=4-step=1015.ckpt saved (206.8 MiB, serialise=0.67s write=0.85s rename=0.1ms)
22:52:56 | INFO  | checkpoint_~|   Checking for non PyTorch modules to save
22:52:56 | INFO  | atomic_chec~| [atomic_save] → /data1/likun-share/junjxu/.cache_stable-pretraining/runs/20260605/223610/a0f7787b2d20/checkpoints/last.ckpt
22:52:57 | INFO  | atomic_chec~| [atomic_save] ✓ last.ckpt saved (206.8 MiB, serialise=0.78s write=0.57s rename=140.8ms)
[Epoch 5/20] step 50/203 (1.2 it/s)
[Epoch 5/20] step 100/203 (1.2 it/s)
[Epoch 5/20] step 150/203 (1.2 it/s)
[Epoch 5/20] step 200/203 (1.2 it/s)
22:56:08 | INFO  | trainer_inf~| \n+----------------------------+------------------------+
|           Metric           |         Value          |
+----------------------------+------------------------+
|          [0;34;40mfit/loss[0m          |   [0;32;40m0.4147718548774719[0m   |
|       [0;34;40mfit/pred_loss[0m        |  [0;32;40m0.030521923676133156[0m  |
|       [0;34;40mfit/probe_loss[0m       |  [0;32;40m0.08932803571224213[0m   |
|      [0;34;40mfit/sigreg_loss[0m       |        [0;32;40m3.28125[0m         |
|    [0;34;40mhardware/cpu_percent[0m    |    [0;32;40m98.5999984741211[0m    |
|  [0;34;40mhardware/disk_read_mb_s[0m   |  [0;32;40m0.11714603006839752[0m   |
|  [0;34;40mhardware/disk_write_mb_s[0m  |   [0;32;40m50.721107482910156[0m   |
|   [0;34;40mhardware/net_recv_mb_s[0m   |  [0;32;40m0.012513022869825363[0m  |
|   [0;34;40mhardware/net_sent_mb_s[0m   |  [0;32;40m0.04766903445124626[0m   |
|    [0;34;40mhardware/ram_used_gb[0m    |    [0;32;40m955.989990234375[0m    |
|   [0;34;40mhardware/ram_used_pct[0m    |    [0;32;40m94.9000015258789[0m    |
|    [0;34;40mhparams/lr_default_0[0m    | [0;32;40m4.0133647416951135e-05[0m |
|       [0;34;40mvalidate/loss[0m        |   [0;32;40m90.68175506591797[0m    |
|    [0;34;40mvalidate/loss_epoch[0m     |   [0;32;40m90.68175506591797[0m    |
|     [0;34;40mvalidate/pred_loss[0m     |   [0;32;40m35.35610580444336[0m    |
|  [0;34;40mvalidate/pred_loss_epoch[0m  |   [0;32;40m35.35610580444336[0m    |
|    [0;34;40mvalidate/probe_loss[0m     |   [0;32;40m29.719057083129883[0m   |
| [0;34;40mvalidate/probe_loss_epoch[0m  |   [0;32;40m29.719057083129883[0m   |
|    [0;34;40mvalidate/sigreg_loss[0m    |    [0;32;40m284.55224609375[0m     |
| [0;34;40mvalidate/sigreg_loss_epoch[0m |    [0;32;40m284.55224609375[0m     |
+----------------------------+------------------------+
[Epoch 5/20] done in 190.9s
22:56:08 | INFO  | checkpoint_~|   Checking for non PyTorch modules to save
22:56:08 | INFO  | atomic_chec~| [atomic_save] → /data1/likun-share/junjxu/.cache_stable-pretraining/runs/20260605/223610/a0f7787b2d20/checkpoints/epoch=5-step=1218.ckpt
22:56:10 | INFO  | atomic_chec~| [atomic_save] ✓ epoch=5-step=1218.ckpt saved (206.8 MiB, serialise=0.71s write=0.57s rename=0.3ms)
22:56:10 | INFO  | checkpoint_~|   Checking for non PyTorch modules to save
22:56:10 | INFO  | atomic_chec~| [atomic_save] → /data1/likun-share/junjxu/.cache_stable-pretraining/runs/20260605/223610/a0f7787b2d20/checkpoints/last.ckpt
22:56:11 | INFO  | atomic_chec~| [atomic_save] ✓ last.ckpt saved (206.8 MiB, serialise=0.84s write=0.65s rename=5.6ms)
[Epoch 6/20] step 50/203 (1.2 it/s)
[Epoch 6/20] step 100/203 (1.3 it/s)
[Epoch 6/20] step 150/203 (1.3 it/s)
[Epoch 6/20] step 200/203 (1.3 it/s)
22:59:15 | INFO  | trainer_inf~| \n+----------------------------+-----------------------+
|           Metric           |         Value         |
+----------------------------+-----------------------+
|          [0;34;40mfit/loss[0m          |  [0;32;40m0.39442965388298035[0m  |
|       [0;34;40mfit/pred_loss[0m        |  [0;32;40m0.03239952400326729[0m  |
|       [0;34;40mfit/probe_loss[0m       |  [0;32;40m0.09249886870384216[0m  |
|      [0;34;40mfit/sigreg_loss[0m       |        [0;32;40m2.984375[0m       |
|    [0;34;40mhardware/cpu_percent[0m    |   [0;32;40m99.19999694824219[0m   |
|  [0;34;40mhardware/disk_read_mb_s[0m   |  [0;32;40m0.005466777365654707[0m |
|  [0;34;40mhardware/disk_write_mb_s[0m  |   [0;32;40m22.76405143737793[0m   |
|   [0;34;40mhardware/net_recv_mb_s[0m   |  [0;32;40m0.021711621433496475[0m |
|   [0;34;40mhardware/net_sent_mb_s[0m   |  [0;32;40m0.02110225148499012[0m  |
|    [0;34;40mhardware/ram_used_gb[0m    |   [0;32;40m959.7886352539062[0m   |
|   [0;34;40mhardware/ram_used_pct[0m    |   [0;32;40m95.30000305175781[0m   |
|    [0;34;40mhparams/lr_default_0[0m    | [0;32;40m3.679999281303026e-05[0m |
|       [0;34;40mvalidate/loss[0m        |   [0;32;40m101.46292114257812[0m  |
|    [0;34;40mvalidate/loss_epoch[0m     |   [0;32;40m101.46292114257812[0m  |
|     [0;34;40mvalidate/pred_loss[0m     |   [0;32;40m57.30847930908203[0m   |
|  [0;34;40mvalidate/pred_loss_epoch[0m  |   [0;32;40m57.30847930908203[0m   |
|    [0;34;40mvalidate/probe_loss[0m     |   [0;32;40m17.681934356689453[0m  |
| [0;34;40mvalidate/probe_loss_epoch[0m  |   [0;32;40m17.681934356689453[0m  |
|    [0;34;40mvalidate/sigreg_loss[0m    |    [0;32;40m294.053466796875[0m   |
| [0;34;40mvalidate/sigreg_loss_epoch[0m |    [0;32;40m294.053466796875[0m   |
+----------------------------+-----------------------+
[Epoch 6/20] done in 183.7s
22:59:15 | INFO  | checkpoint_~|   Checking for non PyTorch modules to save
22:59:15 | INFO  | atomic_chec~| [atomic_save] → /data1/likun-share/junjxu/.cache_stable-pretraining/runs/20260605/223610/a0f7787b2d20/checkpoints/epoch=6-step=1421.ckpt
22:59:17 | INFO  | atomic_chec~| [atomic_save] ✓ epoch=6-step=1421.ckpt saved (206.8 MiB, serialise=0.62s write=0.96s rename=0.1ms)
22:59:17 | INFO  | checkpoint_~|   Checking for non PyTorch modules to save
22:59:17 | INFO  | atomic_chec~| [atomic_save] → /data1/likun-share/junjxu/.cache_stable-pretraining/runs/20260605/223610/a0f7787b2d20/checkpoints/last.ckpt
22:59:18 | INFO  | atomic_chec~| [atomic_save] ✓ last.ckpt saved (206.8 MiB, serialise=0.62s write=0.61s rename=5.0ms)
[Epoch 7/20] step 50/203 (1.2 it/s)
[Epoch 7/20] step 100/203 (1.3 it/s)
[Epoch 7/20] step 150/203 (1.3 it/s)
[Epoch 7/20] step 200/203 (1.3 it/s)
23:02:18 | INFO  | trainer_inf~| \n+----------------------------+-----------------------+
|           Metric           |         Value         |
+----------------------------+-----------------------+
|          [0;34;40mfit/loss[0m          |   [0;32;40m0.3861393928527832[0m  |
|       [0;34;40mfit/pred_loss[0m        |  [0;32;40m0.028865549713373184[0m |
|       [0;34;40mfit/probe_loss[0m       |  [0;32;40m0.10336759686470032[0m  |
|      [0;34;40mfit/sigreg_loss[0m       |        [0;32;40m2.828125[0m       |
|    [0;34;40mhardware/cpu_percent[0m    |   [0;32;40m96.30000305175781[0m   |
|  [0;34;40mhardware/disk_read_mb_s[0m   |  [0;32;40m0.009762112982571125[0m |
|  [0;34;40mhardware/disk_write_mb_s[0m  |   [0;32;40m106.95332336425781[0m  |
|   [0;34;40mhardware/net_recv_mb_s[0m   |  [0;32;40m0.023873228579759598[0m |
|   [0;34;40mhardware/net_sent_mb_s[0m   |  [0;32;40m0.05845170095562935[0m  |
|    [0;34;40mhardware/ram_used_gb[0m    |    [0;32;40m937.459716796875[0m   |
|   [0;34;40mhardware/ram_used_pct[0m    |    [0;32;40m93.0999984741211[0m   |
|    [0;34;40mhparams/lr_default_0[0m    | [0;32;40m3.316998481750488e-05[0m |
|       [0;34;40mvalidate/loss[0m        |   [0;32;40m22.06342124938965[0m   |
|    [0;34;40mvalidate/loss_epoch[0m     |   [0;32;40m22.06342124938965[0m   |
|     [0;34;40mvalidate/pred_loss[0m     |   [0;32;40m2.714312791824341[0m   |
|  [0;34;40mvalidate/pred_loss_epoch[0m  |   [0;32;40m2.714312791824341[0m   |
|    [0;34;40mvalidate/probe_loss[0m     |   [0;32;40m4.311463356018066[0m   |
| [0;34;40mvalidate/probe_loss_epoch[0m  |   [0;32;40m4.311463356018066[0m   |
|    [0;34;40mvalidate/sigreg_loss[0m    |   [0;32;40m167.1091766357422[0m   |
| [0;34;40mvalidate/sigreg_loss_epoch[0m |   [0;32;40m167.1091766357422[0m   |
+----------------------------+-----------------------+
[Epoch 7/20] done in 180.5s
23:02:19 | INFO  | checkpoint_~|   Checking for non PyTorch modules to save
23:02:19 | INFO  | atomic_chec~| [atomic_save] → /data1/likun-share/junjxu/.cache_stable-pretraining/runs/20260605/223610/a0f7787b2d20/checkpoints/epoch=7-step=1624.ckpt
23:02:20 | INFO  | atomic_chec~| [atomic_save] ✓ epoch=7-step=1624.ckpt saved (206.8 MiB, serialise=0.72s write=0.66s rename=0.1ms)
23:02:20 | INFO  | checkpoint_~|   Checking for non PyTorch modules to save
23:02:20 | INFO  | atomic_chec~| [atomic_save] → /data1/likun-share/junjxu/.cache_stable-pretraining/runs/20260605/223610/a0f7787b2d20/checkpoints/last.ckpt
23:02:22 | INFO  | atomic_chec~| [atomic_save] ✓ last.ckpt saved (206.8 MiB, serialise=0.97s write=0.83s rename=5.8ms)
[Epoch 8/20] step 50/203 (1.3 it/s)
[Epoch 8/20] step 100/203 (1.3 it/s)
[Epoch 8/20] step 150/203 (1.3 it/s)
[Epoch 8/20] step 200/203 (1.2 it/s)
23:05:26 | INFO  | trainer_inf~| \n+----------------------------+------------------------+
|           Metric           |         Value          |
+----------------------------+------------------------+
|          [0;34;40mfit/loss[0m          |  [0;32;40m0.34998804330825806[0m   |
|       [0;34;40mfit/pred_loss[0m        |  [0;32;40m0.024817174300551414[0m  |
|       [0;34;40mfit/probe_loss[0m       |   [0;32;40m0.0712646096944809[0m   |
|      [0;34;40mfit/sigreg_loss[0m       |         [0;32;40m2.8125[0m         |
|    [0;34;40mhardware/cpu_percent[0m    |    [0;32;40m95.4000015258789[0m    |
|  [0;34;40mhardware/disk_read_mb_s[0m   |  [0;32;40m0.024208897724747658[0m  |
|  [0;34;40mhardware/disk_write_mb_s[0m  |   [0;32;40m196.45675659179688[0m   |
|   [0;34;40mhardware/net_recv_mb_s[0m   |   [0;32;40m0.0243978388607502[0m   |
|   [0;34;40mhardware/net_sent_mb_s[0m   |  [0;32;40m0.05958058685064316[0m   |
|    [0;34;40mhardware/ram_used_gb[0m    |    [0;32;40m941.788818359375[0m    |
|   [0;34;40mhardware/ram_used_pct[0m    |          [0;32;40m93.5[0m          |
|    [0;34;40mhparams/lr_default_0[0m    | [0;32;40m2.9334791179280728e-05[0m |
|       [0;34;40mvalidate/loss[0m        |   [0;32;40m25.70730972290039[0m    |
|    [0;34;40mvalidate/loss_epoch[0m     |   [0;32;40m25.70730972290039[0m    |
|     [0;34;40mvalidate/pred_loss[0m     |   [0;32;40m3.5313029289245605[0m   |
|  [0;34;40mvalidate/pred_loss_epoch[0m  |   [0;32;40m3.5313029289245605[0m   |
|    [0;34;40mvalidate/probe_loss[0m     |   [0;32;40m5.912535667419434[0m    |
| [0;34;40mvalidate/probe_loss_epoch[0m  |   [0;32;40m5.912535667419434[0m    |
|    [0;34;40mvalidate/sigreg_loss[0m    |   [0;32;40m180.8418426513672[0m    |
| [0;34;40mvalidate/sigreg_loss_epoch[0m |   [0;32;40m180.8418426513672[0m    |
+----------------------------+------------------------+
[Epoch 8/20] done in 183.7s
23:05:26 | INFO  | checkpoint_~|   Checking for non PyTorch modules to save
23:05:26 | INFO  | atomic_chec~| [atomic_save] → /data1/likun-share/junjxu/.cache_stable-pretraining/runs/20260605/223610/a0f7787b2d20/checkpoints/epoch=8-step=1827.ckpt
23:05:27 | INFO  | atomic_chec~| [atomic_save] ✓ epoch=8-step=1827.ckpt saved (206.8 MiB, serialise=0.80s write=0.70s rename=0.1ms)
23:05:28 | INFO  | checkpoint_~|   Checking for non PyTorch modules to save
23:05:28 | INFO  | atomic_chec~| [atomic_save] → /data1/likun-share/junjxu/.cache_stable-pretraining/runs/20260605/223610/a0f7787b2d20/checkpoints/last.ckpt
23:05:29 | INFO  | atomic_chec~| [atomic_save] ✓ last.ckpt saved (206.8 MiB, serialise=0.70s write=0.91s rename=237.1ms)
[Epoch 9/20] step 50/203 (1.2 it/s)
[Epoch 9/20] step 100/203 (1.2 it/s)
[Epoch 9/20] step 150/203 (1.2 it/s)
[Epoch 9/20] step 200/203 (1.2 it/s)
23:08:39 | INFO  | trainer_inf~| \n+----------------------------+-----------------------+
|           Metric           |         Value         |
+----------------------------+-----------------------+
|          [0;34;40mfit/loss[0m          |   [0;32;40m0.3547945022583008[0m  |
|       [0;34;40mfit/pred_loss[0m        |  [0;32;40m0.023041991516947746[0m |
|       [0;34;40mfit/probe_loss[0m       |  [0;32;40m0.08175252377986908[0m  |
|      [0;34;40mfit/sigreg_loss[0m       |        [0;32;40m2.78125[0m        |
|    [0;34;40mhardware/cpu_percent[0m    |          [0;32;40m94.5[0m         |
|  [0;34;40mhardware/disk_read_mb_s[0m   |  [0;32;40m0.02342662215232849[0m  |
|  [0;34;40mhardware/disk_write_mb_s[0m  |   [0;32;40m105.9590072631836[0m   |
|   [0;34;40mhardware/net_recv_mb_s[0m   |  [0;32;40m0.024370798841118813[0m |
|   [0;34;40mhardware/net_sent_mb_s[0m   |  [0;32;40m0.058969296514987946[0m |
|    [0;34;40mhardware/ram_used_gb[0m    |   [0;32;40m963.2055053710938[0m   |
|   [0;34;40mhardware/ram_used_pct[0m    |    [0;32;40m95.5999984741211[0m   |
|    [0;34;40mhparams/lr_default_0[0m    | [0;32;40m2.539072920626495e-05[0m |
|       [0;34;40mvalidate/loss[0m        |   [0;32;40m30.891361236572266[0m  |
|    [0;34;40mvalidate/loss_epoch[0m     |   [0;32;40m30.891361236572266[0m  |
|     [0;34;40mvalidate/pred_loss[0m     |   [0;32;40m9.867181777954102[0m   |
|  [0;34;40mvalidate/pred_loss_epoch[0m  |   [0;32;40m9.867181777954102[0m   |
|    [0;34;40mvalidate/probe_loss[0m     |   [0;32;40m1.4653451442718506[0m  |
| [0;34;40mvalidate/probe_loss_epoch[0m  |   [0;32;40m1.4653451442718506[0m  |
|    [0;34;40mvalidate/sigreg_loss[0m    |   [0;32;40m217.29666137695312[0m  |
| [0;34;40mvalidate/sigreg_loss_epoch[0m |   [0;32;40m217.29666137695312[0m  |
+----------------------------+-----------------------+
[Epoch 9/20] done in 190.0s
23:08:40 | INFO  | checkpoint_~|   Checking for non PyTorch modules to save
23:08:40 | INFO  | atomic_chec~| [atomic_save] → /data1/likun-share/junjxu/.cache_stable-pretraining/runs/20260605/223610/a0f7787b2d20/checkpoints/epoch=9-step=2030.ckpt
23:08:41 | INFO  | atomic_chec~| [atomic_save] ✓ epoch=9-step=2030.ckpt saved (206.8 MiB, serialise=0.71s write=0.66s rename=0.1ms)
23:08:41 | INFO  | checkpoint_~|   Checking for non PyTorch modules to save
23:08:41 | INFO  | atomic_chec~| [atomic_save] → /data1/likun-share/junjxu/.cache_stable-pretraining/runs/20260605/223610/a0f7787b2d20/checkpoints/last.ckpt
23:08:43 | INFO  | atomic_chec~| [atomic_save] ✓ last.ckpt saved (206.8 MiB, serialise=0.78s write=0.79s rename=6.3ms)
[Epoch 10/20] step 50/203 (1.2 it/s)
[Epoch 10/20] step 100/203 (1.2 it/s)
[Epoch 10/20] step 150/203 (1.2 it/s)
[Epoch 10/20] step 200/203 (1.2 it/s)
23:11:48 | INFO  | trainer_inf~| \n+----------------------------+------------------------+
|           Metric           |         Value          |
+----------------------------+------------------------+
|          [0;34;40mfit/loss[0m          |   [0;32;40m0.3610744774341583[0m   |
|       [0;34;40mfit/pred_loss[0m        |  [0;32;40m0.02438134327530861[0m   |
|       [0;34;40mfit/probe_loss[0m       |  [0;32;40m0.10329470783472061[0m   |
|      [0;34;40mfit/sigreg_loss[0m       |        [0;32;40m2.59375[0m         |
|    [0;34;40mhardware/cpu_percent[0m    |    [0;32;40m99.4000015258789[0m    |
|  [0;34;40mhardware/disk_read_mb_s[0m   |  [0;32;40m0.057005029171705246[0m  |
|  [0;34;40mhardware/disk_write_mb_s[0m  |   [0;32;40m23.20221710205078[0m    |
|   [0;34;40mhardware/net_recv_mb_s[0m   |  [0;32;40m0.032761476933956146[0m  |
|   [0;34;40mhardware/net_sent_mb_s[0m   |  [0;32;40m0.06853432208299637[0m   |
|    [0;34;40mhardware/ram_used_gb[0m    |   [0;32;40m981.3728637695312[0m    |
|   [0;34;40mhardware/ram_used_pct[0m    |    [0;32;40m97.4000015258789[0m    |
|    [0;34;40mhparams/lr_default_0[0m    | [0;32;40m2.1436855604406446e-05[0m |
|       [0;34;40mvalidate/loss[0m        |   [0;32;40m35.34018325805664[0m    |
|    [0;34;40mvalidate/loss_epoch[0m     |   [0;32;40m35.34018325805664[0m    |
|     [0;34;40mvalidate/pred_loss[0m     |   [0;32;40m10.976733207702637[0m   |
|  [0;34;40mvalidate/pred_loss_epoch[0m  |   [0;32;40m10.976733207702637[0m   |
|    [0;34;40mvalidate/probe_loss[0m     |   [0;32;40m3.8117687702178955[0m   |
| [0;34;40mvalidate/probe_loss_epoch[0m  |   [0;32;40m3.8117687702178955[0m   |
|    [0;34;40mvalidate/sigreg_loss[0m    |    [0;32;40m228.299072265625[0m    |
| [0;34;40mvalidate/sigreg_loss_epoch[0m |    [0;32;40m228.299072265625[0m    |
+----------------------------+------------------------+
[Epoch 10/20] done in 185.0s
23:11:48 | INFO  | checkpoint_~|   Checking for non PyTorch modules to save
23:11:48 | INFO  | atomic_chec~| [atomic_save] → /data1/likun-share/junjxu/.cache_stable-pretraining/runs/20260605/223610/a0f7787b2d20/checkpoints/epoch=10-step=2233.ckpt
23:11:49 | INFO  | atomic_chec~| [atomic_save] ✓ epoch=10-step=2233.ckpt saved (206.8 MiB, serialise=0.65s write=0.67s rename=0.1ms)
23:11:49 | INFO  | checkpoint_~|   Checking for non PyTorch modules to save
23:11:49 | INFO  | atomic_chec~| [atomic_save] → /data1/likun-share/junjxu/.cache_stable-pretraining/runs/20260605/223610/a0f7787b2d20/checkpoints/last.ckpt
23:11:51 | INFO  | atomic_chec~| [atomic_save] ✓ last.ckpt saved (206.8 MiB, serialise=0.73s write=0.58s rename=15.7ms)
[Epoch 11/20] step 50/203 (1.2 it/s)
[Epoch 11/20] step 100/203 (1.2 it/s)
[Epoch 11/20] step 150/203 (1.2 it/s)
[Epoch 11/20] step 200/203 (1.2 it/s)
23:14:58 | INFO  | trainer_inf~| \n+----------------------------+-----------------------+
|           Metric           |         Value         |
+----------------------------+-----------------------+
|          [0;34;40mfit/loss[0m          |  [0;32;40m0.32322797179222107[0m  |
|       [0;34;40mfit/pred_loss[0m        |  [0;32;40m0.024215126410126686[0m |
|       [0;34;40mfit/probe_loss[0m       |  [0;32;40m0.07830971479415894[0m  |
|      [0;34;40mfit/sigreg_loss[0m       |        [0;32;40m2.453125[0m       |
|    [0;34;40mhardware/cpu_percent[0m    |          [0;32;40m98.5[0m         |
|  [0;34;40mhardware/disk_read_mb_s[0m   |  [0;32;40m0.07926584035158157[0m  |
|  [0;34;40mhardware/disk_write_mb_s[0m  |    [0;32;40m43.3658332824707[0m   |
|   [0;34;40mhardware/net_recv_mb_s[0m   |  [0;32;40m0.024814045056700706[0m |
|   [0;34;40mhardware/net_sent_mb_s[0m   |  [0;32;40m0.058650512248277664[0m |
|    [0;34;40mhardware/ram_used_gb[0m    |    [0;32;40m977.767822265625[0m   |
|   [0;34;40mhardware/ram_used_pct[0m    |    [0;32;40m97.0999984741211[0m   |
|    [0;34;40mhparams/lr_default_0[0m    | [0;32;40m1.757246718625538e-05[0m |
|       [0;34;40mvalidate/loss[0m        |    [0;32;40m44.6947135925293[0m   |
|    [0;34;40mvalidate/loss_epoch[0m     |    [0;32;40m44.6947135925293[0m   |
|     [0;34;40mvalidate/pred_loss[0m     |    [0;32;40m8.31973648071289[0m   |
|  [0;34;40mvalidate/pred_loss_epoch[0m  |    [0;32;40m8.31973648071289[0m   |
|    [0;34;40mvalidate/probe_loss[0m     |   [0;32;40m17.301523208618164[0m  |
| [0;34;40mvalidate/probe_loss_epoch[0m  |   [0;32;40m17.301523208618164[0m  |
|    [0;34;40mvalidate/sigreg_loss[0m    |   [0;32;40m212.06036376953125[0m  |
| [0;34;40mvalidate/sigreg_loss_epoch[0m |   [0;32;40m212.06036376953125[0m  |
+----------------------------+-----------------------+
[Epoch 11/20] done in 187.1s
23:14:58 | INFO  | checkpoint_~|   Checking for non PyTorch modules to save
23:14:58 | INFO  | atomic_chec~| [atomic_save] → /data1/likun-share/junjxu/.cache_stable-pretraining/runs/20260605/223610/a0f7787b2d20/checkpoints/epoch=11-step=2436.ckpt
23:15:00 | INFO  | atomic_chec~| [atomic_save] ✓ epoch=11-step=2436.ckpt saved (206.8 MiB, serialise=0.79s write=1.09s rename=0.1ms)
23:15:00 | INFO  | checkpoint_~|   Checking for non PyTorch modules to save
23:15:00 | INFO  | atomic_chec~| [atomic_save] → /data1/likun-share/junjxu/.cache_stable-pretraining/runs/20260605/223610/a0f7787b2d20/checkpoints/last.ckpt
23:15:01 | INFO  | atomic_chec~| [atomic_save] ✓ last.ckpt saved (206.8 MiB, serialise=0.83s write=0.64s rename=6.9ms)
[Epoch 12/20] step 50/203 (1.3 it/s)
[Epoch 12/20] step 100/203 (1.3 it/s)
[Epoch 12/20] step 150/203 (1.3 it/s)
[Epoch 12/20] step 200/203 (1.3 it/s)
23:17:58 | INFO  | trainer_inf~| \n+----------------------------+------------------------+
|           Metric           |         Value          |
+----------------------------+------------------------+
|          [0;34;40mfit/loss[0m          |   [0;32;40m0.3056116998195648[0m   |
|       [0;34;40mfit/pred_loss[0m        |  [0;32;40m0.022268325090408325[0m  |
|       [0;34;40mfit/probe_loss[0m       |  [0;32;40m0.058733996003866196[0m  |
|      [0;34;40mfit/sigreg_loss[0m       |          [0;32;40m2.5[0m           |
|    [0;34;40mhardware/cpu_percent[0m    |   [0;32;40m99.19999694824219[0m    |
|  [0;34;40mhardware/disk_read_mb_s[0m   |  [0;32;40m0.023817062377929688[0m  |
|  [0;34;40mhardware/disk_write_mb_s[0m  |   [0;32;40m58.92575454711914[0m    |
|   [0;34;40mhardware/net_recv_mb_s[0m   |  [0;32;40m0.014514856971800327[0m  |
|   [0;34;40mhardware/net_sent_mb_s[0m   |  [0;32;40m0.049796245992183685[0m  |
|    [0;34;40mhardware/ram_used_gb[0m    |   [0;32;40m980.2730712890625[0m    |
|   [0;34;40mhardware/ram_used_pct[0m    |   [0;32;40m97.30000305175781[0m    |
|    [0;34;40mhparams/lr_default_0[0m    | [0;32;40m1.3894621588406153e-05[0m |
|       [0;34;40mvalidate/loss[0m        |    [0;32;40m34.5768928527832[0m    |
|    [0;34;40mvalidate/loss_epoch[0m     |    [0;32;40m34.5768928527832[0m    |
|     [0;34;40mvalidate/pred_loss[0m     |   [0;32;40m12.923559188842773[0m   |
|  [0;34;40mvalidate/pred_loss_epoch[0m  |   [0;32;40m12.923559188842773[0m   |
|    [0;34;40mvalidate/probe_loss[0m     |   [0;32;40m1.8741810321807861[0m   |
| [0;34;40mvalidate/probe_loss_epoch[0m  |   [0;32;40m1.8741810321807861[0m   |
|    [0;34;40mvalidate/sigreg_loss[0m    |   [0;32;40m219.72024536132812[0m   |
| [0;34;40mvalidate/sigreg_loss_epoch[0m |   [0;32;40m219.72024536132812[0m   |
+----------------------------+------------------------+
[Epoch 12/20] done in 177.1s
23:17:59 | INFO  | checkpoint_~|   Checking for non PyTorch modules to save
23:17:59 | INFO  | atomic_chec~| [atomic_save] → /data1/likun-share/junjxu/.cache_stable-pretraining/runs/20260605/223610/a0f7787b2d20/checkpoints/epoch=12-step=2639.ckpt
23:18:00 | INFO  | atomic_chec~| [atomic_save] ✓ epoch=12-step=2639.ckpt saved (206.8 MiB, serialise=0.64s write=0.54s rename=0.1ms)
23:18:00 | INFO  | checkpoint_~|   Checking for non PyTorch modules to save
23:18:00 | INFO  | atomic_chec~| [atomic_save] → /data1/likun-share/junjxu/.cache_stable-pretraining/runs/20260605/223610/a0f7787b2d20/checkpoints/last.ckpt
23:18:01 | INFO  | atomic_chec~| [atomic_save] ✓ last.ckpt saved (206.8 MiB, serialise=0.74s write=0.60s rename=124.6ms)
[Epoch 13/20] step 50/203 (1.2 it/s)
[Epoch 13/20] step 100/203 (1.2 it/s)
[Epoch 13/20] step 150/203 (1.2 it/s)
[Epoch 13/20] step 200/203 (1.2 it/s)
23:21:08 | INFO  | trainer_inf~| \n+----------------------------+------------------------+
|           Metric           |         Value          |
+----------------------------+------------------------+
|          [0;34;40mfit/loss[0m          |  [0;32;40m0.34905409812927246[0m   |
|       [0;34;40mfit/pred_loss[0m        |  [0;32;40m0.024858150631189346[0m  |
|       [0;34;40mfit/probe_loss[0m       |  [0;32;40m0.08982095122337341[0m   |
|      [0;34;40mfit/sigreg_loss[0m       |        [0;32;40m2.609375[0m        |
|    [0;34;40mhardware/cpu_percent[0m    |    [0;32;40m97.9000015258789[0m    |
|  [0;34;40mhardware/disk_read_mb_s[0m   |   [0;32;40m0.9804859161376953[0m   |
|  [0;34;40mhardware/disk_write_mb_s[0m  |   [0;32;40m44.11015319824219[0m    |
|   [0;34;40mhardware/net_recv_mb_s[0m   |  [0;32;40m0.017543690279126167[0m  |
|   [0;34;40mhardware/net_sent_mb_s[0m   |  [0;32;40m0.05149262771010399[0m   |
|    [0;34;40mhardware/ram_used_gb[0m    |   [0;32;40m896.0468139648438[0m    |
|   [0;34;40mhardware/ram_used_pct[0m    |    [0;32;40m88.9000015258789[0m    |
|    [0;34;40mhparams/lr_default_0[0m    | [0;32;40m1.0495683454792015e-05[0m |
|       [0;34;40mvalidate/loss[0m        |   [0;32;40m83.56674194335938[0m    |
|    [0;34;40mvalidate/loss_epoch[0m     |   [0;32;40m83.56674194335938[0m    |
|     [0;34;40mvalidate/pred_loss[0m     |   [0;32;40m8.758498191833496[0m    |
|  [0;34;40mvalidate/pred_loss_epoch[0m  |   [0;32;40m8.758498191833496[0m    |
|    [0;34;40mvalidate/probe_loss[0m     |   [0;32;40m54.15916061401367[0m    |
| [0;34;40mvalidate/probe_loss_epoch[0m  |   [0;32;40m54.15916061401367[0m    |
|    [0;34;40mvalidate/sigreg_loss[0m    |   [0;32;40m229.4601593017578[0m    |
| [0;34;40mvalidate/sigreg_loss_epoch[0m |   [0;32;40m229.4601593017578[0m    |
+----------------------------+------------------------+
[Epoch 13/20] done in 186.4s
23:21:08 | INFO  | checkpoint_~|   Checking for non PyTorch modules to save
23:21:08 | INFO  | atomic_chec~| [atomic_save] → /data1/likun-share/junjxu/.cache_stable-pretraining/runs/20260605/223610/a0f7787b2d20/checkpoints/epoch=13-step=2842.ckpt
23:21:09 | INFO  | atomic_chec~| [atomic_save] ✓ epoch=13-step=2842.ckpt saved (206.8 MiB, serialise=0.82s write=0.55s rename=0.0ms)
23:21:10 | INFO  | checkpoint_~|   Checking for non PyTorch modules to save
23:21:10 | INFO  | atomic_chec~| [atomic_save] → /data1/likun-share/junjxu/.cache_stable-pretraining/runs/20260605/223610/a0f7787b2d20/checkpoints/last.ckpt
23:21:11 | INFO  | atomic_chec~| [atomic_save] ✓ last.ckpt saved (206.8 MiB, serialise=0.65s write=0.36s rename=80.8ms)
[Epoch 14/20] step 50/203 (1.1 it/s)
[Epoch 14/20] step 100/203 (1.1 it/s)
[Epoch 14/20] step 150/203 (1.2 it/s)
[Epoch 14/20] step 200/203 (1.2 it/s)
23:24:20 | INFO  | trainer_inf~| \n+----------------------------+-----------------------+
|           Metric           |         Value         |
+----------------------------+-----------------------+
|          [0;34;40mfit/loss[0m          |  [0;32;40m0.31157049536705017[0m  |
|       [0;34;40mfit/pred_loss[0m        |  [0;32;40m0.021202458068728447[0m |
|       [0;34;40mfit/probe_loss[0m       |  [0;32;40m0.08040709793567657[0m  |
|      [0;34;40mfit/sigreg_loss[0m       |        [0;32;40m2.328125[0m       |
|    [0;34;40mhardware/cpu_percent[0m    |          [0;32;40m93.5[0m         |
|  [0;34;40mhardware/disk_read_mb_s[0m   | [0;32;40m0.0027334438636898994[0m |
|  [0;34;40mhardware/disk_write_mb_s[0m  |   [0;32;40m57.865055084228516[0m  |
|   [0;34;40mhardware/net_recv_mb_s[0m   |  [0;32;40m0.015849627554416656[0m |
|   [0;34;40mhardware/net_sent_mb_s[0m   |  [0;32;40m0.050603222101926804[0m |
|    [0;34;40mhardware/ram_used_gb[0m    |    [0;32;40m869.062744140625[0m   |
|   [0;34;40mhardware/ram_used_pct[0m    |   [0;32;40m86.30000305175781[0m   |
|    [0;34;40mhparams/lr_default_0[0m    | [0;32;40m7.461018412868725e-06[0m |
|       [0;34;40mvalidate/loss[0m        |   [0;32;40m8.731376647949219[0m   |
|    [0;34;40mvalidate/loss_epoch[0m     |   [0;32;40m8.731376647949219[0m   |
|     [0;34;40mvalidate/pred_loss[0m     |   [0;32;40m0.9322231411933899[0m  |
|  [0;34;40mvalidate/pred_loss_epoch[0m  |   [0;32;40m0.9322231411933899[0m  |
|    [0;34;40mvalidate/probe_loss[0m     |   [0;32;40m1.1048078536987305[0m  |
| [0;34;40mvalidate/probe_loss_epoch[0m  |   [0;32;40m1.1048078536987305[0m  |
|    [0;34;40mvalidate/sigreg_loss[0m    |   [0;32;40m74.40238189697266[0m   |
| [0;34;40mvalidate/sigreg_loss_epoch[0m |   [0;32;40m74.40238189697266[0m   |
+----------------------------+-----------------------+
[Epoch 14/20] done in 189.1s
23:24:20 | INFO  | checkpoint_~|   Checking for non PyTorch modules to save
23:24:20 | INFO  | atomic_chec~| [atomic_save] → /data1/likun-share/junjxu/.cache_stable-pretraining/runs/20260605/223610/a0f7787b2d20/checkpoints/epoch=14-step=3045.ckpt
23:24:21 | INFO  | atomic_chec~| [atomic_save] ✓ epoch=14-step=3045.ckpt saved (206.8 MiB, serialise=0.78s write=0.63s rename=0.1ms)
23:24:22 | INFO  | checkpoint_~|   Checking for non PyTorch modules to save
23:24:22 | INFO  | atomic_chec~| [atomic_save] → /data1/likun-share/junjxu/.cache_stable-pretraining/runs/20260605/223610/a0f7787b2d20/checkpoints/last.ckpt
23:24:23 | INFO  | atomic_chec~| [atomic_save] ✓ last.ckpt saved (206.8 MiB, serialise=0.63s write=0.51s rename=87.5ms)
[Epoch 15/20] step 50/203 (1.1 it/s)
[Epoch 15/20] step 100/203 (1.1 it/s)
[Epoch 15/20] step 150/203 (1.2 it/s)
[Epoch 15/20] step 200/203 (1.2 it/s)
23:27:36 | INFO  | trainer_inf~| \n+----------------------------+-----------------------+
|           Metric           |         Value         |
+----------------------------+-----------------------+
|          [0;34;40mfit/loss[0m          |  [0;32;40m0.31527402997016907[0m  |
|       [0;34;40mfit/pred_loss[0m        |  [0;32;40m0.018825309351086617[0m |
|       [0;34;40mfit/probe_loss[0m       |   [0;32;40m0.0689096599817276[0m  |
|      [0;34;40mfit/sigreg_loss[0m       |        [0;32;40m2.53125[0m        |
|    [0;34;40mhardware/cpu_percent[0m    |   [0;32;40m95.69999694824219[0m   |
|  [0;34;40mhardware/disk_read_mb_s[0m   |  [0;32;40m0.016399526968598366[0m |
|  [0;34;40mhardware/disk_write_mb_s[0m  |    [0;32;40m92.2414779663086[0m   |
|   [0;34;40mhardware/net_recv_mb_s[0m   |  [0;32;40m0.01748855784535408[0m  |
|   [0;34;40mhardware/net_sent_mb_s[0m   |  [0;32;40m0.05119570717215538[0m  |
|    [0;34;40mhardware/ram_used_gb[0m    |    [0;32;40m871.19580078125[0m    |
|   [0;34;40mhardware/ram_used_pct[0m    |          [0;32;40m86.5[0m         |
|    [0;34;40mhparams/lr_default_0[0m    | [0;32;40m4.866839390160749e-06[0m |
|       [0;34;40mvalidate/loss[0m        |   [0;32;40m4.602855205535889[0m   |
|    [0;34;40mvalidate/loss_epoch[0m     |   [0;32;40m4.602855205535889[0m   |
|     [0;34;40mvalidate/pred_loss[0m     |   [0;32;40m0.4702887535095215[0m  |
|  [0;34;40mvalidate/pred_loss_epoch[0m  |   [0;32;40m0.4702887535095215[0m  |
|    [0;34;40mvalidate/probe_loss[0m     |   [0;32;40m0.3316326141357422[0m  |
| [0;34;40mvalidate/probe_loss_epoch[0m  |   [0;32;40m0.3316326141357422[0m  |
|    [0;34;40mvalidate/sigreg_loss[0m    |   [0;32;40m42.23253631591797[0m   |
| [0;34;40mvalidate/sigreg_loss_epoch[0m |   [0;32;40m42.23253631591797[0m   |
+----------------------------+-----------------------+
[Epoch 15/20] done in 193.7s
23:27:37 | INFO  | checkpoint_~|   Checking for non PyTorch modules to save
23:27:37 | INFO  | atomic_chec~| [atomic_save] → /data1/likun-share/junjxu/.cache_stable-pretraining/runs/20260605/223610/a0f7787b2d20/checkpoints/epoch=15-step=3248.ckpt
23:27:38 | INFO  | atomic_chec~| [atomic_save] ✓ epoch=15-step=3248.ckpt saved (206.8 MiB, serialise=0.82s write=0.46s rename=0.1ms)
23:27:38 | INFO  | checkpoint_~|   Checking for non PyTorch modules to save
23:27:38 | INFO  | atomic_chec~| [atomic_save] → /data1/likun-share/junjxu/.cache_stable-pretraining/runs/20260605/223610/a0f7787b2d20/checkpoints/last.ckpt
23:27:40 | INFO  | atomic_chec~| [atomic_save] ✓ last.ckpt saved (206.8 MiB, serialise=0.72s write=0.65s rename=226.8ms)
[Epoch 16/20] step 50/203 (1.2 it/s)
[Epoch 16/20] step 100/203 (1.3 it/s)
[Epoch 16/20] step 150/203 (1.4 it/s)
[Epoch 16/20] step 200/203 (1.5 it/s)
23:30:10 | INFO  | trainer_inf~| \n+----------------------------+------------------------+
|           Metric           |         Value          |
+----------------------------+------------------------+
|          [0;34;40mfit/loss[0m          |   [0;32;40m0.3440491259098053[0m   |
|       [0;34;40mfit/pred_loss[0m        |  [0;32;40m0.019981632009148598[0m  |
|       [0;34;40mfit/probe_loss[0m       |  [0;32;40m0.09066907316446304[0m   |
|      [0;34;40mfit/sigreg_loss[0m       |        [0;32;40m2.59375[0m         |
|    [0;34;40mhardware/cpu_percent[0m    |    [0;32;40m88.4000015258789[0m    |
|  [0;34;40mhardware/disk_read_mb_s[0m   |   [0;32;40m1.026240348815918[0m    |
|  [0;34;40mhardware/disk_write_mb_s[0m  |   [0;32;40m69.63946533203125[0m    |
|   [0;34;40mhardware/net_recv_mb_s[0m   |  [0;32;40m0.016326356679201126[0m  |
|   [0;34;40mhardware/net_sent_mb_s[0m   |  [0;32;40m0.014419606886804104[0m  |
|    [0;34;40mhardware/ram_used_gb[0m    |   [0;32;40m647.6721801757812[0m    |
|   [0;34;40mhardware/ram_used_pct[0m    |   [0;32;40m64.30000305175781[0m    |
|    [0;34;40mhparams/lr_default_0[0m    | [0;32;40m2.7783000859926688e-06[0m |
|       [0;34;40mvalidate/loss[0m        |   [0;32;40m7.430113792419434[0m    |
|    [0;34;40mvalidate/loss_epoch[0m     |   [0;32;40m7.430113792419434[0m    |
|     [0;34;40mvalidate/pred_loss[0m     |   [0;32;40m0.7237337827682495[0m   |
|  [0;34;40mvalidate/pred_loss_epoch[0m  |   [0;32;40m0.7237337827682495[0m   |
|    [0;34;40mvalidate/probe_loss[0m     |  [0;32;40m0.44286251068115234[0m   |
| [0;34;40mvalidate/probe_loss_epoch[0m  |  [0;32;40m0.44286251068115234[0m   |
|    [0;34;40mvalidate/sigreg_loss[0m    |   [0;32;40m69.61685180664062[0m    |
| [0;34;40mvalidate/sigreg_loss_epoch[0m |   [0;32;40m69.61685180664062[0m    |
+----------------------------+------------------------+
[Epoch 16/20] done in 150.0s
23:30:10 | INFO  | checkpoint_~|   Checking for non PyTorch modules to save
23:30:10 | INFO  | atomic_chec~| [atomic_save] → /data1/likun-share/junjxu/.cache_stable-pretraining/runs/20260605/223610/a0f7787b2d20/checkpoints/epoch=16-step=3451.ckpt
23:30:11 | INFO  | atomic_chec~| [atomic_save] ✓ epoch=16-step=3451.ckpt saved (206.8 MiB, serialise=0.51s write=0.33s rename=0.1ms)
23:30:11 | INFO  | checkpoint_~|   Checking for non PyTorch modules to save
23:30:11 | INFO  | atomic_chec~| [atomic_save] → /data1/likun-share/junjxu/.cache_stable-pretraining/runs/20260605/223610/a0f7787b2d20/checkpoints/last.ckpt
23:30:12 | INFO  | atomic_chec~| [atomic_save] ✓ last.ckpt saved (206.8 MiB, serialise=0.54s write=0.41s rename=68.9ms)
[Epoch 17/20] step 50/203 (1.9 it/s)
[Epoch 17/20] step 100/203 (2.3 it/s)
[Epoch 17/20] step 150/203 (2.6 it/s)
[Epoch 17/20] step 200/203 (2.9 it/s)
23:31:28 | INFO  | trainer_inf~| \n+----------------------------+-----------------------+
|           Metric           |         Value         |
+----------------------------+-----------------------+
|          [0;34;40mfit/loss[0m          |  [0;32;40m0.37341147661209106[0m  |
|       [0;34;40mfit/pred_loss[0m        |  [0;32;40m0.01842934638261795[0m  |
|       [0;34;40mfit/probe_loss[0m       |  [0;32;40m0.11572433263063431[0m  |
|      [0;34;40mfit/sigreg_loss[0m       |        [0;32;40m2.65625[0m        |
|    [0;34;40mhardware/cpu_percent[0m    |   [0;32;40m58.400001525878906[0m  |
|  [0;34;40mhardware/disk_read_mb_s[0m   |   [0;32;40m0.2186478078365326[0m  |
|  [0;34;40mhardware/disk_write_mb_s[0m  |   [0;32;40m130.7396697998047[0m   |
|   [0;34;40mhardware/net_recv_mb_s[0m   |  [0;32;40m0.014313873834908009[0m |
|   [0;34;40mhardware/net_sent_mb_s[0m   |  [0;32;40m0.013649282976984978[0m |
|    [0;34;40mhardware/ram_used_gb[0m    |   [0;32;40m262.12371826171875[0m  |
|   [0;34;40mhardware/ram_used_pct[0m    |          [0;32;40m26.0[0m         |
|    [0;34;40mhparams/lr_default_0[0m    | [0;32;40m1.247852651431458e-06[0m |
|       [0;34;40mvalidate/loss[0m        |   [0;32;40m3.787252426147461[0m   |
|    [0;34;40mvalidate/loss_epoch[0m     |   [0;32;40m3.787252426147461[0m   |
|     [0;34;40mvalidate/pred_loss[0m     |  [0;32;40m0.30448564887046814[0m  |
|  [0;34;40mvalidate/pred_loss_epoch[0m  |  [0;32;40m0.30448564887046814[0m  |
|    [0;34;40mvalidate/probe_loss[0m     |   [0;32;40m0.8385519981384277[0m  |
| [0;34;40mvalidate/probe_loss_epoch[0m  |   [0;32;40m0.8385519981384277[0m  |
|    [0;34;40mvalidate/sigreg_loss[0m    |   [0;32;40m29.37689781188965[0m   |
| [0;34;40mvalidate/sigreg_loss_epoch[0m |   [0;32;40m29.37689781188965[0m   |
+----------------------------+-----------------------+
[Epoch 17/20] done in 76.2s
23:31:28 | INFO  | checkpoint_~|   Checking for non PyTorch modules to save
23:31:28 | INFO  | atomic_chec~| [atomic_save] → /data1/likun-share/junjxu/.cache_stable-pretraining/runs/20260605/223610/a0f7787b2d20/checkpoints/epoch=17-step=3654.ckpt
23:31:29 | INFO  | atomic_chec~| [atomic_save] ✓ epoch=17-step=3654.ckpt saved (206.8 MiB, serialise=0.35s write=0.38s rename=0.0ms)
23:31:29 | INFO  | checkpoint_~|   Checking for non PyTorch modules to save
23:31:29 | INFO  | atomic_chec~| [atomic_save] → /data1/likun-share/junjxu/.cache_stable-pretraining/runs/20260605/223610/a0f7787b2d20/checkpoints/last.ckpt
23:31:30 | INFO  | atomic_chec~| [atomic_save] ✓ last.ckpt saved (206.8 MiB, serialise=0.41s write=0.28s rename=47.2ms)
[Epoch 18/20] step 50/203 (3.4 it/s)
[Epoch 18/20] step 100/203 (3.4 it/s)
[Epoch 18/20] step 150/203 (3.5 it/s)
[Epoch 18/20] step 200/203 (3.5 it/s)
23:32:35 | INFO  | trainer_inf~| \n+----------------------------+------------------------+
|           Metric           |         Value          |
+----------------------------+------------------------+
|          [0;34;40mfit/loss[0m          |  [0;32;40m0.30000126361846924[0m   |
|       [0;34;40mfit/pred_loss[0m        |  [0;32;40m0.01811838522553444[0m   |
|       [0;34;40mfit/probe_loss[0m       |   [0;32;40m0.0768047645688057[0m   |
|      [0;34;40mfit/sigreg_loss[0m       |        [0;32;40m2.28125[0m         |
|    [0;34;40mhardware/cpu_percent[0m    |   [0;32;40m71.69999694824219[0m    |
|  [0;34;40mhardware/disk_read_mb_s[0m   |  [0;32;40m0.006636998616158962[0m  |
|  [0;34;40mhardware/disk_write_mb_s[0m  |   [0;32;40m44.62952423095703[0m    |
|   [0;34;40mhardware/net_recv_mb_s[0m   |  [0;32;40m0.013668984174728394[0m  |
|   [0;34;40mhardware/net_sent_mb_s[0m   |  [0;32;40m0.013030752539634705[0m  |
|    [0;34;40mhardware/ram_used_gb[0m    |      [0;32;40m81.083984375[0m      |
|   [0;34;40mhardware/ram_used_pct[0m    |          [0;32;40m8.0[0m           |
|    [0;34;40mhparams/lr_default_0[0m    | [0;32;40m3.1393423682857247e-07[0m |
|       [0;34;40mvalidate/loss[0m        |   [0;32;40m1.613946557044983[0m    |
|    [0;34;40mvalidate/loss_epoch[0m     |   [0;32;40m1.613946557044983[0m    |
|     [0;34;40mvalidate/pred_loss[0m     |   [0;32;40m0.103018619120121[0m    |
|  [0;34;40mvalidate/pred_loss_epoch[0m  |   [0;32;40m0.103018619120121[0m    |
|    [0;34;40mvalidate/probe_loss[0m     |   [0;32;40m0.5565458536148071[0m   |
| [0;34;40mvalidate/probe_loss_epoch[0m  |   [0;32;40m0.5565458536148071[0m   |
|    [0;34;40mvalidate/sigreg_loss[0m    |   [0;32;40m10.609746932983398[0m   |
| [0;34;40mvalidate/sigreg_loss_epoch[0m |   [0;32;40m10.609746932983398[0m   |
+----------------------------+------------------------+
[Epoch 18/20] done in 65.2s
23:32:35 | INFO  | checkpoint_~|   Checking for non PyTorch modules to save
23:32:35 | INFO  | atomic_chec~| [atomic_save] → /data1/likun-share/junjxu/.cache_stable-pretraining/runs/20260605/223610/a0f7787b2d20/checkpoints/epoch=18-step=3857.ckpt
23:32:36 | INFO  | atomic_chec~| [atomic_save] ✓ epoch=18-step=3857.ckpt saved (206.8 MiB, serialise=0.60s write=0.34s rename=0.1ms)
23:32:36 | INFO  | checkpoint_~|   Checking for non PyTorch modules to save
23:32:36 | INFO  | atomic_chec~| [atomic_save] → /data1/likun-share/junjxu/.cache_stable-pretraining/runs/20260605/223610/a0f7787b2d20/checkpoints/last.ckpt
23:32:37 | INFO  | atomic_chec~| [atomic_save] ✓ last.ckpt saved (206.8 MiB, serialise=0.54s write=0.35s rename=55.2ms)
[Epoch 19/20] step 50/203 (3.4 it/s)
[Epoch 19/20] step 100/203 (3.9 it/s)
[Epoch 19/20] step 150/203 (4.2 it/s)
[Epoch 19/20] step 200/203 (4.7 it/s)
23:33:24 | INFO  | trainer_inf~| \n+----------------------------+----------------------+
|           Metric           |        Value         |
+----------------------------+----------------------+
|          [0;34;40mfit/loss[0m          | [0;32;40m0.29586926102638245[0m  |
|       [0;34;40mfit/pred_loss[0m        | [0;32;40m0.017792118713259697[0m |
|       [0;34;40mfit/probe_loss[0m       |  [0;32;40m0.0544443242251873[0m  |
|      [0;34;40mfit/sigreg_loss[0m       |       [0;32;40m2.484375[0m       |
|    [0;34;40mhardware/cpu_percent[0m    |  [0;32;40m21.299999237060547[0m  |
|  [0;34;40mhardware/disk_read_mb_s[0m   | [0;32;40m0.17494745552539825[0m  |
|  [0;34;40mhardware/disk_write_mb_s[0m  |  [0;32;40m1.9189549684524536[0m  |
|   [0;34;40mhardware/net_recv_mb_s[0m   | [0;32;40m0.013376128859817982[0m |
|   [0;34;40mhardware/net_sent_mb_s[0m   | [0;32;40m0.012756045907735825[0m |
|    [0;34;40mhardware/ram_used_gb[0m    |  [0;32;40m67.16917419433594[0m   |
|   [0;34;40mhardware/ram_used_pct[0m    |  [0;32;40m6.699999809265137[0m   |
|    [0;34;40mhparams/lr_default_0[0m    |         [0;32;40m0.0[0m          |
|       [0;34;40mvalidate/loss[0m        |  [0;32;40m0.3505202829837799[0m  |
|    [0;34;40mvalidate/loss_epoch[0m     |  [0;32;40m0.3505202829837799[0m  |
|     [0;34;40mvalidate/pred_loss[0m     | [0;32;40m0.014130856841802597[0m |
|  [0;34;40mvalidate/pred_loss_epoch[0m  | [0;32;40m0.014130856841802597[0m |
|    [0;34;40mvalidate/probe_loss[0m     | [0;32;40m0.07025439292192459[0m  |
| [0;34;40mvalidate/probe_loss_epoch[0m  | [0;32;40m0.07025439292192459[0m  |
|    [0;34;40mvalidate/sigreg_loss[0m    |  [0;32;40m2.955911636352539[0m   |
| [0;34;40mvalidate/sigreg_loss_epoch[0m |  [0;32;40m2.955911636352539[0m   |
+----------------------------+----------------------+
[Epoch 19/20] done in 47.0s
23:33:24 | INFO  | checkpoint_~|   Checking for non PyTorch modules to save
23:33:24 | INFO  | atomic_chec~| [atomic_save] → /data1/likun-share/junjxu/.cache_stable-pretraining/runs/20260605/223610/a0f7787b2d20/checkpoints/epoch=19-step=4060.ckpt
23:33:24 | INFO  | atomic_chec~| [atomic_save] ✓ epoch=19-step=4060.ckpt saved (206.8 MiB, serialise=0.24s write=0.19s rename=0.0ms)
23:33:24 | INFO  | checkpoint_~|   Checking for non PyTorch modules to save
23:33:24 | INFO  | atomic_chec~| [atomic_save] → /data1/likun-share/junjxu/.cache_stable-pretraining/runs/20260605/223610/a0f7787b2d20/checkpoints/last.ckpt
23:33:25 | INFO  | atomic_chec~| [atomic_save] ✓ last.ckpt saved (206.8 MiB, serialise=0.24s write=0.19s rename=25.6ms)
`Trainer.fit` stopped: `max_epochs=20` reached.
23:33:25 | OK    | env_info.py | ✓ Git: main @ e17f3b3f
23:33:25 | INFO  | env_info.py |   Remote: git@github.com-xuustc99:XuUSTC99/wm.git
23:33:25 | WARN  | env_info.py | ! Working directory has uncommitted changes
23:33:25 | OK    | env_info.py | ✓ Environment: 4 relevant variables captured
23:33:25 | INFO  | env_info.py |   Serializing environment data...
23:33:25 | INFO  | env_info.py |   File exists, using version 70: environment_v70.json
23:33:25 | INFO  | env_info.py |   File exists, using version 70: requirements_frozen_v70.txt
23:33:25 | INFO  | env_info.py |   Save directory: /home/likun-share/.cache/stable-pretraining
23:33:25 | INFO  | env_info.py |   Writing environment to temp file...
23:33:25 | INFO  | env_info.py |   Moving to: environment_v70.json
23:33:25 | OK    | env_info.py | ✓ Environment file saved (2.8 KB)
23:33:25 | OK    | env_info.py | ✓ Requirements file saved (0.1 KB)
Epoch 19/19 ━━━━━━━━━━━━━━━━━━━━━━━━━━━━━━━ 203/203 0:00:43 • 0:00:00 5.34it/s 
23:33:25 | INFO  | utils.py    | ── SignalHandlers (after Trainer.fit() returned) ──
23:33:25 | INFO  | manager.py  |   SIGUSR1  → SIG_DFL (default OS action — terminate process)
23:33:25 | INFO  | manager.py  |   SIGUSR2  → SIG_DFL (default OS action — terminate process)
23:33:25 | INFO  | manager.py  |   SIGCONT  → SIG_DFL (default OS action — terminate process)
23:33:25 | INFO  | manager.py  |   SIGTERM  → SIG_DFL (default OS action — terminate process)
