22:35:46 | INFO  | __init__.py | PyTorch version 2.9.1+cu128 available.
22:35:46 | INFO  | __init__.py | JAX version 0.6.2 available.
22:35:51 | INFO  | atomic_chec~| [atomic_save] installed crash-safe checkpoint plugin (write to sibling .tmp + fsync + atomic rename)
[2026-06-05 22:36:04,590][root][INFO] - Cached 'pixels' from '/data1/likun-share/junjxu/.stable_worldmodel/datasets/phyworld_collision_id1k.h5'
[2026-06-05 22:36:04,592][root][INFO] - Cached 'action' from '/data1/likun-share/junjxu/.stable_worldmodel/datasets/phyworld_collision_id1k.h5'
[2026-06-05 22:36:04,593][root][INFO] - Cached 'proprio' from '/data1/likun-share/junjxu/.stable_worldmodel/datasets/phyworld_collision_id1k.h5'
[2026-06-05 22:36:04,640][root][INFO] - Cached 'state' from '/data1/likun-share/junjxu/.stable_worldmodel/datasets/phyworld_collision_id1k.h5'
22:36:06 | INFO  | utils.py    | Created ViT-tiny from scratch with config: {'hidden_size': 192, 'num_hidden_layers': 12, 'num_attention_heads': 3, 'intermediate_size': 768, 'image_size': 224, 'patch_size': 14}
[init_from_ckpt] /data1/likun-share/junjxu/.stable_worldmodel/lewm_paper_pusht/weights.pt
[init_from_ckpt] prefixes=('encoder.', 'projector.', 'pred_proj.') loaded=24 unexpected=192 missing=281
[init_from_ckpt] first unexpected: ['encoder.encoder.layer.0.attention.attention.query.weight', 'encoder.encoder.layer.0.attention.attention.query.bias', 'encoder.encoder.layer.0.attention.attention.key.weight']
22:36:07 | INFO  | module.py   | Setting up DataModule
22:36:07 | INFO  | utils.py    | ── Module ────────────────────────────────────────
22:36:07 | WARN  | module.py   | ! No hyperparameters provided - hyperparameter logging is disabled.
22:36:07 | INFO  | module.py   |   Setting custom forward method.
22:36:07 | INFO  | module.py   |   Setting attribute: self.model = <class 'jepa.JEPA'>
22:36:07 | INFO  | module.py   |   Setting attribute: self.sigreg = <class 'module.SIGReg'>
22:36:07 | INFO  | module.py   |   Setting attribute: self.optim = <class 'dict'>
22:36:07 | INFO  | module.py   |   No metrics configuration provided - automatic metric tracking is disabled.
/home/likun-share/junjxu/wm/le-wm/.venv/lib/python3.10/site-packages/lightning/fabric/connector.py:571: `precision=bf16` is supported for historical reasons but its usage is discouraged. Please set your precision to bf16-mixed instead!
Using bfloat16 Automatic Mixed Precision (AMP)
22:36:10 | INFO  | env_info.py |   EnvironmentDumpCallback initialized (filename=environment.json, async=True)
22:36:10 | INFO  | utils.py    | ── HuggingFaceCheckpoint ─────────────────────────
22:36:10 | INFO  | hf_models.py|   save_dir: <cyan>hf_exports</cyan>
22:36:10 | INFO  | hf_models.py|   per_step: <cyan>False</cyan>  (False ⇒ overwrite single 'last/' subdir; True ⇒ keep step_N/)
Adding 14 callbacks from entry point 'stablepretraining_callbacks': PrintProgressBar, ModuleRegistryCallback, LoggingCallback, EnvironmentDumpCallback, TrainerInfo, SklearnCheckpoint, WandbCheckpoint, TrackioCheckpoint, SwanLabCheckpoint, ModuleSummary, SLURMInfo, LogUnusedParametersOnce, HuggingFaceCheckpointCallback, HardwareMonitor
GPU available: True (cuda), used: True
TPU available: False, using: 0 TPU cores
💡 Tip: For seamless cloud logging and experiment tracking, try installing [litlogger](https://pypi.org/project/litlogger/) to enable LitLogger, which logs metrics and artifacts automatically to the Lightning Experiments platform.
22:36:10 | INFO  | utils.py    | ── SIGTERM preempt handler — install ─────────────
22:36:10 | INFO  | manager.py  |   SLURM_JOB_ID         = None
22:36:10 | INFO  | manager.py  |   SLURM_RESTART_COUNT  = '0'
22:36:10 | INFO  | manager.py  |   SLURM_PROCID         = '?'
22:36:10 | INFO  | manager.py  |   SLURM_NODEID         = '?'
22:36:10 | INFO  | manager.py  |   → not under SLURM (SLURM_JOB_ID unset); leaving SIGTERM handler as-is. Forwarding to submitit's USR signal would be a no-op since submitit isn't running upstream.
22:36:10 | WARN  | manager.py  | User didn't specify seed, runs won't be exactly reproducible!
22:36:10 | INFO  | manager.py  |   Manager init: ckpt_path=None, weights_only=True
22:36:10 | INFO  | utils.py    | ── WorkingDirectory ──────────────────────────────
22:36:10 | INFO  | manager.py  |   cwd: /home/likun-share/junjxu/wm/le-wm
22:36:10 | INFO  | utils.py    | ── Seed ──────────────────────────────────────────
22:36:10 | INFO  | manager.py  |   seed: None
/home/likun-share/junjxu/wm/le-wm/.venv/lib/python3.10/site-packages/lightning/fabric/utilities/seed.py:44: No seed found, seed set to 0
Seed set to 0
22:36:10 | INFO  | utils.py    | ── RunDirectory ──────────────────────────────────
22:36:10 | INFO  | manager.py  |   cache_dir = /data1/likun-share/junjxu/.cache_stable-pretraining
22:36:10 | INFO  | manager.py  |   ddp: launch_key=(single-process) rank=0 is_rank_zero=True
22:36:10 | INFO  | utils.py    | ── RunDirectory: requeue probe ───────────────────
22:36:10 | INFO  | manager.py  |   SLURM session key   = (no SLURM)
22:36:10 | INFO  | manager.py  |   SLURM_RESTART_COUNT = 0
22:36:10 | INFO  | manager.py  |   in_requeue          = False
22:36:10 | INFO  | utils.py    | ── RunDirectory: fresh ───────────────────────────
22:36:10 | INFO  | manager.py  |   no user ckpt_path — training from scratch / pretrained backbone.
22:36:10 | INFO  | manager.py  |   created run_dir = /data1/likun-share/junjxu/.cache_stable-pretraining/runs/20260605/223610/f193196b593a
22:36:10 | INFO  | manager.py  |   wrote run_meta.json with run_id=f193196b593a
22:36:10 | INFO  | manager.py  |   SLURM index = (no SLURM, skipped)
22:36:10 | WARN  | manager.py  | ! cache_dir is set but the Trainer was passed as an already-instantiated object. Cannot override default_root_dir cleanly. Consider passing the trainer as a config dict instead.
22:36:10 | WARN  | manager.py  | ! Hydra run.dir='outputs/2026-06-05/22-35-51' will be ignored for trainer outputs (cache_dir takes precedence).
22:36:10 | WARN  | manager.py  | ! Hydra sweep.dir='multirun/2026-06-05/22-35-51' will be ignored for trainer outputs (cache_dir takes precedence).
22:36:10 | INFO  | logger.py   | [RegistryLogger] run_id=f193196b593a run_dir=/data1/likun-share/junjxu/.cache_stable-pretraining/runs/20260605/223610/f193196b593a — sidecar.json + summary.json + metrics.csv will live here
22:36:10 | INFO  | utils.py    | ── RegistryLogger ────────────────────────────────
22:36:10 | INFO  | manager.py  |   run_dir: /data1/likun-share/junjxu/.cache_stable-pretraining/runs/20260605/223610/f193196b593a
22:36:10 | INFO  | manager.py  |   run_id:  f193196b593a
22:36:10 | INFO  | utils.py    | ── CSVLogger ─────────────────────────────────────
22:36:10 | INFO  | manager.py  |   root_dir: /data1/likun-share/junjxu/.cache_stable-pretraining/runs/20260605/223610/f193196b593a/
22:36:10 | INFO  | manager.py  |   save_dir: /data1/likun-share/junjxu/.cache_stable-pretraining/runs/20260605/223610/f193196b593a
22:36:10 | INFO  | manager.py  |   log_dir: /data1/likun-share/junjxu/.cache_stable-pretraining/runs/20260605/223610/f193196b593a/
22:36:10 | INFO  | utils.py    | ── SignalHandlers (after submitit setup (spt SIGTERM installed in __init__)) ──
22:36:10 | INFO  | manager.py  |   SIGUSR1  → SIG_DFL (default OS action — terminate process)
22:36:10 | INFO  | manager.py  |   SIGUSR2  → SIG_DFL (default OS action — terminate process)
22:36:10 | INFO  | manager.py  |   SIGCONT  → SIG_DFL (default OS action — terminate process)
22:36:10 | INFO  | manager.py  |   SIGTERM  → SIG_DFL (default OS action — terminate process)
22:36:10 | INFO  | utils.py    | ── Callbacks ─────────────────────────────────────
22:36:10 | INFO  | manager.py  |   count: 19
22:36:10 | INFO  | utils.py    | ── CacheDirCheckpointing ─────────────────────────
22:36:10 | INFO  | manager.py  |   Saving checkpoints to: /data1/likun-share/junjxu/.cache_stable-pretraining/runs/20260605/223610/f193196b593a/checkpoints
22:36:10 | WARN  | manager.py  |   Redirecting HuggingFaceCheckpointCallback from 'hf_exports' to '/data1/likun-share/junjxu/.cache_stable-pretraining/runs/20260605/223610/f193196b593a/hf_exports' (cache_dir is active — prevents races on a shared cache)
22:36:10 | INFO  | manager.py  |   Added requeue checkpoint (filename='last')
22:36:10 | INFO  | utils.py    | ── LoadPath resolution ───────────────────────────
22:36:10 | INFO  | manager.py  |   in_requeue = False
22:36:10 | INFO  | manager.py  |   user ckpt_path = None
22:36:10 | INFO  | manager.py  |   user weights_only = True
22:36:10 | INFO  | manager.py  |   → no ckpt_path; training from scratch.
22:36:10 | INFO  | utils.py    | ── TrainerFit ────────────────────────────────────
22:36:10 | INFO  | manager.py  |   ckpt_path:     None
22:36:10 | INFO  | manager.py  |   weights_only:  None
22:36:10 | INFO  | utils.py    | ── SignalHandlers (before Trainer.fit() (handler installed in __init__)) ──
22:36:10 | INFO  | manager.py  |   SIGUSR1  → SIG_DFL (default OS action — terminate process)
22:36:10 | INFO  | manager.py  |   SIGUSR2  → SIG_DFL (default OS action — terminate process)
22:36:10 | INFO  | manager.py  |   SIGCONT  → SIG_DFL (default OS action — terminate process)
22:36:10 | INFO  | manager.py  |   SIGTERM  → SIG_DFL (default OS action — terminate process)
22:36:10 | INFO  | manager.py  |   → entering Trainer.fit(); lightning's _SignalConnector will now register its own handlers. SIGTERM will become _HandlersCompose([_sigterm_notifier_fn, _sigterm_handler_fn, spt._handler]); USR-sig binding from submitit is preserved (lightning skips USR registration when one already exists).
💡 Tip: For seamless cloud uploads and versioning, try installing [litmodels](https://pypi.org/project/litmodels/) to enable LitModelCheckpoint, which syncs automatically with the Lightning model registry.
You are using a CUDA device ('NVIDIA A800-SXM4-80GB') that has Tensor Cores. To properly utilize them, you should set `torch.set_float32_matmul_precision('medium' | 'high')` which will trade-off precision for performance. For more details, read https://pytorch.org/docs/stable/generated/torch.set_float32_matmul_precision.html#torch.set_float32_matmul_precision
22:36:18 | OK    | module.py   | ✓ dataset for fit loaded
22:36:18 | INFO  | module.py   |   setup was done by user
22:36:18 | INFO  | utils.py    | ── EnvironmentDump ───────────────────────────────
22:36:18 | INFO  | env_info.py |   log_dir: /home/likun-share/.cache/stable-pretraining
22:36:18 | INFO  | env_info.py |   Running environment dump in background thread (non-blocking)
22:36:18 | INFO  | env_info.py |   Collecting environment information...
22:36:18 | OK    | env_info.py | ✓ Background thread started successfully
22:36:18 | OK    | env_info.py | ✓ Python 3.10.12
22:36:18 | INFO  | trainer_inf~|   linking trainer to DataModule
22:36:18 | OK    | env_info.py | ✓ System: Linux 5.15.0-113-generic (x86_64)
22:36:18 | INFO  | utils.py    | ── Callbacks (in order) ──────────────────────────
22:36:18 | INFO  | env_info.py |   Hostname: 10-116-90-13
22:36:18 | INFO  | utils.py    |     [ 0] ModelObjectCallBack
22:36:18 | INFO  | utils.py    |     [ 1] RichProgressBar
22:36:18 | INFO  | utils.py    |     [ 2] RichModelSummary
22:36:18 | INFO  | utils.py    |     [ 3] PrintProgressBar
22:36:18 | INFO  | utils.py    |     [ 4] ModuleRegistryCallback
22:36:18 | INFO  | utils.py    |     [ 5] LoggingCallback
22:36:18 | INFO  | utils.py    |     [ 6] EnvironmentDumpCallback
22:36:18 | INFO  | utils.py    |     [ 7] TrainerInfo
22:36:18 | INFO  | utils.py    |     [ 8] SklearnCheckpoint
22:36:18 | INFO  | utils.py    |     [ 9] WandbCheckpoint
22:36:18 | INFO  | utils.py    |     [10] TrackioCheckpoint
22:36:18 | INFO  | utils.py    |     [11] SwanLabCheckpoint
22:36:18 | INFO  | utils.py    |     [12] ModuleSummary
22:36:18 | INFO  | utils.py    |     [13] SLURMInfo
22:36:18 | INFO  | utils.py    |     [14] LogUnusedParametersOnce
22:36:18 | INFO  | utils.py    |     [15] HuggingFaceCheckpointCallback
22:36:18 | INFO  | utils.py    |     [16] HardwareMonitor
22:36:18 | INFO  | utils.py    |     [17] ModelCheckpoint
22:36:18 | INFO  | utils.py    |     [18] _RunDirCallback
22:36:18 | INFO  | utils.py    |     [19] ModelCheckpoint
22:36:18 | INFO  | utils.py    |   ⚑ marks order-sensitive callbacks; see AGENTS.md → Callback ordering for the full rules.
22:36:18 | INFO  | utils.py    | ── SklearnCheckpoint ─────────────────────────────
22:36:18 | INFO  | checkpoint_~|   Sklearn Modules:
22:36:18 | INFO  | checkpoint_~| 
┏━━━━━━━━━━┳━━━━━━━━┳━━━━━━━━┓
┃ Module   ┃ Name   ┃ Type   ┃
┣━━━━━━━━━━╋━━━━━━━━╋━━━━━━━━┫
┗━━━━━━━━━━┻━━━━━━━━┻━━━━━━━━┛
22:36:18 | INFO  | utils.py    | ── WandbCheckpoint ───────────────────────────────
22:36:18 | INFO  | utils.py    | ── TrackioCheckpoint ─────────────────────────────
22:36:18 | INFO  | utils.py    | ── SwanLabCheckpoint ─────────────────────────────
22:36:18 | INFO  | utils.py    | ── PyTorch Modules ───────────────────────────────
22:36:18 | WARN  | module.py   | ! You are calling self.parameters which also gives callbacks parameters, to remove them, pass `with_callbacks=False`
22:36:18 | INFO  | trainer_inf~| \n+---------------------------------------------------------+----------------------+--------------------------+--------------------------+---------+
| Module                                                  | Trainable parameters | Non Trainable parameters | Uninitialized parameters | Buffers |
+---------------------------------------------------------+----------------------+--------------------------+--------------------------+---------+
|                                                         |             18037498 |                        0 |                        0 |    8245 |
| callbacks_modules                                       |                    0 |                        0 |                        0 |       0 |
| callbacks_metrics                                       |                    0 |                        0 |                        0 |       0 |
| model                                                   |             18037498 |                        0 |                        0 |    8194 |
| model.encoder                                           |              5501376 |                        0 |                        0 |       0 |
| model.encoder.embeddings                                |               162624 |                        0 |                        0 |       0 |
| model.encoder.embeddings.patch_embeddings               |               113088 |                        0 |                        0 |       0 |
| model.encoder.embeddings.patch_embeddings.projection    |               113088 |                        0 |                        0 |       0 |
| model.encoder.embeddings.dropout                        |                    0 |                        0 |                        0 |       0 |
| model.encoder.layers                                    |              5338368 |                        0 |                        0 |       0 |
| model.encoder.layers.0                                  |               444864 |                        0 |                        0 |       0 |
| model.encoder.layers.0.attention                        |               148224 |                        0 |                        0 |       0 |
| model.encoder.layers.0.attention.q_proj                 |                37056 |                        0 |                        0 |       0 |
| model.encoder.layers.0.attention.k_proj                 |                37056 |                        0 |                        0 |       0 |
| model.encoder.layers.0.attention.v_proj                 |                37056 |                        0 |                        0 |       0 |
| model.encoder.layers.0.attention.o_proj                 |                37056 |                        0 |                        0 |       0 |
| model.encoder.layers.0.layernorm_before                 |                  384 |                        0 |                        0 |       0 |
| model.encoder.layers.0.layernorm_after                  |                  384 |                        0 |                        0 |       0 |
| model.encoder.layers.0.mlp                              |               295872 |                        0 |                        0 |       0 |
| model.encoder.layers.0.mlp.activation_fn                |                    0 |                        0 |                        0 |       0 |
| model.encoder.layers.0.mlp.fc1                          |               148224 |                        0 |                        0 |       0 |
| model.encoder.layers.0.mlp.fc2                          |               147648 |                        0 |                        0 |       0 |
| model.encoder.layers.0.dropout                          |                    0 |                        0 |                        0 |       0 |
| model.encoder.layers.1                                  |               444864 |                        0 |                        0 |       0 |
| model.encoder.layers.1.attention                        |               148224 |                        0 |                        0 |       0 |
| model.encoder.layers.1.attention.q_proj                 |                37056 |                        0 |                        0 |       0 |
| model.encoder.layers.1.attention.k_proj                 |                37056 |                        0 |                        0 |       0 |
| model.encoder.layers.1.attention.v_proj                 |                37056 |                        0 |                        0 |       0 |
| model.encoder.layers.1.attention.o_proj                 |                37056 |                        0 |                        0 |       0 |
| model.encoder.layers.1.layernorm_before                 |                  384 |                        0 |                        0 |       0 |
| model.encoder.layers.1.layernorm_after                  |                  384 |                        0 |                        0 |       0 |
| model.encoder.layers.1.mlp                              |               295872 |                        0 |                        0 |       0 |
| model.encoder.layers.1.mlp.activation_fn                |                    0 |                        0 |                        0 |       0 |
| model.encoder.layers.1.mlp.fc1                          |               148224 |                        0 |                        0 |       0 |
| model.encoder.layers.1.mlp.fc2                          |               147648 |                        0 |                        0 |       0 |
| model.encoder.layers.1.dropout                          |                    0 |                        0 |                        0 |       0 |
| model.encoder.layers.2                                  |               444864 |                        0 |                        0 |       0 |
| model.encoder.layers.2.attention                        |               148224 |                        0 |                        0 |       0 |
| model.encoder.layers.2.attention.q_proj                 |                37056 |                        0 |                        0 |       0 |
| model.encoder.layers.2.attention.k_proj                 |                37056 |                        0 |                        0 |       0 |
| model.encoder.layers.2.attention.v_proj                 |                37056 |                        0 |                        0 |       0 |
| model.encoder.layers.2.attention.o_proj                 |                37056 |                        0 |                        0 |       0 |
| model.encoder.layers.2.layernorm_before                 |                  384 |                        0 |                        0 |       0 |
| model.encoder.layers.2.layernorm_after                  |                  384 |                        0 |                        0 |       0 |
| model.encoder.layers.2.mlp                              |               295872 |                        0 |                        0 |       0 |
| model.encoder.layers.2.mlp.activation_fn                |                    0 |                        0 |                        0 |       0 |
| model.encoder.layers.2.mlp.fc1                          |               148224 |                        0 |                        0 |       0 |
| model.encoder.layers.2.mlp.fc2                          |               147648 |                        0 |                        0 |       0 |
| model.encoder.layers.2.dropout                          |                    0 |                        0 |                        0 |       0 |
| model.encoder.layers.3                                  |               444864 |                        0 |                        0 |       0 |
| model.encoder.layers.3.attention                        |               148224 |                        0 |                        0 |       0 |
| model.encoder.layers.3.attention.q_proj                 |                37056 |                        0 |                        0 |       0 |
| model.encoder.layers.3.attention.k_proj                 |                37056 |                        0 |                        0 |       0 |
| model.encoder.layers.3.attention.v_proj                 |                37056 |                        0 |                        0 |       0 |
| model.encoder.layers.3.attention.o_proj                 |                37056 |                        0 |                        0 |       0 |
| model.encoder.layers.3.layernorm_before                 |                  384 |                        0 |                        0 |       0 |
| model.encoder.layers.3.layernorm_after                  |                  384 |                        0 |                        0 |       0 |
| model.encoder.layers.3.mlp                              |               295872 |                        0 |                        0 |       0 |
| model.encoder.layers.3.mlp.activation_fn                |                    0 |                        0 |                        0 |       0 |
| model.encoder.layers.3.mlp.fc1                          |               148224 |                        0 |                        0 |       0 |
| model.encoder.layers.3.mlp.fc2                          |               147648 |                        0 |                        0 |       0 |
| model.encoder.layers.3.dropout                          |                    0 |                        0 |                        0 |       0 |
| model.encoder.layers.4                                  |               444864 |                        0 |                        0 |       0 |
| model.encoder.layers.4.attention                        |               148224 |                        0 |                        0 |       0 |
| model.encoder.layers.4.attention.q_proj                 |                37056 |                        0 |                        0 |       0 |
| model.encoder.layers.4.attention.k_proj                 |                37056 |                        0 |                        0 |       0 |
| model.encoder.layers.4.attention.v_proj                 |                37056 |                        0 |                        0 |       0 |
| model.encoder.layers.4.attention.o_proj                 |                37056 |                        0 |                        0 |       0 |
| model.encoder.layers.4.layernorm_before                 |                  384 |                        0 |                        0 |       0 |
| model.encoder.layers.4.layernorm_after                  |                  384 |                        0 |                        0 |       0 |
| model.encoder.layers.4.mlp                              |               295872 |                        0 |                        0 |       0 |
| model.encoder.layers.4.mlp.activation_fn                |                    0 |                        0 |                        0 |       0 |
| model.encoder.layers.4.mlp.fc1                          |               148224 |                        0 |                        0 |       0 |
| model.encoder.layers.4.mlp.fc2                          |               147648 |                        0 |                        0 |       0 |
| model.encoder.layers.4.dropout                          |                    0 |                        0 |                        0 |       0 |
| model.encoder.layers.5                                  |               444864 |                        0 |                        0 |       0 |
| model.encoder.layers.5.attention                        |               148224 |                        0 |                        0 |       0 |
| model.encoder.layers.5.attention.q_proj                 |                37056 |                        0 |                        0 |       0 |
| model.encoder.layers.5.attention.k_proj                 |                37056 |                        0 |                        0 |       0 |
| model.encoder.layers.5.attention.v_proj                 |                37056 |                        0 |                        0 |       0 |
| model.encoder.layers.5.attention.o_proj                 |                37056 |                        0 |                        0 |       0 |
| model.encoder.layers.5.layernorm_before                 |                  384 |                        0 |                        0 |       0 |
| model.encoder.layers.5.layernorm_after                  |                  384 |                        0 |                        0 |       0 |
| model.encoder.layers.5.mlp                              |               295872 |                        0 |                        0 |       0 |
| model.encoder.layers.5.mlp.activation_fn                |                    0 |                        0 |                        0 |       0 |
| model.encoder.layers.5.mlp.fc1                          |               148224 |                        0 |                        0 |       0 |
| model.encoder.layers.5.mlp.fc2                          |               147648 |                        0 |                        0 |       0 |
| model.encoder.layers.5.dropout                          |                    0 |                        0 |                        0 |       0 |
| model.encoder.layers.6                                  |               444864 |                        0 |                        0 |       0 |
| model.encoder.layers.6.attention                        |               148224 |                        0 |                        0 |       0 |
| model.encoder.layers.6.attention.q_proj                 |                37056 |                        0 |                        0 |       0 |
| model.encoder.layers.6.attention.k_proj                 |                37056 |                        0 |                        0 |       0 |
| model.encoder.layers.6.attention.v_proj                 |                37056 |                        0 |                        0 |       0 |
| model.encoder.layers.6.attention.o_proj                 |                37056 |                        0 |                        0 |       0 |
| model.encoder.layers.6.layernorm_before                 |                  384 |                        0 |                        0 |       0 |
| model.encoder.layers.6.layernorm_after                  |                  384 |                        0 |                        0 |       0 |
| model.encoder.layers.6.mlp                              |               295872 |                        0 |                        0 |       0 |
| model.encoder.layers.6.mlp.activation_fn                |                    0 |                        0 |                        0 |       0 |
| model.encoder.layers.6.mlp.fc1                          |               148224 |                        0 |                        0 |       0 |
| model.encoder.layers.6.mlp.fc2                          |               147648 |                        0 |                        0 |       0 |
| model.encoder.layers.6.dropout                          |                    0 |                        0 |                        0 |       0 |
| model.encoder.layers.7                                  |               444864 |                        0 |                        0 |       0 |
| model.encoder.layers.7.attention                        |               148224 |                        0 |                        0 |       0 |
| model.encoder.layers.7.attention.q_proj                 |                37056 |                        0 |                        0 |       0 |
| model.encoder.layers.7.attention.k_proj                 |                37056 |                        0 |                        0 |       0 |
| model.encoder.layers.7.attention.v_proj                 |                37056 |                        0 |                        0 |       0 |
| model.encoder.layers.7.attention.o_proj                 |                37056 |                        0 |                        0 |       0 |
| model.encoder.layers.7.layernorm_before                 |                  384 |                        0 |                        0 |       0 |
| model.encoder.layers.7.layernorm_after                  |                  384 |                        0 |                        0 |       0 |
| model.encoder.layers.7.mlp                              |               295872 |                        0 |                        0 |       0 |
| model.encoder.layers.7.mlp.activation_fn                |                    0 |                        0 |                        0 |       0 |
| model.encoder.layers.7.mlp.fc1                          |               148224 |                        0 |                        0 |       0 |
| model.encoder.layers.7.mlp.fc2                          |               147648 |                        0 |                        0 |       0 |
| model.encoder.layers.7.dropout                          |                    0 |                        0 |                        0 |       0 |
| model.encoder.layers.8                                  |               444864 |                        0 |                        0 |       0 |
| model.encoder.layers.8.attention                        |               148224 |                        0 |                        0 |       0 |
| model.encoder.layers.8.attention.q_proj                 |                37056 |                        0 |                        0 |       0 |
| model.encoder.layers.8.attention.k_proj                 |                37056 |                        0 |                        0 |       0 |
| model.encoder.layers.8.attention.v_proj                 |                37056 |                        0 |                        0 |       0 |
| model.encoder.layers.8.attention.o_proj                 |                37056 |                        0 |                        0 |       0 |
| model.encoder.layers.8.layernorm_before                 |                  384 |                        0 |                        0 |       0 |
| model.encoder.layers.8.layernorm_after                  |                  384 |                        0 |                        0 |       0 |
| model.encoder.layers.8.mlp                              |               295872 |                        0 |                        0 |       0 |
| model.encoder.layers.8.mlp.activation_fn                |                    0 |                        0 |                        0 |       0 |
| model.encoder.layers.8.mlp.fc1                          |               148224 |                        0 |                        0 |       0 |
| model.encoder.layers.8.mlp.fc2                          |               147648 |                        0 |                        0 |       0 |
| model.encoder.layers.8.dropout                          |                    0 |                        0 |                        0 |       0 |
| model.encoder.layers.9                                  |               444864 |                        0 |                        0 |       0 |
| model.encoder.layers.9.attention                        |               148224 |                        0 |                        0 |       0 |
| model.encoder.layers.9.attention.q_proj                 |                37056 |                        0 |                        0 |       0 |
| model.encoder.layers.9.attention.k_proj                 |                37056 |                        0 |                        0 |       0 |
| model.encoder.layers.9.attention.v_proj                 |                37056 |                        0 |                        0 |       0 |
| model.encoder.layers.9.attention.o_proj                 |                37056 |                        0 |                        0 |       0 |
| model.encoder.layers.9.layernorm_before                 |                  384 |                        0 |                        0 |       0 |
| model.encoder.layers.9.layernorm_after                  |                  384 |                        0 |                        0 |       0 |
| model.encoder.layers.9.mlp                              |               295872 |                        0 |                        0 |       0 |
| model.encoder.layers.9.mlp.activation_fn                |                    0 |                        0 |                        0 |       0 |
| model.encoder.layers.9.mlp.fc1                          |               148224 |                        0 |                        0 |       0 |
| model.encoder.layers.9.mlp.fc2                          |               147648 |                        0 |                        0 |       0 |
| model.encoder.layers.9.dropout                          |                    0 |                        0 |                        0 |       0 |
| model.encoder.layers.10                                 |               444864 |                        0 |                        0 |       0 |
| model.encoder.layers.10.attention                       |               148224 |                        0 |                        0 |       0 |
| model.encoder.layers.10.attention.q_proj                |                37056 |                        0 |                        0 |       0 |
| model.encoder.layers.10.attention.k_proj                |                37056 |                        0 |                        0 |       0 |
| model.encoder.layers.10.attention.v_proj                |                37056 |                        0 |                        0 |       0 |
| model.encoder.layers.10.attention.o_proj                |                37056 |                        0 |                        0 |       0 |
| model.encoder.layers.10.layernorm_before                |                  384 |                        0 |                        0 |       0 |
| model.encoder.layers.10.layernorm_after                 |                  384 |                        0 |                        0 |       0 |
| model.encoder.layers.10.mlp                             |               295872 |                        0 |                        0 |       0 |
| model.encoder.layers.10.mlp.activation_fn               |                    0 |                        0 |                        0 |       0 |
| model.encoder.layers.10.mlp.fc1                         |               148224 |                        0 |                        0 |       0 |
| model.encoder.layers.10.mlp.fc2                         |               147648 |                        0 |                        0 |       0 |
| model.encoder.layers.10.dropout                         |                    0 |                        0 |                        0 |       0 |
| model.encoder.layers.11                                 |               444864 |                        0 |                        0 |       0 |
| model.encoder.layers.11.attention                       |               148224 |                        0 |                        0 |       0 |
| model.encoder.layers.11.attention.q_proj                |                37056 |                        0 |                        0 |       0 |
| model.encoder.layers.11.attention.k_proj                |                37056 |                        0 |                        0 |       0 |
| model.encoder.layers.11.attention.v_proj                |                37056 |                        0 |                        0 |       0 |
| model.encoder.layers.11.attention.o_proj                |                37056 |                        0 |                        0 |       0 |
| model.encoder.layers.11.layernorm_before                |                  384 |                        0 |                        0 |       0 |
| model.encoder.layers.11.layernorm_after                 |                  384 |                        0 |                        0 |       0 |
| model.encoder.layers.11.mlp                             |               295872 |                        0 |                        0 |       0 |
| model.encoder.layers.11.mlp.activation_fn               |                    0 |                        0 |                        0 |       0 |
| model.encoder.layers.11.mlp.fc1                         |               148224 |                        0 |                        0 |       0 |
| model.encoder.layers.11.mlp.fc2                         |               147648 |                        0 |                        0 |       0 |
| model.encoder.layers.11.dropout                         |                    0 |                        0 |                        0 |       0 |
| model.encoder.layernorm                                 |                  384 |                        0 |                        0 |       0 |
| model.predictor                                         |             10791360 |                        0 |                        0 |       0 |
| model.predictor.dropout                                 |                    0 |                        0 |                        0 |       0 |
| model.predictor.transformer                             |             10790784 |                        0 |                        0 |       0 |
| model.predictor.transformer.norm                        |                  384 |                        0 |                        0 |       0 |
| model.predictor.transformer.layers                      |             10790400 |                        0 |                        0 |       0 |
| model.predictor.transformer.layers.0                    |              1798400 |                        0 |                        0 |       0 |
| model.predictor.transformer.layers.0.attn               |               787008 |                        0 |                        0 |       0 |
| model.predictor.transformer.layers.0.attn.norm          |                  384 |                        0 |                        0 |       0 |
| model.predictor.transformer.layers.0.attn.attend        |                    0 |                        0 |                        0 |       0 |
| model.predictor.transformer.layers.0.attn.to_qkv        |               589824 |                        0 |                        0 |       0 |
| model.predictor.transformer.layers.0.attn.to_out        |               196800 |                        0 |                        0 |       0 |
| model.predictor.transformer.layers.0.attn.to_out.0      |               196800 |                        0 |                        0 |       0 |
| model.predictor.transformer.layers.0.attn.to_out.1      |                    0 |                        0 |                        0 |       0 |
| model.predictor.transformer.layers.0.mlp                |               789056 |                        0 |                        0 |       0 |
| model.predictor.transformer.layers.0.mlp.net            |               789056 |                        0 |                        0 |       0 |
| model.predictor.transformer.layers.0.mlp.net.0          |                  384 |                        0 |                        0 |       0 |
| model.predictor.transformer.layers.0.mlp.net.1          |               395264 |                        0 |                        0 |       0 |
| model.predictor.transformer.layers.0.mlp.net.2          |                    0 |                        0 |                        0 |       0 |
| model.predictor.transformer.layers.0.mlp.net.3          |                    0 |                        0 |                        0 |       0 |
| model.predictor.transformer.layers.0.mlp.net.4          |               393408 |                        0 |                        0 |       0 |
| model.predictor.transformer.layers.0.mlp.net.5          |                    0 |                        0 |                        0 |       0 |
| model.predictor.transformer.layers.0.norm1              |                    0 |                        0 |                        0 |       0 |
| model.predictor.transformer.layers.0.norm2              |                    0 |                        0 |                        0 |       0 |
| model.predictor.transformer.layers.0.adaLN_modulation   |               222336 |                        0 |                        0 |       0 |
| model.predictor.transformer.layers.0.adaLN_modulation.0 |                    0 |                        0 |                        0 |       0 |
| model.predictor.transformer.layers.0.adaLN_modulation.1 |               222336 |                        0 |                        0 |       0 |
| model.predictor.transformer.layers.1                    |              1798400 |                        0 |                        0 |       0 |
| model.predictor.transformer.layers.1.attn               |               787008 |                        0 |                        0 |       0 |
| model.predictor.transformer.layers.1.attn.norm          |                  384 |                        0 |                        0 |       0 |
| model.predictor.transformer.layers.1.attn.attend        |                    0 |                        0 |                        0 |       0 |
| model.predictor.transformer.layers.1.attn.to_qkv        |               589824 |                        0 |                        0 |       0 |
| model.predictor.transformer.layers.1.attn.to_out        |               196800 |                        0 |                        0 |       0 |
| model.predictor.transformer.layers.1.attn.to_out.0      |               196800 |                        0 |                        0 |       0 |
| model.predictor.transformer.layers.1.attn.to_out.1      |                    0 |                        0 |                        0 |       0 |
| model.predictor.transformer.layers.1.mlp                |               789056 |                        0 |                        0 |       0 |
| model.predictor.transformer.layers.1.mlp.net            |               789056 |                        0 |                        0 |       0 |
| model.predictor.transformer.layers.1.mlp.net.0          |                  384 |                        0 |                        0 |       0 |
| model.predictor.transformer.layers.1.mlp.net.1          |               395264 |                        0 |                        0 |       0 |
| model.predictor.transformer.layers.1.mlp.net.2          |                    0 |                        0 |                        0 |       0 |
| model.predictor.transformer.layers.1.mlp.net.3          |                    0 |                        0 |                        0 |       0 |
| model.predictor.transformer.layers.1.mlp.net.4          |               393408 |                        0 |                        0 |       0 |
| model.predictor.transformer.layers.1.mlp.net.5          |                    0 |                        0 |                        0 |       0 |
| model.predictor.transformer.layers.1.norm1              |                    0 |                        0 |                        0 |       0 |
| model.predictor.transformer.layers.1.norm2              |                    0 |                        0 |                        0 |       0 |
| model.predictor.transformer.layers.1.adaLN_modulation   |               222336 |                        0 |                        0 |       0 |
| model.predictor.transformer.layers.1.adaLN_modulation.0 |                    0 |                        0 |                        0 |       0 |
| model.predictor.transformer.layers.1.adaLN_modulation.1 |               222336 |                        0 |                        0 |       0 |
| model.predictor.transformer.layers.2                    |              1798400 |                        0 |                        0 |       0 |
| model.predictor.transformer.layers.2.attn               |               787008 |                        0 |                        0 |       0 |
| model.predictor.transformer.layers.2.attn.norm          |                  384 |                        0 |                        0 |       0 |
| model.predictor.transformer.layers.2.attn.attend        |                    0 |                        0 |                        0 |       0 |
| model.predictor.transformer.layers.2.attn.to_qkv        |               589824 |                        0 |                        0 |       0 |
| model.predictor.transformer.layers.2.attn.to_out        |               196800 |                        0 |                        0 |       0 |
| model.predictor.transformer.layers.2.attn.to_out.0      |               196800 |                        0 |                        0 |       0 |
| model.predictor.transformer.layers.2.attn.to_out.1      |                    0 |                        0 |                        0 |       0 |
| model.predictor.transformer.layers.2.mlp                |               789056 |                        0 |                        0 |       0 |
| model.predictor.transformer.layers.2.mlp.net            |               789056 |                        0 |                        0 |       0 |
| model.predictor.transformer.layers.2.mlp.net.0          |                  384 |                        0 |                        0 |       0 |
| model.predictor.transformer.layers.2.mlp.net.1          |               395264 |                        0 |                        0 |       0 |
| model.predictor.transformer.layers.2.mlp.net.2          |                    0 |                        0 |                        0 |       0 |
| model.predictor.transformer.layers.2.mlp.net.3          |                    0 |                        0 |                        0 |       0 |
| model.predictor.transformer.layers.2.mlp.net.4          |               393408 |                        0 |                        0 |       0 |
| model.predictor.transformer.layers.2.mlp.net.5          |                    0 |                        0 |                        0 |       0 |
| model.predictor.transformer.layers.2.norm1              |                    0 |                        0 |                        0 |       0 |
| model.predictor.transformer.layers.2.norm2              |                    0 |                        0 |                        0 |       0 |
| model.predictor.transformer.layers.2.adaLN_modulation   |               222336 |                        0 |                        0 |       0 |
| model.predictor.transformer.layers.2.adaLN_modulation.0 |                    0 |                        0 |                        0 |       0 |
| model.predictor.transformer.layers.2.adaLN_modulation.1 |               222336 |                        0 |                        0 |       0 |
| model.predictor.transformer.layers.3                    |              1798400 |                        0 |                        0 |       0 |
| model.predictor.transformer.layers.3.attn               |               787008 |                        0 |                        0 |       0 |
| model.predictor.transformer.layers.3.attn.norm          |                  384 |                        0 |                        0 |       0 |
| model.predictor.transformer.layers.3.attn.attend        |                    0 |                        0 |                        0 |       0 |
| model.predictor.transformer.layers.3.attn.to_qkv        |               589824 |                        0 |                        0 |       0 |
| model.predictor.transformer.layers.3.attn.to_out        |               196800 |                        0 |                        0 |       0 |
| model.predictor.transformer.layers.3.attn.to_out.0      |               196800 |                        0 |                        0 |       0 |
| model.predictor.transformer.layers.3.attn.to_out.1      |                    0 |                        0 |                        0 |       0 |
| model.predictor.transformer.layers.3.mlp                |               789056 |                        0 |                        0 |       0 |
| model.predictor.transformer.layers.3.mlp.net            |               789056 |                        0 |                        0 |       0 |
| model.predictor.transformer.layers.3.mlp.net.0          |                  384 |                        0 |                        0 |       0 |
| model.predictor.transformer.layers.3.mlp.net.1          |               395264 |                        0 |                        0 |       0 |
| model.predictor.transformer.layers.3.mlp.net.2          |                    0 |                        0 |                        0 |       0 |
| model.predictor.transformer.layers.3.mlp.net.3          |                    0 |                        0 |                        0 |       0 |
| model.predictor.transformer.layers.3.mlp.net.4          |               393408 |                        0 |                        0 |       0 |
| model.predictor.transformer.layers.3.mlp.net.5          |                    0 |                        0 |                        0 |       0 |
| model.predictor.transformer.layers.3.norm1              |                    0 |                        0 |                        0 |       0 |
| model.predictor.transformer.layers.3.norm2              |                    0 |                        0 |                        0 |       0 |
| model.predictor.transformer.layers.3.adaLN_modulation   |               222336 |                        0 |                        0 |       0 |
| model.predictor.transformer.layers.3.adaLN_modulation.0 |                    0 |                        0 |                        0 |       0 |
| model.predictor.transformer.layers.3.adaLN_modulation.1 |               222336 |                        0 |                        0 |       0 |
| model.predictor.transformer.layers.4                    |              1798400 |                        0 |                        0 |       0 |
| model.predictor.transformer.layers.4.attn               |               787008 |                        0 |                        0 |       0 |
| model.predictor.transformer.layers.4.attn.norm          |                  384 |                        0 |                        0 |       0 |
| model.predictor.transformer.layers.4.attn.attend        |                    0 |                        0 |                        0 |       0 |
| model.predictor.transformer.layers.4.attn.to_qkv        |               589824 |                        0 |                        0 |       0 |
| model.predictor.transformer.layers.4.attn.to_out        |               196800 |                        0 |                        0 |       0 |
| model.predictor.transformer.layers.4.attn.to_out.0      |               196800 |                        0 |                        0 |       0 |
| model.predictor.transformer.layers.4.attn.to_out.1      |                    0 |                        0 |                        0 |       0 |
| model.predictor.transformer.layers.4.mlp                |               789056 |                        0 |                        0 |       0 |
| model.predictor.transformer.layers.4.mlp.net            |               789056 |                        0 |                        0 |       0 |
| model.predictor.transformer.layers.4.mlp.net.0          |                  384 |                        0 |                        0 |       0 |
| model.predictor.transformer.layers.4.mlp.net.1          |               395264 |                        0 |                        0 |       0 |
| model.predictor.transformer.layers.4.mlp.net.2          |                    0 |                        0 |                        0 |       0 |
| model.predictor.transformer.layers.4.mlp.net.3          |                    0 |                        0 |                        0 |       0 |
| model.predictor.transformer.layers.4.mlp.net.4          |               393408 |                        0 |                        0 |       0 |
| model.predictor.transformer.layers.4.mlp.net.5          |                    0 |                        0 |                        0 |       0 |
| model.predictor.transformer.layers.4.norm1              |                    0 |                        0 |                        0 |       0 |
| model.predictor.transformer.layers.4.norm2              |                    0 |                        0 |                        0 |       0 |
| model.predictor.transformer.layers.4.adaLN_modulation   |               222336 |                        0 |                        0 |       0 |
| model.predictor.transformer.layers.4.adaLN_modulation.0 |                    0 |                        0 |                        0 |       0 |
| model.predictor.transformer.layers.4.adaLN_modulation.1 |               222336 |                        0 |                        0 |       0 |
| model.predictor.transformer.layers.5                    |              1798400 |                        0 |                        0 |       0 |
| model.predictor.transformer.layers.5.attn               |               787008 |                        0 |                        0 |       0 |
| model.predictor.transformer.layers.5.attn.norm          |                  384 |                        0 |                        0 |       0 |
| model.predictor.transformer.layers.5.attn.attend        |                    0 |                        0 |                        0 |       0 |
| model.predictor.transformer.layers.5.attn.to_qkv        |               589824 |                        0 |                        0 |       0 |
| model.predictor.transformer.layers.5.attn.to_out        |               196800 |                        0 |                        0 |       0 |
| model.predictor.transformer.layers.5.attn.to_out.0      |               196800 |                        0 |                        0 |       0 |
| model.predictor.transformer.layers.5.attn.to_out.1      |                    0 |                        0 |                        0 |       0 |
| model.predictor.transformer.layers.5.mlp                |               789056 |                        0 |                        0 |       0 |
| model.predictor.transformer.layers.5.mlp.net            |               789056 |                        0 |                        0 |       0 |
| model.predictor.transformer.layers.5.mlp.net.0          |                  384 |                        0 |                        0 |       0 |
| model.predictor.transformer.layers.5.mlp.net.1          |               395264 |                        0 |                        0 |       0 |
| model.predictor.transformer.layers.5.mlp.net.2          |                    0 |                        0 |                        0 |       0 |
| model.predictor.transformer.layers.5.mlp.net.3          |                    0 |                        0 |                        0 |       0 |
| model.predictor.transformer.layers.5.mlp.net.4          |               393408 |                        0 |                        0 |       0 |
| model.predictor.transformer.layers.5.mlp.net.5          |                    0 |                        0 |                        0 |       0 |
| model.predictor.transformer.layers.5.norm1              |                    0 |                        0 |                        0 |       0 |
| model.predictor.transformer.layers.5.norm2              |                    0 |                        0 |                        0 |       0 |
| model.predictor.transformer.layers.5.adaLN_modulation   |               222336 |                        0 |                        0 |       0 |
| model.predictor.transformer.layers.5.adaLN_modulation.0 |                    0 |                        0 |                        0 |       0 |
| model.predictor.transformer.layers.5.adaLN_modulation.1 |               222336 |                        0 |                        0 |       0 |
| model.predictor.transformer.input_proj                  |                    0 |                        0 |                        0 |       0 |
| model.predictor.transformer.cond_proj                   |                    0 |                        0 |                        0 |       0 |
| model.predictor.transformer.output_proj                 |                    0 |                        0 |                        0 |       0 |
| model.action_encoder                                    |               156146 |                        0 |                        0 |       0 |
| model.action_encoder.patch_embed                        |                   50 |                        0 |                        0 |       0 |
| model.action_encoder.embed                              |               156096 |                        0 |                        0 |       0 |
| model.action_encoder.embed.0                            |                 8448 |                        0 |                        0 |       0 |
| model.action_encoder.embed.1                            |                    0 |                        0 |                        0 |       0 |
| model.action_encoder.embed.2                            |               147648 |                        0 |                        0 |       0 |
| model.projector                                         |               792768 |                        0 |                        0 |    4097 |
| model.projector.net                                     |               792768 |                        0 |                        0 |    4097 |
| model.projector.net.0                                   |               395264 |                        0 |                        0 |       0 |
| model.projector.net.1                                   |                 4096 |                        0 |                        0 |    4097 |
| model.projector.net.2                                   |                    0 |                        0 |                        0 |       0 |
| model.projector.net.3                                   |               393408 |                        0 |                        0 |       0 |
| model.pred_proj                                         |               792768 |                        0 |                        0 |    4097 |
| model.pred_proj.net                                     |               792768 |                        0 |                        0 |    4097 |
| model.pred_proj.net.0                                   |               395264 |                        0 |                        0 |       0 |
| model.pred_proj.net.1                                   |                 4096 |                        0 |                        0 |    4097 |
| model.pred_proj.net.2                                   |                    0 |                        0 |                        0 |       0 |
| model.pred_proj.net.3                                   |               393408 |                        0 |                        0 |       0 |
| model.probe_head                                        |                 3080 |                        0 |                        0 |       0 |
| sigreg                                                  |                    0 |                        0 |                        0 |      51 |
+---------------------------------------------------------+----------------------+--------------------------+--------------------------+---------+
22:36:18 | INFO  | utils.py    | ── SLURM ─────────────────────────────────────────
22:36:18 | INFO  | trainer_inf~|   Job ID: N/A
22:36:18 | INFO  | trainer_inf~|   Task ID: N/A
22:36:18 | INFO  | trainer_inf~|   Job Name: N/A
22:36:18 | INFO  | trainer_inf~|   Nodes: N/A
22:36:18 | INFO  | trainer_inf~|   Tasks: N/A
22:36:18 | INFO  | trainer_inf~|   CPUs per node: N/A
22:36:18 | INFO  | trainer_inf~|   CPUs per task: N/A
22:36:18 | INFO  | trainer_inf~|   Memory per node: N/A
22:36:18 | INFO  | trainer_inf~|   Memory per CPU: N/A
22:36:18 | INFO  | trainer_inf~|   Time limit: N/A
22:36:18 | INFO  | trainer_inf~|   Partition: N/A
22:36:18 | INFO  | trainer_inf~|   Node List: N/A
22:36:18 | INFO  | trainer_inf~|   Submit Directory: N/A
22:36:18 | INFO  | utils.py    | ── HardwareMonitor ───────────────────────────────
22:36:18 | INFO  | hardware_mo~|   interval: 10.0s
22:36:18 | INFO  | hardware_mo~|   prefix:   'hardware/'
22:36:18 | INFO  | hardware_mo~|   metrics:  cpu=True ram=True disk=True net=True gpu=True
22:36:18 | INFO  | hardware_mo~|   per-rank: rank 0 only
22:36:18 | WARN  | env_info.py | ! pip freeze failed: Command '['/home/likun-share/junjxu/wm/le-wm/.venv/bin/python', '-m', 'pip', 'freeze']' returned non-zero exit status 1.
22:36:18 | OK    | env_info.py | ✓ Packages: 0 packages collected in 0.03s
LOCAL_RANK: 0 - CUDA_VISIBLE_DEVICES: [1]
22:36:18 | WARN  | hardware_mo~| HardwareMonitor: pynvml unavailable (ModuleNotFoundError("No module named 'pynvml'")); GPU metrics disabled.
22:36:18 | INFO  | utils.py    | ── Optimizers ────────────────────────────────────
22:36:18 | INFO  | module.py   |   Optimizer specified by Dict with keys ['model_opt']
22:36:18 | INFO  | module.py   | 
┏━━━━━━━━━━━━━┳━━━━━━━━━━━┳━━━━━━━━━━━━━━━━━━━┳━━━━━━━━━━━━━━━━━┳━━━━━━━━━━━━━━━━┳━━━━━━━━━━━━━━━━━━━━━━━━┓
┃ Optimizer   ┃ Pattern   ┃   Matched Modules ┃   Param Tensors ┃   Total Params ┃   RequiresGrad Tensors ┃
┣━━━━━━━━━━━━━╋━━━━━━━━━━━╋━━━━━━━━━━━━━━━━━━━╋━━━━━━━━━━━━━━━━━╋━━━━━━━━━━━━━━━━╋━━━━━━━━━━━━━━━━━━━━━━━━┫
┃ model_opt   ┃ model     ┃               317 ┃             299 ┃       18037498 ┃                    299 ┃
┗━━━━━━━━━━━━━┻━━━━━━━━━━━┻━━━━━━━━━━━━━━━━━━━┻━━━━━━━━━━━━━━━━━┻━━━━━━━━━━━━━━━━┻━━━━━━━━━━━━━━━━━━━━━━━━┛
22:36:18 | INFO  | lr_schedule~| 	User provided a dict
Loading `train_dataloader` to estimate number of stepping batches.
/home/likun-share/junjxu/wm/le-wm/.venv/lib/python3.10/site-packages/lance/__init__.py:320: UserWarning: lance is not fork-safe. If you are using multiprocessing, use spawn or forkserver instead.
  warnings.warn(
/usr/lib/python3.10/multiprocessing/popen_fork.py:66: RuntimeWarning: lancedb fork support is experimental: the internal async runtime has been reset in the forked child, but a small chance of deadlock remains if other state was mid-operation at fork time. The 'forkserver' or 'spawn' multiprocessing start method is likely a safer alternative.
  self.pid = os.fork()
/usr/lib/python3.10/multiprocessing/popen_fork.py:66: RuntimeWarning: lancedb fork support is experimental: the internal async runtime has been reset in the forked child, but a small chance of deadlock remains if other state was mid-operation at fork time. The 'forkserver' or 'spawn' multiprocessing start method is likely a safer alternative.
  self.pid = os.fork()
/home/likun-share/junjxu/wm/le-wm/.venv/lib/python3.10/site-packages/lance/__init__.py:320: UserWarning: lance is not fork-safe. If you are using multiprocessing, use spawn or forkserver instead.
  warnings.warn(
/usr/lib/python3.10/multiprocessing/popen_fork.py:66: RuntimeWarning: lancedb fork support is experimental: the internal async runtime has been reset in the forked child, but a small chance of deadlock remains if other state was mid-operation at fork time. The 'forkserver' or 'spawn' multiprocessing start method is likely a safer alternative.
  self.pid = os.fork()
/usr/lib/python3.10/multiprocessing/popen_fork.py:66: RuntimeWarning: lancedb fork support is experimental: the internal async runtime has been reset in the forked child, but a small chance of deadlock remains if other state was mid-operation at fork time. The 'forkserver' or 'spawn' multiprocessing start method is likely a safer alternative.
  self.pid = os.fork()
/usr/lib/python3.10/multiprocessing/popen_fork.py:66: RuntimeWarning: lancedb fork support is experimental: the internal async runtime has been reset in the forked child, but a small chance of deadlock remains if other state was mid-operation at fork time. The 'forkserver' or 'spawn' multiprocessing start method is likely a safer alternative.
  self.pid = os.fork()
/usr/lib/python3.10/multiprocessing/popen_fork.py:66: RuntimeWarning: lancedb fork support is experimental: the internal async runtime has been reset in the forked child, but a small chance of deadlock remains if other state was mid-operation at fork time. The 'forkserver' or 'spawn' multiprocessing start method is likely a safer alternative.
  self.pid = os.fork()
22:36:19 | INFO  | module.py   |   Configured optimizer 'model_opt' (modules=317, param_tensors=299, total_params=18037498) with LinearWarmupCosineAnnealingLR scheduler.
/home/likun-share/junjxu/wm/le-wm/.venv/lib/python3.10/site-packages/lightning/pytorch/utilities/model_summary/model_summary.py:242: Precision bf16-mixed is not supported by the model summary.  Estimated model size in MB will not be accurate. Using 32 bits instead.
┏━━━┳━━━━━━━━━━━━━━━━━━━┳━━━━━━━━━━━━┳━━━━━━━━┳━━━━━━━┳━━━━━━━┓
┃   ┃ Name              ┃ Type       ┃ Params ┃ Mode  ┃ FLOPs ┃
┡━━━╇━━━━━━━━━━━━━━━━━━━╇━━━━━━━━━━━━╇━━━━━━━━╇━━━━━━━╇━━━━━━━┩
│ 0 │ callbacks_modules │ ModuleDict │      0 │ train │     0 │
│ 1 │ callbacks_metrics │ ModuleDict │      0 │ train │     0 │
│ 2 │ model             │ JEPA       │ 18.0 M │ train │     0 │
│ 3 │ sigreg            │ SIGReg     │      0 │ train │     0 │
└───┴───────────────────┴────────────┴────────┴───────┴───────┘
Trainable params: 18.0 M                                                        
Non-trainable params: 0                                                         
Total params: 18.0 M                                                            
Total estimated model params size (MB): 72.150                                  
Modules in train mode: 320                                                      
Modules in eval mode: 0                                                         
Total FLOPs: 0                                                                  
22:36:19 | INFO  | logger.py   | [RegistryLogger] summary.json flushed (0 metrics, step=0, epoch=0) → /data1/likun-share/junjxu/.cache_stable-pretraining/runs/20260605/223610/f193196b593a/summary.json
22:36:19 | OK    | env_info.py | ✓ NVIDIA Driver: 580.65.06
/usr/lib/python3.10/multiprocessing/popen_fork.py:66: RuntimeWarning: lancedb fork support is experimental: the internal async runtime has been reset in the forked child, but a small chance of deadlock remains if other state was mid-operation at fork time. The 'forkserver' or 'spawn' multiprocessing start method is likely a safer alternative.
  self.pid = os.fork()
/home/likun-share/junjxu/wm/le-wm/.venv/lib/python3.10/site-packages/lance/__init__.py:320: UserWarning: lance is not fork-safe. If you are using multiprocessing, use spawn or forkserver instead.
  warnings.warn(
/usr/lib/python3.10/multiprocessing/popen_fork.py:66: RuntimeWarning: lancedb fork support is experimental: the internal async runtime has been reset in the forked child, but a small chance of deadlock remains if other state was mid-operation at fork time. The 'forkserver' or 'spawn' multiprocessing start method is likely a safer alternative.
  self.pid = os.fork()
/usr/lib/python3.10/multiprocessing/popen_fork.py:66: RuntimeWarning: lancedb fork support is experimental: the internal async runtime has been reset in the forked child, but a small chance of deadlock remains if other state was mid-operation at fork time. The 'forkserver' or 'spawn' multiprocessing start method is likely a safer alternative.
  self.pid = os.fork()
/usr/lib/python3.10/multiprocessing/popen_fork.py:66: RuntimeWarning: lancedb fork support is experimental: the internal async runtime has been reset in the forked child, but a small chance of deadlock remains if other state was mid-operation at fork time. The 'forkserver' or 'spawn' multiprocessing start method is likely a safer alternative.
  self.pid = os.fork()
/usr/lib/python3.10/multiprocessing/popen_fork.py:66: RuntimeWarning: lancedb fork support is experimental: the internal async runtime has been reset in the forked child, but a small chance of deadlock remains if other state was mid-operation at fork time. The 'forkserver' or 'spawn' multiprocessing start method is likely a safer alternative.
  self.pid = os.fork()
/usr/lib/python3.10/multiprocessing/popen_fork.py:66: RuntimeWarning: lancedb fork support is experimental: the internal async runtime has been reset in the forked child, but a small chance of deadlock remains if other state was mid-operation at fork time. The 'forkserver' or 'spawn' multiprocessing start method is likely a safer alternative.
  self.pid = os.fork()
/home/likun-share/junjxu/wm/le-wm/.venv/lib/python3.10/site-packages/lightning/pytorch/utilities/data.py:79: Trying to infer the `batch_size` from an ambiguous collection. The batch size we found is 128. To avoid any miscalculations, use `self.log(..., batch_size=batch_size)`.
22:36:49 | INFO  | trainer_inf~| \n+----------------------------+--------------------+
|           Metric           |       Value        |
+----------------------------+--------------------+
|       [0;34;40mvalidate/loss[0m        | [0;32;40m14.124025344848633[0m |
|    [0;34;40mvalidate/loss_epoch[0m     | [0;32;40m14.124025344848633[0m |
|     [0;34;40mvalidate/pred_loss[0m     | [0;32;40m0.3810754716396332[0m |
|  [0;34;40mvalidate/pred_loss_epoch[0m  | [0;32;40m0.3810754716396332[0m |
|    [0;34;40mvalidate/probe_loss[0m     | [0;32;40m0.7180449962615967[0m |
| [0;34;40mvalidate/probe_loss_epoch[0m  | [0;32;40m0.7180449962615967[0m |
|    [0;34;40mvalidate/sigreg_loss[0m    |        [0;32;40m73.0[0m        |
| [0;34;40mvalidate/sigreg_loss_epoch[0m |        [0;32;40m73.0[0m        |
+----------------------------+--------------------+
22:36:49 | WARN  | hf_models.py| ! No Hugging Face (PreTrainedModel) submodules found in LightningModule.
22:36:49 | INFO  | utils.py    | ── Optimizers ────────────────────────────────────
22:36:49 | INFO  | module.py   |   self.optimizers() gave us 1 optimizers
22:36:49 | WARN  | module.py   | ! No clip val found for optimizer default_0
22:36:49 | WARN  | module.py   | ! Will use the Trainer's value of 1.0
22:36:49 | WARN  | module.py   | ! No clip algorithm found for optimizer default_0
22:36:49 | WARN  | module.py   | ! Will use the Trainer's value of None
22:36:49 | OK    | module.py   | ✓ Optimizer check complete:
+------------+-----------+----------------+-----------+-----------+
| Opt. Index | Opt. name |      opt       | clip val. | clip alg. |
+------------+-----------+----------------+-----------+-----------+
|     0      | default_0 | LightningAdamW |    1.0    |    None   |
+------------+-----------+----------------+-----------+-----------+
22:36:49 | INFO  | utils.py    | ── LogUnusedParametersOnce ───────────────────────
22:36:49 | INFO  | unused_para~|   registered hooks on 299 leaf parameters
22:36:56 | OK    | unused_para~| ✓ all tracked parameters received gradients on the first backward pass
22:36:56 | INFO  | unused_para~|   hooks removed, callback disabled
[Epoch 0/20] step 50/203 (1.4 it/s)
[Epoch 0/20] step 100/203 (1.4 it/s)
[Epoch 0/20] step 150/203 (1.5 it/s)
[Epoch 0/20] step 200/203 (1.5 it/s)
/home/likun-share/junjxu/wm/le-wm/.venv/lib/python3.10/site-packages/lightning/pytorch/utilities/data.py:79: Trying to infer the `batch_size` from an ambiguous collection. The batch size we found is 83. To avoid any miscalculations, use `self.log(..., batch_size=batch_size)`.
22:39:25 | INFO  | trainer_inf~| \n+----------------------------+------------------------+
|           Metric           |         Value          |
+----------------------------+------------------------+
|          [0;34;40mfit/loss[0m          |   [0;32;40m1.7675535678863525[0m   |
|       [0;34;40mfit/pred_loss[0m        |  [0;32;40m0.048076458275318146[0m  |
|       [0;34;40mfit/probe_loss[0m       |  [0;32;40m0.11804147064685822[0m   |
|      [0;34;40mfit/sigreg_loss[0m       |          [0;32;40m6.0[0m           |
|    [0;34;40mhardware/cpu_percent[0m    |          [0;32;40m97.5[0m          |
|  [0;34;40mhardware/disk_read_mb_s[0m   |  [0;32;40m0.24423524737358093[0m   |
|  [0;34;40mhardware/disk_write_mb_s[0m  |   [0;32;40m98.89009094238281[0m    |
|   [0;34;40mhardware/net_recv_mb_s[0m   |  [0;32;40m0.036020975559949875[0m  |
|   [0;34;40mhardware/net_sent_mb_s[0m   |  [0;32;40m0.06963157653808594[0m   |
|    [0;34;40mhardware/ram_used_gb[0m    |   [0;32;40m938.2601318359375[0m    |
|   [0;34;40mhardware/ram_used_pct[0m    |    [0;32;40m93.0999984741211[0m    |
|    [0;34;40mhparams/lr_default_0[0m    | [0;32;40m4.9797443352872506e-05[0m |
|       [0;34;40mvalidate/loss[0m        |   [0;32;40m185.95343017578125[0m   |
|    [0;34;40mvalidate/loss_epoch[0m     |   [0;32;40m185.95343017578125[0m   |
|     [0;34;40mvalidate/pred_loss[0m     |   [0;32;40m25.148353576660156[0m   |
|  [0;34;40mvalidate/pred_loss_epoch[0m  |   [0;32;40m25.148353576660156[0m   |
|    [0;34;40mvalidate/probe_loss[0m     |   [0;32;40m13.534750938415527[0m   |
| [0;34;40mvalidate/probe_loss_epoch[0m  |   [0;32;40m13.534750938415527[0m   |
|    [0;34;40mvalidate/sigreg_loss[0m    |   [0;32;40m282.9627380371094[0m    |
| [0;34;40mvalidate/sigreg_loss_epoch[0m |   [0;32;40m282.9627380371094[0m    |
+----------------------------+------------------------+
[Epoch 0/20] done in 156.2s
22:39:26 | INFO  | checkpoint_~|   Checking for non PyTorch modules to save
22:39:26 | INFO  | atomic_chec~| [atomic_save] → /data1/likun-share/junjxu/.cache_stable-pretraining/runs/20260605/223610/f193196b593a/checkpoints/epoch=0-step=203.ckpt
22:39:27 | INFO  | atomic_chec~| [atomic_save] ✓ epoch=0-step=203.ckpt saved (206.8 MiB, serialise=0.85s write=0.92s rename=0.1ms)
22:39:28 | INFO  | checkpoint_~|   Checking for non PyTorch modules to save
22:39:28 | INFO  | atomic_chec~| [atomic_save] → /data1/likun-share/junjxu/.cache_stable-pretraining/runs/20260605/223610/f193196b593a/checkpoints/last.ckpt
22:39:29 | INFO  | atomic_chec~| [atomic_save] ✓ last.ckpt saved (206.8 MiB, serialise=0.70s write=0.42s rename=0.1ms)
[Epoch 1/20] step 50/203 (1.4 it/s)
[Epoch 1/20] step 100/203 (1.5 it/s)
[Epoch 1/20] step 150/203 (1.5 it/s)
[Epoch 1/20] step 200/203 (1.5 it/s)
22:42:01 | INFO  | trainer_inf~| \n+----------------------------+-----------------------+
|           Metric           |         Value         |
+----------------------------+-----------------------+
|          [0;34;40mfit/loss[0m          |   [0;32;40m1.4511213302612305[0m  |
|       [0;34;40mfit/pred_loss[0m        |   [0;32;40m0.0436999686062336[0m  |
|       [0;34;40mfit/probe_loss[0m       |  [0;32;40m0.09914057701826096[0m  |
|      [0;34;40mfit/sigreg_loss[0m       |         [0;32;40m4.625[0m         |
|    [0;34;40mhardware/cpu_percent[0m    |    [0;32;40m99.0999984741211[0m   |
|  [0;34;40mhardware/disk_read_mb_s[0m   |   [0;32;40m0.5332290530204773[0m  |
|  [0;34;40mhardware/disk_write_mb_s[0m  |   [0;32;40m43.31022262573242[0m   |
|   [0;34;40mhardware/net_recv_mb_s[0m   |   [0;32;40m0.013199457898736[0m   |
|   [0;34;40mhardware/net_sent_mb_s[0m   |  [0;32;40m0.04818853735923767[0m  |
|    [0;34;40mhardware/ram_used_gb[0m    |    [0;32;40m952.807861328125[0m   |
|   [0;34;40mhardware/ram_used_pct[0m    |    [0;32;40m94.5999984741211[0m   |
|    [0;34;40mhparams/lr_default_0[0m    | [0;32;40m4.898431870969944e-05[0m |
|       [0;34;40mvalidate/loss[0m        |   [0;32;40m308.83416748046875[0m  |
|    [0;34;40mvalidate/loss_epoch[0m     |   [0;32;40m308.83416748046875[0m  |
|     [0;34;40mvalidate/pred_loss[0m     |   [0;32;40m60.497764587402344[0m  |
|  [0;34;40mvalidate/pred_loss_epoch[0m  |   [0;32;40m60.497764587402344[0m  |
|    [0;34;40mvalidate/probe_loss[0m     |    [0;32;40m22.033935546875[0m    |
| [0;34;40mvalidate/probe_loss_epoch[0m  |    [0;32;40m22.033935546875[0m    |
|    [0;34;40mvalidate/sigreg_loss[0m    |   [0;32;40m311.0320739746094[0m   |
| [0;34;40mvalidate/sigreg_loss_epoch[0m |   [0;32;40m311.0320739746094[0m   |
+----------------------------+-----------------------+
[Epoch 1/20] done in 152.3s
22:42:01 | INFO  | checkpoint_~|   Checking for non PyTorch modules to save
22:42:01 | INFO  | atomic_chec~| [atomic_save] → /data1/likun-share/junjxu/.cache_stable-pretraining/runs/20260605/223610/f193196b593a/checkpoints/epoch=1-step=406.ckpt
22:42:02 | INFO  | atomic_chec~| [atomic_save] ✓ epoch=1-step=406.ckpt saved (206.8 MiB, serialise=0.52s write=0.54s rename=0.1ms)
22:42:02 | INFO  | checkpoint_~|   Checking for non PyTorch modules to save
22:42:02 | INFO  | atomic_chec~| [atomic_save] → /data1/likun-share/junjxu/.cache_stable-pretraining/runs/20260605/223610/f193196b593a/checkpoints/last.ckpt
22:42:03 | INFO  | atomic_chec~| [atomic_save] ✓ last.ckpt saved (206.8 MiB, serialise=0.58s write=0.52s rename=5.0ms)
[Epoch 2/20] step 50/203 (1.7 it/s)
[Epoch 2/20] step 100/203 (1.6 it/s)
[Epoch 2/20] step 150/203 (1.5 it/s)
[Epoch 2/20] step 200/203 (1.5 it/s)
22:44:37 | INFO  | trainer_inf~| \n+----------------------------+-----------------------+
|           Metric           |         Value         |
+----------------------------+-----------------------+
|          [0;34;40mfit/loss[0m          |   [0;32;40m1.424668788909912[0m   |
|       [0;34;40mfit/pred_loss[0m        |   [0;32;40m0.0347912423312664[0m  |
|       [0;34;40mfit/probe_loss[0m       |  [0;32;40m0.09562838077545166[0m  |
|      [0;34;40mfit/sigreg_loss[0m       |         [0;32;40m4.8125[0m        |
|    [0;34;40mhardware/cpu_percent[0m    |   [0;32;40m98.80000305175781[0m   |
|  [0;34;40mhardware/disk_read_mb_s[0m   | [0;32;40m0.0015618199249729514[0m |
|  [0;34;40mhardware/disk_write_mb_s[0m  |   [0;32;40m1.7906265258789062[0m  |
|   [0;34;40mhardware/net_recv_mb_s[0m   |  [0;32;40m0.014606027863919735[0m |
|   [0;34;40mhardware/net_sent_mb_s[0m   |  [0;32;40m0.04871593043208122[0m  |
|    [0;34;40mhardware/ram_used_gb[0m    |   [0;32;40m959.9329833984375[0m   |
|   [0;34;40mhardware/ram_used_pct[0m    |   [0;32;40m95.30000305175781[0m   |
|    [0;34;40mhparams/lr_default_0[0m    | [0;32;40m4.756883572554216e-05[0m |
|       [0;34;40mvalidate/loss[0m        |   [0;32;40m284.4359130859375[0m   |
|    [0;34;40mvalidate/loss_epoch[0m     |   [0;32;40m284.4359130859375[0m   |
|     [0;34;40mvalidate/pred_loss[0m     |   [0;32;40m26.701812744140625[0m  |
|  [0;34;40mvalidate/pred_loss_epoch[0m  |   [0;32;40m26.701812744140625[0m  |
|    [0;34;40mvalidate/probe_loss[0m     |   [0;32;40m23.18849754333496[0m   |
| [0;34;40mvalidate/probe_loss_epoch[0m  |   [0;32;40m23.18849754333496[0m   |
|    [0;34;40mvalidate/sigreg_loss[0m    |   [0;32;40m287.31597900390625[0m  |
| [0;34;40mvalidate/sigreg_loss_epoch[0m |   [0;32;40m287.31597900390625[0m  |
+----------------------------+-----------------------+
[Epoch 2/20] done in 154.1s
22:44:38 | INFO  | checkpoint_~|   Checking for non PyTorch modules to save
22:44:38 | INFO  | atomic_chec~| [atomic_save] → /data1/likun-share/junjxu/.cache_stable-pretraining/runs/20260605/223610/f193196b593a/checkpoints/epoch=2-step=609.ckpt
22:44:39 | INFO  | atomic_chec~| [atomic_save] ✓ epoch=2-step=609.ckpt saved (206.8 MiB, serialise=0.85s write=0.57s rename=0.1ms)
22:44:39 | INFO  | checkpoint_~|   Checking for non PyTorch modules to save
22:44:39 | INFO  | atomic_chec~| [atomic_save] → /data1/likun-share/junjxu/.cache_stable-pretraining/runs/20260605/223610/f193196b593a/checkpoints/last.ckpt
22:44:41 | INFO  | atomic_chec~| [atomic_save] ✓ last.ckpt saved (206.8 MiB, serialise=0.74s write=0.75s rename=10.1ms)
[Epoch 3/20] step 50/203 (1.6 it/s)
[Epoch 3/20] step 100/203 (1.6 it/s)
[Epoch 3/20] step 150/203 (1.6 it/s)
[Epoch 3/20] step 200/203 (1.6 it/s)
22:47:05 | INFO  | trainer_inf~| \n+----------------------------+-----------------------+
|           Metric           |         Value         |
+----------------------------+-----------------------+
|          [0;34;40mfit/loss[0m          |   [0;32;40m1.3938429355621338[0m  |
|       [0;34;40mfit/pred_loss[0m        |  [0;32;40m0.03269324079155922[0m  |
|       [0;34;40mfit/probe_loss[0m       |  [0;32;40m0.09900559484958649[0m  |
|      [0;34;40mfit/sigreg_loss[0m       |         [0;32;40m4.125[0m         |
|    [0;34;40mhardware/cpu_percent[0m    |   [0;32;40m98.30000305175781[0m   |
|  [0;34;40mhardware/disk_read_mb_s[0m   |  [0;32;40m0.07848875224590302[0m  |
|  [0;34;40mhardware/disk_write_mb_s[0m  |   [0;32;40m1.9528471231460571[0m  |
|   [0;34;40mhardware/net_recv_mb_s[0m   |  [0;32;40m0.012394571676850319[0m |
|   [0;34;40mhardware/net_sent_mb_s[0m   |  [0;32;40m0.01180711854249239[0m  |
|    [0;34;40mhardware/ram_used_gb[0m    |    [0;32;40m954.159912109375[0m   |
|   [0;34;40mhardware/ram_used_pct[0m    |   [0;32;40m94.69999694824219[0m   |
|    [0;34;40mhparams/lr_default_0[0m    | [0;32;40m4.558654109132476e-05[0m |
|       [0;34;40mvalidate/loss[0m        |   [0;32;40m151.11402893066406[0m  |
|    [0;34;40mvalidate/loss_epoch[0m     |   [0;32;40m151.11402893066406[0m  |
|     [0;34;40mvalidate/pred_loss[0m     |   [0;32;40m10.21851921081543[0m   |
|  [0;34;40mvalidate/pred_loss_epoch[0m  |   [0;32;40m10.21851921081543[0m   |
|    [0;34;40mvalidate/probe_loss[0m     |   [0;32;40m12.030875205993652[0m  |
| [0;34;40mvalidate/probe_loss_epoch[0m  |   [0;32;40m12.030875205993652[0m  |
|    [0;34;40mvalidate/sigreg_loss[0m    |   [0;32;40m228.71197509765625[0m  |
| [0;34;40mvalidate/sigreg_loss_epoch[0m |   [0;32;40m228.71197509765625[0m  |
+----------------------------+-----------------------+
[Epoch 3/20] done in 144.5s
22:47:05 | INFO  | checkpoint_~|   Checking for non PyTorch modules to save
22:47:05 | INFO  | atomic_chec~| [atomic_save] → /data1/likun-share/junjxu/.cache_stable-pretraining/runs/20260605/223610/f193196b593a/checkpoints/epoch=3-step=812.ckpt
22:47:07 | INFO  | atomic_chec~| [atomic_save] ✓ epoch=3-step=812.ckpt saved (206.8 MiB, serialise=0.69s write=0.97s rename=0.1ms)
22:47:07 | INFO  | checkpoint_~|   Checking for non PyTorch modules to save
22:47:07 | INFO  | atomic_chec~| [atomic_save] → /data1/likun-share/junjxu/.cache_stable-pretraining/runs/20260605/223610/f193196b593a/checkpoints/last.ckpt
22:47:09 | INFO  | atomic_chec~| [atomic_save] ✓ last.ckpt saved (206.8 MiB, serialise=0.64s write=0.76s rename=92.6ms)
[Epoch 4/20] step 50/203 (1.4 it/s)
[Epoch 4/20] step 100/203 (1.5 it/s)
[Epoch 4/20] step 150/203 (1.6 it/s)
[Epoch 4/20] step 200/203 (1.6 it/s)
22:49:36 | INFO  | trainer_inf~| \n+----------------------------+----------------------+
|           Metric           |        Value         |
+----------------------------+----------------------+
|          [0;34;40mfit/loss[0m          |  [0;32;40m0.9720708131790161[0m  |
|       [0;34;40mfit/pred_loss[0m        | [0;32;40m0.03205037862062454[0m  |
|       [0;34;40mfit/probe_loss[0m       | [0;32;40m0.06177547946572304[0m  |
|      [0;34;40mfit/sigreg_loss[0m       |       [0;32;40m3.578125[0m       |
|    [0;34;40mhardware/cpu_percent[0m    |         [0;32;40m98.5[0m         |
|  [0;34;40mhardware/disk_read_mb_s[0m   | [0;32;40m0.09488363564014435[0m  |
|  [0;34;40mhardware/disk_write_mb_s[0m  |  [0;32;40m50.276222229003906[0m  |
|   [0;34;40mhardware/net_recv_mb_s[0m   | [0;32;40m0.050275471061468124[0m |
|   [0;34;40mhardware/net_sent_mb_s[0m   | [0;32;40m0.056572526693344116[0m |
|    [0;34;40mhardware/ram_used_gb[0m    |  [0;32;40m950.7457275390625[0m   |
|   [0;34;40mhardware/ram_used_pct[0m    |   [0;32;40m94.4000015258789[0m   |
|    [0;34;40mhparams/lr_default_0[0m    | [0;32;40m4.30872205470223e-05[0m |
|       [0;34;40mvalidate/loss[0m        |  [0;32;40m269.5538635253906[0m   |
|    [0;34;40mvalidate/loss_epoch[0m     |  [0;32;40m269.5538635253906[0m   |
|     [0;34;40mvalidate/pred_loss[0m     |  [0;32;40m18.08816146850586[0m   |
|  [0;34;40mvalidate/pred_loss_epoch[0m  |  [0;32;40m18.08816146850586[0m   |
|    [0;34;40mvalidate/probe_loss[0m     |  [0;32;40m22.767562866210938[0m  |
| [0;34;40mvalidate/probe_loss_epoch[0m  |  [0;32;40m22.767562866210938[0m  |
|    [0;34;40mvalidate/sigreg_loss[0m    |  [0;32;40m264.0772705078125[0m   |
| [0;34;40mvalidate/sigreg_loss_epoch[0m |  [0;32;40m264.0772705078125[0m   |
+----------------------------+----------------------+
[Epoch 4/20] done in 147.8s
22:49:36 | INFO  | checkpoint_~|   Checking for non PyTorch modules to save
22:49:36 | INFO  | atomic_chec~| [atomic_save] → /data1/likun-share/junjxu/.cache_stable-pretraining/runs/20260605/223610/f193196b593a/checkpoints/epoch=4-step=1015.ckpt
22:49:38 | INFO  | atomic_chec~| [atomic_save] ✓ epoch=4-step=1015.ckpt saved (206.8 MiB, serialise=0.59s write=0.55s rename=0.1ms)
22:49:38 | INFO  | checkpoint_~|   Checking for non PyTorch modules to save
22:49:38 | INFO  | atomic_chec~| [atomic_save] → /data1/likun-share/junjxu/.cache_stable-pretraining/runs/20260605/223610/f193196b593a/checkpoints/last.ckpt
22:49:40 | INFO  | atomic_chec~| [atomic_save] ✓ last.ckpt saved (206.8 MiB, serialise=0.58s write=0.80s rename=391.0ms)
[Epoch 5/20] step 50/203 (1.3 it/s)
[Epoch 5/20] step 100/203 (1.5 it/s)
[Epoch 5/20] step 150/203 (1.4 it/s)
[Epoch 5/20] step 200/203 (1.4 it/s)
22:52:21 | INFO  | trainer_inf~| \n+----------------------------+------------------------+
|           Metric           |         Value          |
+----------------------------+------------------------+
|          [0;34;40mfit/loss[0m          |   [0;32;40m0.9029327630996704[0m   |
|       [0;34;40mfit/pred_loss[0m        |  [0;32;40m0.02989705465734005[0m   |
|       [0;34;40mfit/probe_loss[0m       |  [0;32;40m0.05585825443267822[0m   |
|      [0;34;40mfit/sigreg_loss[0m       |        [0;32;40m3.484375[0m        |
|    [0;34;40mhardware/cpu_percent[0m    |   [0;32;40m97.80000305175781[0m    |
|  [0;34;40mhardware/disk_read_mb_s[0m   | [0;32;40m0.0007809318485669792[0m  |
|  [0;34;40mhardware/disk_write_mb_s[0m  |   [0;32;40m8.977982521057129[0m    |
|   [0;34;40mhardware/net_recv_mb_s[0m   |  [0;32;40m0.011137334629893303[0m  |
|   [0;34;40mhardware/net_sent_mb_s[0m   |  [0;32;40m0.04690862447023392[0m   |
|    [0;34;40mhardware/ram_used_gb[0m    |   [0;32;40m951.1966552734375[0m    |
|   [0;34;40mhardware/ram_used_pct[0m    |    [0;32;40m94.4000015258789[0m    |
|    [0;34;40mhparams/lr_default_0[0m    | [0;32;40m4.0133647416951135e-05[0m |
|       [0;34;40mvalidate/loss[0m        |   [0;32;40m118.5437240600586[0m    |
|    [0;34;40mvalidate/loss_epoch[0m     |   [0;32;40m118.5437240600586[0m    |
|     [0;34;40mvalidate/pred_loss[0m     |   [0;32;40m16.161022186279297[0m   |
|  [0;34;40mvalidate/pred_loss_epoch[0m  |   [0;32;40m16.161022186279297[0m   |
|    [0;34;40mvalidate/probe_loss[0m     |   [0;32;40m7.9687089920043945[0m   |
| [0;34;40mvalidate/probe_loss_epoch[0m  |   [0;32;40m7.9687089920043945[0m   |
|    [0;34;40mvalidate/sigreg_loss[0m    |   [0;32;40m252.1141815185547[0m    |
| [0;34;40mvalidate/sigreg_loss_epoch[0m |   [0;32;40m252.1141815185547[0m    |
+----------------------------+------------------------+
[Epoch 5/20] done in 162.2s
22:52:22 | INFO  | checkpoint_~|   Checking for non PyTorch modules to save
22:52:22 | INFO  | atomic_chec~| [atomic_save] → /data1/likun-share/junjxu/.cache_stable-pretraining/runs/20260605/223610/f193196b593a/checkpoints/epoch=5-step=1218.ckpt
22:52:24 | INFO  | atomic_chec~| [atomic_save] ✓ epoch=5-step=1218.ckpt saved (206.8 MiB, serialise=1.12s write=1.05s rename=0.1ms)
22:52:24 | INFO  | checkpoint_~|   Checking for non PyTorch modules to save
22:52:24 | INFO  | atomic_chec~| [atomic_save] → /data1/likun-share/junjxu/.cache_stable-pretraining/runs/20260605/223610/f193196b593a/checkpoints/last.ckpt
22:52:26 | INFO  | atomic_chec~| [atomic_save] ✓ last.ckpt saved (206.8 MiB, serialise=0.97s write=0.70s rename=144.9ms)
[Epoch 6/20] step 50/203 (1.5 it/s)
[Epoch 6/20] step 100/203 (1.5 it/s)
[Epoch 6/20] step 150/203 (1.5 it/s)
[Epoch 6/20] step 200/203 (1.6 it/s)
22:54:53 | INFO  | trainer_inf~| \n+----------------------------+-----------------------+
|           Metric           |         Value         |
+----------------------------+-----------------------+
|          [0;34;40mfit/loss[0m          |   [0;32;40m0.9612903594970703[0m  |
|       [0;34;40mfit/pred_loss[0m        |  [0;32;40m0.02909800037741661[0m  |
|       [0;34;40mfit/probe_loss[0m       |  [0;32;40m0.06294579803943634[0m  |
|      [0;34;40mfit/sigreg_loss[0m       |        [0;32;40m3.359375[0m       |
|    [0;34;40mhardware/cpu_percent[0m    |          [0;32;40m98.5[0m         |
|  [0;34;40mhardware/disk_read_mb_s[0m   |  [0;32;40m0.07614722102880478[0m  |
|  [0;34;40mhardware/disk_write_mb_s[0m  |   [0;32;40m78.43710327148438[0m   |
|   [0;34;40mhardware/net_recv_mb_s[0m   |  [0;32;40m0.04403843730688095[0m  |
|   [0;34;40mhardware/net_sent_mb_s[0m   |  [0;32;40m0.08704990893602371[0m  |
|    [0;34;40mhardware/ram_used_gb[0m    |   [0;32;40m954.8494873046875[0m   |
|   [0;34;40mhardware/ram_used_pct[0m    |   [0;32;40m94.80000305175781[0m   |
|    [0;34;40mhparams/lr_default_0[0m    | [0;32;40m3.679999281303026e-05[0m |
|       [0;34;40mvalidate/loss[0m        |   [0;32;40m40.463706970214844[0m  |
|    [0;34;40mvalidate/loss_epoch[0m     |   [0;32;40m40.463706970214844[0m  |
|     [0;34;40mvalidate/pred_loss[0m     |   [0;32;40m2.4586024284362793[0m  |
|  [0;34;40mvalidate/pred_loss_epoch[0m  |   [0;32;40m2.4586024284362793[0m  |
|    [0;34;40mvalidate/probe_loss[0m     |   [0;32;40m2.3022286891937256[0m  |
| [0;34;40mvalidate/probe_loss_epoch[0m  |   [0;32;40m2.3022286891937256[0m  |
|    [0;34;40mvalidate/sigreg_loss[0m    |   [0;32;40m166.4408416748047[0m   |
| [0;34;40mvalidate/sigreg_loss_epoch[0m |   [0;32;40m166.4408416748047[0m   |
+----------------------------+-----------------------+
[Epoch 6/20] done in 147.0s
22:54:53 | INFO  | checkpoint_~|   Checking for non PyTorch modules to save
22:54:53 | INFO  | atomic_chec~| [atomic_save] → /data1/likun-share/junjxu/.cache_stable-pretraining/runs/20260605/223610/f193196b593a/checkpoints/epoch=6-step=1421.ckpt
22:54:54 | INFO  | atomic_chec~| [atomic_save] ✓ epoch=6-step=1421.ckpt saved (206.8 MiB, serialise=0.70s write=0.57s rename=0.1ms)
22:54:55 | INFO  | checkpoint_~|   Checking for non PyTorch modules to save
22:54:55 | INFO  | atomic_chec~| [atomic_save] → /data1/likun-share/junjxu/.cache_stable-pretraining/runs/20260605/223610/f193196b593a/checkpoints/last.ckpt
22:54:56 | INFO  | atomic_chec~| [atomic_save] ✓ last.ckpt saved (206.8 MiB, serialise=0.72s write=0.66s rename=7.8ms)
[Epoch 7/20] step 50/203 (1.3 it/s)
[Epoch 7/20] step 100/203 (1.4 it/s)
[Epoch 7/20] step 150/203 (1.4 it/s)
[Epoch 7/20] step 200/203 (1.4 it/s)
22:57:36 | INFO  | trainer_inf~| \n+----------------------------+-----------------------+
|           Metric           |         Value         |
+----------------------------+-----------------------+
|          [0;34;40mfit/loss[0m          |   [0;32;40m0.7566015720367432[0m  |
|       [0;34;40mfit/pred_loss[0m        |  [0;32;40m0.027620170265436172[0m |
|       [0;34;40mfit/probe_loss[0m       |  [0;32;40m0.04418720304965973[0m  |
|      [0;34;40mfit/sigreg_loss[0m       |         [0;32;40m3.1875[0m        |
|    [0;34;40mhardware/cpu_percent[0m    |    [0;32;40m98.9000015258789[0m   |
|  [0;34;40mhardware/disk_read_mb_s[0m   |  [0;32;40m0.004685721825808287[0m |
|  [0;34;40mhardware/disk_write_mb_s[0m  |   [0;32;40m51.44844436645508[0m   |
|   [0;34;40mhardware/net_recv_mb_s[0m   |  [0;32;40m0.013339035212993622[0m |
|   [0;34;40mhardware/net_sent_mb_s[0m   |  [0;32;40m0.04823942482471466[0m  |
|    [0;34;40mhardware/ram_used_gb[0m    |   [0;32;40m949.9122924804688[0m   |
|   [0;34;40mhardware/ram_used_pct[0m    |   [0;32;40m94.30000305175781[0m   |
|    [0;34;40mhparams/lr_default_0[0m    | [0;32;40m3.316998481750488e-05[0m |
|       [0;34;40mvalidate/loss[0m        |   [0;32;40m97.26107788085938[0m   |
|    [0;34;40mvalidate/loss_epoch[0m     |   [0;32;40m97.26107788085938[0m   |
|     [0;34;40mvalidate/pred_loss[0m     |   [0;32;40m11.67150592803955[0m   |
|  [0;34;40mvalidate/pred_loss_epoch[0m  |   [0;32;40m11.67150592803955[0m   |
|    [0;34;40mvalidate/probe_loss[0m     |   [0;32;40m6.322494029998779[0m   |
| [0;34;40mvalidate/probe_loss_epoch[0m  |   [0;32;40m6.322494029998779[0m   |
|    [0;34;40mvalidate/sigreg_loss[0m    |   [0;32;40m248.30389404296875[0m  |
| [0;34;40mvalidate/sigreg_loss_epoch[0m |   [0;32;40m248.30389404296875[0m  |
+----------------------------+-----------------------+
[Epoch 7/20] done in 160.5s
22:57:37 | INFO  | checkpoint_~|   Checking for non PyTorch modules to save
22:57:37 | INFO  | atomic_chec~| [atomic_save] → /data1/likun-share/junjxu/.cache_stable-pretraining/runs/20260605/223610/f193196b593a/checkpoints/epoch=7-step=1624.ckpt
22:57:38 | INFO  | atomic_chec~| [atomic_save] ✓ epoch=7-step=1624.ckpt saved (206.8 MiB, serialise=0.86s write=0.57s rename=0.1ms)
22:57:38 | INFO  | checkpoint_~|   Checking for non PyTorch modules to save
22:57:38 | INFO  | atomic_chec~| [atomic_save] → /data1/likun-share/junjxu/.cache_stable-pretraining/runs/20260605/223610/f193196b593a/checkpoints/last.ckpt
22:57:40 | INFO  | atomic_chec~| [atomic_save] ✓ last.ckpt saved (206.8 MiB, serialise=1.01s write=0.60s rename=5.2ms)
[Epoch 8/20] step 50/203 (1.5 it/s)
[Epoch 8/20] step 100/203 (1.5 it/s)
[Epoch 8/20] step 150/203 (1.5 it/s)
[Epoch 8/20] step 200/203 (1.6 it/s)
23:00:10 | INFO  | trainer_inf~| \n+----------------------------+------------------------+
|           Metric           |         Value          |
+----------------------------+------------------------+
|          [0;34;40mfit/loss[0m          |   [0;32;40m0.8106417655944824[0m   |
|       [0;34;40mfit/pred_loss[0m        |  [0;32;40m0.03236095979809761[0m   |
|       [0;34;40mfit/probe_loss[0m       |  [0;32;40m0.05165620520710945[0m   |
|      [0;34;40mfit/sigreg_loss[0m       |        [0;32;40m2.90625[0m         |
|    [0;34;40mhardware/cpu_percent[0m    |    [0;32;40m99.5999984741211[0m    |
|  [0;34;40mhardware/disk_read_mb_s[0m   |  [0;32;40m0.018353043124079704[0m  |
|  [0;34;40mhardware/disk_write_mb_s[0m  |   [0;32;40m167.0618896484375[0m    |
|   [0;34;40mhardware/net_recv_mb_s[0m   |  [0;32;40m0.02300708368420601[0m   |
|   [0;34;40mhardware/net_sent_mb_s[0m   |  [0;32;40m0.057406265288591385[0m  |
|    [0;34;40mhardware/ram_used_gb[0m    |   [0;32;40m948.8480224609375[0m    |
|   [0;34;40mhardware/ram_used_pct[0m    |   [0;32;40m94.19999694824219[0m    |
|    [0;34;40mhparams/lr_default_0[0m    | [0;32;40m2.9334791179280728e-05[0m |
|       [0;34;40mvalidate/loss[0m        |   [0;32;40m157.10585021972656[0m   |
|    [0;34;40mvalidate/loss_epoch[0m     |   [0;32;40m157.10585021972656[0m   |
|     [0;34;40mvalidate/pred_loss[0m     |   [0;32;40m30.661544799804688[0m   |
|  [0;34;40mvalidate/pred_loss_epoch[0m  |   [0;32;40m30.661544799804688[0m   |
|    [0;34;40mvalidate/probe_loss[0m     |   [0;32;40m10.02789306640625[0m    |
| [0;34;40mvalidate/probe_loss_epoch[0m  |   [0;32;40m10.02789306640625[0m    |
|    [0;34;40mvalidate/sigreg_loss[0m    |    [0;32;40m290.669189453125[0m    |
| [0;34;40mvalidate/sigreg_loss_epoch[0m |    [0;32;40m290.669189453125[0m    |
+----------------------------+------------------------+
[Epoch 8/20] done in 150.5s
23:00:10 | INFO  | checkpoint_~|   Checking for non PyTorch modules to save
23:00:10 | INFO  | atomic_chec~| [atomic_save] → /data1/likun-share/junjxu/.cache_stable-pretraining/runs/20260605/223610/f193196b593a/checkpoints/epoch=8-step=1827.ckpt
23:00:12 | INFO  | atomic_chec~| [atomic_save] ✓ epoch=8-step=1827.ckpt saved (206.8 MiB, serialise=0.95s write=0.62s rename=0.1ms)
23:00:12 | INFO  | checkpoint_~|   Checking for non PyTorch modules to save
23:00:12 | INFO  | atomic_chec~| [atomic_save] → /data1/likun-share/junjxu/.cache_stable-pretraining/runs/20260605/223610/f193196b593a/checkpoints/last.ckpt
23:00:14 | INFO  | atomic_chec~| [atomic_save] ✓ last.ckpt saved (206.8 MiB, serialise=1.06s write=0.72s rename=7.2ms)
[Epoch 9/20] step 50/203 (1.4 it/s)
[Epoch 9/20] step 100/203 (1.4 it/s)
[Epoch 9/20] step 150/203 (1.5 it/s)
[Epoch 9/20] step 200/203 (1.5 it/s)
23:02:46 | INFO  | trainer_inf~| \n+----------------------------+-----------------------+
|           Metric           |         Value         |
+----------------------------+-----------------------+
|          [0;34;40mfit/loss[0m          |   [0;32;40m0.834949254989624[0m   |
|       [0;34;40mfit/pred_loss[0m        |  [0;32;40m0.030367834493517876[0m |
|       [0;34;40mfit/probe_loss[0m       |   [0;32;40m0.0540909580886364[0m  |
|      [0;34;40mfit/sigreg_loss[0m       |        [0;32;40m2.921875[0m       |
|    [0;34;40mhardware/cpu_percent[0m    |    [0;32;40m99.5999984741211[0m   |
|  [0;34;40mhardware/disk_read_mb_s[0m   |  [0;32;40m0.019131386652588844[0m |
|  [0;34;40mhardware/disk_write_mb_s[0m  |   [0;32;40m209.54490661621094[0m  |
|   [0;34;40mhardware/net_recv_mb_s[0m   |  [0;32;40m0.022421689704060555[0m |
|   [0;34;40mhardware/net_sent_mb_s[0m   |  [0;32;40m0.02181430160999298[0m  |
|    [0;34;40mhardware/ram_used_gb[0m    |   [0;32;40m950.9800415039062[0m   |
|   [0;34;40mhardware/ram_used_pct[0m    |    [0;32;40m94.4000015258789[0m   |
|    [0;34;40mhparams/lr_default_0[0m    | [0;32;40m2.539072920626495e-05[0m |
|       [0;34;40mvalidate/loss[0m        |   [0;32;40m102.9691390991211[0m   |
|    [0;34;40mvalidate/loss_epoch[0m     |   [0;32;40m102.9691390991211[0m   |
|     [0;34;40mvalidate/pred_loss[0m     |   [0;32;40m10.301694869995117[0m  |
|  [0;34;40mvalidate/pred_loss_epoch[0m  |   [0;32;40m10.301694869995117[0m  |
|    [0;34;40mvalidate/probe_loss[0m     |   [0;32;40m7.182116508483887[0m   |
| [0;34;40mvalidate/probe_loss_epoch[0m  |   [0;32;40m7.182116508483887[0m   |
|    [0;34;40mvalidate/sigreg_loss[0m    |   [0;32;40m231.61297607421875[0m  |
| [0;34;40mvalidate/sigreg_loss_epoch[0m |   [0;32;40m231.61297607421875[0m  |
+----------------------------+-----------------------+
[Epoch 9/20] done in 152.2s
23:02:46 | INFO  | checkpoint_~|   Checking for non PyTorch modules to save
23:02:46 | INFO  | atomic_chec~| [atomic_save] → /data1/likun-share/junjxu/.cache_stable-pretraining/runs/20260605/223610/f193196b593a/checkpoints/epoch=9-step=2030.ckpt
23:02:48 | INFO  | atomic_chec~| [atomic_save] ✓ epoch=9-step=2030.ckpt saved (206.8 MiB, serialise=0.91s write=0.84s rename=0.1ms)
23:02:48 | INFO  | checkpoint_~|   Checking for non PyTorch modules to save
23:02:48 | INFO  | atomic_chec~| [atomic_save] → /data1/likun-share/junjxu/.cache_stable-pretraining/runs/20260605/223610/f193196b593a/checkpoints/last.ckpt
23:02:50 | INFO  | atomic_chec~| [atomic_save] ✓ last.ckpt saved (206.8 MiB, serialise=1.00s write=0.60s rename=269.0ms)
[Epoch 10/20] step 50/203 (1.4 it/s)
[Epoch 10/20] step 100/203 (1.4 it/s)
[Epoch 10/20] step 150/203 (1.4 it/s)
[Epoch 10/20] step 200/203 (1.5 it/s)
23:05:24 | INFO  | trainer_inf~| \n+----------------------------+------------------------+
|           Metric           |         Value          |
+----------------------------+------------------------+
|          [0;34;40mfit/loss[0m          |   [0;32;40m0.7650677561759949[0m   |
|       [0;34;40mfit/pred_loss[0m        |  [0;32;40m0.027493642643094063[0m  |
|       [0;34;40mfit/probe_loss[0m       |  [0;32;40m0.04719490930438042[0m   |
|      [0;34;40mfit/sigreg_loss[0m       |        [0;32;40m2.953125[0m        |
|    [0;34;40mhardware/cpu_percent[0m    |   [0;32;40m98.19999694824219[0m    |
|  [0;34;40mhardware/disk_read_mb_s[0m   |  [0;32;40m0.023819493129849434[0m  |
|  [0;34;40mhardware/disk_write_mb_s[0m  |     [0;32;40m237.169921875[0m      |
|   [0;34;40mhardware/net_recv_mb_s[0m   |  [0;32;40m0.023258650675415993[0m  |
|   [0;34;40mhardware/net_sent_mb_s[0m   |  [0;32;40m0.059387337416410446[0m  |
|    [0;34;40mhardware/ram_used_gb[0m    |      [0;32;40m947.44140625[0m      |
|   [0;34;40mhardware/ram_used_pct[0m    |    [0;32;40m94.0999984741211[0m    |
|    [0;34;40mhparams/lr_default_0[0m    | [0;32;40m2.1436855604406446e-05[0m |
|       [0;34;40mvalidate/loss[0m        |   [0;32;40m28.76007652282715[0m    |
|    [0;34;40mvalidate/loss_epoch[0m     |   [0;32;40m28.76007652282715[0m    |
|     [0;34;40mvalidate/pred_loss[0m     |   [0;32;40m0.472070574760437[0m    |
|  [0;34;40mvalidate/pred_loss_epoch[0m  |   [0;32;40m0.472070574760437[0m    |
|    [0;34;40mvalidate/probe_loss[0m     |   [0;32;40m2.0881175994873047[0m   |
| [0;34;40mvalidate/probe_loss_epoch[0m  |   [0;32;40m2.0881175994873047[0m   |
|    [0;34;40mvalidate/sigreg_loss[0m    |   [0;32;40m82.31588745117188[0m    |
| [0;34;40mvalidate/sigreg_loss_epoch[0m |   [0;32;40m82.31588745117188[0m    |
+----------------------------+------------------------+
[Epoch 10/20] done in 154.2s
23:05:24 | INFO  | checkpoint_~|   Checking for non PyTorch modules to save
23:05:24 | INFO  | atomic_chec~| [atomic_save] → /data1/likun-share/junjxu/.cache_stable-pretraining/runs/20260605/223610/f193196b593a/checkpoints/epoch=10-step=2233.ckpt
23:05:26 | INFO  | atomic_chec~| [atomic_save] ✓ epoch=10-step=2233.ckpt saved (206.8 MiB, serialise=1.02s write=0.84s rename=0.1ms)
23:05:26 | INFO  | checkpoint_~|   Checking for non PyTorch modules to save
23:05:26 | INFO  | atomic_chec~| [atomic_save] → /data1/likun-share/junjxu/.cache_stable-pretraining/runs/20260605/223610/f193196b593a/checkpoints/last.ckpt
23:05:28 | INFO  | atomic_chec~| [atomic_save] ✓ last.ckpt saved (206.8 MiB, serialise=0.78s write=0.58s rename=135.3ms)
[Epoch 11/20] step 50/203 (1.4 it/s)
[Epoch 11/20] step 100/203 (1.4 it/s)
[Epoch 11/20] step 150/203 (1.4 it/s)
[Epoch 11/20] step 200/203 (1.5 it/s)
23:08:04 | INFO  | trainer_inf~| \n+----------------------------+-----------------------+
|           Metric           |         Value         |
+----------------------------+-----------------------+
|          [0;34;40mfit/loss[0m          |   [0;32;40m0.7650295495986938[0m  |
|       [0;34;40mfit/pred_loss[0m        |   [0;32;40m0.0270483810454607[0m  |
|       [0;34;40mfit/probe_loss[0m       |  [0;32;40m0.04879812151193619[0m  |
|      [0;34;40mfit/sigreg_loss[0m       |        [0;32;40m2.78125[0m        |
|    [0;34;40mhardware/cpu_percent[0m    |   [0;32;40m92.19999694824219[0m   |
|  [0;34;40mhardware/disk_read_mb_s[0m   |  [0;32;40m0.03162724897265434[0m  |
|  [0;34;40mhardware/disk_write_mb_s[0m  |   [0;32;40m175.33091735839844[0m  |
|   [0;34;40mhardware/net_recv_mb_s[0m   |  [0;32;40m0.023990973830223083[0m |
|   [0;34;40mhardware/net_sent_mb_s[0m   |  [0;32;40m0.05790683627128601[0m  |
|    [0;34;40mhardware/ram_used_gb[0m    |   [0;32;40m945.7413940429688[0m   |
|   [0;34;40mhardware/ram_used_pct[0m    |    [0;32;40m93.9000015258789[0m   |
|    [0;34;40mhparams/lr_default_0[0m    | [0;32;40m1.757246718625538e-05[0m |
|       [0;34;40mvalidate/loss[0m        |   [0;32;40m44.881019592285156[0m  |
|    [0;34;40mvalidate/loss_epoch[0m     |   [0;32;40m44.881019592285156[0m  |
|     [0;34;40mvalidate/pred_loss[0m     |   [0;32;40m1.9570953845977783[0m  |
|  [0;34;40mvalidate/pred_loss_epoch[0m  |   [0;32;40m1.9570953845977783[0m  |
|    [0;34;40mvalidate/probe_loss[0m     |   [0;32;40m2.8127334117889404[0m  |
| [0;34;40mvalidate/probe_loss_epoch[0m  |   [0;32;40m2.8127334117889404[0m  |
|    [0;34;40mvalidate/sigreg_loss[0m    |   [0;32;40m164.43014526367188[0m  |
| [0;34;40mvalidate/sigreg_loss_epoch[0m |   [0;32;40m164.43014526367188[0m  |
+----------------------------+-----------------------+
[Epoch 11/20] done in 156.9s
23:08:05 | INFO  | checkpoint_~|   Checking for non PyTorch modules to save
23:08:05 | INFO  | atomic_chec~| [atomic_save] → /data1/likun-share/junjxu/.cache_stable-pretraining/runs/20260605/223610/f193196b593a/checkpoints/epoch=11-step=2436.ckpt
23:08:06 | INFO  | atomic_chec~| [atomic_save] ✓ epoch=11-step=2436.ckpt saved (206.8 MiB, serialise=0.70s write=0.63s rename=0.1ms)
23:08:06 | INFO  | checkpoint_~|   Checking for non PyTorch modules to save
23:08:06 | INFO  | atomic_chec~| [atomic_save] → /data1/likun-share/junjxu/.cache_stable-pretraining/runs/20260605/223610/f193196b593a/checkpoints/last.ckpt
23:08:11 | INFO  | atomic_chec~| [atomic_save] ✓ last.ckpt saved (206.8 MiB, serialise=1.35s write=2.87s rename=8.0ms)
[Epoch 12/20] step 50/203 (1.4 it/s)
[Epoch 12/20] step 100/203 (1.4 it/s)
[Epoch 12/20] step 150/203 (1.4 it/s)
[Epoch 12/20] step 200/203 (1.5 it/s)
23:10:44 | INFO  | trainer_inf~| \n+----------------------------+------------------------+
|           Metric           |         Value          |
+----------------------------+------------------------+
|          [0;34;40mfit/loss[0m          |   [0;32;40m0.7670570015907288[0m   |
|       [0;34;40mfit/pred_loss[0m        |  [0;32;40m0.029166825115680695[0m  |
|       [0;34;40mfit/probe_loss[0m       |  [0;32;40m0.047617144882678986[0m  |
|      [0;34;40mfit/sigreg_loss[0m       |        [0;32;40m2.90625[0m         |
|    [0;34;40mhardware/cpu_percent[0m    |   [0;32;40m97.19999694824219[0m    |
|  [0;34;40mhardware/disk_read_mb_s[0m   |  [0;32;40m0.009370526298880577[0m  |
|  [0;34;40mhardware/disk_write_mb_s[0m  |   [0;32;40m101.85411071777344[0m   |
|   [0;34;40mhardware/net_recv_mb_s[0m   |  [0;32;40m0.024369431659579277[0m  |
|   [0;34;40mhardware/net_sent_mb_s[0m   |  [0;32;40m0.023549091070890427[0m  |
|    [0;34;40mhardware/ram_used_gb[0m    |   [0;32;40m953.3778686523438[0m    |
|   [0;34;40mhardware/ram_used_pct[0m    |    [0;32;40m94.5999984741211[0m    |
|    [0;34;40mhparams/lr_default_0[0m    | [0;32;40m1.3894621588406153e-05[0m |
|       [0;34;40mvalidate/loss[0m        |    [0;32;40m39.4993896484375[0m    |
|    [0;34;40mvalidate/loss_epoch[0m     |    [0;32;40m39.4993896484375[0m    |
|     [0;34;40mvalidate/pred_loss[0m     |   [0;32;40m3.7032270431518555[0m   |
|  [0;34;40mvalidate/pred_loss_epoch[0m  |   [0;32;40m3.7032270431518555[0m   |
|    [0;34;40mvalidate/probe_loss[0m     |   [0;32;40m1.988725185394287[0m    |
| [0;34;40mvalidate/probe_loss_epoch[0m  |   [0;32;40m1.988725185394287[0m    |
|    [0;34;40mvalidate/sigreg_loss[0m    |   [0;32;40m176.7117919921875[0m    |
| [0;34;40mvalidate/sigreg_loss_epoch[0m |   [0;32;40m176.7117919921875[0m    |
+----------------------------+------------------------+
[Epoch 12/20] done in 153.9s
23:10:45 | INFO  | checkpoint_~|   Checking for non PyTorch modules to save
23:10:45 | INFO  | atomic_chec~| [atomic_save] → /data1/likun-share/junjxu/.cache_stable-pretraining/runs/20260605/223610/f193196b593a/checkpoints/epoch=12-step=2639.ckpt
23:10:47 | INFO  | atomic_chec~| [atomic_save] ✓ epoch=12-step=2639.ckpt saved (206.8 MiB, serialise=1.04s write=0.87s rename=0.1ms)
23:10:47 | INFO  | checkpoint_~|   Checking for non PyTorch modules to save
23:10:47 | INFO  | atomic_chec~| [atomic_save] → /data1/likun-share/junjxu/.cache_stable-pretraining/runs/20260605/223610/f193196b593a/checkpoints/last.ckpt
23:10:48 | INFO  | atomic_chec~| [atomic_save] ✓ last.ckpt saved (206.8 MiB, serialise=0.65s write=0.61s rename=135.5ms)
[Epoch 13/20] step 50/203 (1.4 it/s)
[Epoch 13/20] step 100/203 (1.4 it/s)
[Epoch 13/20] step 150/203 (1.4 it/s)
[Epoch 13/20] step 200/203 (1.4 it/s)
23:13:30 | INFO  | trainer_inf~| \n+----------------------------+------------------------+
|           Metric           |         Value          |
+----------------------------+------------------------+
|          [0;34;40mfit/loss[0m          |   [0;32;40m0.6998690366744995[0m   |
|       [0;34;40mfit/pred_loss[0m        |  [0;32;40m0.02975008822977543[0m   |
|       [0;34;40mfit/probe_loss[0m       |   [0;32;40m0.0437697097659111[0m   |
|      [0;34;40mfit/sigreg_loss[0m       |        [0;32;40m2.578125[0m        |
|    [0;34;40mhardware/cpu_percent[0m    |   [0;32;40m95.69999694824219[0m    |
|  [0;34;40mhardware/disk_read_mb_s[0m   |  [0;32;40m0.15697908401489258[0m   |
|  [0;34;40mhardware/disk_write_mb_s[0m  |    [0;32;40m163.70458984375[0m     |
|   [0;34;40mhardware/net_recv_mb_s[0m   |  [0;32;40m0.027993246912956238[0m  |
|   [0;34;40mhardware/net_sent_mb_s[0m   |  [0;32;40m0.062113720923662186[0m  |
|    [0;34;40mhardware/ram_used_gb[0m    |   [0;32;40m957.3074340820312[0m    |
|   [0;34;40mhardware/ram_used_pct[0m    |          [0;32;40m95.0[0m          |
|    [0;34;40mhparams/lr_default_0[0m    | [0;32;40m1.0495683454792015e-05[0m |
|       [0;34;40mvalidate/loss[0m        |   [0;32;40m97.45089721679688[0m    |
|    [0;34;40mvalidate/loss_epoch[0m     |   [0;32;40m97.45089721679688[0m    |
|     [0;34;40mvalidate/pred_loss[0m     |   [0;32;40m2.668712615966797[0m    |
|  [0;34;40mvalidate/pred_loss_epoch[0m  |   [0;32;40m2.668712615966797[0m    |
|    [0;34;40mvalidate/probe_loss[0m     |    [0;32;40m8.06823444366455[0m    |
| [0;34;40mvalidate/probe_loss_epoch[0m  |    [0;32;40m8.06823444366455[0m    |
|    [0;34;40mvalidate/sigreg_loss[0m    |   [0;32;40m156.67955017089844[0m   |
| [0;34;40mvalidate/sigreg_loss_epoch[0m |   [0;32;40m156.67955017089844[0m   |
+----------------------------+------------------------+
[Epoch 13/20] done in 161.6s
23:13:30 | INFO  | checkpoint_~|   Checking for non PyTorch modules to save
23:13:30 | INFO  | atomic_chec~| [atomic_save] → /data1/likun-share/junjxu/.cache_stable-pretraining/runs/20260605/223610/f193196b593a/checkpoints/epoch=13-step=2842.ckpt
23:13:31 | INFO  | atomic_chec~| [atomic_save] ✓ epoch=13-step=2842.ckpt saved (206.8 MiB, serialise=0.65s write=0.63s rename=0.1ms)
23:13:31 | INFO  | checkpoint_~|   Checking for non PyTorch modules to save
23:13:32 | INFO  | atomic_chec~| [atomic_save] → /data1/likun-share/junjxu/.cache_stable-pretraining/runs/20260605/223610/f193196b593a/checkpoints/last.ckpt
23:13:34 | INFO  | atomic_chec~| [atomic_save] ✓ last.ckpt saved (206.8 MiB, serialise=1.04s write=0.87s rename=225.1ms)
[Epoch 14/20] step 50/203 (1.3 it/s)
[Epoch 14/20] step 100/203 (1.3 it/s)
[Epoch 14/20] step 150/203 (1.4 it/s)
[Epoch 14/20] step 200/203 (1.4 it/s)
23:16:15 | INFO  | trainer_inf~| \n+----------------------------+-----------------------+
|           Metric           |         Value         |
+----------------------------+-----------------------+
|          [0;34;40mfit/loss[0m          |   [0;32;40m0.6889079809188843[0m  |
|       [0;34;40mfit/pred_loss[0m        |  [0;32;40m0.025771085172891617[0m |
|       [0;34;40mfit/probe_loss[0m       |  [0;32;40m0.040532439947128296[0m |
|      [0;34;40mfit/sigreg_loss[0m       |        [0;32;40m2.859375[0m       |
|    [0;34;40mhardware/cpu_percent[0m    |   [0;32;40m99.69999694824219[0m   |
|  [0;34;40mhardware/disk_read_mb_s[0m   |  [0;32;40m0.01054286863654852[0m  |
|  [0;34;40mhardware/disk_write_mb_s[0m  |   [0;32;40m154.02037048339844[0m  |
|   [0;34;40mhardware/net_recv_mb_s[0m   |  [0;32;40m0.020954465493559837[0m |
|   [0;34;40mhardware/net_sent_mb_s[0m   |  [0;32;40m0.02018304541707039[0m  |
|    [0;34;40mhardware/ram_used_gb[0m    |   [0;32;40m971.4617919921875[0m   |
|   [0;34;40mhardware/ram_used_pct[0m    |    [0;32;40m96.4000015258789[0m   |
|    [0;34;40mhparams/lr_default_0[0m    | [0;32;40m7.461018412868725e-06[0m |
|       [0;34;40mvalidate/loss[0m        |   [0;32;40m29.268909454345703[0m  |
|    [0;34;40mvalidate/loss_epoch[0m     |   [0;32;40m29.268909454345703[0m  |
|     [0;34;40mvalidate/pred_loss[0m     |  [0;32;40m0.47402897477149963[0m  |
|  [0;34;40mvalidate/pred_loss_epoch[0m  |  [0;32;40m0.47402897477149963[0m  |
|    [0;34;40mvalidate/probe_loss[0m     |   [0;32;40m1.8474889993667603[0m  |
| [0;34;40mvalidate/probe_loss_epoch[0m  |   [0;32;40m1.8474889993667603[0m  |
|    [0;34;40mvalidate/sigreg_loss[0m    |   [0;32;40m114.70144653320312[0m  |
| [0;34;40mvalidate/sigreg_loss_epoch[0m |   [0;32;40m114.70144653320312[0m  |
+----------------------------+-----------------------+
[Epoch 14/20] done in 161.9s
23:16:16 | INFO  | checkpoint_~|   Checking for non PyTorch modules to save
23:16:16 | INFO  | atomic_chec~| [atomic_save] → /data1/likun-share/junjxu/.cache_stable-pretraining/runs/20260605/223610/f193196b593a/checkpoints/epoch=14-step=3045.ckpt
23:16:17 | INFO  | atomic_chec~| [atomic_save] ✓ epoch=14-step=3045.ckpt saved (206.8 MiB, serialise=0.72s write=0.68s rename=0.1ms)
23:16:18 | INFO  | checkpoint_~|   Checking for non PyTorch modules to save
23:16:18 | INFO  | atomic_chec~| [atomic_save] → /data1/likun-share/junjxu/.cache_stable-pretraining/runs/20260605/223610/f193196b593a/checkpoints/last.ckpt
23:16:20 | INFO  | atomic_chec~| [atomic_save] ✓ last.ckpt saved (206.8 MiB, serialise=1.07s write=0.83s rename=214.0ms)
[Epoch 15/20] step 50/203 (1.4 it/s)
[Epoch 15/20] step 100/203 (1.4 it/s)
[Epoch 15/20] step 150/203 (1.4 it/s)
[Epoch 15/20] step 200/203 (1.5 it/s)
23:18:56 | INFO  | trainer_inf~| \n+----------------------------+-----------------------+
|           Metric           |         Value         |
+----------------------------+-----------------------+
|          [0;34;40mfit/loss[0m          |   [0;32;40m0.7629913091659546[0m  |
|       [0;34;40mfit/pred_loss[0m        |  [0;32;40m0.02593737654387951[0m  |
|       [0;34;40mfit/probe_loss[0m       |  [0;32;40m0.04753351956605911[0m  |
|      [0;34;40mfit/sigreg_loss[0m       |        [0;32;40m2.90625[0m        |
|    [0;34;40mhardware/cpu_percent[0m    |   [0;32;40m97.30000305175781[0m   |
|  [0;34;40mhardware/disk_read_mb_s[0m   |   [0;32;40m5.530782699584961[0m   |
|  [0;34;40mhardware/disk_write_mb_s[0m  |   [0;32;40m278.89117431640625[0m  |
|   [0;34;40mhardware/net_recv_mb_s[0m   |  [0;32;40m0.016130434349179268[0m |
|   [0;34;40mhardware/net_sent_mb_s[0m   |  [0;32;40m0.050257474184036255[0m |
|    [0;34;40mhardware/ram_used_gb[0m    |    [0;32;40m954.658447265625[0m   |
|   [0;34;40mhardware/ram_used_pct[0m    |   [0;32;40m94.80000305175781[0m   |
|    [0;34;40mhparams/lr_default_0[0m    | [0;32;40m4.866839390160749e-06[0m |
|       [0;34;40mvalidate/loss[0m        |   [0;32;40m16.729873657226562[0m  |
|    [0;34;40mvalidate/loss_epoch[0m     |   [0;32;40m16.729873657226562[0m  |
|     [0;34;40mvalidate/pred_loss[0m     |   [0;32;40m0.5129327178001404[0m  |
|  [0;34;40mvalidate/pred_loss_epoch[0m  |   [0;32;40m0.5129327178001404[0m  |
|    [0;34;40mvalidate/probe_loss[0m     |   [0;32;40m0.9023264050483704[0m  |
| [0;34;40mvalidate/probe_loss_epoch[0m  |   [0;32;40m0.9023264050483704[0m  |
|    [0;34;40mvalidate/sigreg_loss[0m    |   [0;32;40m79.91971588134766[0m   |
| [0;34;40mvalidate/sigreg_loss_epoch[0m |   [0;32;40m79.91971588134766[0m   |
+----------------------------+-----------------------+
[Epoch 15/20] done in 156.5s
23:18:56 | INFO  | checkpoint_~|   Checking for non PyTorch modules to save
23:18:56 | INFO  | atomic_chec~| [atomic_save] → /data1/likun-share/junjxu/.cache_stable-pretraining/runs/20260605/223610/f193196b593a/checkpoints/epoch=15-step=3248.ckpt
23:18:58 | INFO  | atomic_chec~| [atomic_save] ✓ epoch=15-step=3248.ckpt saved (206.8 MiB, serialise=0.68s write=0.66s rename=0.1ms)
23:18:58 | INFO  | checkpoint_~|   Checking for non PyTorch modules to save
23:18:58 | INFO  | atomic_chec~| [atomic_save] → /data1/likun-share/junjxu/.cache_stable-pretraining/runs/20260605/223610/f193196b593a/checkpoints/last.ckpt
23:18:59 | INFO  | atomic_chec~| [atomic_save] ✓ last.ckpt saved (206.8 MiB, serialise=0.92s write=0.51s rename=84.0ms)
[Epoch 16/20] step 50/203 (1.5 it/s)
[Epoch 16/20] step 100/203 (1.6 it/s)
[Epoch 16/20] step 150/203 (1.6 it/s)
[Epoch 16/20] step 200/203 (1.6 it/s)
23:21:20 | INFO  | trainer_inf~| \n+----------------------------+------------------------+
|           Metric           |         Value          |
+----------------------------+------------------------+
|          [0;34;40mfit/loss[0m          |   [0;32;40m0.7059102058410645[0m   |
|       [0;34;40mfit/pred_loss[0m        |  [0;32;40m0.02551826275885105[0m   |
|       [0;34;40mfit/probe_loss[0m       |  [0;32;40m0.04186731576919556[0m   |
|      [0;34;40mfit/sigreg_loss[0m       |        [0;32;40m2.90625[0m         |
|    [0;34;40mhardware/cpu_percent[0m    |    [0;32;40m96.9000015258789[0m    |
|  [0;34;40mhardware/disk_read_mb_s[0m   |   [0;32;40m1.039052963256836[0m    |
|  [0;34;40mhardware/disk_write_mb_s[0m  |   [0;32;40m120.61994934082031[0m   |
|   [0;34;40mhardware/net_recv_mb_s[0m   |  [0;32;40m0.014763868413865566[0m  |
|   [0;34;40mhardware/net_sent_mb_s[0m   |  [0;32;40m0.05038456991314888[0m   |
|    [0;34;40mhardware/ram_used_gb[0m    |   [0;32;40m879.1072387695312[0m    |
|   [0;34;40mhardware/ram_used_pct[0m    |   [0;32;40m87.30000305175781[0m    |
|    [0;34;40mhparams/lr_default_0[0m    | [0;32;40m2.7783000859926688e-06[0m |
|       [0;34;40mvalidate/loss[0m        |   [0;32;40m3.7396013736724854[0m   |
|    [0;34;40mvalidate/loss_epoch[0m     |   [0;32;40m3.7396013736724854[0m   |
|     [0;34;40mvalidate/pred_loss[0m     |  [0;32;40m0.07861314713954926[0m   |
|  [0;34;40mvalidate/pred_loss_epoch[0m  |  [0;32;40m0.07861314713954926[0m   |
|    [0;34;40mvalidate/probe_loss[0m     |  [0;32;40m0.13741570711135864[0m   |
| [0;34;40mvalidate/probe_loss_epoch[0m  |  [0;32;40m0.13741570711135864[0m   |
|    [0;34;40mvalidate/sigreg_loss[0m    |   [0;32;40m25.393712997436523[0m   |
| [0;34;40mvalidate/sigreg_loss_epoch[0m |   [0;32;40m25.393712997436523[0m   |
+----------------------------+------------------------+
[Epoch 16/20] done in 140.6s
23:21:20 | INFO  | checkpoint_~|   Checking for non PyTorch modules to save
23:21:20 | INFO  | atomic_chec~| [atomic_save] → /data1/likun-share/junjxu/.cache_stable-pretraining/runs/20260605/223610/f193196b593a/checkpoints/epoch=16-step=3451.ckpt
23:21:21 | INFO  | atomic_chec~| [atomic_save] ✓ epoch=16-step=3451.ckpt saved (206.8 MiB, serialise=0.64s write=0.44s rename=0.1ms)
23:21:21 | INFO  | checkpoint_~|   Checking for non PyTorch modules to save
23:21:21 | INFO  | atomic_chec~| [atomic_save] → /data1/likun-share/junjxu/.cache_stable-pretraining/runs/20260605/223610/f193196b593a/checkpoints/last.ckpt
23:21:22 | INFO  | atomic_chec~| [atomic_save] ✓ last.ckpt saved (206.8 MiB, serialise=0.41s write=0.43s rename=128.3ms)
[Epoch 17/20] step 50/203 (1.7 it/s)
[Epoch 17/20] step 100/203 (1.8 it/s)
[Epoch 17/20] step 150/203 (1.8 it/s)
[Epoch 17/20] step 200/203 (1.7 it/s)
23:23:35 | INFO  | trainer_inf~| \n+----------------------------+-----------------------+
|           Metric           |         Value         |
+----------------------------+-----------------------+
|          [0;34;40mfit/loss[0m          |   [0;32;40m0.879275918006897[0m   |
|       [0;34;40mfit/pred_loss[0m        |  [0;32;40m0.02378414012491703[0m  |
|       [0;34;40mfit/probe_loss[0m       |  [0;32;40m0.06220933794975281[0m  |
|      [0;34;40mfit/sigreg_loss[0m       |        [0;32;40m2.59375[0m        |
|    [0;34;40mhardware/cpu_percent[0m    |   [0;32;40m96.80000305175781[0m   |
|  [0;34;40mhardware/disk_read_mb_s[0m   |  [0;32;40m0.033580053597688675[0m |
|  [0;34;40mhardware/disk_write_mb_s[0m  |   [0;32;40m31.20446014404297[0m   |
|   [0;34;40mhardware/net_recv_mb_s[0m   |  [0;32;40m0.01682768203318119[0m  |
|   [0;34;40mhardware/net_sent_mb_s[0m   |  [0;32;40m0.05143804848194122[0m  |
|    [0;34;40mhardware/ram_used_gb[0m    |   [0;32;40m892.9548950195312[0m   |
|   [0;34;40mhardware/ram_used_pct[0m    |    [0;32;40m88.5999984741211[0m   |
|    [0;34;40mhparams/lr_default_0[0m    | [0;32;40m1.247852651431458e-06[0m |
|       [0;34;40mvalidate/loss[0m        |   [0;32;40m4.627542018890381[0m   |
|    [0;34;40mvalidate/loss_epoch[0m     |   [0;32;40m4.627542018890381[0m   |
|     [0;34;40mvalidate/pred_loss[0m     |   [0;32;40m0.0881115049123764[0m  |
|  [0;34;40mvalidate/pred_loss_epoch[0m  |   [0;32;40m0.0881115049123764[0m  |
|    [0;34;40mvalidate/probe_loss[0m     |   [0;32;40m0.1978355348110199[0m  |
| [0;34;40mvalidate/probe_loss_epoch[0m  |   [0;32;40m0.1978355348110199[0m  |
|    [0;34;40mvalidate/sigreg_loss[0m    |   [0;32;40m28.445369720458984[0m  |
| [0;34;40mvalidate/sigreg_loss_epoch[0m |   [0;32;40m28.445369720458984[0m  |
+----------------------------+-----------------------+
[Epoch 17/20] done in 133.2s
23:23:36 | INFO  | checkpoint_~|   Checking for non PyTorch modules to save
23:23:36 | INFO  | atomic_chec~| [atomic_save] → /data1/likun-share/junjxu/.cache_stable-pretraining/runs/20260605/223610/f193196b593a/checkpoints/epoch=17-step=3654.ckpt
23:23:37 | INFO  | atomic_chec~| [atomic_save] ✓ epoch=17-step=3654.ckpt saved (206.8 MiB, serialise=0.67s write=0.39s rename=0.0ms)
23:23:37 | INFO  | checkpoint_~|   Checking for non PyTorch modules to save
23:23:37 | INFO  | atomic_chec~| [atomic_save] → /data1/likun-share/junjxu/.cache_stable-pretraining/runs/20260605/223610/f193196b593a/checkpoints/last.ckpt
23:23:37 | INFO  | atomic_chec~| [atomic_save] ✓ last.ckpt saved (206.8 MiB, serialise=0.34s write=0.33s rename=66.7ms)
[Epoch 18/20] step 50/203 (1.9 it/s)
[Epoch 18/20] step 100/203 (1.9 it/s)
[Epoch 18/20] step 150/203 (1.8 it/s)
[Epoch 18/20] step 200/203 (1.8 it/s)
23:25:47 | INFO  | trainer_inf~| \n+----------------------------+------------------------+
|           Metric           |         Value          |
+----------------------------+------------------------+
|          [0;34;40mfit/loss[0m          |   [0;32;40m0.7101925611495972[0m   |
|       [0;34;40mfit/pred_loss[0m        |   [0;32;40m0.0253094844520092[0m   |
|       [0;34;40mfit/probe_loss[0m       |  [0;32;40m0.042707063257694244[0m  |
|      [0;34;40mfit/sigreg_loss[0m       |        [0;32;40m2.859375[0m        |
|    [0;34;40mhardware/cpu_percent[0m    |   [0;32;40m93.19999694824219[0m    |
|  [0;34;40mhardware/disk_read_mb_s[0m   |  [0;32;40m0.23351100087165833[0m   |
|  [0;34;40mhardware/disk_write_mb_s[0m  |   [0;32;40m43.782920837402344[0m   |
|   [0;34;40mhardware/net_recv_mb_s[0m   |  [0;32;40m0.01334632933139801[0m   |
|   [0;34;40mhardware/net_sent_mb_s[0m   |  [0;32;40m0.01265630405396223[0m   |
|    [0;34;40mhardware/ram_used_gb[0m    |      [0;32;40m862.23046875[0m      |
|   [0;34;40mhardware/ram_used_pct[0m    |    [0;32;40m85.5999984741211[0m    |
|    [0;34;40mhparams/lr_default_0[0m    | [0;32;40m3.1393423682857247e-07[0m |
|       [0;34;40mvalidate/loss[0m        |   [0;32;40m1.3889203071594238[0m   |
|    [0;34;40mvalidate/loss_epoch[0m     |   [0;32;40m1.3889203071594238[0m   |
|     [0;34;40mvalidate/pred_loss[0m     |  [0;32;40m0.03343717381358147[0m   |
|  [0;34;40mvalidate/pred_loss_epoch[0m  |  [0;32;40m0.03343717381358147[0m   |
|    [0;34;40mvalidate/probe_loss[0m     |   [0;32;40m0.0619758702814579[0m   |
| [0;34;40mvalidate/probe_loss_epoch[0m  |   [0;32;40m0.0619758702814579[0m   |
|    [0;34;40mvalidate/sigreg_loss[0m    |   [0;32;40m8.175480842590332[0m    |
| [0;34;40mvalidate/sigreg_loss_epoch[0m |   [0;32;40m8.175480842590332[0m    |
+----------------------------+------------------------+
[Epoch 18/20] done in 130.1s
23:25:48 | INFO  | checkpoint_~|   Checking for non PyTorch modules to save
23:25:48 | INFO  | atomic_chec~| [atomic_save] → /data1/likun-share/junjxu/.cache_stable-pretraining/runs/20260605/223610/f193196b593a/checkpoints/epoch=18-step=3857.ckpt
23:25:49 | INFO  | atomic_chec~| [atomic_save] ✓ epoch=18-step=3857.ckpt saved (206.8 MiB, serialise=0.55s write=0.50s rename=0.1ms)
23:25:49 | INFO  | checkpoint_~|   Checking for non PyTorch modules to save
23:25:49 | INFO  | atomic_chec~| [atomic_save] → /data1/likun-share/junjxu/.cache_stable-pretraining/runs/20260605/223610/f193196b593a/checkpoints/last.ckpt
23:25:50 | INFO  | atomic_chec~| [atomic_save] ✓ last.ckpt saved (206.8 MiB, serialise=0.56s write=0.45s rename=123.5ms)
[Epoch 19/20] step 50/203 (1.6 it/s)
[Epoch 19/20] step 100/203 (1.8 it/s)
[Epoch 19/20] step 150/203 (1.8 it/s)
[Epoch 19/20] step 200/203 (1.8 it/s)
23:28:03 | INFO  | trainer_inf~| \n+----------------------------+----------------------+
|           Metric           |        Value         |
+----------------------------+----------------------+
|          [0;34;40mfit/loss[0m          |  [0;32;40m0.6857782006263733[0m  |
|       [0;34;40mfit/pred_loss[0m        | [0;32;40m0.023929301649332047[0m |
|       [0;34;40mfit/probe_loss[0m       | [0;32;40m0.038645826280117035[0m |
|      [0;34;40mfit/sigreg_loss[0m       |        [0;32;40m3.0625[0m        |
|    [0;34;40mhardware/cpu_percent[0m    |  [0;32;40m97.69999694824219[0m   |
|  [0;34;40mhardware/disk_read_mb_s[0m   | [0;32;40m0.005076151341199875[0m |
|  [0;34;40mhardware/disk_write_mb_s[0m  |  [0;32;40m43.57954025268555[0m   |
|   [0;34;40mhardware/net_recv_mb_s[0m   | [0;32;40m0.014348840340971947[0m |
|   [0;34;40mhardware/net_sent_mb_s[0m   | [0;32;40m0.048852141946554184[0m |
|    [0;34;40mhardware/ram_used_gb[0m    |      [0;32;40m870.796875[0m      |
|   [0;34;40mhardware/ram_used_pct[0m    |   [0;32;40m86.4000015258789[0m   |
|    [0;34;40mhparams/lr_default_0[0m    |         [0;32;40m0.0[0m          |
|       [0;34;40mvalidate/loss[0m        |  [0;32;40m0.7224782109260559[0m  |
|    [0;34;40mvalidate/loss_epoch[0m     |  [0;32;40m0.7224782109260559[0m  |
|     [0;34;40mvalidate/pred_loss[0m     | [0;32;40m0.024370964616537094[0m |
|  [0;34;40mvalidate/pred_loss_epoch[0m  | [0;32;40m0.024370964616537094[0m |
|    [0;34;40mvalidate/probe_loss[0m     | [0;32;40m0.04078273847699165[0m  |
| [0;34;40mvalidate/probe_loss_epoch[0m  | [0;32;40m0.04078273847699165[0m  |
|    [0;34;40mvalidate/sigreg_loss[0m    |    [0;32;40m3.227783203125[0m    |
| [0;34;40mvalidate/sigreg_loss_epoch[0m |    [0;32;40m3.227783203125[0m    |
+----------------------------+----------------------+
[Epoch 19/20] done in 134.4s
23:28:04 | INFO  | checkpoint_~|   Checking for non PyTorch modules to save
23:28:04 | INFO  | atomic_chec~| [atomic_save] → /data1/likun-share/junjxu/.cache_stable-pretraining/runs/20260605/223610/f193196b593a/checkpoints/epoch=19-step=4060.ckpt
23:28:06 | INFO  | atomic_chec~| [atomic_save] ✓ epoch=19-step=4060.ckpt saved (206.8 MiB, serialise=0.60s write=0.59s rename=0.1ms)
23:28:06 | INFO  | checkpoint_~|   Checking for non PyTorch modules to save
23:28:06 | INFO  | atomic_chec~| [atomic_save] → /data1/likun-share/junjxu/.cache_stable-pretraining/runs/20260605/223610/f193196b593a/checkpoints/last.ckpt
23:28:07 | INFO  | atomic_chec~| [atomic_save] ✓ last.ckpt saved (206.8 MiB, serialise=0.58s write=0.36s rename=50.5ms)
`Trainer.fit` stopped: `max_epochs=20` reached.
23:28:11 | OK    | env_info.py | ✓ Git: main @ e17f3b3f
23:28:11 | INFO  | env_info.py |   Remote: git@github.com-xuustc99:XuUSTC99/wm.git
23:28:11 | WARN  | env_info.py | ! Working directory has uncommitted changes
23:28:11 | OK    | env_info.py | ✓ Environment: 4 relevant variables captured
23:28:11 | INFO  | env_info.py |   Serializing environment data...
23:28:11 | INFO  | env_info.py |   File exists, using version 52: environment_v52.json
23:28:11 | INFO  | env_info.py |   File exists, using version 52: requirements_frozen_v52.txt
23:28:11 | INFO  | env_info.py |   Save directory: /home/likun-share/.cache/stable-pretraining
23:28:11 | INFO  | env_info.py |   Writing environment to temp file...
23:28:11 | INFO  | env_info.py |   Moving to: environment_v52.json
23:28:11 | OK    | env_info.py | ✓ Environment file saved (2.8 KB)
23:28:11 | OK    | env_info.py | ✓ Requirements file saved (0.1 KB)
Epoch 19/19 ━━━━━━━━━━━━━━━━━━━━━━━━━━━━━━━ 203/203 0:01:55 • 0:00:00 1.62it/s 
23:28:12 | INFO  | utils.py    | ── SignalHandlers (after Trainer.fit() returned) ──
23:28:12 | INFO  | manager.py  |   SIGUSR1  → SIG_DFL (default OS action — terminate process)
23:28:12 | INFO  | manager.py  |   SIGUSR2  → SIG_DFL (default OS action — terminate process)
23:28:12 | INFO  | manager.py  |   SIGCONT  → SIG_DFL (default OS action — terminate process)
23:28:12 | INFO  | manager.py  |   SIGTERM  → SIG_DFL (default OS action — terminate process)
