12:47:39 | INFO  | __init__.py | PyTorch version 2.9.1+cu128 available.
12:47:39 | INFO  | __init__.py | JAX version 0.6.2 available.
12:47:43 | INFO  | atomic_chec~| [atomic_save] installed crash-safe checkpoint plugin (write to sibling .tmp + fsync + atomic rename)
[2026-07-16 12:47:43,597][root][INFO] - Cached 'action' from '/data1/likun-share/junjxu/.stable_worldmodel/datasets/phyworld_collision_id1k.h5'
[2026-07-16 12:47:43,598][root][INFO] - Cached 'proprio' from '/data1/likun-share/junjxu/.stable_worldmodel/datasets/phyworld_collision_id1k.h5'
[2026-07-16 12:47:43,599][root][INFO] - Cached 'state' from '/data1/likun-share/junjxu/.stable_worldmodel/datasets/phyworld_collision_id1k.h5'
Loading weights:   0%|          | 0/223 [00:00<?, ?it/s]Loading weights: 100%|██████████| 223/223 [00:00<00:00, 9732.17it/s]
[encoder_type=dinov2] frozen DINOv2 backbone from /data1/likun-share/junjxu/.stable_worldmodel/hf_dinov2_small (hidden=384)
[freeze_encoder] froze 223 encoder param tensors (encoder kept at init)
12:47:44 | INFO  | module.py   | Setting up DataModule
12:47:44 | INFO  | utils.py    | ── Module ────────────────────────────────────────
12:47:44 | WARN  | module.py   | ! No hyperparameters provided - hyperparameter logging is disabled.
12:47:44 | INFO  | module.py   |   Setting custom forward method.
12:47:44 | INFO  | module.py   |   Setting attribute: self.model = <class 'jepa.JEPA'>
12:47:44 | INFO  | module.py   |   Setting attribute: self.sigreg = <class 'module.SIGReg'>
12:47:44 | INFO  | module.py   |   Setting attribute: self.optim = <class 'dict'>
12:47:44 | INFO  | module.py   |   No metrics configuration provided - automatic metric tracking is disabled.
/home/likun-share/junjxu/wm/le-wm/.venv/lib/python3.10/site-packages/lightning/fabric/connector.py:571: `precision=bf16` is supported for historical reasons but its usage is discouraged. Please set your precision to bf16-mixed instead!
Using bfloat16 Automatic Mixed Precision (AMP)
12:47:44 | INFO  | env_info.py |   EnvironmentDumpCallback initialized (filename=environment.json, async=True)
12:47:44 | INFO  | utils.py    | ── HuggingFaceCheckpoint ─────────────────────────
12:47:44 | INFO  | hf_models.py|   save_dir: <cyan>hf_exports</cyan>
12:47:44 | INFO  | hf_models.py|   per_step: <cyan>False</cyan>  (False ⇒ overwrite single 'last/' subdir; True ⇒ keep step_N/)
Adding 14 callbacks from entry point 'stablepretraining_callbacks': PrintProgressBar, ModuleRegistryCallback, LoggingCallback, EnvironmentDumpCallback, TrainerInfo, SklearnCheckpoint, WandbCheckpoint, TrackioCheckpoint, SwanLabCheckpoint, ModuleSummary, SLURMInfo, LogUnusedParametersOnce, HuggingFaceCheckpointCallback, HardwareMonitor
GPU available: True (cuda), used: True
TPU available: False, using: 0 TPU cores
💡 Tip: For seamless cloud logging and experiment tracking, try installing [litlogger](https://pypi.org/project/litlogger/) to enable LitLogger, which logs metrics and artifacts automatically to the Lightning Experiments platform.
12:47:44 | INFO  | utils.py    | ── SIGTERM preempt handler — install ─────────────
12:47:44 | INFO  | manager.py  |   SLURM_JOB_ID         = None
12:47:44 | INFO  | manager.py  |   SLURM_RESTART_COUNT  = '0'
12:47:44 | INFO  | manager.py  |   SLURM_PROCID         = '?'
12:47:44 | INFO  | manager.py  |   SLURM_NODEID         = '?'
12:47:44 | INFO  | manager.py  |   → not under SLURM (SLURM_JOB_ID unset); leaving SIGTERM handler as-is. Forwarding to submitit's USR signal would be a no-op since submitit isn't running upstream.
12:47:44 | WARN  | manager.py  | User didn't specify seed, runs won't be exactly reproducible!
12:47:44 | INFO  | manager.py  |   Manager init: ckpt_path=None, weights_only=True
12:47:44 | INFO  | utils.py    | ── WorkingDirectory ──────────────────────────────
12:47:44 | INFO  | manager.py  |   cwd: /home/likun-share/junjxu/wm/le-wm
12:47:44 | INFO  | utils.py    | ── Seed ──────────────────────────────────────────
12:47:44 | INFO  | manager.py  |   seed: None
/home/likun-share/junjxu/wm/le-wm/.venv/lib/python3.10/site-packages/lightning/fabric/utilities/seed.py:44: No seed found, seed set to 0
Seed set to 0
12:47:44 | INFO  | utils.py    | ── RunDirectory ──────────────────────────────────
12:47:44 | INFO  | manager.py  |   cache_dir = /data1/likun-share/junjxu/.cache_stable-pretraining
12:47:44 | INFO  | manager.py  |   ddp: launch_key=(single-process) rank=0 is_rank_zero=True
12:47:44 | INFO  | utils.py    | ── RunDirectory: requeue probe ───────────────────
12:47:44 | INFO  | manager.py  |   SLURM session key   = (no SLURM)
12:47:44 | INFO  | manager.py  |   SLURM_RESTART_COUNT = 0
12:47:44 | INFO  | manager.py  |   in_requeue          = False
12:47:44 | INFO  | utils.py    | ── RunDirectory: fresh ───────────────────────────
12:47:44 | INFO  | manager.py  |   no user ckpt_path — training from scratch / pretrained backbone.
12:47:44 | INFO  | manager.py  |   created run_dir = /data1/likun-share/junjxu/.cache_stable-pretraining/runs/20260716/124744/aefb56fcd436
12:47:44 | INFO  | manager.py  |   wrote run_meta.json with run_id=aefb56fcd436
12:47:44 | INFO  | manager.py  |   SLURM index = (no SLURM, skipped)
12:47:44 | WARN  | manager.py  | ! cache_dir is set but the Trainer was passed as an already-instantiated object. Cannot override default_root_dir cleanly. Consider passing the trainer as a config dict instead.
12:47:44 | WARN  | manager.py  | ! Hydra run.dir='outputs/2026-07-16/12-47-43' will be ignored for trainer outputs (cache_dir takes precedence).
12:47:44 | WARN  | manager.py  | ! Hydra sweep.dir='multirun/2026-07-16/12-47-43' will be ignored for trainer outputs (cache_dir takes precedence).
12:47:44 | INFO  | logger.py   | [RegistryLogger] run_id=aefb56fcd436 run_dir=/data1/likun-share/junjxu/.cache_stable-pretraining/runs/20260716/124744/aefb56fcd436 — sidecar.json + summary.json + metrics.csv will live here
12:47:44 | INFO  | utils.py    | ── RegistryLogger ────────────────────────────────
12:47:44 | INFO  | manager.py  |   run_dir: /data1/likun-share/junjxu/.cache_stable-pretraining/runs/20260716/124744/aefb56fcd436
12:47:44 | INFO  | manager.py  |   run_id:  aefb56fcd436
12:47:44 | INFO  | utils.py    | ── CSVLogger ─────────────────────────────────────
12:47:44 | INFO  | manager.py  |   root_dir: /data1/likun-share/junjxu/.cache_stable-pretraining/runs/20260716/124744/aefb56fcd436/
12:47:44 | INFO  | manager.py  |   save_dir: /data1/likun-share/junjxu/.cache_stable-pretraining/runs/20260716/124744/aefb56fcd436
12:47:44 | INFO  | manager.py  |   log_dir: /data1/likun-share/junjxu/.cache_stable-pretraining/runs/20260716/124744/aefb56fcd436/
12:47:44 | INFO  | utils.py    | ── SignalHandlers (after submitit setup (spt SIGTERM installed in __init__)) ──
12:47:44 | INFO  | manager.py  |   SIGUSR1  → SIG_IGN (ignored)
12:47:44 | INFO  | manager.py  |   SIGUSR2  → SIG_IGN (ignored)
12:47:44 | INFO  | manager.py  |   SIGCONT  → SIG_DFL (default OS action — terminate process)
12:47:44 | INFO  | manager.py  |   SIGTERM  → SIG_DFL (default OS action — terminate process)
12:47:44 | INFO  | utils.py    | ── Callbacks ─────────────────────────────────────
12:47:44 | INFO  | manager.py  |   count: 19
12:47:44 | INFO  | utils.py    | ── CacheDirCheckpointing ─────────────────────────
12:47:44 | INFO  | manager.py  |   Saving checkpoints to: /data1/likun-share/junjxu/.cache_stable-pretraining/runs/20260716/124744/aefb56fcd436/checkpoints
12:47:44 | WARN  | manager.py  |   Redirecting HuggingFaceCheckpointCallback from 'hf_exports' to '/data1/likun-share/junjxu/.cache_stable-pretraining/runs/20260716/124744/aefb56fcd436/hf_exports' (cache_dir is active — prevents races on a shared cache)
12:47:44 | INFO  | manager.py  |   Added requeue checkpoint (filename='last')
12:47:44 | INFO  | utils.py    | ── LoadPath resolution ───────────────────────────
12:47:44 | INFO  | manager.py  |   in_requeue = False
12:47:44 | INFO  | manager.py  |   user ckpt_path = None
12:47:44 | INFO  | manager.py  |   user weights_only = True
12:47:44 | INFO  | manager.py  |   → no ckpt_path; training from scratch.
12:47:44 | INFO  | utils.py    | ── TrainerFit ────────────────────────────────────
12:47:44 | INFO  | manager.py  |   ckpt_path:     None
12:47:44 | INFO  | manager.py  |   weights_only:  None
12:47:44 | INFO  | utils.py    | ── SignalHandlers (before Trainer.fit() (handler installed in __init__)) ──
12:47:44 | INFO  | manager.py  |   SIGUSR1  → SIG_IGN (ignored)
12:47:44 | INFO  | manager.py  |   SIGUSR2  → SIG_IGN (ignored)
12:47:44 | INFO  | manager.py  |   SIGCONT  → SIG_DFL (default OS action — terminate process)
12:47:44 | INFO  | manager.py  |   SIGTERM  → SIG_DFL (default OS action — terminate process)
12:47:44 | INFO  | manager.py  |   → entering Trainer.fit(); lightning's _SignalConnector will now register its own handlers. SIGTERM will become _HandlersCompose([_sigterm_notifier_fn, _sigterm_handler_fn, spt._handler]); USR-sig binding from submitit is preserved (lightning skips USR registration when one already exists).
💡 Tip: For seamless cloud uploads and versioning, try installing [litmodels](https://pypi.org/project/litmodels/) to enable LitModelCheckpoint, which syncs automatically with the Lightning model registry.
You are using a CUDA device ('NVIDIA A800-SXM4-80GB') that has Tensor Cores. To properly utilize them, you should set `torch.set_float32_matmul_precision('medium' | 'high')` which will trade-off precision for performance. For more details, read https://pytorch.org/docs/stable/generated/torch.set_float32_matmul_precision.html#torch.set_float32_matmul_precision
12:47:44 | OK    | module.py   | ✓ dataset for fit loaded
12:47:44 | INFO  | module.py   |   setup was done by user
12:47:44 | INFO  | utils.py    | ── EnvironmentDump ───────────────────────────────
12:47:44 | INFO  | env_info.py |   log_dir: /home/likun-share/.cache/stable-pretraining
12:47:44 | INFO  | env_info.py |   Running environment dump in background thread (non-blocking)
12:47:44 | INFO  | env_info.py |   Collecting environment information...
12:47:44 | OK    | env_info.py | ✓ Background thread started successfully
12:47:44 | OK    | env_info.py | ✓ Python 3.10.12
12:47:44 | INFO  | trainer_inf~|   linking trainer to DataModule
12:47:44 | OK    | env_info.py | ✓ System: Linux 5.15.0-113-generic (x86_64)
12:47:44 | INFO  | utils.py    | ── Callbacks (in order) ──────────────────────────
12:47:44 | INFO  | env_info.py |   Hostname: 10-116-90-13
12:47:44 | INFO  | utils.py    |     [ 0] ModelObjectCallBack
12:47:44 | INFO  | utils.py    |     [ 1] RichProgressBar
12:47:44 | INFO  | utils.py    |     [ 2] RichModelSummary
12:47:44 | INFO  | utils.py    |     [ 3] PrintProgressBar
12:47:44 | INFO  | utils.py    |     [ 4] ModuleRegistryCallback
12:47:44 | INFO  | utils.py    |     [ 5] LoggingCallback
12:47:44 | INFO  | utils.py    |     [ 6] EnvironmentDumpCallback
12:47:44 | INFO  | utils.py    |     [ 7] TrainerInfo
12:47:44 | INFO  | utils.py    |     [ 8] SklearnCheckpoint
12:47:44 | INFO  | utils.py    |     [ 9] WandbCheckpoint
12:47:44 | INFO  | utils.py    |     [10] TrackioCheckpoint
12:47:44 | INFO  | utils.py    |     [11] SwanLabCheckpoint
12:47:44 | INFO  | utils.py    |     [12] ModuleSummary
12:47:44 | INFO  | utils.py    |     [13] SLURMInfo
12:47:44 | INFO  | utils.py    |     [14] LogUnusedParametersOnce
12:47:44 | INFO  | utils.py    |     [15] HuggingFaceCheckpointCallback
12:47:44 | INFO  | utils.py    |     [16] HardwareMonitor
12:47:44 | INFO  | utils.py    |     [17] ModelCheckpoint
12:47:44 | INFO  | utils.py    |     [18] _RunDirCallback
12:47:44 | INFO  | utils.py    |     [19] ModelCheckpoint
12:47:44 | INFO  | utils.py    |   ⚑ marks order-sensitive callbacks; see AGENTS.md → Callback ordering for the full rules.
12:47:44 | INFO  | utils.py    | ── SklearnCheckpoint ─────────────────────────────
12:47:44 | INFO  | checkpoint_~|   Sklearn Modules:
12:47:44 | INFO  | checkpoint_~| 
┏━━━━━━━━━━┳━━━━━━━━┳━━━━━━━━┓
┃ Module   ┃ Name   ┃ Type   ┃
┣━━━━━━━━━━╋━━━━━━━━╋━━━━━━━━┫
┗━━━━━━━━━━┻━━━━━━━━┻━━━━━━━━┛
12:47:44 | INFO  | utils.py    | ── WandbCheckpoint ───────────────────────────────
12:47:44 | INFO  | utils.py    | ── TrackioCheckpoint ─────────────────────────────
12:47:44 | INFO  | utils.py    | ── SwanLabCheckpoint ─────────────────────────────
12:47:44 | INFO  | utils.py    | ── PyTorch Modules ───────────────────────────────
12:47:44 | WARN  | module.py   | ! You are calling self.parameters which also gives callbacks parameters, to remove them, pass `with_callbacks=False`
12:47:44 | INFO  | trainer_inf~| \n+----------------------------------------------------------+----------------------+--------------------------+--------------------------+---------+
| Module                                                   | Trainable parameters | Non Trainable parameters | Uninitialized parameters | Buffers |
+----------------------------------------------------------+----------------------+--------------------------+--------------------------+---------+
|                                                          |             26901174 |                 22056576 |                        0 |    8245 |
| callbacks_modules                                        |                    0 |                        0 |                        0 |       0 |
| callbacks_metrics                                        |                    0 |                        0 |                        0 |       0 |
| model                                                    |             26901174 |                 22056576 |                        0 |    8194 |
| model.encoder                                            |                    0 |                 22056576 |                        0 |       0 |
| model.encoder.embeddings                                 |                    0 |                   753024 |                        0 |       0 |
| model.encoder.embeddings.patch_embeddings                |                    0 |                   226176 |                        0 |       0 |
| model.encoder.embeddings.patch_embeddings.projection     |                    0 |                   226176 |                        0 |       0 |
| model.encoder.embeddings.dropout                         |                    0 |                        0 |                        0 |       0 |
| model.encoder.encoder                                    |                    0 |                 21302784 |                        0 |       0 |
| model.encoder.encoder.layer                              |                    0 |                 21302784 |                        0 |       0 |
| model.encoder.encoder.layer.0                            |                    0 |                  1775232 |                        0 |       0 |
| model.encoder.encoder.layer.0.norm1                      |                    0 |                      768 |                        0 |       0 |
| model.encoder.encoder.layer.0.attention                  |                    0 |                   591360 |                        0 |       0 |
| model.encoder.encoder.layer.0.attention.attention        |                    0 |                   443520 |                        0 |       0 |
| model.encoder.encoder.layer.0.attention.attention.query  |                    0 |                   147840 |                        0 |       0 |
| model.encoder.encoder.layer.0.attention.attention.key    |                    0 |                   147840 |                        0 |       0 |
| model.encoder.encoder.layer.0.attention.attention.value  |                    0 |                   147840 |                        0 |       0 |
| model.encoder.encoder.layer.0.attention.output           |                    0 |                   147840 |                        0 |       0 |
| model.encoder.encoder.layer.0.attention.output.dense     |                    0 |                   147840 |                        0 |       0 |
| model.encoder.encoder.layer.0.attention.output.dropout   |                    0 |                        0 |                        0 |       0 |
| model.encoder.encoder.layer.0.layer_scale1               |                    0 |                      384 |                        0 |       0 |
| model.encoder.encoder.layer.0.drop_path                  |                    0 |                        0 |                        0 |       0 |
| model.encoder.encoder.layer.0.norm2                      |                    0 |                      768 |                        0 |       0 |
| model.encoder.encoder.layer.0.mlp                        |                    0 |                  1181568 |                        0 |       0 |
| model.encoder.encoder.layer.0.mlp.fc1                    |                    0 |                   591360 |                        0 |       0 |
| model.encoder.encoder.layer.0.mlp.activation             |                    0 |                        0 |                        0 |       0 |
| model.encoder.encoder.layer.0.mlp.fc2                    |                    0 |                   590208 |                        0 |       0 |
| model.encoder.encoder.layer.0.layer_scale2               |                    0 |                      384 |                        0 |       0 |
| model.encoder.encoder.layer.1                            |                    0 |                  1775232 |                        0 |       0 |
| model.encoder.encoder.layer.1.norm1                      |                    0 |                      768 |                        0 |       0 |
| model.encoder.encoder.layer.1.attention                  |                    0 |                   591360 |                        0 |       0 |
| model.encoder.encoder.layer.1.attention.attention        |                    0 |                   443520 |                        0 |       0 |
| model.encoder.encoder.layer.1.attention.attention.query  |                    0 |                   147840 |                        0 |       0 |
| model.encoder.encoder.layer.1.attention.attention.key    |                    0 |                   147840 |                        0 |       0 |
| model.encoder.encoder.layer.1.attention.attention.value  |                    0 |                   147840 |                        0 |       0 |
| model.encoder.encoder.layer.1.attention.output           |                    0 |                   147840 |                        0 |       0 |
| model.encoder.encoder.layer.1.attention.output.dense     |                    0 |                   147840 |                        0 |       0 |
| model.encoder.encoder.layer.1.attention.output.dropout   |                    0 |                        0 |                        0 |       0 |
| model.encoder.encoder.layer.1.layer_scale1               |                    0 |                      384 |                        0 |       0 |
| model.encoder.encoder.layer.1.drop_path                  |                    0 |                        0 |                        0 |       0 |
| model.encoder.encoder.layer.1.norm2                      |                    0 |                      768 |                        0 |       0 |
| model.encoder.encoder.layer.1.mlp                        |                    0 |                  1181568 |                        0 |       0 |
| model.encoder.encoder.layer.1.mlp.fc1                    |                    0 |                   591360 |                        0 |       0 |
| model.encoder.encoder.layer.1.mlp.activation             |                    0 |                        0 |                        0 |       0 |
| model.encoder.encoder.layer.1.mlp.fc2                    |                    0 |                   590208 |                        0 |       0 |
| model.encoder.encoder.layer.1.layer_scale2               |                    0 |                      384 |                        0 |       0 |
| model.encoder.encoder.layer.2                            |                    0 |                  1775232 |                        0 |       0 |
| model.encoder.encoder.layer.2.norm1                      |                    0 |                      768 |                        0 |       0 |
| model.encoder.encoder.layer.2.attention                  |                    0 |                   591360 |                        0 |       0 |
| model.encoder.encoder.layer.2.attention.attention        |                    0 |                   443520 |                        0 |       0 |
| model.encoder.encoder.layer.2.attention.attention.query  |                    0 |                   147840 |                        0 |       0 |
| model.encoder.encoder.layer.2.attention.attention.key    |                    0 |                   147840 |                        0 |       0 |
| model.encoder.encoder.layer.2.attention.attention.value  |                    0 |                   147840 |                        0 |       0 |
| model.encoder.encoder.layer.2.attention.output           |                    0 |                   147840 |                        0 |       0 |
| model.encoder.encoder.layer.2.attention.output.dense     |                    0 |                   147840 |                        0 |       0 |
| model.encoder.encoder.layer.2.attention.output.dropout   |                    0 |                        0 |                        0 |       0 |
| model.encoder.encoder.layer.2.layer_scale1               |                    0 |                      384 |                        0 |       0 |
| model.encoder.encoder.layer.2.drop_path                  |                    0 |                        0 |                        0 |       0 |
| model.encoder.encoder.layer.2.norm2                      |                    0 |                      768 |                        0 |       0 |
| model.encoder.encoder.layer.2.mlp                        |                    0 |                  1181568 |                        0 |       0 |
| model.encoder.encoder.layer.2.mlp.fc1                    |                    0 |                   591360 |                        0 |       0 |
| model.encoder.encoder.layer.2.mlp.activation             |                    0 |                        0 |                        0 |       0 |
| model.encoder.encoder.layer.2.mlp.fc2                    |                    0 |                   590208 |                        0 |       0 |
| model.encoder.encoder.layer.2.layer_scale2               |                    0 |                      384 |                        0 |       0 |
| model.encoder.encoder.layer.3                            |                    0 |                  1775232 |                        0 |       0 |
| model.encoder.encoder.layer.3.norm1                      |                    0 |                      768 |                        0 |       0 |
| model.encoder.encoder.layer.3.attention                  |                    0 |                   591360 |                        0 |       0 |
| model.encoder.encoder.layer.3.attention.attention        |                    0 |                   443520 |                        0 |       0 |
| model.encoder.encoder.layer.3.attention.attention.query  |                    0 |                   147840 |                        0 |       0 |
| model.encoder.encoder.layer.3.attention.attention.key    |                    0 |                   147840 |                        0 |       0 |
| model.encoder.encoder.layer.3.attention.attention.value  |                    0 |                   147840 |                        0 |       0 |
| model.encoder.encoder.layer.3.attention.output           |                    0 |                   147840 |                        0 |       0 |
| model.encoder.encoder.layer.3.attention.output.dense     |                    0 |                   147840 |                        0 |       0 |
| model.encoder.encoder.layer.3.attention.output.dropout   |                    0 |                        0 |                        0 |       0 |
| model.encoder.encoder.layer.3.layer_scale1               |                    0 |                      384 |                        0 |       0 |
| model.encoder.encoder.layer.3.drop_path                  |                    0 |                        0 |                        0 |       0 |
| model.encoder.encoder.layer.3.norm2                      |                    0 |                      768 |                        0 |       0 |
| model.encoder.encoder.layer.3.mlp                        |                    0 |                  1181568 |                        0 |       0 |
| model.encoder.encoder.layer.3.mlp.fc1                    |                    0 |                   591360 |                        0 |       0 |
| model.encoder.encoder.layer.3.mlp.activation             |                    0 |                        0 |                        0 |       0 |
| model.encoder.encoder.layer.3.mlp.fc2                    |                    0 |                   590208 |                        0 |       0 |
| model.encoder.encoder.layer.3.layer_scale2               |                    0 |                      384 |                        0 |       0 |
| model.encoder.encoder.layer.4                            |                    0 |                  1775232 |                        0 |       0 |
| model.encoder.encoder.layer.4.norm1                      |                    0 |                      768 |                        0 |       0 |
| model.encoder.encoder.layer.4.attention                  |                    0 |                   591360 |                        0 |       0 |
| model.encoder.encoder.layer.4.attention.attention        |                    0 |                   443520 |                        0 |       0 |
| model.encoder.encoder.layer.4.attention.attention.query  |                    0 |                   147840 |                        0 |       0 |
| model.encoder.encoder.layer.4.attention.attention.key    |                    0 |                   147840 |                        0 |       0 |
| model.encoder.encoder.layer.4.attention.attention.value  |                    0 |                   147840 |                        0 |       0 |
| model.encoder.encoder.layer.4.attention.output           |                    0 |                   147840 |                        0 |       0 |
| model.encoder.encoder.layer.4.attention.output.dense     |                    0 |                   147840 |                        0 |       0 |
| model.encoder.encoder.layer.4.attention.output.dropout   |                    0 |                        0 |                        0 |       0 |
| model.encoder.encoder.layer.4.layer_scale1               |                    0 |                      384 |                        0 |       0 |
| model.encoder.encoder.layer.4.drop_path                  |                    0 |                        0 |                        0 |       0 |
| model.encoder.encoder.layer.4.norm2                      |                    0 |                      768 |                        0 |       0 |
| model.encoder.encoder.layer.4.mlp                        |                    0 |                  1181568 |                        0 |       0 |
| model.encoder.encoder.layer.4.mlp.fc1                    |                    0 |                   591360 |                        0 |       0 |
| model.encoder.encoder.layer.4.mlp.activation             |                    0 |                        0 |                        0 |       0 |
| model.encoder.encoder.layer.4.mlp.fc2                    |                    0 |                   590208 |                        0 |       0 |
| model.encoder.encoder.layer.4.layer_scale2               |                    0 |                      384 |                        0 |       0 |
| model.encoder.encoder.layer.5                            |                    0 |                  1775232 |                        0 |       0 |
| model.encoder.encoder.layer.5.norm1                      |                    0 |                      768 |                        0 |       0 |
| model.encoder.encoder.layer.5.attention                  |                    0 |                   591360 |                        0 |       0 |
| model.encoder.encoder.layer.5.attention.attention        |                    0 |                   443520 |                        0 |       0 |
| model.encoder.encoder.layer.5.attention.attention.query  |                    0 |                   147840 |                        0 |       0 |
| model.encoder.encoder.layer.5.attention.attention.key    |                    0 |                   147840 |                        0 |       0 |
| model.encoder.encoder.layer.5.attention.attention.value  |                    0 |                   147840 |                        0 |       0 |
| model.encoder.encoder.layer.5.attention.output           |                    0 |                   147840 |                        0 |       0 |
| model.encoder.encoder.layer.5.attention.output.dense     |                    0 |                   147840 |                        0 |       0 |
| model.encoder.encoder.layer.5.attention.output.dropout   |                    0 |                        0 |                        0 |       0 |
| model.encoder.encoder.layer.5.layer_scale1               |                    0 |                      384 |                        0 |       0 |
| model.encoder.encoder.layer.5.drop_path                  |                    0 |                        0 |                        0 |       0 |
| model.encoder.encoder.layer.5.norm2                      |                    0 |                      768 |                        0 |       0 |
| model.encoder.encoder.layer.5.mlp                        |                    0 |                  1181568 |                        0 |       0 |
| model.encoder.encoder.layer.5.mlp.fc1                    |                    0 |                   591360 |                        0 |       0 |
| model.encoder.encoder.layer.5.mlp.activation             |                    0 |                        0 |                        0 |       0 |
| model.encoder.encoder.layer.5.mlp.fc2                    |                    0 |                   590208 |                        0 |       0 |
| model.encoder.encoder.layer.5.layer_scale2               |                    0 |                      384 |                        0 |       0 |
| model.encoder.encoder.layer.6                            |                    0 |                  1775232 |                        0 |       0 |
| model.encoder.encoder.layer.6.norm1                      |                    0 |                      768 |                        0 |       0 |
| model.encoder.encoder.layer.6.attention                  |                    0 |                   591360 |                        0 |       0 |
| model.encoder.encoder.layer.6.attention.attention        |                    0 |                   443520 |                        0 |       0 |
| model.encoder.encoder.layer.6.attention.attention.query  |                    0 |                   147840 |                        0 |       0 |
| model.encoder.encoder.layer.6.attention.attention.key    |                    0 |                   147840 |                        0 |       0 |
| model.encoder.encoder.layer.6.attention.attention.value  |                    0 |                   147840 |                        0 |       0 |
| model.encoder.encoder.layer.6.attention.output           |                    0 |                   147840 |                        0 |       0 |
| model.encoder.encoder.layer.6.attention.output.dense     |                    0 |                   147840 |                        0 |       0 |
| model.encoder.encoder.layer.6.attention.output.dropout   |                    0 |                        0 |                        0 |       0 |
| model.encoder.encoder.layer.6.layer_scale1               |                    0 |                      384 |                        0 |       0 |
| model.encoder.encoder.layer.6.drop_path                  |                    0 |                        0 |                        0 |       0 |
| model.encoder.encoder.layer.6.norm2                      |                    0 |                      768 |                        0 |       0 |
| model.encoder.encoder.layer.6.mlp                        |                    0 |                  1181568 |                        0 |       0 |
| model.encoder.encoder.layer.6.mlp.fc1                    |                    0 |                   591360 |                        0 |       0 |
| model.encoder.encoder.layer.6.mlp.activation             |                    0 |                        0 |                        0 |       0 |
| model.encoder.encoder.layer.6.mlp.fc2                    |                    0 |                   590208 |                        0 |       0 |
| model.encoder.encoder.layer.6.layer_scale2               |                    0 |                      384 |                        0 |       0 |
| model.encoder.encoder.layer.7                            |                    0 |                  1775232 |                        0 |       0 |
| model.encoder.encoder.layer.7.norm1                      |                    0 |                      768 |                        0 |       0 |
| model.encoder.encoder.layer.7.attention                  |                    0 |                   591360 |                        0 |       0 |
| model.encoder.encoder.layer.7.attention.attention        |                    0 |                   443520 |                        0 |       0 |
| model.encoder.encoder.layer.7.attention.attention.query  |                    0 |                   147840 |                        0 |       0 |
| model.encoder.encoder.layer.7.attention.attention.key    |                    0 |                   147840 |                        0 |       0 |
| model.encoder.encoder.layer.7.attention.attention.value  |                    0 |                   147840 |                        0 |       0 |
| model.encoder.encoder.layer.7.attention.output           |                    0 |                   147840 |                        0 |       0 |
| model.encoder.encoder.layer.7.attention.output.dense     |                    0 |                   147840 |                        0 |       0 |
| model.encoder.encoder.layer.7.attention.output.dropout   |                    0 |                        0 |                        0 |       0 |
| model.encoder.encoder.layer.7.layer_scale1               |                    0 |                      384 |                        0 |       0 |
| model.encoder.encoder.layer.7.drop_path                  |                    0 |                        0 |                        0 |       0 |
| model.encoder.encoder.layer.7.norm2                      |                    0 |                      768 |                        0 |       0 |
| model.encoder.encoder.layer.7.mlp                        |                    0 |                  1181568 |                        0 |       0 |
| model.encoder.encoder.layer.7.mlp.fc1                    |                    0 |                   591360 |                        0 |       0 |
| model.encoder.encoder.layer.7.mlp.activation             |                    0 |                        0 |                        0 |       0 |
| model.encoder.encoder.layer.7.mlp.fc2                    |                    0 |                   590208 |                        0 |       0 |
| model.encoder.encoder.layer.7.layer_scale2               |                    0 |                      384 |                        0 |       0 |
| model.encoder.encoder.layer.8                            |                    0 |                  1775232 |                        0 |       0 |
| model.encoder.encoder.layer.8.norm1                      |                    0 |                      768 |                        0 |       0 |
| model.encoder.encoder.layer.8.attention                  |                    0 |                   591360 |                        0 |       0 |
| model.encoder.encoder.layer.8.attention.attention        |                    0 |                   443520 |                        0 |       0 |
| model.encoder.encoder.layer.8.attention.attention.query  |                    0 |                   147840 |                        0 |       0 |
| model.encoder.encoder.layer.8.attention.attention.key    |                    0 |                   147840 |                        0 |       0 |
| model.encoder.encoder.layer.8.attention.attention.value  |                    0 |                   147840 |                        0 |       0 |
| model.encoder.encoder.layer.8.attention.output           |                    0 |                   147840 |                        0 |       0 |
| model.encoder.encoder.layer.8.attention.output.dense     |                    0 |                   147840 |                        0 |       0 |
| model.encoder.encoder.layer.8.attention.output.dropout   |                    0 |                        0 |                        0 |       0 |
| model.encoder.encoder.layer.8.layer_scale1               |                    0 |                      384 |                        0 |       0 |
| model.encoder.encoder.layer.8.drop_path                  |                    0 |                        0 |                        0 |       0 |
| model.encoder.encoder.layer.8.norm2                      |                    0 |                      768 |                        0 |       0 |
| model.encoder.encoder.layer.8.mlp                        |                    0 |                  1181568 |                        0 |       0 |
| model.encoder.encoder.layer.8.mlp.fc1                    |                    0 |                   591360 |                        0 |       0 |
| model.encoder.encoder.layer.8.mlp.activation             |                    0 |                        0 |                        0 |       0 |
| model.encoder.encoder.layer.8.mlp.fc2                    |                    0 |                   590208 |                        0 |       0 |
| model.encoder.encoder.layer.8.layer_scale2               |                    0 |                      384 |                        0 |       0 |
| model.encoder.encoder.layer.9                            |                    0 |                  1775232 |                        0 |       0 |
| model.encoder.encoder.layer.9.norm1                      |                    0 |                      768 |                        0 |       0 |
| model.encoder.encoder.layer.9.attention                  |                    0 |                   591360 |                        0 |       0 |
| model.encoder.encoder.layer.9.attention.attention        |                    0 |                   443520 |                        0 |       0 |
| model.encoder.encoder.layer.9.attention.attention.query  |                    0 |                   147840 |                        0 |       0 |
| model.encoder.encoder.layer.9.attention.attention.key    |                    0 |                   147840 |                        0 |       0 |
| model.encoder.encoder.layer.9.attention.attention.value  |                    0 |                   147840 |                        0 |       0 |
| model.encoder.encoder.layer.9.attention.output           |                    0 |                   147840 |                        0 |       0 |
| model.encoder.encoder.layer.9.attention.output.dense     |                    0 |                   147840 |                        0 |       0 |
| model.encoder.encoder.layer.9.attention.output.dropout   |                    0 |                        0 |                        0 |       0 |
| model.encoder.encoder.layer.9.layer_scale1               |                    0 |                      384 |                        0 |       0 |
| model.encoder.encoder.layer.9.drop_path                  |                    0 |                        0 |                        0 |       0 |
| model.encoder.encoder.layer.9.norm2                      |                    0 |                      768 |                        0 |       0 |
| model.encoder.encoder.layer.9.mlp                        |                    0 |                  1181568 |                        0 |       0 |
| model.encoder.encoder.layer.9.mlp.fc1                    |                    0 |                   591360 |                        0 |       0 |
| model.encoder.encoder.layer.9.mlp.activation             |                    0 |                        0 |                        0 |       0 |
| model.encoder.encoder.layer.9.mlp.fc2                    |                    0 |                   590208 |                        0 |       0 |
| model.encoder.encoder.layer.9.layer_scale2               |                    0 |                      384 |                        0 |       0 |
| model.encoder.encoder.layer.10                           |                    0 |                  1775232 |                        0 |       0 |
| model.encoder.encoder.layer.10.norm1                     |                    0 |                      768 |                        0 |       0 |
| model.encoder.encoder.layer.10.attention                 |                    0 |                   591360 |                        0 |       0 |
| model.encoder.encoder.layer.10.attention.attention       |                    0 |                   443520 |                        0 |       0 |
| model.encoder.encoder.layer.10.attention.attention.query |                    0 |                   147840 |                        0 |       0 |
| model.encoder.encoder.layer.10.attention.attention.key   |                    0 |                   147840 |                        0 |       0 |
| model.encoder.encoder.layer.10.attention.attention.value |                    0 |                   147840 |                        0 |       0 |
| model.encoder.encoder.layer.10.attention.output          |                    0 |                   147840 |                        0 |       0 |
| model.encoder.encoder.layer.10.attention.output.dense    |                    0 |                   147840 |                        0 |       0 |
| model.encoder.encoder.layer.10.attention.output.dropout  |                    0 |                        0 |                        0 |       0 |
| model.encoder.encoder.layer.10.layer_scale1              |                    0 |                      384 |                        0 |       0 |
| model.encoder.encoder.layer.10.drop_path                 |                    0 |                        0 |                        0 |       0 |
| model.encoder.encoder.layer.10.norm2                     |                    0 |                      768 |                        0 |       0 |
| model.encoder.encoder.layer.10.mlp                       |                    0 |                  1181568 |                        0 |       0 |
| model.encoder.encoder.layer.10.mlp.fc1                   |                    0 |                   591360 |                        0 |       0 |
| model.encoder.encoder.layer.10.mlp.activation            |                    0 |                        0 |                        0 |       0 |
| model.encoder.encoder.layer.10.mlp.fc2                   |                    0 |                   590208 |                        0 |       0 |
| model.encoder.encoder.layer.10.layer_scale2              |                    0 |                      384 |                        0 |       0 |
| model.encoder.encoder.layer.11                           |                    0 |                  1775232 |                        0 |       0 |
| model.encoder.encoder.layer.11.norm1                     |                    0 |                      768 |                        0 |       0 |
| model.encoder.encoder.layer.11.attention                 |                    0 |                   591360 |                        0 |       0 |
| model.encoder.encoder.layer.11.attention.attention       |                    0 |                   443520 |                        0 |       0 |
| model.encoder.encoder.layer.11.attention.attention.query |                    0 |                   147840 |                        0 |       0 |
| model.encoder.encoder.layer.11.attention.attention.key   |                    0 |                   147840 |                        0 |       0 |
| model.encoder.encoder.layer.11.attention.attention.value |                    0 |                   147840 |                        0 |       0 |
| model.encoder.encoder.layer.11.attention.output          |                    0 |                   147840 |                        0 |       0 |
| model.encoder.encoder.layer.11.attention.output.dense    |                    0 |                   147840 |                        0 |       0 |
| model.encoder.encoder.layer.11.attention.output.dropout  |                    0 |                        0 |                        0 |       0 |
| model.encoder.encoder.layer.11.layer_scale1              |                    0 |                      384 |                        0 |       0 |
| model.encoder.encoder.layer.11.drop_path                 |                    0 |                        0 |                        0 |       0 |
| model.encoder.encoder.layer.11.norm2                     |                    0 |                      768 |                        0 |       0 |
| model.encoder.encoder.layer.11.mlp                       |                    0 |                  1181568 |                        0 |       0 |
| model.encoder.encoder.layer.11.mlp.fc1                   |                    0 |                   591360 |                        0 |       0 |
| model.encoder.encoder.layer.11.mlp.activation            |                    0 |                        0 |                        0 |       0 |
| model.encoder.encoder.layer.11.mlp.fc2                   |                    0 |                   590208 |                        0 |       0 |
| model.encoder.encoder.layer.11.layer_scale2              |                    0 |                      384 |                        0 |       0 |
| model.encoder.layernorm                                  |                    0 |                      768 |                        0 |       0 |
| model.predictor                                          |             24372288 |                        0 |                        0 |       0 |
| model.predictor.dropout                                  |                    0 |                        0 |                        0 |       0 |
| model.predictor.transformer                              |             24371712 |                        0 |                        0 |       0 |
| model.predictor.transformer.norm                         |                  768 |                        0 |                        0 |       0 |
| model.predictor.transformer.layers                       |             24222720 |                        0 |                        0 |       0 |
| model.predictor.transformer.layers.0                     |              4037120 |                        0 |                        0 |       0 |
| model.predictor.transformer.layers.0.attn                |              1574016 |                        0 |                        0 |       0 |
| model.predictor.transformer.layers.0.attn.norm           |                  768 |                        0 |                        0 |       0 |
| model.predictor.transformer.layers.0.attn.attend         |                    0 |                        0 |                        0 |       0 |
| model.predictor.transformer.layers.0.attn.to_qkv         |              1179648 |                        0 |                        0 |       0 |
| model.predictor.transformer.layers.0.attn.to_out         |               393600 |                        0 |                        0 |       0 |
| model.predictor.transformer.layers.0.attn.to_out.0       |               393600 |                        0 |                        0 |       0 |
| model.predictor.transformer.layers.0.attn.to_out.1       |                    0 |                        0 |                        0 |       0 |
| model.predictor.transformer.layers.0.mlp                 |              1576064 |                        0 |                        0 |       0 |
| model.predictor.transformer.layers.0.mlp.net             |              1576064 |                        0 |                        0 |       0 |
| model.predictor.transformer.layers.0.mlp.net.0           |                  768 |                        0 |                        0 |       0 |
| model.predictor.transformer.layers.0.mlp.net.1           |               788480 |                        0 |                        0 |       0 |
| model.predictor.transformer.layers.0.mlp.net.2           |                    0 |                        0 |                        0 |       0 |
| model.predictor.transformer.layers.0.mlp.net.3           |                    0 |                        0 |                        0 |       0 |
| model.predictor.transformer.layers.0.mlp.net.4           |               786816 |                        0 |                        0 |       0 |
| model.predictor.transformer.layers.0.mlp.net.5           |                    0 |                        0 |                        0 |       0 |
| model.predictor.transformer.layers.0.norm1               |                    0 |                        0 |                        0 |       0 |
| model.predictor.transformer.layers.0.norm2               |                    0 |                        0 |                        0 |       0 |
| model.predictor.transformer.layers.0.adaLN_modulation    |               887040 |                        0 |                        0 |       0 |
| model.predictor.transformer.layers.0.adaLN_modulation.0  |                    0 |                        0 |                        0 |       0 |
| model.predictor.transformer.layers.0.adaLN_modulation.1  |               887040 |                        0 |                        0 |       0 |
| model.predictor.transformer.layers.1                     |              4037120 |                        0 |                        0 |       0 |
| model.predictor.transformer.layers.1.attn                |              1574016 |                        0 |                        0 |       0 |
| model.predictor.transformer.layers.1.attn.norm           |                  768 |                        0 |                        0 |       0 |
| model.predictor.transformer.layers.1.attn.attend         |                    0 |                        0 |                        0 |       0 |
| model.predictor.transformer.layers.1.attn.to_qkv         |              1179648 |                        0 |                        0 |       0 |
| model.predictor.transformer.layers.1.attn.to_out         |               393600 |                        0 |                        0 |       0 |
| model.predictor.transformer.layers.1.attn.to_out.0       |               393600 |                        0 |                        0 |       0 |
| model.predictor.transformer.layers.1.attn.to_out.1       |                    0 |                        0 |                        0 |       0 |
| model.predictor.transformer.layers.1.mlp                 |              1576064 |                        0 |                        0 |       0 |
| model.predictor.transformer.layers.1.mlp.net             |              1576064 |                        0 |                        0 |       0 |
| model.predictor.transformer.layers.1.mlp.net.0           |                  768 |                        0 |                        0 |       0 |
| model.predictor.transformer.layers.1.mlp.net.1           |               788480 |                        0 |                        0 |       0 |
| model.predictor.transformer.layers.1.mlp.net.2           |                    0 |                        0 |                        0 |       0 |
| model.predictor.transformer.layers.1.mlp.net.3           |                    0 |                        0 |                        0 |       0 |
| model.predictor.transformer.layers.1.mlp.net.4           |               786816 |                        0 |                        0 |       0 |
| model.predictor.transformer.layers.1.mlp.net.5           |                    0 |                        0 |                        0 |       0 |
| model.predictor.transformer.layers.1.norm1               |                    0 |                        0 |                        0 |       0 |
| model.predictor.transformer.layers.1.norm2               |                    0 |                        0 |                        0 |       0 |
| model.predictor.transformer.layers.1.adaLN_modulation    |               887040 |                        0 |                        0 |       0 |
| model.predictor.transformer.layers.1.adaLN_modulation.0  |                    0 |                        0 |                        0 |       0 |
| model.predictor.transformer.layers.1.adaLN_modulation.1  |               887040 |                        0 |                        0 |       0 |
| model.predictor.transformer.layers.2                     |              4037120 |                        0 |                        0 |       0 |
| model.predictor.transformer.layers.2.attn                |              1574016 |                        0 |                        0 |       0 |
| model.predictor.transformer.layers.2.attn.norm           |                  768 |                        0 |                        0 |       0 |
| model.predictor.transformer.layers.2.attn.attend         |                    0 |                        0 |                        0 |       0 |
| model.predictor.transformer.layers.2.attn.to_qkv         |              1179648 |                        0 |                        0 |       0 |
| model.predictor.transformer.layers.2.attn.to_out         |               393600 |                        0 |                        0 |       0 |
| model.predictor.transformer.layers.2.attn.to_out.0       |               393600 |                        0 |                        0 |       0 |
| model.predictor.transformer.layers.2.attn.to_out.1       |                    0 |                        0 |                        0 |       0 |
| model.predictor.transformer.layers.2.mlp                 |              1576064 |                        0 |                        0 |       0 |
| model.predictor.transformer.layers.2.mlp.net             |              1576064 |                        0 |                        0 |       0 |
| model.predictor.transformer.layers.2.mlp.net.0           |                  768 |                        0 |                        0 |       0 |
| model.predictor.transformer.layers.2.mlp.net.1           |               788480 |                        0 |                        0 |       0 |
| model.predictor.transformer.layers.2.mlp.net.2           |                    0 |                        0 |                        0 |       0 |
| model.predictor.transformer.layers.2.mlp.net.3           |                    0 |                        0 |                        0 |       0 |
| model.predictor.transformer.layers.2.mlp.net.4           |               786816 |                        0 |                        0 |       0 |
| model.predictor.transformer.layers.2.mlp.net.5           |                    0 |                        0 |                        0 |       0 |
| model.predictor.transformer.layers.2.norm1               |                    0 |                        0 |                        0 |       0 |
| model.predictor.transformer.layers.2.norm2               |                    0 |                        0 |                        0 |       0 |
| model.predictor.transformer.layers.2.adaLN_modulation    |               887040 |                        0 |                        0 |       0 |
| model.predictor.transformer.layers.2.adaLN_modulation.0  |                    0 |                        0 |                        0 |       0 |
| model.predictor.transformer.layers.2.adaLN_modulation.1  |               887040 |                        0 |                        0 |       0 |
| model.predictor.transformer.layers.3                     |              4037120 |                        0 |                        0 |       0 |
| model.predictor.transformer.layers.3.attn                |              1574016 |                        0 |                        0 |       0 |
| model.predictor.transformer.layers.3.attn.norm           |                  768 |                        0 |                        0 |       0 |
| model.predictor.transformer.layers.3.attn.attend         |                    0 |                        0 |                        0 |       0 |
| model.predictor.transformer.layers.3.attn.to_qkv         |              1179648 |                        0 |                        0 |       0 |
| model.predictor.transformer.layers.3.attn.to_out         |               393600 |                        0 |                        0 |       0 |
| model.predictor.transformer.layers.3.attn.to_out.0       |               393600 |                        0 |                        0 |       0 |
| model.predictor.transformer.layers.3.attn.to_out.1       |                    0 |                        0 |                        0 |       0 |
| model.predictor.transformer.layers.3.mlp                 |              1576064 |                        0 |                        0 |       0 |
| model.predictor.transformer.layers.3.mlp.net             |              1576064 |                        0 |                        0 |       0 |
| model.predictor.transformer.layers.3.mlp.net.0           |                  768 |                        0 |                        0 |       0 |
| model.predictor.transformer.layers.3.mlp.net.1           |               788480 |                        0 |                        0 |       0 |
| model.predictor.transformer.layers.3.mlp.net.2           |                    0 |                        0 |                        0 |       0 |
| model.predictor.transformer.layers.3.mlp.net.3           |                    0 |                        0 |                        0 |       0 |
| model.predictor.transformer.layers.3.mlp.net.4           |               786816 |                        0 |                        0 |       0 |
| model.predictor.transformer.layers.3.mlp.net.5           |                    0 |                        0 |                        0 |       0 |
| model.predictor.transformer.layers.3.norm1               |                    0 |                        0 |                        0 |       0 |
| model.predictor.transformer.layers.3.norm2               |                    0 |                        0 |                        0 |       0 |
| model.predictor.transformer.layers.3.adaLN_modulation    |               887040 |                        0 |                        0 |       0 |
| model.predictor.transformer.layers.3.adaLN_modulation.0  |                    0 |                        0 |                        0 |       0 |
| model.predictor.transformer.layers.3.adaLN_modulation.1  |               887040 |                        0 |                        0 |       0 |
| model.predictor.transformer.layers.4                     |              4037120 |                        0 |                        0 |       0 |
| model.predictor.transformer.layers.4.attn                |              1574016 |                        0 |                        0 |       0 |
| model.predictor.transformer.layers.4.attn.norm           |                  768 |                        0 |                        0 |       0 |
| model.predictor.transformer.layers.4.attn.attend         |                    0 |                        0 |                        0 |       0 |
| model.predictor.transformer.layers.4.attn.to_qkv         |              1179648 |                        0 |                        0 |       0 |
| model.predictor.transformer.layers.4.attn.to_out         |               393600 |                        0 |                        0 |       0 |
| model.predictor.transformer.layers.4.attn.to_out.0       |               393600 |                        0 |                        0 |       0 |
| model.predictor.transformer.layers.4.attn.to_out.1       |                    0 |                        0 |                        0 |       0 |
| model.predictor.transformer.layers.4.mlp                 |              1576064 |                        0 |                        0 |       0 |
| model.predictor.transformer.layers.4.mlp.net             |              1576064 |                        0 |                        0 |       0 |
| model.predictor.transformer.layers.4.mlp.net.0           |                  768 |                        0 |                        0 |       0 |
| model.predictor.transformer.layers.4.mlp.net.1           |               788480 |                        0 |                        0 |       0 |
| model.predictor.transformer.layers.4.mlp.net.2           |                    0 |                        0 |                        0 |       0 |
| model.predictor.transformer.layers.4.mlp.net.3           |                    0 |                        0 |                        0 |       0 |
| model.predictor.transformer.layers.4.mlp.net.4           |               786816 |                        0 |                        0 |       0 |
| model.predictor.transformer.layers.4.mlp.net.5           |                    0 |                        0 |                        0 |       0 |
| model.predictor.transformer.layers.4.norm1               |                    0 |                        0 |                        0 |       0 |
| model.predictor.transformer.layers.4.norm2               |                    0 |                        0 |                        0 |       0 |
| model.predictor.transformer.layers.4.adaLN_modulation    |               887040 |                        0 |                        0 |       0 |
| model.predictor.transformer.layers.4.adaLN_modulation.0  |                    0 |                        0 |                        0 |       0 |
| model.predictor.transformer.layers.4.adaLN_modulation.1  |               887040 |                        0 |                        0 |       0 |
| model.predictor.transformer.layers.5                     |              4037120 |                        0 |                        0 |       0 |
| model.predictor.transformer.layers.5.attn                |              1574016 |                        0 |                        0 |       0 |
| model.predictor.transformer.layers.5.attn.norm           |                  768 |                        0 |                        0 |       0 |
| model.predictor.transformer.layers.5.attn.attend         |                    0 |                        0 |                        0 |       0 |
| model.predictor.transformer.layers.5.attn.to_qkv         |              1179648 |                        0 |                        0 |       0 |
| model.predictor.transformer.layers.5.attn.to_out         |               393600 |                        0 |                        0 |       0 |
| model.predictor.transformer.layers.5.attn.to_out.0       |               393600 |                        0 |                        0 |       0 |
| model.predictor.transformer.layers.5.attn.to_out.1       |                    0 |                        0 |                        0 |       0 |
| model.predictor.transformer.layers.5.mlp                 |              1576064 |                        0 |                        0 |       0 |
| model.predictor.transformer.layers.5.mlp.net             |              1576064 |                        0 |                        0 |       0 |
| model.predictor.transformer.layers.5.mlp.net.0           |                  768 |                        0 |                        0 |       0 |
| model.predictor.transformer.layers.5.mlp.net.1           |               788480 |                        0 |                        0 |       0 |
| model.predictor.transformer.layers.5.mlp.net.2           |                    0 |                        0 |                        0 |       0 |
| model.predictor.transformer.layers.5.mlp.net.3           |                    0 |                        0 |                        0 |       0 |
| model.predictor.transformer.layers.5.mlp.net.4           |               786816 |                        0 |                        0 |       0 |
| model.predictor.transformer.layers.5.mlp.net.5           |                    0 |                        0 |                        0 |       0 |
| model.predictor.transformer.layers.5.norm1               |                    0 |                        0 |                        0 |       0 |
| model.predictor.transformer.layers.5.norm2               |                    0 |                        0 |                        0 |       0 |
| model.predictor.transformer.layers.5.adaLN_modulation    |               887040 |                        0 |                        0 |       0 |
| model.predictor.transformer.layers.5.adaLN_modulation.0  |                    0 |                        0 |                        0 |       0 |
| model.predictor.transformer.layers.5.adaLN_modulation.1  |               887040 |                        0 |                        0 |       0 |
| model.predictor.transformer.input_proj                   |                74112 |                        0 |                        0 |       0 |
| model.predictor.transformer.cond_proj                    |                74112 |                        0 |                        0 |       0 |
| model.predictor.transformer.output_proj                  |                    0 |                        0 |                        0 |       0 |
| model.action_encoder                                     |               156146 |                        0 |                        0 |       0 |
| model.action_encoder.patch_embed                         |                   50 |                        0 |                        0 |       0 |
| model.action_encoder.embed                               |               156096 |                        0 |                        0 |       0 |
| model.action_encoder.embed.0                             |                 8448 |                        0 |                        0 |       0 |
| model.action_encoder.embed.1                             |                    0 |                        0 |                        0 |       0 |
| model.action_encoder.embed.2                             |               147648 |                        0 |                        0 |       0 |
| model.projector                                          |              1185984 |                        0 |                        0 |    4097 |
| model.projector.net                                      |              1185984 |                        0 |                        0 |    4097 |
| model.projector.net.0                                    |               788480 |                        0 |                        0 |       0 |
| model.projector.net.1                                    |                 4096 |                        0 |                        0 |    4097 |
| model.projector.net.2                                    |                    0 |                        0 |                        0 |       0 |
| model.projector.net.3                                    |               393408 |                        0 |                        0 |       0 |
| model.pred_proj                                          |              1185984 |                        0 |                        0 |    4097 |
| model.pred_proj.net                                      |              1185984 |                        0 |                        0 |    4097 |
| model.pred_proj.net.0                                    |               788480 |                        0 |                        0 |       0 |
| model.pred_proj.net.1                                    |                 4096 |                        0 |                        0 |    4097 |
| model.pred_proj.net.2                                    |                    0 |                        0 |                        0 |       0 |
| model.pred_proj.net.3                                    |               393408 |                        0 |                        0 |       0 |
| model.probe_head                                         |                  772 |                        0 |                        0 |       0 |
| sigreg                                                   |                    0 |                        0 |                        0 |      51 |
+----------------------------------------------------------+----------------------+--------------------------+--------------------------+---------+
12:47:44 | INFO  | utils.py    | ── SLURM ─────────────────────────────────────────
12:47:44 | INFO  | trainer_inf~|   Job ID: N/A
12:47:44 | INFO  | trainer_inf~|   Task ID: N/A
12:47:44 | INFO  | trainer_inf~|   Job Name: N/A
12:47:44 | INFO  | trainer_inf~|   Nodes: N/A
12:47:44 | INFO  | trainer_inf~|   Tasks: N/A
12:47:44 | INFO  | trainer_inf~|   CPUs per node: N/A
12:47:44 | INFO  | trainer_inf~|   CPUs per task: N/A
12:47:44 | INFO  | trainer_inf~|   Memory per node: N/A
12:47:44 | INFO  | trainer_inf~|   Memory per CPU: N/A
12:47:44 | INFO  | trainer_inf~|   Time limit: N/A
12:47:44 | INFO  | trainer_inf~|   Partition: N/A
12:47:44 | INFO  | trainer_inf~|   Node List: N/A
12:47:44 | INFO  | trainer_inf~|   Submit Directory: N/A
12:47:44 | INFO  | utils.py    | ── HardwareMonitor ───────────────────────────────
12:47:44 | INFO  | hardware_mo~|   interval: 10.0s
12:47:44 | INFO  | hardware_mo~|   prefix:   'hardware/'
12:47:44 | INFO  | hardware_mo~|   metrics:  cpu=True ram=True disk=True net=True gpu=True
12:47:44 | INFO  | hardware_mo~|   per-rank: rank 0 only
12:47:44 | WARN  | env_info.py | ! pip freeze failed: Command '['/home/likun-share/junjxu/wm/le-wm/.venv/bin/python', '-m', 'pip', 'freeze']' returned non-zero exit status 1.
12:47:44 | OK    | env_info.py | ✓ Packages: 0 packages collected in 0.02s
LOCAL_RANK: 0 - CUDA_VISIBLE_DEVICES: [2]
12:47:44 | WARN  | hardware_mo~| HardwareMonitor: pynvml unavailable (ModuleNotFoundError("No module named 'pynvml'")); GPU metrics disabled.
12:47:44 | INFO  | utils.py    | ── Optimizers ────────────────────────────────────
12:47:44 | INFO  | module.py   |   Optimizer specified by Dict with keys ['model_opt']
12:47:44 | INFO  | module.py   | 
┏━━━━━━━━━━━━━┳━━━━━━━━━━━┳━━━━━━━━━━━━━━━━━━━┳━━━━━━━━━━━━━━━━━┳━━━━━━━━━━━━━━━━┳━━━━━━━━━━━━━━━━━━━━━━━━┓
┃ Optimizer   ┃ Pattern   ┃   Matched Modules ┃   Param Tensors ┃   Total Params ┃   RequiresGrad Tensors ┃
┣━━━━━━━━━━━━━╋━━━━━━━━━━━╋━━━━━━━━━━━━━━━━━━━╋━━━━━━━━━━━━━━━━━╋━━━━━━━━━━━━━━━━╋━━━━━━━━━━━━━━━━━━━━━━━━┫
┃ model_opt   ┃ model     ┃               378 ┃             328 ┃       48957750 ┃                    105 ┃
┗━━━━━━━━━━━━━┻━━━━━━━━━━━┻━━━━━━━━━━━━━━━━━━━┻━━━━━━━━━━━━━━━━━┻━━━━━━━━━━━━━━━━┻━━━━━━━━━━━━━━━━━━━━━━━━┛
12:47:44 | INFO  | lr_schedule~| 	User provided a dict
Loading `train_dataloader` to estimate number of stepping batches.
/home/likun-share/junjxu/wm/le-wm/.venv/lib/python3.10/site-packages/lance/__init__.py:320: UserWarning: lance is not fork-safe. If you are using multiprocessing, use spawn or forkserver instead.
  warnings.warn(
/usr/lib/python3.10/multiprocessing/popen_fork.py:66: RuntimeWarning: lancedb fork support is experimental: the internal async runtime has been reset in the forked child, but a small chance of deadlock remains if other state was mid-operation at fork time. The 'forkserver' or 'spawn' multiprocessing start method is likely a safer alternative.
  self.pid = os.fork()
/home/likun-share/junjxu/wm/le-wm/.venv/lib/python3.10/site-packages/lance/__init__.py:320: UserWarning: lance is not fork-safe. If you are using multiprocessing, use spawn or forkserver instead.
  warnings.warn(
/usr/lib/python3.10/multiprocessing/popen_fork.py:66: RuntimeWarning: lancedb fork support is experimental: the internal async runtime has been reset in the forked child, but a small chance of deadlock remains if other state was mid-operation at fork time. The 'forkserver' or 'spawn' multiprocessing start method is likely a safer alternative.
  self.pid = os.fork()
/usr/lib/python3.10/multiprocessing/popen_fork.py:66: RuntimeWarning: lancedb fork support is experimental: the internal async runtime has been reset in the forked child, but a small chance of deadlock remains if other state was mid-operation at fork time. The 'forkserver' or 'spawn' multiprocessing start method is likely a safer alternative.
  self.pid = os.fork()
/usr/lib/python3.10/multiprocessing/popen_fork.py:66: RuntimeWarning: lancedb fork support is experimental: the internal async runtime has been reset in the forked child, but a small chance of deadlock remains if other state was mid-operation at fork time. The 'forkserver' or 'spawn' multiprocessing start method is likely a safer alternative.
  self.pid = os.fork()
/usr/lib/python3.10/multiprocessing/popen_fork.py:66: RuntimeWarning: lancedb fork support is experimental: the internal async runtime has been reset in the forked child, but a small chance of deadlock remains if other state was mid-operation at fork time. The 'forkserver' or 'spawn' multiprocessing start method is likely a safer alternative.
  self.pid = os.fork()
/usr/lib/python3.10/multiprocessing/popen_fork.py:66: RuntimeWarning: lancedb fork support is experimental: the internal async runtime has been reset in the forked child, but a small chance of deadlock remains if other state was mid-operation at fork time. The 'forkserver' or 'spawn' multiprocessing start method is likely a safer alternative.
  self.pid = os.fork()
12:47:45 | INFO  | module.py   |   Configured optimizer 'model_opt' (modules=378, param_tensors=328, total_params=48957750) with LinearWarmupCosineAnnealingLR scheduler.
/home/likun-share/junjxu/wm/le-wm/.venv/lib/python3.10/site-packages/lightning/pytorch/utilities/model_summary/model_summary.py:242: Precision bf16-mixed is not supported by the model summary.  Estimated model size in MB will not be accurate. Using 32 bits instead.
┏━━━┳━━━━━━━━━━━━━━━━━━━┳━━━━━━━━━━━━┳━━━━━━━━┳━━━━━━━┳━━━━━━━┓
┃   ┃ Name              ┃ Type       ┃ Params ┃ Mode  ┃ FLOPs ┃
┡━━━╇━━━━━━━━━━━━━━━━━━━╇━━━━━━━━━━━━╇━━━━━━━━╇━━━━━━━╇━━━━━━━┩
│ 0 │ callbacks_modules │ ModuleDict │      0 │ train │     0 │
│ 1 │ callbacks_metrics │ ModuleDict │      0 │ train │     0 │
│ 2 │ model             │ JEPA       │ 49.0 M │ train │     0 │
│ 3 │ sigreg            │ SIGReg     │      0 │ train │     0 │
└───┴───────────────────┴────────────┴────────┴───────┴───────┘
Trainable params: 26.9 M                                                        
Non-trainable params: 22.1 M                                                    
Total params: 49.0 M                                                            
Total estimated model params size (MB): 195.831                                 
Modules in train mode: 157                                                      
Modules in eval mode: 224                                                       
Total FLOPs: 0                                                                  
12:47:45 | INFO  | logger.py   | [RegistryLogger] summary.json flushed (0 metrics, step=0, epoch=0) → /data1/likun-share/junjxu/.cache_stable-pretraining/runs/20260716/124744/aefb56fcd436/summary.json
/usr/lib/python3.10/multiprocessing/popen_fork.py:66: RuntimeWarning: lancedb fork support is experimental: the internal async runtime has been reset in the forked child, but a small chance of deadlock remains if other state was mid-operation at fork time. The 'forkserver' or 'spawn' multiprocessing start method is likely a safer alternative.
  self.pid = os.fork()
/usr/lib/python3.10/multiprocessing/popen_fork.py:66: RuntimeWarning: lancedb fork support is experimental: the internal async runtime has been reset in the forked child, but a small chance of deadlock remains if other state was mid-operation at fork time. The 'forkserver' or 'spawn' multiprocessing start method is likely a safer alternative.
  self.pid = os.fork()
/usr/lib/python3.10/multiprocessing/popen_fork.py:66: RuntimeWarning: lancedb fork support is experimental: the internal async runtime has been reset in the forked child, but a small chance of deadlock remains if other state was mid-operation at fork time. The 'forkserver' or 'spawn' multiprocessing start method is likely a safer alternative.
  self.pid = os.fork()
/usr/lib/python3.10/multiprocessing/popen_fork.py:66: RuntimeWarning: lancedb fork support is experimental: the internal async runtime has been reset in the forked child, but a small chance of deadlock remains if other state was mid-operation at fork time. The 'forkserver' or 'spawn' multiprocessing start method is likely a safer alternative.
  self.pid = os.fork()
/usr/lib/python3.10/multiprocessing/popen_fork.py:66: RuntimeWarning: lancedb fork support is experimental: the internal async runtime has been reset in the forked child, but a small chance of deadlock remains if other state was mid-operation at fork time. The 'forkserver' or 'spawn' multiprocessing start method is likely a safer alternative.
  self.pid = os.fork()
/usr/lib/python3.10/multiprocessing/popen_fork.py:66: RuntimeWarning: lancedb fork support is experimental: the internal async runtime has been reset in the forked child, but a small chance of deadlock remains if other state was mid-operation at fork time. The 'forkserver' or 'spawn' multiprocessing start method is likely a safer alternative.
  self.pid = os.fork()
/home/likun-share/junjxu/wm/le-wm/.venv/lib/python3.10/site-packages/lightning/pytorch/utilities/data.py:79: Trying to infer the `batch_size` from an ambiguous collection. The batch size we found is 64. To avoid any miscalculations, use `self.log(..., batch_size=batch_size)`.
12:47:52 | INFO  | trainer_inf~| \n+--------------------------------+--------------------+
|             Metric             |       Value        |
+--------------------------------+--------------------+
|         [0;34;40mvalidate/loss[0m          |  [0;32;40m11.8533296585083[0m  |
|      [0;34;40mvalidate/loss_epoch[0m       |  [0;32;40m11.8533296585083[0m  |
|       [0;34;40mvalidate/pred_loss[0m       | [0;32;40m6.2874650955200195[0m |
|    [0;34;40mvalidate/pred_loss_epoch[0m    | [0;32;40m6.2874650955200195[0m |
|      [0;34;40mvalidate/sigreg_loss[0m      |       [0;32;40m38.75[0m        |
|   [0;34;40mvalidate/sigreg_loss_epoch[0m   |       [0;32;40m38.75[0m        |
|    [0;34;40mvalidate/structured_loss[0m    | [0;32;40m2.081489324569702[0m  |
| [0;34;40mvalidate/structured_loss_epoch[0m | [0;32;40m2.081489324569702[0m  |
+--------------------------------+--------------------+
/home/likun-share/junjxu/wm/le-wm/.venv/lib/python3.10/site-packages/lightning/pytorch/loops/fit_loop.py:538: Found 224 module(s) in eval mode at the start of training. This may lead to unexpected behavior during training. If this is intentional, you can ignore this warning.
12:47:52 | WARN  | hf_models.py| ! No Hugging Face (PreTrainedModel) submodules found in LightningModule.
12:47:52 | INFO  | utils.py    | ── Optimizers ────────────────────────────────────
12:47:52 | INFO  | module.py   |   self.optimizers() gave us 1 optimizers
12:47:52 | WARN  | module.py   | ! No clip val found for optimizer default_0
12:47:52 | WARN  | module.py   | ! Will use the Trainer's value of 1.0
12:47:52 | WARN  | module.py   | ! No clip algorithm found for optimizer default_0
12:47:52 | WARN  | module.py   | ! Will use the Trainer's value of None
12:47:52 | OK    | module.py   | ✓ Optimizer check complete:
+------------+-----------+----------------+-----------+-----------+
| Opt. Index | Opt. name |      opt       | clip val. | clip alg. |
+------------+-----------+----------------+-----------+-----------+
|     0      | default_0 | LightningAdamW |    1.0    |    None   |
+------------+-----------+----------------+-----------+-----------+
12:47:52 | INFO  | utils.py    | ── LogUnusedParametersOnce ───────────────────────
12:47:52 | INFO  | unused_para~|   registered hooks on 105 leaf parameters
12:47:54 | WARN  | unused_para~| ! the following parameters did NOT receive gradients on the first backward pass (potentially causing Lightning's 'unused parameters' error):
12:47:54 | WARN  | unused_para~|   model.probe_head.weight
12:47:54 | WARN  | unused_para~|   model.probe_head.bias
12:47:54 | INFO  | unused_para~|   hooks removed, callback disabled
12:47:55 | WARN  | env_info.py | ! nvidia-smi timed out
12:47:55 | OK    | env_info.py | ✓ Git: main @ 7f19b8e3
12:47:55 | INFO  | env_info.py |   Remote: git@github.com-xuustc99:XuUSTC99/wm.git
12:47:55 | WARN  | env_info.py | ! Working directory has uncommitted changes
12:47:55 | OK    | env_info.py | ✓ Environment: 4 relevant variables captured
12:47:55 | INFO  | env_info.py |   Serializing environment data...
12:47:55 | INFO  | env_info.py |   File exists, using version 465: environment_v465.json
12:47:55 | INFO  | env_info.py |   File exists, using version 467: requirements_frozen_v467.txt
12:47:55 | INFO  | env_info.py |   Save directory: /home/likun-share/.cache/stable-pretraining
12:47:55 | INFO  | env_info.py |   Writing environment to temp file...
12:47:55 | INFO  | env_info.py |   Moving to: environment_v465.json
12:47:55 | OK    | env_info.py | ✓ Environment file saved (2.1 KB)
12:47:55 | OK    | env_info.py | ✓ Requirements file saved (0.1 KB)
[Epoch 0/20] step 50/309 (2.2 it/s)
[Epoch 0/20] step 100/309 (2.2 it/s)
[Epoch 0/20] step 150/309 (2.3 it/s)
[Epoch 0/20] step 200/309 (2.2 it/s)
[Epoch 0/20] step 250/309 (2.2 it/s)
[Epoch 0/20] step 300/309 (2.2 it/s)
/home/likun-share/junjxu/wm/le-wm/.venv/lib/python3.10/site-packages/lightning/pytorch/utilities/data.py:79: Trying to infer the `batch_size` from an ambiguous collection. The batch size we found is 23. To avoid any miscalculations, use `self.log(..., batch_size=batch_size)`.
12:50:25 | INFO  | trainer_inf~| \n+--------------------------------+-----------------------+
|             Metric             |         Value         |
+--------------------------------+-----------------------+
|            [0;34;40mfit/loss[0m            |   [0;32;40m0.877794623374939[0m   |
|         [0;34;40mfit/pred_loss[0m          |   [0;32;40m0.3789207935333252[0m  |
|        [0;34;40mfit/sigreg_loss[0m         |        [0;32;40m3.859375[0m       |
|      [0;34;40mfit/structured_loss[0m       |  [0;32;40m0.15121760964393616[0m  |
|      [0;34;40mhardware/cpu_percent[0m      |          [0;32;40m77.5[0m         |
|    [0;34;40mhardware/disk_read_mb_s[0m     |  [0;32;40m0.11635559797286987[0m  |
|    [0;34;40mhardware/disk_write_mb_s[0m    |   [0;32;40m1.254531979560852[0m   |
|     [0;34;40mhardware/net_recv_mb_s[0m     |   [0;32;40m1.7356760501861572[0m  |
|     [0;34;40mhardware/net_sent_mb_s[0m     |   [0;32;40m1.7712739706039429[0m  |
|      [0;34;40mhardware/ram_used_gb[0m      |   [0;32;40m352.32098388671875[0m  |
|     [0;34;40mhardware/ram_used_pct[0m      |          [0;32;40m35.0[0m         |
|      [0;34;40mhparams/lr_default_0[0m      | [0;32;40m4.979762161383405e-05[0m |
|         [0;34;40mvalidate/loss[0m          |   [0;32;40m0.9023120403289795[0m  |
|      [0;34;40mvalidate/loss_epoch[0m       |   [0;32;40m0.9023120403289795[0m  |
|       [0;34;40mvalidate/pred_loss[0m       |   [0;32;40m0.3806002140045166[0m  |
|    [0;34;40mvalidate/pred_loss_epoch[0m    |   [0;32;40m0.3806002140045166[0m  |
|      [0;34;40mvalidate/sigreg_loss[0m      |   [0;32;40m4.281818389892578[0m   |
|   [0;34;40mvalidate/sigreg_loss_epoch[0m   |   [0;32;40m4.281818389892578[0m   |
|    [0;34;40mvalidate/structured_loss[0m    |  [0;32;40m0.13621844351291656[0m  |
| [0;34;40mvalidate/structured_loss_epoch[0m |  [0;32;40m0.13621844351291656[0m  |
+--------------------------------+-----------------------+
[Epoch 0/20] done in 154.0s
12:50:26 | INFO  | checkpoint_~|   Checking for non PyTorch modules to save
12:50:26 | INFO  | atomic_chec~| [atomic_save] → /data1/likun-share/junjxu/.cache_stable-pretraining/runs/20260716/124744/aefb56fcd436/checkpoints/epoch=0-step=309.ckpt
12:50:27 | INFO  | atomic_chec~| [atomic_save] ✓ epoch=0-step=309.ckpt saved (392.2 MiB, serialise=0.98s write=0.69s rename=0.1ms)
12:50:28 | INFO  | checkpoint_~|   Checking for non PyTorch modules to save
12:50:28 | INFO  | atomic_chec~| [atomic_save] → /data1/likun-share/junjxu/.cache_stable-pretraining/runs/20260716/124744/aefb56fcd436/checkpoints/last.ckpt
12:50:29 | INFO  | atomic_chec~| [atomic_save] ✓ last.ckpt saved (392.2 MiB, serialise=1.00s write=0.77s rename=0.1ms)
[Epoch 1/20] step 50/309 (2.1 it/s)
[Epoch 1/20] step 100/309 (2.2 it/s)
[Epoch 1/20] step 150/309 (2.2 it/s)
[Epoch 1/20] step 200/309 (2.3 it/s)
[Epoch 1/20] step 250/309 (2.3 it/s)
[Epoch 1/20] step 300/309 (2.3 it/s)
12:53:00 | INFO  | trainer_inf~| \n+--------------------------------+-----------------------+
|             Metric             |         Value         |
+--------------------------------+-----------------------+
|            [0;34;40mfit/loss[0m            |   [0;32;40m0.6799260377883911[0m  |
|         [0;34;40mfit/pred_loss[0m          |   [0;32;40m0.2765088975429535[0m  |
|        [0;34;40mfit/sigreg_loss[0m         |        [0;32;40m3.640625[0m       |
|      [0;34;40mfit/structured_loss[0m       |  [0;32;40m0.07529212534427643[0m  |
|      [0;34;40mhardware/cpu_percent[0m      |          [0;32;40m70.0[0m         |
|    [0;34;40mhardware/disk_read_mb_s[0m     |   [0;32;40m7.990364074707031[0m   |
|    [0;34;40mhardware/disk_write_mb_s[0m    |   [0;32;40m79.65544128417969[0m   |
|     [0;34;40mhardware/net_recv_mb_s[0m     |  [0;32;40m0.03047330491244793[0m  |
|     [0;34;40mhardware/net_sent_mb_s[0m     |  [0;32;40m0.029891740530729294[0m |
|      [0;34;40mhardware/ram_used_gb[0m      |   [0;32;40m318.9852294921875[0m   |
|     [0;34;40mhardware/ram_used_pct[0m      |   [0;32;40m31.700000762939453[0m  |
|      [0;34;40mhparams/lr_default_0[0m      | [0;32;40m4.898469342151657e-05[0m |
|         [0;34;40mvalidate/loss[0m          |   [0;32;40m0.7164766192436218[0m  |
|      [0;34;40mvalidate/loss_epoch[0m       |   [0;32;40m0.7164766192436218[0m  |
|       [0;34;40mvalidate/pred_loss[0m       |   [0;32;40m0.2396666556596756[0m  |
|    [0;34;40mvalidate/pred_loss_epoch[0m    |   [0;32;40m0.2396666556596756[0m  |
|      [0;34;40mvalidate/sigreg_loss[0m      |   [0;32;40m4.158637523651123[0m   |
|   [0;34;40mvalidate/sigreg_loss_epoch[0m   |   [0;32;40m4.158637523651123[0m   |
|    [0;34;40mvalidate/structured_loss[0m    |   [0;32;40m0.102513387799263[0m   |
| [0;34;40mvalidate/structured_loss_epoch[0m |   [0;32;40m0.102513387799263[0m   |
+--------------------------------+-----------------------+
[Epoch 1/20] done in 151.4s
12:53:01 | INFO  | checkpoint_~|   Checking for non PyTorch modules to save
12:53:01 | INFO  | atomic_chec~| [atomic_save] → /data1/likun-share/junjxu/.cache_stable-pretraining/runs/20260716/124744/aefb56fcd436/checkpoints/epoch=1-step=618.ckpt
12:53:02 | INFO  | atomic_chec~| [atomic_save] ✓ epoch=1-step=618.ckpt saved (392.2 MiB, serialise=0.75s write=0.76s rename=0.1ms)
12:53:02 | INFO  | checkpoint_~|   Checking for non PyTorch modules to save
12:53:02 | INFO  | atomic_chec~| [atomic_save] → /data1/likun-share/junjxu/.cache_stable-pretraining/runs/20260716/124744/aefb56fcd436/checkpoints/last.ckpt
12:53:04 | INFO  | atomic_chec~| [atomic_save] ✓ last.ckpt saved (392.2 MiB, serialise=0.91s write=0.65s rename=83.8ms)
[Epoch 2/20] step 50/309 (1.9 it/s)
[Epoch 2/20] step 100/309 (2.1 it/s)
[Epoch 2/20] step 150/309 (2.2 it/s)
[Epoch 2/20] step 200/309 (2.3 it/s)
[Epoch 2/20] step 250/309 (2.3 it/s)
[Epoch 2/20] step 300/309 (2.3 it/s)
12:55:33 | INFO  | trainer_inf~| \n+--------------------------------+-----------------------+
|             Metric             |         Value         |
+--------------------------------+-----------------------+
|            [0;34;40mfit/loss[0m            |   [0;32;40m0.6533633470535278[0m  |
|         [0;34;40mfit/pred_loss[0m          |   [0;32;40m0.2114870548248291[0m  |
|        [0;34;40mfit/sigreg_loss[0m         |         [0;32;40m3.3125[0m        |
|      [0;34;40mfit/structured_loss[0m       |  [0;32;40m0.14304813742637634[0m  |
|      [0;34;40mhardware/cpu_percent[0m      |    [0;32;40m84.5999984741211[0m   |
|    [0;34;40mhardware/disk_read_mb_s[0m     |  [0;32;40m0.08784978836774826[0m  |
|    [0;34;40mhardware/disk_write_mb_s[0m    |   [0;32;40m1.051464319229126[0m   |
|     [0;34;40mhardware/net_recv_mb_s[0m     |   [0;32;40m1.6573301553726196[0m  |
|     [0;34;40mhardware/net_sent_mb_s[0m     |   [0;32;40m2.0500741004943848[0m  |
|      [0;34;40mhardware/ram_used_gb[0m      |   [0;32;40m347.3114929199219[0m   |
|     [0;34;40mhardware/ram_used_pct[0m      |          [0;32;40m34.5[0m         |
|      [0;34;40mhparams/lr_default_0[0m      | [0;32;40m4.756937414640561e-05[0m |
|         [0;34;40mvalidate/loss[0m          |   [0;32;40m0.6705477237701416[0m  |
|      [0;34;40mvalidate/loss_epoch[0m       |   [0;32;40m0.6705477237701416[0m  |
|       [0;34;40mvalidate/pred_loss[0m       |  [0;32;40m0.22778502106666565[0m  |
|    [0;34;40mvalidate/pred_loss_epoch[0m    |  [0;32;40m0.22778502106666565[0m  |
|      [0;34;40mvalidate/sigreg_loss[0m      |   [0;32;40m4.006540775299072[0m   |
|   [0;34;40mvalidate/sigreg_loss_epoch[0m   |   [0;32;40m4.006540775299072[0m   |
|    [0;34;40mvalidate/structured_loss[0m    |  [0;32;40m0.08214518427848816[0m  |
| [0;34;40mvalidate/structured_loss_epoch[0m |  [0;32;40m0.08214518427848816[0m  |
+--------------------------------+-----------------------+
[Epoch 2/20] done in 149.7s
12:55:34 | INFO  | checkpoint_~|   Checking for non PyTorch modules to save
12:55:34 | INFO  | atomic_chec~| [atomic_save] → /data1/likun-share/junjxu/.cache_stable-pretraining/runs/20260716/124744/aefb56fcd436/checkpoints/epoch=2-step=927.ckpt
12:55:35 | INFO  | atomic_chec~| [atomic_save] ✓ epoch=2-step=927.ckpt saved (392.2 MiB, serialise=0.77s write=0.65s rename=0.1ms)
12:55:36 | INFO  | checkpoint_~|   Checking for non PyTorch modules to save
12:55:36 | INFO  | atomic_chec~| [atomic_save] → /data1/likun-share/junjxu/.cache_stable-pretraining/runs/20260716/124744/aefb56fcd436/checkpoints/last.ckpt
12:55:37 | INFO  | atomic_chec~| [atomic_save] ✓ last.ckpt saved (392.2 MiB, serialise=0.70s write=0.56s rename=104.8ms)
[Epoch 3/20] step 50/309 (2.1 it/s)
[Epoch 3/20] step 100/309 (2.3 it/s)
[Epoch 3/20] step 150/309 (2.4 it/s)
[Epoch 3/20] step 200/309 (2.5 it/s)
[Epoch 3/20] step 250/309 (2.5 it/s)
[Epoch 3/20] step 300/309 (2.5 it/s)
12:57:57 | INFO  | trainer_inf~| \n+--------------------------------+-----------------------+
|             Metric             |         Value         |
+--------------------------------+-----------------------+
|            [0;34;40mfit/loss[0m            |   [0;32;40m0.6880664825439453[0m  |
|         [0;34;40mfit/pred_loss[0m          |  [0;32;40m0.20581716299057007[0m  |
|        [0;34;40mfit/sigreg_loss[0m         |        [0;32;40m3.515625[0m       |
|      [0;34;40mfit/structured_loss[0m       |  [0;32;40m0.16584309935569763[0m  |
|      [0;34;40mhardware/cpu_percent[0m      |   [0;32;40m78.30000305175781[0m   |
|    [0;34;40mhardware/disk_read_mb_s[0m     |   [0;32;40m0.6269797086715698[0m  |
|    [0;34;40mhardware/disk_write_mb_s[0m    |   [0;32;40m19.551538467407227[0m  |
|     [0;34;40mhardware/net_recv_mb_s[0m     |  [0;32;40m0.49410760402679443[0m  |
|     [0;34;40mhardware/net_sent_mb_s[0m     |   [0;32;40m0.8511587381362915[0m  |
|      [0;34;40mhardware/ram_used_gb[0m      |   [0;32;40m344.7277526855469[0m   |
|     [0;34;40mhardware/ram_used_pct[0m      |   [0;32;40m34.20000076293945[0m   |
|      [0;34;40mhparams/lr_default_0[0m      | [0;32;40m4.558720684144646e-05[0m |
|         [0;34;40mvalidate/loss[0m          |   [0;32;40m0.6231433153152466[0m  |
|      [0;34;40mvalidate/loss_epoch[0m       |   [0;32;40m0.6231433153152466[0m  |
|       [0;34;40mvalidate/pred_loss[0m       |  [0;32;40m0.19011534750461578[0m  |
|    [0;34;40mvalidate/pred_loss_epoch[0m    |  [0;32;40m0.19011534750461578[0m  |
|      [0;34;40mvalidate/sigreg_loss[0m      |   [0;32;40m4.0194830894470215[0m  |
|   [0;34;40mvalidate/sigreg_loss_epoch[0m   |   [0;32;40m4.0194830894470215[0m  |
|    [0;34;40mvalidate/structured_loss[0m    |  [0;32;40m0.07129401713609695[0m  |
| [0;34;40mvalidate/structured_loss_epoch[0m |  [0;32;40m0.07129401713609695[0m  |
+--------------------------------+-----------------------+
[Epoch 3/20] done in 140.5s
12:57:58 | INFO  | checkpoint_~|   Checking for non PyTorch modules to save
12:57:58 | INFO  | atomic_chec~| [atomic_save] → /data1/likun-share/junjxu/.cache_stable-pretraining/runs/20260716/124744/aefb56fcd436/checkpoints/epoch=3-step=1236.ckpt
12:57:59 | INFO  | atomic_chec~| [atomic_save] ✓ epoch=3-step=1236.ckpt saved (392.2 MiB, serialise=0.83s write=0.68s rename=0.1ms)
12:57:59 | INFO  | checkpoint_~|   Checking for non PyTorch modules to save
12:57:59 | INFO  | atomic_chec~| [atomic_save] → /data1/likun-share/junjxu/.cache_stable-pretraining/runs/20260716/124744/aefb56fcd436/checkpoints/last.ckpt
12:58:01 | INFO  | atomic_chec~| [atomic_save] ✓ last.ckpt saved (392.2 MiB, serialise=0.85s write=0.69s rename=137.1ms)
[Epoch 4/20] step 50/309 (2.3 it/s)
[Epoch 4/20] step 100/309 (2.3 it/s)
[Epoch 4/20] step 150/309 (2.4 it/s)
[Epoch 4/20] step 200/309 (2.5 it/s)
[Epoch 4/20] step 250/309 (2.6 it/s)
[Epoch 4/20] step 300/309 (2.6 it/s)
13:00:15 | INFO  | trainer_inf~| \n+--------------------------------+-----------------------+
|             Metric             |         Value         |
+--------------------------------+-----------------------+
|            [0;34;40mfit/loss[0m            |   [0;32;40m0.6315401792526245[0m  |
|         [0;34;40mfit/pred_loss[0m          |  [0;32;40m0.19312076270580292[0m  |
|        [0;34;40mfit/sigreg_loss[0m         |        [0;32;40m3.453125[0m       |
|      [0;34;40mfit/structured_loss[0m       |   [0;32;40m0.1278725117444992[0m  |
|      [0;34;40mhardware/cpu_percent[0m      |   [0;32;40m79.69999694824219[0m   |
|    [0;34;40mhardware/disk_read_mb_s[0m     |  [0;32;40m0.04177528992295265[0m  |
|    [0;34;40mhardware/disk_write_mb_s[0m    |   [0;32;40m75.65699768066406[0m   |
|     [0;34;40mhardware/net_recv_mb_s[0m     |   [0;32;40m0.2163470983505249[0m  |
|     [0;34;40mhardware/net_sent_mb_s[0m     |   [0;32;40m0.6138795614242554[0m  |
|      [0;34;40mhardware/ram_used_gb[0m      |   [0;32;40m321.8262023925781[0m   |
|     [0;34;40mhardware/ram_used_pct[0m      |   [0;32;40m31.899999618530273[0m  |
|      [0;34;40mhparams/lr_default_0[0m      | [0;32;40m4.308798088459298e-05[0m |
|         [0;34;40mvalidate/loss[0m          |   [0;32;40m0.6170110702514648[0m  |
|      [0;34;40mvalidate/loss_epoch[0m       |   [0;32;40m0.6170110702514648[0m  |
|       [0;34;40mvalidate/pred_loss[0m       |  [0;32;40m0.20610082149505615[0m  |
|    [0;34;40mvalidate/pred_loss_epoch[0m    |  [0;32;40m0.20610082149505615[0m  |
|      [0;34;40mvalidate/sigreg_loss[0m      |   [0;32;40m3.8118817806243896[0m  |
|   [0;34;40mvalidate/sigreg_loss_epoch[0m   |   [0;32;40m3.8118817806243896[0m  |
|    [0;34;40mvalidate/structured_loss[0m    |  [0;32;40m0.06786622852087021[0m  |
| [0;34;40mvalidate/structured_loss_epoch[0m |  [0;32;40m0.06786622852087021[0m  |
+--------------------------------+-----------------------+
[Epoch 4/20] done in 134.1s
13:00:15 | INFO  | checkpoint_~|   Checking for non PyTorch modules to save
13:00:15 | INFO  | atomic_chec~| [atomic_save] → /data1/likun-share/junjxu/.cache_stable-pretraining/runs/20260716/124744/aefb56fcd436/checkpoints/epoch=4-step=1545.ckpt
13:00:17 | INFO  | atomic_chec~| [atomic_save] ✓ epoch=4-step=1545.ckpt saved (392.2 MiB, serialise=0.80s write=0.70s rename=0.1ms)
13:00:17 | INFO  | checkpoint_~|   Checking for non PyTorch modules to save
13:00:17 | INFO  | atomic_chec~| [atomic_save] → /data1/likun-share/junjxu/.cache_stable-pretraining/runs/20260716/124744/aefb56fcd436/checkpoints/last.ckpt
13:00:19 | INFO  | atomic_chec~| [atomic_save] ✓ last.ckpt saved (392.2 MiB, serialise=1.09s write=0.80s rename=139.1ms)
[Epoch 5/20] step 50/309 (2.2 it/s)
[Epoch 5/20] step 100/309 (2.5 it/s)
[Epoch 5/20] step 150/309 (2.5 it/s)
[Epoch 5/20] step 200/309 (2.6 it/s)
[Epoch 5/20] step 250/309 (2.6 it/s)
[Epoch 5/20] step 300/309 (2.7 it/s)
13:02:32 | INFO  | trainer_inf~| \n+--------------------------------+-----------------------+
|             Metric             |         Value         |
+--------------------------------+-----------------------+
|            [0;34;40mfit/loss[0m            |   [0;32;40m0.5251522660255432[0m  |
|         [0;34;40mfit/pred_loss[0m          |   [0;32;40m0.1727244257926941[0m  |
|        [0;34;40mfit/sigreg_loss[0m         |        [0;32;40m3.046875[0m       |
|      [0;34;40mfit/structured_loss[0m       |  [0;32;40m0.07899033278226852[0m  |
|      [0;34;40mhardware/cpu_percent[0m      |          [0;32;40m76.5[0m         |
|    [0;34;40mhardware/disk_read_mb_s[0m     |   [0;32;40m16.553787231445312[0m  |
|    [0;34;40mhardware/disk_write_mb_s[0m    |   [0;32;40m59.18330764770508[0m   |
|     [0;34;40mhardware/net_recv_mb_s[0m     |  [0;32;40m0.037381526082754135[0m |
|     [0;34;40mhardware/net_sent_mb_s[0m     |  [0;32;40m0.07472378015518188[0m  |
|      [0;34;40mhardware/ram_used_gb[0m      |   [0;32;40m334.5230712890625[0m   |
|     [0;34;40mhardware/ram_used_pct[0m      |   [0;32;40m33.20000076293945[0m   |
|      [0;34;40mhparams/lr_default_0[0m      | [0;32;40m4.013446232420392e-05[0m |
|         [0;34;40mvalidate/loss[0m          |   [0;32;40m0.5724385380744934[0m  |
|      [0;34;40mvalidate/loss_epoch[0m       |   [0;32;40m0.5724385380744934[0m  |
|       [0;34;40mvalidate/pred_loss[0m       |  [0;32;40m0.18036851286888123[0m  |
|    [0;34;40mvalidate/pred_loss_epoch[0m    |  [0;32;40m0.18036851286888123[0m  |
|      [0;34;40mvalidate/sigreg_loss[0m      |   [0;32;40m3.6710009574890137[0m  |
|   [0;34;40mvalidate/sigreg_loss_epoch[0m   |   [0;32;40m3.6710009574890137[0m  |
|    [0;34;40mvalidate/structured_loss[0m    |  [0;32;40m0.061613526195287704[0m |
| [0;34;40mvalidate/structured_loss_epoch[0m |  [0;32;40m0.061613526195287704[0m |
+--------------------------------+-----------------------+
[Epoch 5/20] done in 133.0s
13:02:32 | INFO  | checkpoint_~|   Checking for non PyTorch modules to save
13:02:32 | INFO  | atomic_chec~| [atomic_save] → /data1/likun-share/junjxu/.cache_stable-pretraining/runs/20260716/124744/aefb56fcd436/checkpoints/epoch=5-step=1854.ckpt
13:02:34 | INFO  | atomic_chec~| [atomic_save] ✓ epoch=5-step=1854.ckpt saved (392.2 MiB, serialise=0.83s write=0.60s rename=0.2ms)
13:02:34 | INFO  | checkpoint_~|   Checking for non PyTorch modules to save
13:02:34 | INFO  | atomic_chec~| [atomic_save] → /data1/likun-share/junjxu/.cache_stable-pretraining/runs/20260716/124744/aefb56fcd436/checkpoints/last.ckpt
13:02:36 | INFO  | atomic_chec~| [atomic_save] ✓ last.ckpt saved (392.2 MiB, serialise=1.00s write=0.63s rename=144.6ms)
[Epoch 6/20] step 50/309 (2.2 it/s)
[Epoch 6/20] step 100/309 (2.4 it/s)
[Epoch 6/20] step 150/309 (2.5 it/s)
[Epoch 6/20] step 200/309 (2.6 it/s)
[Epoch 6/20] step 250/309 (2.6 it/s)
[Epoch 6/20] step 300/309 (2.6 it/s)
13:04:50 | INFO  | trainer_inf~| \n+--------------------------------+------------------------+
|             Metric             |         Value          |
+--------------------------------+------------------------+
|            [0;34;40mfit/loss[0m            |   [0;32;40m0.4806806445121765[0m   |
|         [0;34;40mfit/pred_loss[0m          |   [0;32;40m0.1536870300769806[0m   |
|        [0;34;40mfit/sigreg_loss[0m         |        [0;32;40m2.90625[0m         |
|      [0;34;40mfit/structured_loss[0m       |  [0;32;40m0.06527484953403473[0m   |
|      [0;34;40mhardware/cpu_percent[0m      |    [0;32;40m80.4000015258789[0m    |
|    [0;34;40mhardware/disk_read_mb_s[0m     |  [0;32;40m0.13548649847507477[0m   |
|    [0;34;40mhardware/disk_write_mb_s[0m    |   [0;32;40m1.2877073287963867[0m   |
|     [0;34;40mhardware/net_recv_mb_s[0m     |   [0;32;40m1.3593437671661377[0m   |
|     [0;34;40mhardware/net_sent_mb_s[0m     |   [0;32;40m1.7428642511367798[0m   |
|      [0;34;40mhardware/ram_used_gb[0m      |   [0;32;40m334.7978820800781[0m    |
|     [0;34;40mhardware/ram_used_pct[0m      |   [0;32;40m33.20000076293945[0m    |
|      [0;34;40mhparams/lr_default_0[0m      | [0;32;40m3.6800833186134696e-05[0m |
|         [0;34;40mvalidate/loss[0m          |   [0;32;40m0.5251915454864502[0m   |
|      [0;34;40mvalidate/loss_epoch[0m       |   [0;32;40m0.5251915454864502[0m   |
|       [0;34;40mvalidate/pred_loss[0m       |  [0;32;40m0.14772216975688934[0m   |
|    [0;34;40mvalidate/pred_loss_epoch[0m    |  [0;32;40m0.14772216975688934[0m   |
|      [0;34;40mvalidate/sigreg_loss[0m      |   [0;32;40m3.591010808944702[0m    |
|   [0;34;40mvalidate/sigreg_loss_epoch[0m   |   [0;32;40m3.591010808944702[0m    |
|    [0;34;40mvalidate/structured_loss[0m    |   [0;32;40m0.0543195977807045[0m   |
| [0;34;40mvalidate/structured_loss_epoch[0m |   [0;32;40m0.0543195977807045[0m   |
+--------------------------------+------------------------+
[Epoch 6/20] done in 134.8s
13:04:50 | INFO  | checkpoint_~|   Checking for non PyTorch modules to save
13:04:50 | INFO  | atomic_chec~| [atomic_save] → /data1/likun-share/junjxu/.cache_stable-pretraining/runs/20260716/124744/aefb56fcd436/checkpoints/epoch=6-step=2163.ckpt
13:04:52 | INFO  | atomic_chec~| [atomic_save] ✓ epoch=6-step=2163.ckpt saved (392.2 MiB, serialise=1.03s write=0.75s rename=0.1ms)
13:04:52 | INFO  | checkpoint_~|   Checking for non PyTorch modules to save
13:04:52 | INFO  | atomic_chec~| [atomic_save] → /data1/likun-share/junjxu/.cache_stable-pretraining/runs/20260716/124744/aefb56fcd436/checkpoints/last.ckpt
13:04:54 | INFO  | atomic_chec~| [atomic_save] ✓ last.ckpt saved (392.2 MiB, serialise=1.10s write=0.59s rename=143.6ms)
[Epoch 7/20] step 50/309 (2.1 it/s)
[Epoch 7/20] step 100/309 (2.0 it/s)
[Epoch 7/20] step 150/309 (2.0 it/s)
[Epoch 7/20] step 200/309 (2.0 it/s)
[Epoch 7/20] step 250/309 (1.9 it/s)
[Epoch 7/20] step 300/309 (1.9 it/s)
13:08:04 | INFO  | trainer_inf~| \n+--------------------------------+-----------------------+
|             Metric             |         Value         |
+--------------------------------+-----------------------+
|            [0;34;40mfit/loss[0m            |   [0;32;40m0.4859634041786194[0m  |
|         [0;34;40mfit/pred_loss[0m          |  [0;32;40m0.15141382813453674[0m  |
|        [0;34;40mfit/sigreg_loss[0m         |        [0;32;40m2.953125[0m       |
|      [0;34;40mfit/structured_loss[0m       |  [0;32;40m0.06892456114292145[0m  |
|      [0;34;40mhardware/cpu_percent[0m      |   [0;32;40m90.30000305175781[0m   |
|    [0;34;40mhardware/disk_read_mb_s[0m     |  [0;32;40m0.39238229393959045[0m  |
|    [0;34;40mhardware/disk_write_mb_s[0m    |   [0;32;40m0.724247932434082[0m   |
|     [0;34;40mhardware/net_recv_mb_s[0m     |   [0;32;40m0.2204359471797943[0m  |
|     [0;34;40mhardware/net_sent_mb_s[0m     |   [0;32;40m0.6381638050079346[0m  |
|      [0;34;40mhardware/ram_used_gb[0m      |   [0;32;40m463.6846008300781[0m   |
|     [0;34;40mhardware/ram_used_pct[0m      |          [0;32;40m46.0[0m         |
|      [0;34;40mhparams/lr_default_0[0m      | [0;32;40m3.317081791465171e-05[0m |
|         [0;34;40mvalidate/loss[0m          |   [0;32;40m0.504170835018158[0m   |
|      [0;34;40mvalidate/loss_epoch[0m       |   [0;32;40m0.504170835018158[0m   |
|       [0;34;40mvalidate/pred_loss[0m       |   [0;32;40m0.142020583152771[0m   |
|    [0;34;40mvalidate/pred_loss_epoch[0m    |   [0;32;40m0.142020583152771[0m   |
|      [0;34;40mvalidate/sigreg_loss[0m      |   [0;32;40m3.430600643157959[0m   |
|   [0;34;40mvalidate/sigreg_loss_epoch[0m   |   [0;32;40m3.430600643157959[0m   |
|    [0;34;40mvalidate/structured_loss[0m    |   [0;32;40m0.0534445196390152[0m  |
| [0;34;40mvalidate/structured_loss_epoch[0m |   [0;32;40m0.0534445196390152[0m  |
+--------------------------------+-----------------------+
[Epoch 7/20] done in 190.7s
13:08:05 | INFO  | checkpoint_~|   Checking for non PyTorch modules to save
13:08:05 | INFO  | atomic_chec~| [atomic_save] → /data1/likun-share/junjxu/.cache_stable-pretraining/runs/20260716/124744/aefb56fcd436/checkpoints/epoch=7-step=2472.ckpt
13:08:07 | INFO  | atomic_chec~| [atomic_save] ✓ epoch=7-step=2472.ckpt saved (392.2 MiB, serialise=1.40s write=0.89s rename=0.1ms)
13:08:08 | INFO  | checkpoint_~|   Checking for non PyTorch modules to save
13:08:08 | INFO  | atomic_chec~| [atomic_save] → /data1/likun-share/junjxu/.cache_stable-pretraining/runs/20260716/124744/aefb56fcd436/checkpoints/last.ckpt
13:08:10 | INFO  | atomic_chec~| [atomic_save] ✓ last.ckpt saved (392.2 MiB, serialise=1.40s write=0.77s rename=154.8ms)
[Epoch 8/20] step 50/309 (1.5 it/s)
[Epoch 8/20] step 100/309 (1.5 it/s)
[Epoch 8/20] step 150/309 (1.6 it/s)
[Epoch 8/20] step 200/309 (1.7 it/s)
[Epoch 8/20] step 250/309 (1.7 it/s)
[Epoch 8/20] step 300/309 (1.6 it/s)
13:11:43 | INFO  | trainer_inf~| \n+--------------------------------+------------------------+
|             Metric             |         Value          |
+--------------------------------+------------------------+
|            [0;34;40mfit/loss[0m            |  [0;32;40m0.44576701521873474[0m   |
|         [0;34;40mfit/pred_loss[0m          |  [0;32;40m0.11646171659231186[0m   |
|        [0;34;40mfit/sigreg_loss[0m         |          [0;32;40m3.0[0m           |
|      [0;34;40mfit/structured_loss[0m       |  [0;32;40m0.059774041175842285[0m  |
|      [0;34;40mhardware/cpu_percent[0m      |    [0;32;40m93.5999984741211[0m    |
|    [0;34;40mhardware/disk_read_mb_s[0m     |  [0;32;40m0.17135506868362427[0m   |
|    [0;34;40mhardware/disk_write_mb_s[0m    |   [0;32;40m1.015249490737915[0m    |
|     [0;34;40mhardware/net_recv_mb_s[0m     |  [0;32;40m0.03844688460230827[0m   |
|     [0;34;40mhardware/net_sent_mb_s[0m     |   [0;32;40m0.0733635425567627[0m   |
|      [0;34;40mhardware/ram_used_gb[0m      |   [0;32;40m458.2779846191406[0m    |
|     [0;34;40mhardware/ram_used_pct[0m      |          [0;32;40m45.5[0m          |
|      [0;34;40mhparams/lr_default_0[0m      | [0;32;40m2.9335586077650078e-05[0m |
|         [0;34;40mvalidate/loss[0m          |   [0;32;40m0.4980943500995636[0m   |
|      [0;34;40mvalidate/loss_epoch[0m       |   [0;32;40m0.4980943500995636[0m   |
|       [0;34;40mvalidate/pred_loss[0m       |  [0;32;40m0.14023010432720184[0m   |
|    [0;34;40mvalidate/pred_loss_epoch[0m    |  [0;32;40m0.14023010432720184[0m   |
|      [0;34;40mvalidate/sigreg_loss[0m      |   [0;32;40m3.3696744441986084[0m   |
|   [0;34;40mvalidate/sigreg_loss_epoch[0m   |   [0;32;40m3.3696744441986084[0m   |
|    [0;34;40mvalidate/structured_loss[0m    |  [0;32;40m0.05458361655473709[0m   |
| [0;34;40mvalidate/structured_loss_epoch[0m |  [0;32;40m0.05458361655473709[0m   |
+--------------------------------+------------------------+
[Epoch 8/20] done in 213.6s
13:11:44 | INFO  | checkpoint_~|   Checking for non PyTorch modules to save
13:11:44 | INFO  | atomic_chec~| [atomic_save] → /data1/likun-share/junjxu/.cache_stable-pretraining/runs/20260716/124744/aefb56fcd436/checkpoints/epoch=8-step=2781.ckpt
13:11:46 | INFO  | atomic_chec~| [atomic_save] ✓ epoch=8-step=2781.ckpt saved (392.2 MiB, serialise=1.48s write=0.98s rename=0.1ms)
13:11:46 | INFO  | checkpoint_~|   Checking for non PyTorch modules to save
13:11:46 | INFO  | atomic_chec~| [atomic_save] → /data1/likun-share/junjxu/.cache_stable-pretraining/runs/20260716/124744/aefb56fcd436/checkpoints/last.ckpt
13:11:49 | INFO  | atomic_chec~| [atomic_save] ✓ last.ckpt saved (392.2 MiB, serialise=1.67s write=0.98s rename=184.7ms)
[Epoch 9/20] step 50/309 (1.5 it/s)
[Epoch 9/20] step 100/309 (1.6 it/s)
[Epoch 9/20] step 150/309 (1.6 it/s)
[Epoch 9/20] step 200/309 (1.7 it/s)
[Epoch 9/20] step 250/309 (1.7 it/s)
[Epoch 9/20] step 300/309 (1.7 it/s)
13:15:20 | INFO  | trainer_inf~| \n+--------------------------------+------------------------+
|             Metric             |         Value          |
+--------------------------------+------------------------+
|            [0;34;40mfit/loss[0m            |   [0;32;40m0.5343151688575745[0m   |
|         [0;34;40mfit/pred_loss[0m          |  [0;32;40m0.16446354985237122[0m   |
|        [0;34;40mfit/sigreg_loss[0m         |        [0;32;40m2.78125[0m         |
|      [0;34;40mfit/structured_loss[0m       |  [0;32;40m0.11985161155462265[0m   |
|      [0;34;40mhardware/cpu_percent[0m      |   [0;32;40m88.30000305175781[0m    |
|    [0;34;40mhardware/disk_read_mb_s[0m     |   [0;32;40m1.039554476737976[0m    |
|    [0;34;40mhardware/disk_write_mb_s[0m    |   [0;32;40m58.954471588134766[0m   |
|     [0;34;40mhardware/net_recv_mb_s[0m     |  [0;32;40m0.06889026612043381[0m   |
|     [0;34;40mhardware/net_sent_mb_s[0m     |  [0;32;40m0.10374283790588379[0m   |
|      [0;34;40mhardware/ram_used_gb[0m      |   [0;32;40m454.7208251953125[0m    |
|     [0;34;40mhardware/ram_used_pct[0m      |   [0;32;40m45.099998474121094[0m   |
|      [0;34;40mhparams/lr_default_0[0m      | [0;32;40m2.5391464077983983e-05[0m |
|         [0;34;40mvalidate/loss[0m          |   [0;32;40m0.4779713451862335[0m   |
|      [0;34;40mvalidate/loss_epoch[0m       |   [0;32;40m0.4779713451862335[0m   |
|       [0;34;40mvalidate/pred_loss[0m       |   [0;32;40m0.1271880716085434[0m   |
|    [0;34;40mvalidate/pred_loss_epoch[0m    |   [0;32;40m0.1271880716085434[0m   |
|      [0;34;40mvalidate/sigreg_loss[0m      |   [0;32;40m3.3302743434906006[0m   |
|   [0;34;40mvalidate/sigreg_loss_epoch[0m   |   [0;32;40m3.3302743434906006[0m   |
|    [0;34;40mvalidate/structured_loss[0m    |  [0;32;40m0.05101669952273369[0m   |
| [0;34;40mvalidate/structured_loss_epoch[0m |  [0;32;40m0.05101669952273369[0m   |
+--------------------------------+------------------------+
[Epoch 9/20] done in 211.6s
13:15:21 | INFO  | checkpoint_~|   Checking for non PyTorch modules to save
13:15:21 | INFO  | atomic_chec~| [atomic_save] → /data1/likun-share/junjxu/.cache_stable-pretraining/runs/20260716/124744/aefb56fcd436/checkpoints/epoch=9-step=3090.ckpt
13:15:23 | INFO  | atomic_chec~| [atomic_save] ✓ epoch=9-step=3090.ckpt saved (392.2 MiB, serialise=1.02s write=0.58s rename=0.1ms)
13:15:23 | INFO  | checkpoint_~|   Checking for non PyTorch modules to save
13:15:23 | INFO  | atomic_chec~| [atomic_save] → /data1/likun-share/junjxu/.cache_stable-pretraining/runs/20260716/124744/aefb56fcd436/checkpoints/last.ckpt
13:15:25 | INFO  | atomic_chec~| [atomic_save] ✓ last.ckpt saved (392.2 MiB, serialise=1.12s write=0.70s rename=225.4ms)
[Epoch 10/20] step 50/309 (1.5 it/s)
[Epoch 10/20] step 100/309 (1.5 it/s)
[Epoch 10/20] step 150/309 (1.5 it/s)
[Epoch 10/20] step 200/309 (1.5 it/s)
[Epoch 10/20] step 250/309 (1.5 it/s)
[Epoch 10/20] step 300/309 (1.4 it/s)
13:19:22 | INFO  | trainer_inf~| \n+--------------------------------+-----------------------+
|             Metric             |         Value         |
+--------------------------------+-----------------------+
|            [0;34;40mfit/loss[0m            |   [0;32;40m0.4243280589580536[0m  |
|         [0;34;40mfit/pred_loss[0m          |  [0;32;40m0.13607266545295715[0m  |
|        [0;34;40mfit/sigreg_loss[0m         |        [0;32;40m2.671875[0m       |
|      [0;34;40mfit/structured_loss[0m       |  [0;32;40m0.04802101477980614[0m  |
|      [0;34;40mhardware/cpu_percent[0m      |   [0;32;40m91.80000305175781[0m   |
|    [0;34;40mhardware/disk_read_mb_s[0m     |   [0;32;40m2.5313706398010254[0m  |
|    [0;34;40mhardware/disk_write_mb_s[0m    |    [0;32;40m526.17138671875[0m    |
|     [0;34;40mhardware/net_recv_mb_s[0m     |   [0;32;40m0.2640545964241028[0m  |
|     [0;34;40mhardware/net_sent_mb_s[0m     |   [0;32;40m0.1637098640203476[0m  |
|      [0;34;40mhardware/ram_used_gb[0m      |   [0;32;40m459.8915100097656[0m   |
|     [0;34;40mhardware/ram_used_pct[0m      |   [0;32;40m45.70000076293945[0m   |
|      [0;34;40mhparams/lr_default_0[0m      | [0;32;40m2.143750862160232e-05[0m |
|         [0;34;40mvalidate/loss[0m          |  [0;32;40m0.46752986311912537[0m  |
|      [0;34;40mvalidate/loss_epoch[0m       |  [0;32;40m0.46752986311912537[0m  |
|       [0;34;40mvalidate/pred_loss[0m       |  [0;32;40m0.12559138238430023[0m  |
|    [0;34;40mvalidate/pred_loss_epoch[0m    |  [0;32;40m0.12559138238430023[0m  |
|      [0;34;40mvalidate/sigreg_loss[0m      |   [0;32;40m3.2387874126434326[0m  |
|   [0;34;40mvalidate/sigreg_loss_epoch[0m   |   [0;32;40m3.2387874126434326[0m  |
|    [0;34;40mvalidate/structured_loss[0m    |  [0;32;40m0.05047116428613663[0m  |
| [0;34;40mvalidate/structured_loss_epoch[0m |  [0;32;40m0.05047116428613663[0m  |
+--------------------------------+-----------------------+
[Epoch 10/20] done in 237.6s
13:19:23 | INFO  | checkpoint_~|   Checking for non PyTorch modules to save
13:19:23 | INFO  | atomic_chec~| [atomic_save] → /data1/likun-share/junjxu/.cache_stable-pretraining/runs/20260716/124744/aefb56fcd436/checkpoints/epoch=10-step=3399.ckpt
13:19:25 | INFO  | atomic_chec~| [atomic_save] ✓ epoch=10-step=3399.ckpt saved (392.2 MiB, serialise=1.30s write=0.87s rename=0.1ms)
13:19:25 | INFO  | checkpoint_~|   Checking for non PyTorch modules to save
13:19:25 | INFO  | atomic_chec~| [atomic_save] → /data1/likun-share/junjxu/.cache_stable-pretraining/runs/20260716/124744/aefb56fcd436/checkpoints/last.ckpt
13:19:27 | INFO  | atomic_chec~| [atomic_save] ✓ last.ckpt saved (392.2 MiB, serialise=1.07s write=0.87s rename=173.5ms)
[Epoch 11/20] step 50/309 (1.4 it/s)
[Epoch 11/20] step 100/309 (1.5 it/s)
[Epoch 11/20] step 150/309 (1.5 it/s)
[Epoch 11/20] step 200/309 (1.6 it/s)
[Epoch 11/20] step 250/309 (1.6 it/s)
[Epoch 11/20] step 300/309 (1.6 it/s)
13:23:09 | INFO  | trainer_inf~| \n+--------------------------------+------------------------+
|             Metric             |         Value          |
+--------------------------------+------------------------+
|            [0;34;40mfit/loss[0m            |  [0;32;40m0.47348251938819885[0m   |
|         [0;34;40mfit/pred_loss[0m          |   [0;32;40m0.1363988220691681[0m   |
|        [0;34;40mfit/sigreg_loss[0m         |        [0;32;40m2.671875[0m        |
|      [0;34;40mfit/structured_loss[0m       |  [0;32;40m0.09684931486845016[0m   |
|      [0;34;40mhardware/cpu_percent[0m      |    [0;32;40m94.5999984741211[0m    |
|    [0;34;40mhardware/disk_read_mb_s[0m     |   [0;32;40m0.6250592470169067[0m   |
|    [0;34;40mhardware/disk_write_mb_s[0m    |   [0;32;40m20.82958221435547[0m    |
|     [0;34;40mhardware/net_recv_mb_s[0m     |  [0;32;40m0.05043293163180351[0m   |
|     [0;34;40mhardware/net_sent_mb_s[0m     |  [0;32;40m0.04607199504971504[0m   |
|      [0;34;40mhardware/ram_used_gb[0m      |   [0;32;40m460.17242431640625[0m   |
|     [0;34;40mhardware/ram_used_pct[0m      |   [0;32;40m45.70000076293945[0m    |
|      [0;34;40mhparams/lr_default_0[0m      | [0;32;40m1.7573029253981076e-05[0m |
|         [0;34;40mvalidate/loss[0m          |  [0;32;40m0.45915403962135315[0m   |
|      [0;34;40mvalidate/loss_epoch[0m       |  [0;32;40m0.45915403962135315[0m   |
|       [0;34;40mvalidate/pred_loss[0m       |  [0;32;40m0.12269773334264755[0m   |
|    [0;34;40mvalidate/pred_loss_epoch[0m    |  [0;32;40m0.12269773334264755[0m   |
|      [0;34;40mvalidate/sigreg_loss[0m      |   [0;32;40m3.2100207805633545[0m   |
|   [0;34;40mvalidate/sigreg_loss_epoch[0m   |   [0;32;40m3.2100207805633545[0m   |
|    [0;34;40mvalidate/structured_loss[0m    |  [0;32;40m0.047654956579208374[0m  |
| [0;34;40mvalidate/structured_loss_epoch[0m |  [0;32;40m0.047654956579208374[0m  |
+--------------------------------+------------------------+
[Epoch 11/20] done in 222.3s
13:23:10 | INFO  | checkpoint_~|   Checking for non PyTorch modules to save
13:23:10 | INFO  | atomic_chec~| [atomic_save] → /data1/likun-share/junjxu/.cache_stable-pretraining/runs/20260716/124744/aefb56fcd436/checkpoints/epoch=11-step=3708.ckpt
13:23:12 | INFO  | atomic_chec~| [atomic_save] ✓ epoch=11-step=3708.ckpt saved (392.2 MiB, serialise=1.42s write=1.16s rename=0.1ms)
13:23:13 | INFO  | checkpoint_~|   Checking for non PyTorch modules to save
13:23:13 | INFO  | atomic_chec~| [atomic_save] → /data1/likun-share/junjxu/.cache_stable-pretraining/runs/20260716/124744/aefb56fcd436/checkpoints/last.ckpt
13:23:15 | INFO  | atomic_chec~| [atomic_save] ✓ last.ckpt saved (392.2 MiB, serialise=1.21s write=0.90s rename=148.3ms)
[Epoch 12/20] step 50/309 (1.5 it/s)
[Epoch 12/20] step 100/309 (1.4 it/s)
[Epoch 12/20] step 150/309 (1.4 it/s)
[Epoch 12/20] step 200/309 (1.4 it/s)
[Epoch 12/20] step 250/309 (1.4 it/s)
[Epoch 12/20] step 300/309 (1.5 it/s)
13:27:11 | INFO  | trainer_inf~| \n+--------------------------------+-----------------------+
|             Metric             |         Value         |
+--------------------------------+-----------------------+
|            [0;34;40mfit/loss[0m            |  [0;32;40m0.40496525168418884[0m  |
|         [0;34;40mfit/pred_loss[0m          |  [0;32;40m0.11959131807088852[0m  |
|        [0;34;40mfit/sigreg_loss[0m         |        [0;32;40m2.796875[0m       |
|      [0;34;40mfit/structured_loss[0m       |  [0;32;40m0.03342080116271973[0m  |
|      [0;34;40mhardware/cpu_percent[0m      |   [0;32;40m76.30000305175781[0m   |
|    [0;34;40mhardware/disk_read_mb_s[0m     |   [0;32;40m2.546311855316162[0m   |
|    [0;34;40mhardware/disk_write_mb_s[0m    |   [0;32;40m270.75238037109375[0m  |
|     [0;34;40mhardware/net_recv_mb_s[0m     |  [0;32;40m0.04897726699709892[0m  |
|     [0;34;40mhardware/net_sent_mb_s[0m     |  [0;32;40m0.08302968740463257[0m  |
|      [0;34;40mhardware/ram_used_gb[0m      |   [0;32;40m442.53143310546875[0m  |
|     [0;34;40mhardware/ram_used_pct[0m      |   [0;32;40m43.900001525878906[0m  |
|      [0;34;40mhparams/lr_default_0[0m      | [0;32;40m1.389508179272525e-05[0m |
|         [0;34;40mvalidate/loss[0m          |   [0;32;40m0.443092405796051[0m   |
|      [0;34;40mvalidate/loss_epoch[0m       |   [0;32;40m0.443092405796051[0m   |
|       [0;34;40mvalidate/pred_loss[0m       |  [0;32;40m0.11203698813915253[0m  |
|    [0;34;40mvalidate/pred_loss_epoch[0m    |  [0;32;40m0.11203698813915253[0m  |
|      [0;34;40mvalidate/sigreg_loss[0m      |   [0;32;40m3.1679279804229736[0m  |
|   [0;34;40mvalidate/sigreg_loss_epoch[0m   |   [0;32;40m3.1679279804229736[0m  |
|    [0;34;40mvalidate/structured_loss[0m    |  [0;32;40m0.046125251799821854[0m |
| [0;34;40mvalidate/structured_loss_epoch[0m |  [0;32;40m0.046125251799821854[0m |
+--------------------------------+-----------------------+
[Epoch 12/20] done in 236.5s
13:27:12 | INFO  | checkpoint_~|   Checking for non PyTorch modules to save
13:27:12 | INFO  | atomic_chec~| [atomic_save] → /data1/likun-share/junjxu/.cache_stable-pretraining/runs/20260716/124744/aefb56fcd436/checkpoints/epoch=12-step=4017.ckpt
13:27:14 | INFO  | atomic_chec~| [atomic_save] ✓ epoch=12-step=4017.ckpt saved (392.2 MiB, serialise=1.50s write=1.06s rename=0.1ms)
13:27:15 | INFO  | checkpoint_~|   Checking for non PyTorch modules to save
13:27:15 | INFO  | atomic_chec~| [atomic_save] → /data1/likun-share/junjxu/.cache_stable-pretraining/runs/20260716/124744/aefb56fcd436/checkpoints/last.ckpt
13:27:17 | INFO  | atomic_chec~| [atomic_save] ✓ last.ckpt saved (392.2 MiB, serialise=1.47s write=1.25s rename=166.6ms)
[Epoch 13/20] step 50/309 (1.4 it/s)
[Epoch 13/20] step 100/309 (1.5 it/s)
[Epoch 13/20] step 150/309 (1.5 it/s)
[Epoch 13/20] step 200/309 (1.5 it/s)
[Epoch 13/20] step 250/309 (1.6 it/s)
[Epoch 13/20] step 300/309 (1.5 it/s)
13:30:58 | INFO  | trainer_inf~| \n+--------------------------------+------------------------+
|             Metric             |         Value          |
+--------------------------------+------------------------+
|            [0;34;40mfit/loss[0m            |   [0;32;40m0.4088071584701538[0m   |
|         [0;34;40mfit/pred_loss[0m          |  [0;32;40m0.11143448203802109[0m   |
|        [0;34;40mfit/sigreg_loss[0m         |        [0;32;40m2.78125[0m         |
|      [0;34;40mfit/structured_loss[0m       |  [0;32;40m0.04737268015742302[0m   |
|      [0;34;40mhardware/cpu_percent[0m      |    [0;32;40m96.9000015258789[0m    |
|    [0;34;40mhardware/disk_read_mb_s[0m     |  [0;32;40m0.41152557730674744[0m   |
|    [0;34;40mhardware/disk_write_mb_s[0m    |   [0;32;40m22.380901336669922[0m   |
|     [0;34;40mhardware/net_recv_mb_s[0m     |   [0;32;40m6.5973639488220215[0m   |
|     [0;34;40mhardware/net_sent_mb_s[0m     |   [0;32;40m2.848206043243408[0m    |
|      [0;34;40mhardware/ram_used_gb[0m      |   [0;32;40m470.57586669921875[0m   |
|     [0;34;40mhardware/ram_used_pct[0m      |   [0;32;40m46.70000076293945[0m    |
|      [0;34;40mhparams/lr_default_0[0m      | [0;32;40m1.0496042705199216e-05[0m |
|         [0;34;40mvalidate/loss[0m          |  [0;32;40m0.45434775948524475[0m   |
|      [0;34;40mvalidate/loss_epoch[0m       |  [0;32;40m0.45434775948524475[0m   |
|       [0;34;40mvalidate/pred_loss[0m       |   [0;32;40m0.1238662526011467[0m   |
|    [0;34;40mvalidate/pred_loss_epoch[0m    |   [0;32;40m0.1238662526011467[0m   |
|      [0;34;40mvalidate/sigreg_loss[0m      |   [0;32;40m3.1690471172332764[0m   |
|   [0;34;40mvalidate/sigreg_loss_epoch[0m   |   [0;32;40m3.1690471172332764[0m   |
|    [0;34;40mvalidate/structured_loss[0m    |  [0;32;40m0.045259080827236176[0m  |
| [0;34;40mvalidate/structured_loss_epoch[0m |  [0;32;40m0.045259080827236176[0m  |
+--------------------------------+------------------------+
[Epoch 13/20] done in 221.2s
13:30:59 | INFO  | checkpoint_~|   Checking for non PyTorch modules to save
13:30:59 | INFO  | atomic_chec~| [atomic_save] → /data1/likun-share/junjxu/.cache_stable-pretraining/runs/20260716/124744/aefb56fcd436/checkpoints/epoch=13-step=4326.ckpt
13:31:01 | INFO  | atomic_chec~| [atomic_save] ✓ epoch=13-step=4326.ckpt saved (392.2 MiB, serialise=1.23s write=1.42s rename=0.1ms)
13:31:02 | INFO  | checkpoint_~|   Checking for non PyTorch modules to save
13:31:02 | INFO  | atomic_chec~| [atomic_save] → /data1/likun-share/junjxu/.cache_stable-pretraining/runs/20260716/124744/aefb56fcd436/checkpoints/last.ckpt
13:31:04 | INFO  | atomic_chec~| [atomic_save] ✓ last.ckpt saved (392.2 MiB, serialise=1.26s write=0.86s rename=185.4ms)
[Epoch 14/20] step 50/309 (1.4 it/s)
[Epoch 14/20] step 100/309 (1.5 it/s)
[Epoch 14/20] step 150/309 (1.6 it/s)
[Epoch 14/20] step 200/309 (1.6 it/s)
[Epoch 14/20] step 250/309 (1.6 it/s)
[Epoch 14/20] step 300/309 (1.7 it/s)
13:34:37 | INFO  | trainer_inf~| \n+--------------------------------+-----------------------+
|             Metric             |         Value         |
+--------------------------------+-----------------------+
|            [0;34;40mfit/loss[0m            |  [0;32;40m0.46225035190582275[0m  |
|         [0;34;40mfit/pred_loss[0m          |  [0;32;40m0.12464775145053864[0m  |
|        [0;34;40mfit/sigreg_loss[0m         |        [0;32;40m2.578125[0m       |
|      [0;34;40mfit/structured_loss[0m       |  [0;32;40m0.10518072545528412[0m  |
|      [0;34;40mhardware/cpu_percent[0m      |   [0;32;40m87.30000305175781[0m   |
|    [0;34;40mhardware/disk_read_mb_s[0m     |   [0;32;40m1.5004578828811646[0m  |
|    [0;34;40mhardware/disk_write_mb_s[0m    |   [0;32;40m158.1907501220703[0m   |
|     [0;34;40mhardware/net_recv_mb_s[0m     |  [0;32;40m0.05593709275126457[0m  |
|     [0;34;40mhardware/net_sent_mb_s[0m     |  [0;32;40m0.05024407431483269[0m  |
|      [0;34;40mhardware/ram_used_gb[0m      |   [0;32;40m471.3719177246094[0m   |
|     [0;34;40mhardware/ram_used_pct[0m      |   [0;32;40m46.79999923706055[0m   |
|      [0;34;40mhparams/lr_default_0[0m      | [0;32;40m7.461279892595485e-06[0m |
|         [0;34;40mvalidate/loss[0m          |  [0;32;40m0.44731470942497253[0m  |
|      [0;34;40mvalidate/loss_epoch[0m       |  [0;32;40m0.44731470942497253[0m  |
|       [0;34;40mvalidate/pred_loss[0m       |  [0;32;40m0.12008631974458694[0m  |
|    [0;34;40mvalidate/pred_loss_epoch[0m    |  [0;32;40m0.12008631974458694[0m  |
|      [0;34;40mvalidate/sigreg_loss[0m      |   [0;32;40m3.1218345165252686[0m  |
|   [0;34;40mvalidate/sigreg_loss_epoch[0m   |   [0;32;40m3.1218345165252686[0m  |
|    [0;34;40mvalidate/structured_loss[0m    |  [0;32;40m0.046116866171360016[0m |
| [0;34;40mvalidate/structured_loss_epoch[0m |  [0;32;40m0.046116866171360016[0m |
+--------------------------------+-----------------------+
[Epoch 14/20] done in 213.4s
13:34:38 | INFO  | checkpoint_~|   Checking for non PyTorch modules to save
13:34:38 | INFO  | atomic_chec~| [atomic_save] → /data1/likun-share/junjxu/.cache_stable-pretraining/runs/20260716/124744/aefb56fcd436/checkpoints/epoch=14-step=4635.ckpt
13:34:40 | INFO  | atomic_chec~| [atomic_save] ✓ epoch=14-step=4635.ckpt saved (392.2 MiB, serialise=1.24s write=1.59s rename=0.1ms)
13:34:41 | INFO  | checkpoint_~|   Checking for non PyTorch modules to save
13:34:41 | INFO  | atomic_chec~| [atomic_save] → /data1/likun-share/junjxu/.cache_stable-pretraining/runs/20260716/124744/aefb56fcd436/checkpoints/last.ckpt
13:34:43 | INFO  | atomic_chec~| [atomic_save] ✓ last.ckpt saved (392.2 MiB, serialise=1.16s write=1.10s rename=239.1ms)
[Epoch 15/20] step 50/309 (1.4 it/s)
[Epoch 15/20] step 100/309 (1.5 it/s)
[Epoch 15/20] step 150/309 (1.5 it/s)
[Epoch 15/20] step 200/309 (1.5 it/s)
[Epoch 15/20] step 250/309 (1.5 it/s)
[Epoch 15/20] step 300/309 (1.5 it/s)
13:38:25 | INFO  | trainer_inf~| \n+--------------------------------+-----------------------+
|             Metric             |         Value         |
+--------------------------------+-----------------------+
|            [0;34;40mfit/loss[0m            |   [0;32;40m0.4140087962150574[0m  |
|         [0;34;40mfit/pred_loss[0m          |  [0;32;40m0.12433326244354248[0m  |
|        [0;34;40mfit/sigreg_loss[0m         |        [0;32;40m2.765625[0m       |
|      [0;34;40mfit/structured_loss[0m       |   [0;32;40m0.0406520813703537[0m  |
|      [0;34;40mhardware/cpu_percent[0m      |   [0;32;40m94.19999694824219[0m   |
|    [0;34;40mhardware/disk_read_mb_s[0m     | [0;32;40m0.0007809029775671661[0m |
|    [0;34;40mhardware/disk_write_mb_s[0m    |    [0;32;40m82.518798828125[0m    |
|     [0;34;40mhardware/net_recv_mb_s[0m     |   [0;32;40m1.180147647857666[0m   |
|     [0;34;40mhardware/net_sent_mb_s[0m     |   [0;32;40m1.2138553857803345[0m  |
|      [0;34;40mhardware/ram_used_gb[0m      |   [0;32;40m474.0303955078125[0m   |
|     [0;34;40mhardware/ram_used_pct[0m      |   [0;32;40m47.099998474121094[0m  |
|      [0;34;40mhparams/lr_default_0[0m      | [0;32;40m4.867013558396138e-06[0m |
|         [0;34;40mvalidate/loss[0m          |   [0;32;40m0.4290000796318054[0m  |
|      [0;34;40mvalidate/loss_epoch[0m       |   [0;32;40m0.4290000796318054[0m  |
|       [0;34;40mvalidate/pred_loss[0m       |   [0;32;40m0.1026562973856926[0m  |
|    [0;34;40mvalidate/pred_loss_epoch[0m    |   [0;32;40m0.1026562973856926[0m  |
|      [0;34;40mvalidate/sigreg_loss[0m      |   [0;32;40m3.1296932697296143[0m  |
|   [0;34;40mvalidate/sigreg_loss_epoch[0m   |   [0;32;40m3.1296932697296143[0m  |
|    [0;34;40mvalidate/structured_loss[0m    |  [0;32;40m0.04460924491286278[0m  |
| [0;34;40mvalidate/structured_loss_epoch[0m |  [0;32;40m0.04460924491286278[0m  |
+--------------------------------+-----------------------+
[Epoch 15/20] done in 222.2s
13:38:26 | INFO  | checkpoint_~|   Checking for non PyTorch modules to save
13:38:26 | INFO  | atomic_chec~| [atomic_save] → /data1/likun-share/junjxu/.cache_stable-pretraining/runs/20260716/124744/aefb56fcd436/checkpoints/epoch=15-step=4944.ckpt
13:38:28 | INFO  | atomic_chec~| [atomic_save] ✓ epoch=15-step=4944.ckpt saved (392.2 MiB, serialise=0.97s write=0.99s rename=0.1ms)
13:38:28 | INFO  | checkpoint_~|   Checking for non PyTorch modules to save
13:38:28 | INFO  | atomic_chec~| [atomic_save] → /data1/likun-share/junjxu/.cache_stable-pretraining/runs/20260716/124744/aefb56fcd436/checkpoints/last.ckpt
13:38:31 | INFO  | atomic_chec~| [atomic_save] ✓ last.ckpt saved (392.2 MiB, serialise=1.32s write=1.09s rename=353.0ms)
[Epoch 16/20] step 50/309 (1.4 it/s)
[Epoch 16/20] step 100/309 (1.5 it/s)
[Epoch 16/20] step 150/309 (1.5 it/s)
[Epoch 16/20] step 200/309 (1.6 it/s)
[Epoch 16/20] step 250/309 (1.6 it/s)
[Epoch 16/20] step 300/309 (1.6 it/s)
13:42:05 | INFO  | trainer_inf~| \n+--------------------------------+-----------------------+
|             Metric             |         Value         |
+--------------------------------+-----------------------+
|            [0;34;40mfit/loss[0m            |  [0;32;40m0.42910438776016235[0m  |
|         [0;34;40mfit/pred_loss[0m          |  [0;32;40m0.13384172320365906[0m  |
|        [0;34;40mfit/sigreg_loss[0m         |        [0;32;40m2.578125[0m       |
|      [0;34;40mfit/structured_loss[0m       |   [0;32;40m0.0628407895565033[0m  |
|      [0;34;40mhardware/cpu_percent[0m      |    [0;32;40m84.9000015258789[0m   |
|    [0;34;40mhardware/disk_read_mb_s[0m     | [0;32;40m0.0023426939733326435[0m |
|    [0;34;40mhardware/disk_write_mb_s[0m    |   [0;32;40m123.77115631103516[0m  |
|     [0;34;40mhardware/net_recv_mb_s[0m     |    [0;32;40m20.3983097076416[0m   |
|     [0;34;40mhardware/net_sent_mb_s[0m     |   [0;32;40m6.786538124084473[0m   |
|      [0;34;40mhardware/ram_used_gb[0m      |   [0;32;40m455.3103332519531[0m   |
|     [0;34;40mhardware/ram_used_pct[0m      |   [0;32;40m45.20000076293945[0m   |
|      [0;34;40mhparams/lr_default_0[0m      |  [0;32;40m2.77840081253089e-06[0m |
|         [0;34;40mvalidate/loss[0m          |   [0;32;40m0.4270115792751312[0m  |
|      [0;34;40mvalidate/loss_epoch[0m       |   [0;32;40m0.4270115792751312[0m  |
|       [0;34;40mvalidate/pred_loss[0m       |  [0;32;40m0.10252264142036438[0m  |
|    [0;34;40mvalidate/pred_loss_epoch[0m    |  [0;32;40m0.10252264142036438[0m  |
|      [0;34;40mvalidate/sigreg_loss[0m      |   [0;32;40m3.106827735900879[0m   |
|   [0;34;40mvalidate/sigreg_loss_epoch[0m   |   [0;32;40m3.106827735900879[0m   |
|    [0;34;40mvalidate/structured_loss[0m    |   [0;32;40m0.0447985902428627[0m  |
| [0;34;40mvalidate/structured_loss_epoch[0m |   [0;32;40m0.0447985902428627[0m  |
+--------------------------------+-----------------------+
[Epoch 16/20] done in 214.2s
13:42:05 | INFO  | checkpoint_~|   Checking for non PyTorch modules to save
13:42:05 | INFO  | atomic_chec~| [atomic_save] → /data1/likun-share/junjxu/.cache_stable-pretraining/runs/20260716/124744/aefb56fcd436/checkpoints/epoch=16-step=5253.ckpt
13:42:08 | INFO  | atomic_chec~| [atomic_save] ✓ epoch=16-step=5253.ckpt saved (392.2 MiB, serialise=1.31s write=0.94s rename=0.1ms)
13:42:08 | INFO  | checkpoint_~|   Checking for non PyTorch modules to save
13:42:08 | INFO  | atomic_chec~| [atomic_save] → /data1/likun-share/junjxu/.cache_stable-pretraining/runs/20260716/124744/aefb56fcd436/checkpoints/last.ckpt
13:42:10 | INFO  | atomic_chec~| [atomic_save] ✓ last.ckpt saved (392.2 MiB, serialise=1.09s write=1.03s rename=202.2ms)
[Epoch 17/20] step 50/309 (1.5 it/s)
[Epoch 17/20] step 100/309 (1.5 it/s)
[Epoch 17/20] step 150/309 (1.6 it/s)
[Epoch 17/20] step 200/309 (1.6 it/s)
[Epoch 17/20] step 250/309 (1.6 it/s)
[Epoch 17/20] step 300/309 (1.6 it/s)
13:45:47 | INFO  | trainer_inf~| \n+--------------------------------+------------------------+
|             Metric             |         Value          |
+--------------------------------+------------------------+
|            [0;34;40mfit/loss[0m            |   [0;32;40m0.3925711214542389[0m   |
|         [0;34;40mfit/pred_loss[0m          |  [0;32;40m0.12215448915958405[0m   |
|        [0;34;40mfit/sigreg_loss[0m         |         [0;32;40m2.625[0m          |
|      [0;34;40mfit/structured_loss[0m       |  [0;32;40m0.034088511019945145[0m  |
|      [0;34;40mhardware/cpu_percent[0m      |   [0;32;40m94.80000305175781[0m    |
|    [0;34;40mhardware/disk_read_mb_s[0m     |  [0;32;40m0.10346908867359161[0m   |
|    [0;34;40mhardware/disk_write_mb_s[0m    |   [0;32;40m136.6139373779297[0m    |
|     [0;34;40mhardware/net_recv_mb_s[0m     |   [0;32;40m30.717395782470703[0m   |
|     [0;34;40mhardware/net_sent_mb_s[0m     |   [0;32;40m10.814279556274414[0m   |
|      [0;34;40mhardware/ram_used_gb[0m      |   [0;32;40m480.7720947265625[0m    |
|     [0;34;40mhardware/ram_used_pct[0m      |   [0;32;40m47.70000076293945[0m    |
|      [0;34;40mhparams/lr_default_0[0m      | [0;32;40m1.2478984672270599e-06[0m |
|         [0;34;40mvalidate/loss[0m          |   [0;32;40m0.4264315962791443[0m   |
|      [0;34;40mvalidate/loss_epoch[0m       |   [0;32;40m0.4264315962791443[0m   |
|       [0;34;40mvalidate/pred_loss[0m       |  [0;32;40m0.10509950667619705[0m   |
|    [0;34;40mvalidate/pred_loss_epoch[0m    |  [0;32;40m0.10509950667619705[0m   |
|      [0;34;40mvalidate/sigreg_loss[0m      |   [0;32;40m3.0804519653320312[0m   |
|   [0;34;40mvalidate/sigreg_loss_epoch[0m   |   [0;32;40m3.0804519653320312[0m   |
|    [0;34;40mvalidate/structured_loss[0m    |  [0;32;40m0.043972354382276535[0m  |
| [0;34;40mvalidate/structured_loss_epoch[0m |  [0;32;40m0.043972354382276535[0m  |
+--------------------------------+------------------------+
[Epoch 17/20] done in 217.3s
13:45:48 | INFO  | checkpoint_~|   Checking for non PyTorch modules to save
13:45:48 | INFO  | atomic_chec~| [atomic_save] → /data1/likun-share/junjxu/.cache_stable-pretraining/runs/20260716/124744/aefb56fcd436/checkpoints/epoch=17-step=5562.ckpt
13:45:49 | INFO  | atomic_chec~| [atomic_save] ✓ epoch=17-step=5562.ckpt saved (392.2 MiB, serialise=0.90s write=0.88s rename=0.1ms)
13:45:50 | INFO  | checkpoint_~|   Checking for non PyTorch modules to save
13:45:50 | INFO  | atomic_chec~| [atomic_save] → /data1/likun-share/junjxu/.cache_stable-pretraining/runs/20260716/124744/aefb56fcd436/checkpoints/last.ckpt
13:45:52 | INFO  | atomic_chec~| [atomic_save] ✓ last.ckpt saved (392.2 MiB, serialise=0.94s write=0.81s rename=213.1ms)
[Epoch 18/20] step 50/309 (1.4 it/s)
[Epoch 18/20] step 100/309 (1.5 it/s)
[Epoch 18/20] step 150/309 (1.5 it/s)
[Epoch 18/20] step 200/309 (1.5 it/s)
[Epoch 18/20] step 250/309 (1.5 it/s)
[Epoch 18/20] step 300/309 (1.6 it/s)
13:49:34 | INFO  | trainer_inf~| \n+--------------------------------+-----------------------+
|             Metric             |         Value         |
+--------------------------------+-----------------------+
|            [0;34;40mfit/loss[0m            |   [0;32;40m0.4007784426212311[0m  |
|         [0;34;40mfit/pred_loss[0m          |  [0;32;40m0.11064642667770386[0m  |
|        [0;34;40mfit/sigreg_loss[0m         |        [0;32;40m2.765625[0m       |
|      [0;34;40mfit/structured_loss[0m       |  [0;32;40m0.04110858961939812[0m  |
|      [0;34;40mhardware/cpu_percent[0m      |   [0;32;40m88.69999694824219[0m   |
|    [0;34;40mhardware/disk_read_mb_s[0m     |  [0;32;40m0.11165565252304077[0m  |
|    [0;34;40mhardware/disk_write_mb_s[0m    |   [0;32;40m115.6604232788086[0m   |
|     [0;34;40mhardware/net_recv_mb_s[0m     |   [0;32;40m18.656597137451172[0m  |
|     [0;34;40mhardware/net_sent_mb_s[0m     |   [0;32;40m6.208395957946777[0m   |
|      [0;34;40mhardware/ram_used_gb[0m      |   [0;32;40m467.9454345703125[0m   |
|     [0;34;40mhardware/ram_used_pct[0m      |          [0;32;40m46.5[0m         |
|      [0;34;40mhparams/lr_default_0[0m      | [0;32;40m3.139458613077295e-07[0m |
|         [0;34;40mvalidate/loss[0m          |  [0;32;40m0.42486539483070374[0m  |
|      [0;34;40mvalidate/loss_epoch[0m       |  [0;32;40m0.42486539483070374[0m  |
|       [0;34;40mvalidate/pred_loss[0m       |  [0;32;40m0.10159169882535934[0m  |
|    [0;34;40mvalidate/pred_loss_epoch[0m    |  [0;32;40m0.10159169882535934[0m  |
|      [0;34;40mvalidate/sigreg_loss[0m      |   [0;32;40m3.1028521060943604[0m  |
|   [0;34;40mvalidate/sigreg_loss_epoch[0m   |   [0;32;40m3.1028521060943604[0m  |
|    [0;34;40mvalidate/structured_loss[0m    |  [0;32;40m0.044015441089868546[0m |
| [0;34;40mvalidate/structured_loss_epoch[0m |  [0;32;40m0.044015441089868546[0m |
+--------------------------------+-----------------------+
[Epoch 18/20] done in 223.3s
13:49:35 | INFO  | checkpoint_~|   Checking for non PyTorch modules to save
13:49:35 | INFO  | atomic_chec~| [atomic_save] → /data1/likun-share/junjxu/.cache_stable-pretraining/runs/20260716/124744/aefb56fcd436/checkpoints/epoch=18-step=5871.ckpt
13:49:37 | INFO  | atomic_chec~| [atomic_save] ✓ epoch=18-step=5871.ckpt saved (392.2 MiB, serialise=0.81s write=0.71s rename=0.1ms)
13:49:37 | INFO  | checkpoint_~|   Checking for non PyTorch modules to save
13:49:37 | INFO  | atomic_chec~| [atomic_save] → /data1/likun-share/junjxu/.cache_stable-pretraining/runs/20260716/124744/aefb56fcd436/checkpoints/last.ckpt
13:49:39 | INFO  | atomic_chec~| [atomic_save] ✓ last.ckpt saved (392.2 MiB, serialise=1.07s write=0.78s rename=124.9ms)
[Epoch 19/20] step 50/309 (1.6 it/s)
[Epoch 19/20] step 100/309 (1.6 it/s)
[Epoch 19/20] step 150/309 (1.7 it/s)
[Epoch 19/20] step 200/309 (1.7 it/s)
[Epoch 19/20] step 250/309 (1.7 it/s)
[Epoch 19/20] step 300/309 (1.8 it/s)
13:52:52 | INFO  | trainer_inf~| \n+--------------------------------+---------------------+
|             Metric             |        Value        |
+--------------------------------+---------------------+
|            [0;34;40mfit/loss[0m            | [0;32;40m0.38558751344680786[0m |
|         [0;34;40mfit/pred_loss[0m          | [0;32;40m0.10155227780342102[0m |
|        [0;34;40mfit/sigreg_loss[0m         |       [0;32;40m2.578125[0m      |
|      [0;34;40mfit/structured_loss[0m       | [0;32;40m0.05161336436867714[0m |
|      [0;34;40mhardware/cpu_percent[0m      |   [0;32;40m83.4000015258789[0m  |
|    [0;34;40mhardware/disk_read_mb_s[0m     |  [0;32;40m0.3272089660167694[0m |
|    [0;34;40mhardware/disk_write_mb_s[0m    |  [0;32;40m143.50767517089844[0m |
|     [0;34;40mhardware/net_recv_mb_s[0m     |  [0;32;40m26.542137145996094[0m |
|     [0;34;40mhardware/net_sent_mb_s[0m     |  [0;32;40m1.5611796379089355[0m |
|      [0;34;40mhardware/ram_used_gb[0m      |  [0;32;40m353.1976623535156[0m  |
|     [0;34;40mhardware/ram_used_pct[0m      |  [0;32;40m35.099998474121094[0m |
|      [0;34;40mhparams/lr_default_0[0m      |         [0;32;40m0.0[0m         |
|         [0;34;40mvalidate/loss[0m          | [0;32;40m0.42185789346694946[0m |
|      [0;34;40mvalidate/loss_epoch[0m       | [0;32;40m0.42185789346694946[0m |
|       [0;34;40mvalidate/pred_loss[0m       | [0;32;40m0.10220422595739365[0m |
|    [0;34;40mvalidate/pred_loss_epoch[0m    | [0;32;40m0.10220422595739365[0m |
|      [0;34;40mvalidate/sigreg_loss[0m      |  [0;32;40m3.0710301399230957[0m |
|   [0;34;40mvalidate/sigreg_loss_epoch[0m   |  [0;32;40m3.0710301399230957[0m |
|    [0;34;40mvalidate/structured_loss[0m    | [0;32;40m0.04343303665518761[0m |
| [0;34;40mvalidate/structured_loss_epoch[0m | [0;32;40m0.04343303665518761[0m |
+--------------------------------+---------------------+
[Epoch 19/20] done in 194.9s
13:52:54 | INFO  | checkpoint_~|   Checking for non PyTorch modules to save
13:52:54 | INFO  | atomic_chec~| [atomic_save] → /data1/likun-share/junjxu/.cache_stable-pretraining/runs/20260716/124744/aefb56fcd436/checkpoints/epoch=19-step=6180.ckpt
13:52:55 | INFO  | atomic_chec~| [atomic_save] ✓ epoch=19-step=6180.ckpt saved (392.2 MiB, serialise=0.90s write=0.84s rename=0.1ms)
13:52:56 | INFO  | checkpoint_~|   Checking for non PyTorch modules to save
13:52:56 | INFO  | atomic_chec~| [atomic_save] → /data1/likun-share/junjxu/.cache_stable-pretraining/runs/20260716/124744/aefb56fcd436/checkpoints/last.ckpt
13:52:58 | INFO  | atomic_chec~| [atomic_save] ✓ last.ckpt saved (392.2 MiB, serialise=0.83s write=0.69s rename=256.1ms)
`Trainer.fit` stopped: `max_epochs=20` reached.
Epoch 19/19 ━━━━━━━━━━━━━━━━━━━━━━━━━━━━━━━ 309/309 0:02:54 • 0:00:00 2.10it/s 
13:52:59 | INFO  | utils.py    | ── SignalHandlers (after Trainer.fit() returned) ──
13:52:59 | INFO  | manager.py  |   SIGUSR1  → SIG_IGN (ignored)
13:52:59 | INFO  | manager.py  |   SIGUSR2  → SIG_IGN (ignored)
13:52:59 | INFO  | manager.py  |   SIGCONT  → SIG_DFL (default OS action — terminate process)
13:52:59 | INFO  | manager.py  |   SIGTERM  → SIG_DFL (default OS action — terminate process)
