16:04:54 | INFO  | __init__.py | PyTorch version 2.9.1+cu128 available.
16:04:54 | INFO  | __init__.py | JAX version 0.6.2 available.
16:04:59 | INFO  | atomic_chec~| [atomic_save] installed crash-safe checkpoint plugin (write to sibling .tmp + fsync + atomic rename)
[2026-07-16 16:05:00,218][root][INFO] - Cached 'action' from '/data1/likun-share/junjxu/.stable_worldmodel/datasets/phyworld_uniform_motion_id1k.h5'
[2026-07-16 16:05:00,219][root][INFO] - Cached 'proprio' from '/data1/likun-share/junjxu/.stable_worldmodel/datasets/phyworld_uniform_motion_id1k.h5'
Loading weights:   0%|          | 0/223 [00:00<?, ?it/s]Loading weights: 100%|██████████| 223/223 [00:00<00:00, 9046.53it/s]
[encoder_type=dinov2] frozen DINOv2 backbone from /data1/likun-share/junjxu/.stable_worldmodel/hf_dinov2_small (hidden=384)
[dynamics] SecondOrderDynamics enabled: pos_dim=2 use_action=False act_dim=0 learnable_accel=True accel_form=mlp
[freeze_encoder] froze 223 encoder param tensors (encoder kept at init)
16:05:00 | INFO  | module.py   | Setting up DataModule
16:05:00 | INFO  | utils.py    | ── Module ────────────────────────────────────────
16:05:00 | WARN  | module.py   | ! No hyperparameters provided - hyperparameter logging is disabled.
16:05:00 | INFO  | module.py   |   Setting custom forward method.
16:05:00 | INFO  | module.py   |   Setting attribute: self.model = <class 'jepa.JEPA'>
16:05:00 | INFO  | module.py   |   Setting attribute: self.sigreg = <class 'module.SIGReg'>
16:05:00 | INFO  | module.py   |   Setting attribute: self.optim = <class 'dict'>
16:05:00 | INFO  | module.py   |   No metrics configuration provided - automatic metric tracking is disabled.
/home/likun-share/junjxu/wm/le-wm/.venv/lib/python3.10/site-packages/lightning/fabric/connector.py:571: `precision=bf16` is supported for historical reasons but its usage is discouraged. Please set your precision to bf16-mixed instead!
Using bfloat16 Automatic Mixed Precision (AMP)
16:05:00 | INFO  | env_info.py |   EnvironmentDumpCallback initialized (filename=environment.json, async=True)
16:05:00 | INFO  | utils.py    | ── HuggingFaceCheckpoint ─────────────────────────
16:05:00 | INFO  | hf_models.py|   save_dir: <cyan>hf_exports</cyan>
16:05:00 | INFO  | hf_models.py|   per_step: <cyan>False</cyan>  (False ⇒ overwrite single 'last/' subdir; True ⇒ keep step_N/)
Adding 14 callbacks from entry point 'stablepretraining_callbacks': PrintProgressBar, ModuleRegistryCallback, LoggingCallback, EnvironmentDumpCallback, TrainerInfo, SklearnCheckpoint, WandbCheckpoint, TrackioCheckpoint, SwanLabCheckpoint, ModuleSummary, SLURMInfo, LogUnusedParametersOnce, HuggingFaceCheckpointCallback, HardwareMonitor
GPU available: True (cuda), used: True
TPU available: False, using: 0 TPU cores
💡 Tip: For seamless cloud logging and experiment tracking, try installing [litlogger](https://pypi.org/project/litlogger/) to enable LitLogger, which logs metrics and artifacts automatically to the Lightning Experiments platform.
16:05:00 | INFO  | utils.py    | ── SIGTERM preempt handler — install ─────────────
16:05:00 | INFO  | manager.py  |   SLURM_JOB_ID         = None
16:05:00 | INFO  | manager.py  |   SLURM_RESTART_COUNT  = '0'
16:05:00 | INFO  | manager.py  |   SLURM_PROCID         = '?'
16:05:00 | INFO  | manager.py  |   SLURM_NODEID         = '?'
16:05:00 | INFO  | manager.py  |   → not under SLURM (SLURM_JOB_ID unset); leaving SIGTERM handler as-is. Forwarding to submitit's USR signal would be a no-op since submitit isn't running upstream.
16:05:00 | WARN  | manager.py  | User didn't specify seed, runs won't be exactly reproducible!
16:05:00 | INFO  | manager.py  |   Manager init: ckpt_path=None, weights_only=True
16:05:00 | INFO  | utils.py    | ── WorkingDirectory ──────────────────────────────
16:05:00 | INFO  | manager.py  |   cwd: /home/likun-share/junjxu/wm/le-wm
16:05:00 | INFO  | utils.py    | ── Seed ──────────────────────────────────────────
16:05:00 | INFO  | manager.py  |   seed: None
/home/likun-share/junjxu/wm/le-wm/.venv/lib/python3.10/site-packages/lightning/fabric/utilities/seed.py:44: No seed found, seed set to 0
Seed set to 0
16:05:00 | INFO  | utils.py    | ── RunDirectory ──────────────────────────────────
16:05:00 | INFO  | manager.py  |   cache_dir = /data1/likun-share/junjxu/.cache_stable-pretraining
16:05:00 | INFO  | manager.py  |   ddp: launch_key=(single-process) rank=0 is_rank_zero=True
16:05:00 | INFO  | utils.py    | ── RunDirectory: requeue probe ───────────────────
16:05:00 | INFO  | manager.py  |   SLURM session key   = (no SLURM)
16:05:00 | INFO  | manager.py  |   SLURM_RESTART_COUNT = 0
16:05:00 | INFO  | manager.py  |   in_requeue          = False
16:05:00 | INFO  | utils.py    | ── RunDirectory: fresh ───────────────────────────
16:05:00 | INFO  | manager.py  |   no user ckpt_path — training from scratch / pretrained backbone.
16:05:00 | INFO  | manager.py  |   created run_dir = /data1/likun-share/junjxu/.cache_stable-pretraining/runs/20260716/160500/8c262c0794ec
16:05:00 | INFO  | manager.py  |   wrote run_meta.json with run_id=8c262c0794ec
16:05:00 | INFO  | manager.py  |   SLURM index = (no SLURM, skipped)
16:05:00 | WARN  | manager.py  | ! cache_dir is set but the Trainer was passed as an already-instantiated object. Cannot override default_root_dir cleanly. Consider passing the trainer as a config dict instead.
16:05:00 | WARN  | manager.py  | ! Hydra run.dir='outputs/2026-07-16/16-05-00' will be ignored for trainer outputs (cache_dir takes precedence).
16:05:00 | WARN  | manager.py  | ! Hydra sweep.dir='multirun/2026-07-16/16-05-00' will be ignored for trainer outputs (cache_dir takes precedence).
16:05:00 | INFO  | logger.py   | [RegistryLogger] run_id=8c262c0794ec run_dir=/data1/likun-share/junjxu/.cache_stable-pretraining/runs/20260716/160500/8c262c0794ec — sidecar.json + summary.json + metrics.csv will live here
16:05:00 | INFO  | utils.py    | ── RegistryLogger ────────────────────────────────
16:05:00 | INFO  | manager.py  |   run_dir: /data1/likun-share/junjxu/.cache_stable-pretraining/runs/20260716/160500/8c262c0794ec
16:05:00 | INFO  | manager.py  |   run_id:  8c262c0794ec
16:05:00 | INFO  | utils.py    | ── CSVLogger ─────────────────────────────────────
16:05:00 | INFO  | manager.py  |   root_dir: /data1/likun-share/junjxu/.cache_stable-pretraining/runs/20260716/160500/8c262c0794ec/
16:05:00 | INFO  | manager.py  |   save_dir: /data1/likun-share/junjxu/.cache_stable-pretraining/runs/20260716/160500/8c262c0794ec
16:05:00 | INFO  | manager.py  |   log_dir: /data1/likun-share/junjxu/.cache_stable-pretraining/runs/20260716/160500/8c262c0794ec/
16:05:00 | INFO  | utils.py    | ── SignalHandlers (after submitit setup (spt SIGTERM installed in __init__)) ──
16:05:00 | INFO  | manager.py  |   SIGUSR1  → SIG_IGN (ignored)
16:05:00 | INFO  | manager.py  |   SIGUSR2  → SIG_IGN (ignored)
16:05:00 | INFO  | manager.py  |   SIGCONT  → SIG_DFL (default OS action — terminate process)
16:05:00 | INFO  | manager.py  |   SIGTERM  → SIG_DFL (default OS action — terminate process)
16:05:00 | INFO  | utils.py    | ── Callbacks ─────────────────────────────────────
16:05:00 | INFO  | manager.py  |   count: 19
16:05:00 | INFO  | utils.py    | ── CacheDirCheckpointing ─────────────────────────
16:05:00 | INFO  | manager.py  |   Saving checkpoints to: /data1/likun-share/junjxu/.cache_stable-pretraining/runs/20260716/160500/8c262c0794ec/checkpoints
16:05:00 | WARN  | manager.py  |   Redirecting HuggingFaceCheckpointCallback from 'hf_exports' to '/data1/likun-share/junjxu/.cache_stable-pretraining/runs/20260716/160500/8c262c0794ec/hf_exports' (cache_dir is active — prevents races on a shared cache)
16:05:00 | INFO  | manager.py  |   Added requeue checkpoint (filename='last')
16:05:00 | INFO  | utils.py    | ── LoadPath resolution ───────────────────────────
16:05:00 | INFO  | manager.py  |   in_requeue = False
16:05:00 | INFO  | manager.py  |   user ckpt_path = None
16:05:00 | INFO  | manager.py  |   user weights_only = True
16:05:00 | INFO  | manager.py  |   → no ckpt_path; training from scratch.
16:05:00 | INFO  | utils.py    | ── TrainerFit ────────────────────────────────────
16:05:00 | INFO  | manager.py  |   ckpt_path:     None
16:05:00 | INFO  | manager.py  |   weights_only:  None
16:05:00 | INFO  | utils.py    | ── SignalHandlers (before Trainer.fit() (handler installed in __init__)) ──
16:05:00 | INFO  | manager.py  |   SIGUSR1  → SIG_IGN (ignored)
16:05:00 | INFO  | manager.py  |   SIGUSR2  → SIG_IGN (ignored)
16:05:00 | INFO  | manager.py  |   SIGCONT  → SIG_DFL (default OS action — terminate process)
16:05:00 | INFO  | manager.py  |   SIGTERM  → SIG_DFL (default OS action — terminate process)
16:05:00 | INFO  | manager.py  |   → entering Trainer.fit(); lightning's _SignalConnector will now register its own handlers. SIGTERM will become _HandlersCompose([_sigterm_notifier_fn, _sigterm_handler_fn, spt._handler]); USR-sig binding from submitit is preserved (lightning skips USR registration when one already exists).
💡 Tip: For seamless cloud uploads and versioning, try installing [litmodels](https://pypi.org/project/litmodels/) to enable LitModelCheckpoint, which syncs automatically with the Lightning model registry.
You are using a CUDA device ('NVIDIA A800-SXM4-80GB') that has Tensor Cores. To properly utilize them, you should set `torch.set_float32_matmul_precision('medium' | 'high')` which will trade-off precision for performance. For more details, read https://pytorch.org/docs/stable/generated/torch.set_float32_matmul_precision.html#torch.set_float32_matmul_precision
16:05:01 | OK    | module.py   | ✓ dataset for fit loaded
16:05:01 | INFO  | module.py   |   setup was done by user
16:05:01 | INFO  | utils.py    | ── EnvironmentDump ───────────────────────────────
16:05:01 | INFO  | env_info.py |   log_dir: /home/likun-share/.cache/stable-pretraining
16:05:01 | INFO  | env_info.py |   Running environment dump in background thread (non-blocking)
16:05:01 | INFO  | env_info.py |   Collecting environment information...
16:05:01 | OK    | env_info.py | ✓ Background thread started successfully
16:05:01 | OK    | env_info.py | ✓ Python 3.10.12
16:05:01 | INFO  | trainer_inf~|   linking trainer to DataModule
16:05:01 | OK    | env_info.py | ✓ System: Linux 5.15.0-113-generic (x86_64)
16:05:01 | INFO  | utils.py    | ── Callbacks (in order) ──────────────────────────
16:05:01 | INFO  | env_info.py |   Hostname: 10-116-90-13
16:05:01 | INFO  | utils.py    |     [ 0] ModelObjectCallBack
16:05:01 | INFO  | utils.py    |     [ 1] RichProgressBar
16:05:01 | INFO  | utils.py    |     [ 2] RichModelSummary
16:05:01 | INFO  | utils.py    |     [ 3] PrintProgressBar
16:05:01 | INFO  | utils.py    |     [ 4] ModuleRegistryCallback
16:05:01 | INFO  | utils.py    |     [ 5] LoggingCallback
16:05:01 | INFO  | utils.py    |     [ 6] EnvironmentDumpCallback
16:05:01 | INFO  | utils.py    |     [ 7] TrainerInfo
16:05:01 | INFO  | utils.py    |     [ 8] SklearnCheckpoint
16:05:01 | INFO  | utils.py    |     [ 9] WandbCheckpoint
16:05:01 | INFO  | utils.py    |     [10] TrackioCheckpoint
16:05:01 | INFO  | utils.py    |     [11] SwanLabCheckpoint
16:05:01 | INFO  | utils.py    |     [12] ModuleSummary
16:05:01 | INFO  | utils.py    |     [13] SLURMInfo
16:05:01 | INFO  | utils.py    |     [14] LogUnusedParametersOnce
16:05:01 | INFO  | utils.py    |     [15] HuggingFaceCheckpointCallback
16:05:01 | INFO  | utils.py    |     [16] HardwareMonitor
16:05:01 | INFO  | utils.py    |     [17] ModelCheckpoint
16:05:01 | INFO  | utils.py    |     [18] _RunDirCallback
16:05:01 | INFO  | utils.py    |     [19] ModelCheckpoint
16:05:01 | INFO  | utils.py    |   ⚑ marks order-sensitive callbacks; see AGENTS.md → Callback ordering for the full rules.
16:05:01 | INFO  | utils.py    | ── SklearnCheckpoint ─────────────────────────────
16:05:01 | INFO  | checkpoint_~|   Sklearn Modules:
16:05:01 | INFO  | checkpoint_~| 
┏━━━━━━━━━━┳━━━━━━━━┳━━━━━━━━┓
┃ Module   ┃ Name   ┃ Type   ┃
┣━━━━━━━━━━╋━━━━━━━━╋━━━━━━━━┫
┗━━━━━━━━━━┻━━━━━━━━┻━━━━━━━━┛
16:05:01 | INFO  | utils.py    | ── WandbCheckpoint ───────────────────────────────
16:05:01 | INFO  | utils.py    | ── TrackioCheckpoint ─────────────────────────────
16:05:01 | INFO  | utils.py    | ── SwanLabCheckpoint ─────────────────────────────
16:05:01 | INFO  | utils.py    | ── PyTorch Modules ───────────────────────────────
16:05:01 | WARN  | module.py   | ! You are calling self.parameters which also gives callbacks parameters, to remove them, pass `with_callbacks=False`
16:05:01 | INFO  | trainer_inf~| \n+----------------------------------------------------------+----------------------+--------------------------+--------------------------+---------+
| Module                                                   | Trainable parameters | Non Trainable parameters | Uninitialized parameters | Buffers |
+----------------------------------------------------------+----------------------+--------------------------+--------------------------+---------+
|                                                          |             26901218 |                 22056576 |                        0 |    8245 |
| callbacks_modules                                        |                    0 |                        0 |                        0 |       0 |
| callbacks_metrics                                        |                    0 |                        0 |                        0 |       0 |
| model                                                    |             26901218 |                 22056576 |                        0 |    8194 |
| model.encoder                                            |                    0 |                 22056576 |                        0 |       0 |
| model.encoder.embeddings                                 |                    0 |                   753024 |                        0 |       0 |
| model.encoder.embeddings.patch_embeddings                |                    0 |                   226176 |                        0 |       0 |
| model.encoder.embeddings.patch_embeddings.projection     |                    0 |                   226176 |                        0 |       0 |
| model.encoder.embeddings.dropout                         |                    0 |                        0 |                        0 |       0 |
| model.encoder.encoder                                    |                    0 |                 21302784 |                        0 |       0 |
| model.encoder.encoder.layer                              |                    0 |                 21302784 |                        0 |       0 |
| model.encoder.encoder.layer.0                            |                    0 |                  1775232 |                        0 |       0 |
| model.encoder.encoder.layer.0.norm1                      |                    0 |                      768 |                        0 |       0 |
| model.encoder.encoder.layer.0.attention                  |                    0 |                   591360 |                        0 |       0 |
| model.encoder.encoder.layer.0.attention.attention        |                    0 |                   443520 |                        0 |       0 |
| model.encoder.encoder.layer.0.attention.attention.query  |                    0 |                   147840 |                        0 |       0 |
| model.encoder.encoder.layer.0.attention.attention.key    |                    0 |                   147840 |                        0 |       0 |
| model.encoder.encoder.layer.0.attention.attention.value  |                    0 |                   147840 |                        0 |       0 |
| model.encoder.encoder.layer.0.attention.output           |                    0 |                   147840 |                        0 |       0 |
| model.encoder.encoder.layer.0.attention.output.dense     |                    0 |                   147840 |                        0 |       0 |
| model.encoder.encoder.layer.0.attention.output.dropout   |                    0 |                        0 |                        0 |       0 |
| model.encoder.encoder.layer.0.layer_scale1               |                    0 |                      384 |                        0 |       0 |
| model.encoder.encoder.layer.0.drop_path                  |                    0 |                        0 |                        0 |       0 |
| model.encoder.encoder.layer.0.norm2                      |                    0 |                      768 |                        0 |       0 |
| model.encoder.encoder.layer.0.mlp                        |                    0 |                  1181568 |                        0 |       0 |
| model.encoder.encoder.layer.0.mlp.fc1                    |                    0 |                   591360 |                        0 |       0 |
| model.encoder.encoder.layer.0.mlp.activation             |                    0 |                        0 |                        0 |       0 |
| model.encoder.encoder.layer.0.mlp.fc2                    |                    0 |                   590208 |                        0 |       0 |
| model.encoder.encoder.layer.0.layer_scale2               |                    0 |                      384 |                        0 |       0 |
| model.encoder.encoder.layer.1                            |                    0 |                  1775232 |                        0 |       0 |
| model.encoder.encoder.layer.1.norm1                      |                    0 |                      768 |                        0 |       0 |
| model.encoder.encoder.layer.1.attention                  |                    0 |                   591360 |                        0 |       0 |
| model.encoder.encoder.layer.1.attention.attention        |                    0 |                   443520 |                        0 |       0 |
| model.encoder.encoder.layer.1.attention.attention.query  |                    0 |                   147840 |                        0 |       0 |
| model.encoder.encoder.layer.1.attention.attention.key    |                    0 |                   147840 |                        0 |       0 |
| model.encoder.encoder.layer.1.attention.attention.value  |                    0 |                   147840 |                        0 |       0 |
| model.encoder.encoder.layer.1.attention.output           |                    0 |                   147840 |                        0 |       0 |
| model.encoder.encoder.layer.1.attention.output.dense     |                    0 |                   147840 |                        0 |       0 |
| model.encoder.encoder.layer.1.attention.output.dropout   |                    0 |                        0 |                        0 |       0 |
| model.encoder.encoder.layer.1.layer_scale1               |                    0 |                      384 |                        0 |       0 |
| model.encoder.encoder.layer.1.drop_path                  |                    0 |                        0 |                        0 |       0 |
| model.encoder.encoder.layer.1.norm2                      |                    0 |                      768 |                        0 |       0 |
| model.encoder.encoder.layer.1.mlp                        |                    0 |                  1181568 |                        0 |       0 |
| model.encoder.encoder.layer.1.mlp.fc1                    |                    0 |                   591360 |                        0 |       0 |
| model.encoder.encoder.layer.1.mlp.activation             |                    0 |                        0 |                        0 |       0 |
| model.encoder.encoder.layer.1.mlp.fc2                    |                    0 |                   590208 |                        0 |       0 |
| model.encoder.encoder.layer.1.layer_scale2               |                    0 |                      384 |                        0 |       0 |
| model.encoder.encoder.layer.2                            |                    0 |                  1775232 |                        0 |       0 |
| model.encoder.encoder.layer.2.norm1                      |                    0 |                      768 |                        0 |       0 |
| model.encoder.encoder.layer.2.attention                  |                    0 |                   591360 |                        0 |       0 |
| model.encoder.encoder.layer.2.attention.attention        |                    0 |                   443520 |                        0 |       0 |
| model.encoder.encoder.layer.2.attention.attention.query  |                    0 |                   147840 |                        0 |       0 |
| model.encoder.encoder.layer.2.attention.attention.key    |                    0 |                   147840 |                        0 |       0 |
| model.encoder.encoder.layer.2.attention.attention.value  |                    0 |                   147840 |                        0 |       0 |
| model.encoder.encoder.layer.2.attention.output           |                    0 |                   147840 |                        0 |       0 |
| model.encoder.encoder.layer.2.attention.output.dense     |                    0 |                   147840 |                        0 |       0 |
| model.encoder.encoder.layer.2.attention.output.dropout   |                    0 |                        0 |                        0 |       0 |
| model.encoder.encoder.layer.2.layer_scale1               |                    0 |                      384 |                        0 |       0 |
| model.encoder.encoder.layer.2.drop_path                  |                    0 |                        0 |                        0 |       0 |
| model.encoder.encoder.layer.2.norm2                      |                    0 |                      768 |                        0 |       0 |
| model.encoder.encoder.layer.2.mlp                        |                    0 |                  1181568 |                        0 |       0 |
| model.encoder.encoder.layer.2.mlp.fc1                    |                    0 |                   591360 |                        0 |       0 |
| model.encoder.encoder.layer.2.mlp.activation             |                    0 |                        0 |                        0 |       0 |
| model.encoder.encoder.layer.2.mlp.fc2                    |                    0 |                   590208 |                        0 |       0 |
| model.encoder.encoder.layer.2.layer_scale2               |                    0 |                      384 |                        0 |       0 |
| model.encoder.encoder.layer.3                            |                    0 |                  1775232 |                        0 |       0 |
| model.encoder.encoder.layer.3.norm1                      |                    0 |                      768 |                        0 |       0 |
| model.encoder.encoder.layer.3.attention                  |                    0 |                   591360 |                        0 |       0 |
| model.encoder.encoder.layer.3.attention.attention        |                    0 |                   443520 |                        0 |       0 |
| model.encoder.encoder.layer.3.attention.attention.query  |                    0 |                   147840 |                        0 |       0 |
| model.encoder.encoder.layer.3.attention.attention.key    |                    0 |                   147840 |                        0 |       0 |
| model.encoder.encoder.layer.3.attention.attention.value  |                    0 |                   147840 |                        0 |       0 |
| model.encoder.encoder.layer.3.attention.output           |                    0 |                   147840 |                        0 |       0 |
| model.encoder.encoder.layer.3.attention.output.dense     |                    0 |                   147840 |                        0 |       0 |
| model.encoder.encoder.layer.3.attention.output.dropout   |                    0 |                        0 |                        0 |       0 |
| model.encoder.encoder.layer.3.layer_scale1               |                    0 |                      384 |                        0 |       0 |
| model.encoder.encoder.layer.3.drop_path                  |                    0 |                        0 |                        0 |       0 |
| model.encoder.encoder.layer.3.norm2                      |                    0 |                      768 |                        0 |       0 |
| model.encoder.encoder.layer.3.mlp                        |                    0 |                  1181568 |                        0 |       0 |
| model.encoder.encoder.layer.3.mlp.fc1                    |                    0 |                   591360 |                        0 |       0 |
| model.encoder.encoder.layer.3.mlp.activation             |                    0 |                        0 |                        0 |       0 |
| model.encoder.encoder.layer.3.mlp.fc2                    |                    0 |                   590208 |                        0 |       0 |
| model.encoder.encoder.layer.3.layer_scale2               |                    0 |                      384 |                        0 |       0 |
| model.encoder.encoder.layer.4                            |                    0 |                  1775232 |                        0 |       0 |
| model.encoder.encoder.layer.4.norm1                      |                    0 |                      768 |                        0 |       0 |
| model.encoder.encoder.layer.4.attention                  |                    0 |                   591360 |                        0 |       0 |
| model.encoder.encoder.layer.4.attention.attention        |                    0 |                   443520 |                        0 |       0 |
| model.encoder.encoder.layer.4.attention.attention.query  |                    0 |                   147840 |                        0 |       0 |
| model.encoder.encoder.layer.4.attention.attention.key    |                    0 |                   147840 |                        0 |       0 |
| model.encoder.encoder.layer.4.attention.attention.value  |                    0 |                   147840 |                        0 |       0 |
| model.encoder.encoder.layer.4.attention.output           |                    0 |                   147840 |                        0 |       0 |
| model.encoder.encoder.layer.4.attention.output.dense     |                    0 |                   147840 |                        0 |       0 |
| model.encoder.encoder.layer.4.attention.output.dropout   |                    0 |                        0 |                        0 |       0 |
| model.encoder.encoder.layer.4.layer_scale1               |                    0 |                      384 |                        0 |       0 |
| model.encoder.encoder.layer.4.drop_path                  |                    0 |                        0 |                        0 |       0 |
| model.encoder.encoder.layer.4.norm2                      |                    0 |                      768 |                        0 |       0 |
| model.encoder.encoder.layer.4.mlp                        |                    0 |                  1181568 |                        0 |       0 |
| model.encoder.encoder.layer.4.mlp.fc1                    |                    0 |                   591360 |                        0 |       0 |
| model.encoder.encoder.layer.4.mlp.activation             |                    0 |                        0 |                        0 |       0 |
| model.encoder.encoder.layer.4.mlp.fc2                    |                    0 |                   590208 |                        0 |       0 |
| model.encoder.encoder.layer.4.layer_scale2               |                    0 |                      384 |                        0 |       0 |
| model.encoder.encoder.layer.5                            |                    0 |                  1775232 |                        0 |       0 |
| model.encoder.encoder.layer.5.norm1                      |                    0 |                      768 |                        0 |       0 |
| model.encoder.encoder.layer.5.attention                  |                    0 |                   591360 |                        0 |       0 |
| model.encoder.encoder.layer.5.attention.attention        |                    0 |                   443520 |                        0 |       0 |
| model.encoder.encoder.layer.5.attention.attention.query  |                    0 |                   147840 |                        0 |       0 |
| model.encoder.encoder.layer.5.attention.attention.key    |                    0 |                   147840 |                        0 |       0 |
| model.encoder.encoder.layer.5.attention.attention.value  |                    0 |                   147840 |                        0 |       0 |
| model.encoder.encoder.layer.5.attention.output           |                    0 |                   147840 |                        0 |       0 |
| model.encoder.encoder.layer.5.attention.output.dense     |                    0 |                   147840 |                        0 |       0 |
| model.encoder.encoder.layer.5.attention.output.dropout   |                    0 |                        0 |                        0 |       0 |
| model.encoder.encoder.layer.5.layer_scale1               |                    0 |                      384 |                        0 |       0 |
| model.encoder.encoder.layer.5.drop_path                  |                    0 |                        0 |                        0 |       0 |
| model.encoder.encoder.layer.5.norm2                      |                    0 |                      768 |                        0 |       0 |
| model.encoder.encoder.layer.5.mlp                        |                    0 |                  1181568 |                        0 |       0 |
| model.encoder.encoder.layer.5.mlp.fc1                    |                    0 |                   591360 |                        0 |       0 |
| model.encoder.encoder.layer.5.mlp.activation             |                    0 |                        0 |                        0 |       0 |
| model.encoder.encoder.layer.5.mlp.fc2                    |                    0 |                   590208 |                        0 |       0 |
| model.encoder.encoder.layer.5.layer_scale2               |                    0 |                      384 |                        0 |       0 |
| model.encoder.encoder.layer.6                            |                    0 |                  1775232 |                        0 |       0 |
| model.encoder.encoder.layer.6.norm1                      |                    0 |                      768 |                        0 |       0 |
| model.encoder.encoder.layer.6.attention                  |                    0 |                   591360 |                        0 |       0 |
| model.encoder.encoder.layer.6.attention.attention        |                    0 |                   443520 |                        0 |       0 |
| model.encoder.encoder.layer.6.attention.attention.query  |                    0 |                   147840 |                        0 |       0 |
| model.encoder.encoder.layer.6.attention.attention.key    |                    0 |                   147840 |                        0 |       0 |
| model.encoder.encoder.layer.6.attention.attention.value  |                    0 |                   147840 |                        0 |       0 |
| model.encoder.encoder.layer.6.attention.output           |                    0 |                   147840 |                        0 |       0 |
| model.encoder.encoder.layer.6.attention.output.dense     |                    0 |                   147840 |                        0 |       0 |
| model.encoder.encoder.layer.6.attention.output.dropout   |                    0 |                        0 |                        0 |       0 |
| model.encoder.encoder.layer.6.layer_scale1               |                    0 |                      384 |                        0 |       0 |
| model.encoder.encoder.layer.6.drop_path                  |                    0 |                        0 |                        0 |       0 |
| model.encoder.encoder.layer.6.norm2                      |                    0 |                      768 |                        0 |       0 |
| model.encoder.encoder.layer.6.mlp                        |                    0 |                  1181568 |                        0 |       0 |
| model.encoder.encoder.layer.6.mlp.fc1                    |                    0 |                   591360 |                        0 |       0 |
| model.encoder.encoder.layer.6.mlp.activation             |                    0 |                        0 |                        0 |       0 |
| model.encoder.encoder.layer.6.mlp.fc2                    |                    0 |                   590208 |                        0 |       0 |
| model.encoder.encoder.layer.6.layer_scale2               |                    0 |                      384 |                        0 |       0 |
| model.encoder.encoder.layer.7                            |                    0 |                  1775232 |                        0 |       0 |
| model.encoder.encoder.layer.7.norm1                      |                    0 |                      768 |                        0 |       0 |
| model.encoder.encoder.layer.7.attention                  |                    0 |                   591360 |                        0 |       0 |
| model.encoder.encoder.layer.7.attention.attention        |                    0 |                   443520 |                        0 |       0 |
| model.encoder.encoder.layer.7.attention.attention.query  |                    0 |                   147840 |                        0 |       0 |
| model.encoder.encoder.layer.7.attention.attention.key    |                    0 |                   147840 |                        0 |       0 |
| model.encoder.encoder.layer.7.attention.attention.value  |                    0 |                   147840 |                        0 |       0 |
| model.encoder.encoder.layer.7.attention.output           |                    0 |                   147840 |                        0 |       0 |
| model.encoder.encoder.layer.7.attention.output.dense     |                    0 |                   147840 |                        0 |       0 |
| model.encoder.encoder.layer.7.attention.output.dropout   |                    0 |                        0 |                        0 |       0 |
| model.encoder.encoder.layer.7.layer_scale1               |                    0 |                      384 |                        0 |       0 |
| model.encoder.encoder.layer.7.drop_path                  |                    0 |                        0 |                        0 |       0 |
| model.encoder.encoder.layer.7.norm2                      |                    0 |                      768 |                        0 |       0 |
| model.encoder.encoder.layer.7.mlp                        |                    0 |                  1181568 |                        0 |       0 |
| model.encoder.encoder.layer.7.mlp.fc1                    |                    0 |                   591360 |                        0 |       0 |
| model.encoder.encoder.layer.7.mlp.activation             |                    0 |                        0 |                        0 |       0 |
| model.encoder.encoder.layer.7.mlp.fc2                    |                    0 |                   590208 |                        0 |       0 |
| model.encoder.encoder.layer.7.layer_scale2               |                    0 |                      384 |                        0 |       0 |
| model.encoder.encoder.layer.8                            |                    0 |                  1775232 |                        0 |       0 |
| model.encoder.encoder.layer.8.norm1                      |                    0 |                      768 |                        0 |       0 |
| model.encoder.encoder.layer.8.attention                  |                    0 |                   591360 |                        0 |       0 |
| model.encoder.encoder.layer.8.attention.attention        |                    0 |                   443520 |                        0 |       0 |
| model.encoder.encoder.layer.8.attention.attention.query  |                    0 |                   147840 |                        0 |       0 |
| model.encoder.encoder.layer.8.attention.attention.key    |                    0 |                   147840 |                        0 |       0 |
| model.encoder.encoder.layer.8.attention.attention.value  |                    0 |                   147840 |                        0 |       0 |
| model.encoder.encoder.layer.8.attention.output           |                    0 |                   147840 |                        0 |       0 |
| model.encoder.encoder.layer.8.attention.output.dense     |                    0 |                   147840 |                        0 |       0 |
| model.encoder.encoder.layer.8.attention.output.dropout   |                    0 |                        0 |                        0 |       0 |
| model.encoder.encoder.layer.8.layer_scale1               |                    0 |                      384 |                        0 |       0 |
| model.encoder.encoder.layer.8.drop_path                  |                    0 |                        0 |                        0 |       0 |
| model.encoder.encoder.layer.8.norm2                      |                    0 |                      768 |                        0 |       0 |
| model.encoder.encoder.layer.8.mlp                        |                    0 |                  1181568 |                        0 |       0 |
| model.encoder.encoder.layer.8.mlp.fc1                    |                    0 |                   591360 |                        0 |       0 |
| model.encoder.encoder.layer.8.mlp.activation             |                    0 |                        0 |                        0 |       0 |
| model.encoder.encoder.layer.8.mlp.fc2                    |                    0 |                   590208 |                        0 |       0 |
| model.encoder.encoder.layer.8.layer_scale2               |                    0 |                      384 |                        0 |       0 |
| model.encoder.encoder.layer.9                            |                    0 |                  1775232 |                        0 |       0 |
| model.encoder.encoder.layer.9.norm1                      |                    0 |                      768 |                        0 |       0 |
| model.encoder.encoder.layer.9.attention                  |                    0 |                   591360 |                        0 |       0 |
| model.encoder.encoder.layer.9.attention.attention        |                    0 |                   443520 |                        0 |       0 |
| model.encoder.encoder.layer.9.attention.attention.query  |                    0 |                   147840 |                        0 |       0 |
| model.encoder.encoder.layer.9.attention.attention.key    |                    0 |                   147840 |                        0 |       0 |
| model.encoder.encoder.layer.9.attention.attention.value  |                    0 |                   147840 |                        0 |       0 |
| model.encoder.encoder.layer.9.attention.output           |                    0 |                   147840 |                        0 |       0 |
| model.encoder.encoder.layer.9.attention.output.dense     |                    0 |                   147840 |                        0 |       0 |
| model.encoder.encoder.layer.9.attention.output.dropout   |                    0 |                        0 |                        0 |       0 |
| model.encoder.encoder.layer.9.layer_scale1               |                    0 |                      384 |                        0 |       0 |
| model.encoder.encoder.layer.9.drop_path                  |                    0 |                        0 |                        0 |       0 |
| model.encoder.encoder.layer.9.norm2                      |                    0 |                      768 |                        0 |       0 |
| model.encoder.encoder.layer.9.mlp                        |                    0 |                  1181568 |                        0 |       0 |
| model.encoder.encoder.layer.9.mlp.fc1                    |                    0 |                   591360 |                        0 |       0 |
| model.encoder.encoder.layer.9.mlp.activation             |                    0 |                        0 |                        0 |       0 |
| model.encoder.encoder.layer.9.mlp.fc2                    |                    0 |                   590208 |                        0 |       0 |
| model.encoder.encoder.layer.9.layer_scale2               |                    0 |                      384 |                        0 |       0 |
| model.encoder.encoder.layer.10                           |                    0 |                  1775232 |                        0 |       0 |
| model.encoder.encoder.layer.10.norm1                     |                    0 |                      768 |                        0 |       0 |
| model.encoder.encoder.layer.10.attention                 |                    0 |                   591360 |                        0 |       0 |
| model.encoder.encoder.layer.10.attention.attention       |                    0 |                   443520 |                        0 |       0 |
| model.encoder.encoder.layer.10.attention.attention.query |                    0 |                   147840 |                        0 |       0 |
| model.encoder.encoder.layer.10.attention.attention.key   |                    0 |                   147840 |                        0 |       0 |
| model.encoder.encoder.layer.10.attention.attention.value |                    0 |                   147840 |                        0 |       0 |
| model.encoder.encoder.layer.10.attention.output          |                    0 |                   147840 |                        0 |       0 |
| model.encoder.encoder.layer.10.attention.output.dense    |                    0 |                   147840 |                        0 |       0 |
| model.encoder.encoder.layer.10.attention.output.dropout  |                    0 |                        0 |                        0 |       0 |
| model.encoder.encoder.layer.10.layer_scale1              |                    0 |                      384 |                        0 |       0 |
| model.encoder.encoder.layer.10.drop_path                 |                    0 |                        0 |                        0 |       0 |
| model.encoder.encoder.layer.10.norm2                     |                    0 |                      768 |                        0 |       0 |
| model.encoder.encoder.layer.10.mlp                       |                    0 |                  1181568 |                        0 |       0 |
| model.encoder.encoder.layer.10.mlp.fc1                   |                    0 |                   591360 |                        0 |       0 |
| model.encoder.encoder.layer.10.mlp.activation            |                    0 |                        0 |                        0 |       0 |
| model.encoder.encoder.layer.10.mlp.fc2                   |                    0 |                   590208 |                        0 |       0 |
| model.encoder.encoder.layer.10.layer_scale2              |                    0 |                      384 |                        0 |       0 |
| model.encoder.encoder.layer.11                           |                    0 |                  1775232 |                        0 |       0 |
| model.encoder.encoder.layer.11.norm1                     |                    0 |                      768 |                        0 |       0 |
| model.encoder.encoder.layer.11.attention                 |                    0 |                   591360 |                        0 |       0 |
| model.encoder.encoder.layer.11.attention.attention       |                    0 |                   443520 |                        0 |       0 |
| model.encoder.encoder.layer.11.attention.attention.query |                    0 |                   147840 |                        0 |       0 |
| model.encoder.encoder.layer.11.attention.attention.key   |                    0 |                   147840 |                        0 |       0 |
| model.encoder.encoder.layer.11.attention.attention.value |                    0 |                   147840 |                        0 |       0 |
| model.encoder.encoder.layer.11.attention.output          |                    0 |                   147840 |                        0 |       0 |
| model.encoder.encoder.layer.11.attention.output.dense    |                    0 |                   147840 |                        0 |       0 |
| model.encoder.encoder.layer.11.attention.output.dropout  |                    0 |                        0 |                        0 |       0 |
| model.encoder.encoder.layer.11.layer_scale1              |                    0 |                      384 |                        0 |       0 |
| model.encoder.encoder.layer.11.drop_path                 |                    0 |                        0 |                        0 |       0 |
| model.encoder.encoder.layer.11.norm2                     |                    0 |                      768 |                        0 |       0 |
| model.encoder.encoder.layer.11.mlp                       |                    0 |                  1181568 |                        0 |       0 |
| model.encoder.encoder.layer.11.mlp.fc1                   |                    0 |                   591360 |                        0 |       0 |
| model.encoder.encoder.layer.11.mlp.activation            |                    0 |                        0 |                        0 |       0 |
| model.encoder.encoder.layer.11.mlp.fc2                   |                    0 |                   590208 |                        0 |       0 |
| model.encoder.encoder.layer.11.layer_scale2              |                    0 |                      384 |                        0 |       0 |
| model.encoder.layernorm                                  |                    0 |                      768 |                        0 |       0 |
| model.predictor                                          |             24372288 |                        0 |                        0 |       0 |
| model.predictor.dropout                                  |                    0 |                        0 |                        0 |       0 |
| model.predictor.transformer                              |             24371712 |                        0 |                        0 |       0 |
| model.predictor.transformer.norm                         |                  768 |                        0 |                        0 |       0 |
| model.predictor.transformer.layers                       |             24222720 |                        0 |                        0 |       0 |
| model.predictor.transformer.layers.0                     |              4037120 |                        0 |                        0 |       0 |
| model.predictor.transformer.layers.0.attn                |              1574016 |                        0 |                        0 |       0 |
| model.predictor.transformer.layers.0.attn.norm           |                  768 |                        0 |                        0 |       0 |
| model.predictor.transformer.layers.0.attn.attend         |                    0 |                        0 |                        0 |       0 |
| model.predictor.transformer.layers.0.attn.to_qkv         |              1179648 |                        0 |                        0 |       0 |
| model.predictor.transformer.layers.0.attn.to_out         |               393600 |                        0 |                        0 |       0 |
| model.predictor.transformer.layers.0.attn.to_out.0       |               393600 |                        0 |                        0 |       0 |
| model.predictor.transformer.layers.0.attn.to_out.1       |                    0 |                        0 |                        0 |       0 |
| model.predictor.transformer.layers.0.mlp                 |              1576064 |                        0 |                        0 |       0 |
| model.predictor.transformer.layers.0.mlp.net             |              1576064 |                        0 |                        0 |       0 |
| model.predictor.transformer.layers.0.mlp.net.0           |                  768 |                        0 |                        0 |       0 |
| model.predictor.transformer.layers.0.mlp.net.1           |               788480 |                        0 |                        0 |       0 |
| model.predictor.transformer.layers.0.mlp.net.2           |                    0 |                        0 |                        0 |       0 |
| model.predictor.transformer.layers.0.mlp.net.3           |                    0 |                        0 |                        0 |       0 |
| model.predictor.transformer.layers.0.mlp.net.4           |               786816 |                        0 |                        0 |       0 |
| model.predictor.transformer.layers.0.mlp.net.5           |                    0 |                        0 |                        0 |       0 |
| model.predictor.transformer.layers.0.norm1               |                    0 |                        0 |                        0 |       0 |
| model.predictor.transformer.layers.0.norm2               |                    0 |                        0 |                        0 |       0 |
| model.predictor.transformer.layers.0.adaLN_modulation    |               887040 |                        0 |                        0 |       0 |
| model.predictor.transformer.layers.0.adaLN_modulation.0  |                    0 |                        0 |                        0 |       0 |
| model.predictor.transformer.layers.0.adaLN_modulation.1  |               887040 |                        0 |                        0 |       0 |
| model.predictor.transformer.layers.1                     |              4037120 |                        0 |                        0 |       0 |
| model.predictor.transformer.layers.1.attn                |              1574016 |                        0 |                        0 |       0 |
| model.predictor.transformer.layers.1.attn.norm           |                  768 |                        0 |                        0 |       0 |
| model.predictor.transformer.layers.1.attn.attend         |                    0 |                        0 |                        0 |       0 |
| model.predictor.transformer.layers.1.attn.to_qkv         |              1179648 |                        0 |                        0 |       0 |
| model.predictor.transformer.layers.1.attn.to_out         |               393600 |                        0 |                        0 |       0 |
| model.predictor.transformer.layers.1.attn.to_out.0       |               393600 |                        0 |                        0 |       0 |
| model.predictor.transformer.layers.1.attn.to_out.1       |                    0 |                        0 |                        0 |       0 |
| model.predictor.transformer.layers.1.mlp                 |              1576064 |                        0 |                        0 |       0 |
| model.predictor.transformer.layers.1.mlp.net             |              1576064 |                        0 |                        0 |       0 |
| model.predictor.transformer.layers.1.mlp.net.0           |                  768 |                        0 |                        0 |       0 |
| model.predictor.transformer.layers.1.mlp.net.1           |               788480 |                        0 |                        0 |       0 |
| model.predictor.transformer.layers.1.mlp.net.2           |                    0 |                        0 |                        0 |       0 |
| model.predictor.transformer.layers.1.mlp.net.3           |                    0 |                        0 |                        0 |       0 |
| model.predictor.transformer.layers.1.mlp.net.4           |               786816 |                        0 |                        0 |       0 |
| model.predictor.transformer.layers.1.mlp.net.5           |                    0 |                        0 |                        0 |       0 |
| model.predictor.transformer.layers.1.norm1               |                    0 |                        0 |                        0 |       0 |
| model.predictor.transformer.layers.1.norm2               |                    0 |                        0 |                        0 |       0 |
| model.predictor.transformer.layers.1.adaLN_modulation    |               887040 |                        0 |                        0 |       0 |
| model.predictor.transformer.layers.1.adaLN_modulation.0  |                    0 |                        0 |                        0 |       0 |
| model.predictor.transformer.layers.1.adaLN_modulation.1  |               887040 |                        0 |                        0 |       0 |
| model.predictor.transformer.layers.2                     |              4037120 |                        0 |                        0 |       0 |
| model.predictor.transformer.layers.2.attn                |              1574016 |                        0 |                        0 |       0 |
| model.predictor.transformer.layers.2.attn.norm           |                  768 |                        0 |                        0 |       0 |
| model.predictor.transformer.layers.2.attn.attend         |                    0 |                        0 |                        0 |       0 |
| model.predictor.transformer.layers.2.attn.to_qkv         |              1179648 |                        0 |                        0 |       0 |
| model.predictor.transformer.layers.2.attn.to_out         |               393600 |                        0 |                        0 |       0 |
| model.predictor.transformer.layers.2.attn.to_out.0       |               393600 |                        0 |                        0 |       0 |
| model.predictor.transformer.layers.2.attn.to_out.1       |                    0 |                        0 |                        0 |       0 |
| model.predictor.transformer.layers.2.mlp                 |              1576064 |                        0 |                        0 |       0 |
| model.predictor.transformer.layers.2.mlp.net             |              1576064 |                        0 |                        0 |       0 |
| model.predictor.transformer.layers.2.mlp.net.0           |                  768 |                        0 |                        0 |       0 |
| model.predictor.transformer.layers.2.mlp.net.1           |               788480 |                        0 |                        0 |       0 |
| model.predictor.transformer.layers.2.mlp.net.2           |                    0 |                        0 |                        0 |       0 |
| model.predictor.transformer.layers.2.mlp.net.3           |                    0 |                        0 |                        0 |       0 |
| model.predictor.transformer.layers.2.mlp.net.4           |               786816 |                        0 |                        0 |       0 |
| model.predictor.transformer.layers.2.mlp.net.5           |                    0 |                        0 |                        0 |       0 |
| model.predictor.transformer.layers.2.norm1               |                    0 |                        0 |                        0 |       0 |
| model.predictor.transformer.layers.2.norm2               |                    0 |                        0 |                        0 |       0 |
| model.predictor.transformer.layers.2.adaLN_modulation    |               887040 |                        0 |                        0 |       0 |
| model.predictor.transformer.layers.2.adaLN_modulation.0  |                    0 |                        0 |                        0 |       0 |
| model.predictor.transformer.layers.2.adaLN_modulation.1  |               887040 |                        0 |                        0 |       0 |
| model.predictor.transformer.layers.3                     |              4037120 |                        0 |                        0 |       0 |
| model.predictor.transformer.layers.3.attn                |              1574016 |                        0 |                        0 |       0 |
| model.predictor.transformer.layers.3.attn.norm           |                  768 |                        0 |                        0 |       0 |
| model.predictor.transformer.layers.3.attn.attend         |                    0 |                        0 |                        0 |       0 |
| model.predictor.transformer.layers.3.attn.to_qkv         |              1179648 |                        0 |                        0 |       0 |
| model.predictor.transformer.layers.3.attn.to_out         |               393600 |                        0 |                        0 |       0 |
| model.predictor.transformer.layers.3.attn.to_out.0       |               393600 |                        0 |                        0 |       0 |
| model.predictor.transformer.layers.3.attn.to_out.1       |                    0 |                        0 |                        0 |       0 |
| model.predictor.transformer.layers.3.mlp                 |              1576064 |                        0 |                        0 |       0 |
| model.predictor.transformer.layers.3.mlp.net             |              1576064 |                        0 |                        0 |       0 |
| model.predictor.transformer.layers.3.mlp.net.0           |                  768 |                        0 |                        0 |       0 |
| model.predictor.transformer.layers.3.mlp.net.1           |               788480 |                        0 |                        0 |       0 |
| model.predictor.transformer.layers.3.mlp.net.2           |                    0 |                        0 |                        0 |       0 |
| model.predictor.transformer.layers.3.mlp.net.3           |                    0 |                        0 |                        0 |       0 |
| model.predictor.transformer.layers.3.mlp.net.4           |               786816 |                        0 |                        0 |       0 |
| model.predictor.transformer.layers.3.mlp.net.5           |                    0 |                        0 |                        0 |       0 |
| model.predictor.transformer.layers.3.norm1               |                    0 |                        0 |                        0 |       0 |
| model.predictor.transformer.layers.3.norm2               |                    0 |                        0 |                        0 |       0 |
| model.predictor.transformer.layers.3.adaLN_modulation    |               887040 |                        0 |                        0 |       0 |
| model.predictor.transformer.layers.3.adaLN_modulation.0  |                    0 |                        0 |                        0 |       0 |
| model.predictor.transformer.layers.3.adaLN_modulation.1  |               887040 |                        0 |                        0 |       0 |
| model.predictor.transformer.layers.4                     |              4037120 |                        0 |                        0 |       0 |
| model.predictor.transformer.layers.4.attn                |              1574016 |                        0 |                        0 |       0 |
| model.predictor.transformer.layers.4.attn.norm           |                  768 |                        0 |                        0 |       0 |
| model.predictor.transformer.layers.4.attn.attend         |                    0 |                        0 |                        0 |       0 |
| model.predictor.transformer.layers.4.attn.to_qkv         |              1179648 |                        0 |                        0 |       0 |
| model.predictor.transformer.layers.4.attn.to_out         |               393600 |                        0 |                        0 |       0 |
| model.predictor.transformer.layers.4.attn.to_out.0       |               393600 |                        0 |                        0 |       0 |
| model.predictor.transformer.layers.4.attn.to_out.1       |                    0 |                        0 |                        0 |       0 |
| model.predictor.transformer.layers.4.mlp                 |              1576064 |                        0 |                        0 |       0 |
| model.predictor.transformer.layers.4.mlp.net             |              1576064 |                        0 |                        0 |       0 |
| model.predictor.transformer.layers.4.mlp.net.0           |                  768 |                        0 |                        0 |       0 |
| model.predictor.transformer.layers.4.mlp.net.1           |               788480 |                        0 |                        0 |       0 |
| model.predictor.transformer.layers.4.mlp.net.2           |                    0 |                        0 |                        0 |       0 |
| model.predictor.transformer.layers.4.mlp.net.3           |                    0 |                        0 |                        0 |       0 |
| model.predictor.transformer.layers.4.mlp.net.4           |               786816 |                        0 |                        0 |       0 |
| model.predictor.transformer.layers.4.mlp.net.5           |                    0 |                        0 |                        0 |       0 |
| model.predictor.transformer.layers.4.norm1               |                    0 |                        0 |                        0 |       0 |
| model.predictor.transformer.layers.4.norm2               |                    0 |                        0 |                        0 |       0 |
| model.predictor.transformer.layers.4.adaLN_modulation    |               887040 |                        0 |                        0 |       0 |
| model.predictor.transformer.layers.4.adaLN_modulation.0  |                    0 |                        0 |                        0 |       0 |
| model.predictor.transformer.layers.4.adaLN_modulation.1  |               887040 |                        0 |                        0 |       0 |
| model.predictor.transformer.layers.5                     |              4037120 |                        0 |                        0 |       0 |
| model.predictor.transformer.layers.5.attn                |              1574016 |                        0 |                        0 |       0 |
| model.predictor.transformer.layers.5.attn.norm           |                  768 |                        0 |                        0 |       0 |
| model.predictor.transformer.layers.5.attn.attend         |                    0 |                        0 |                        0 |       0 |
| model.predictor.transformer.layers.5.attn.to_qkv         |              1179648 |                        0 |                        0 |       0 |
| model.predictor.transformer.layers.5.attn.to_out         |               393600 |                        0 |                        0 |       0 |
| model.predictor.transformer.layers.5.attn.to_out.0       |               393600 |                        0 |                        0 |       0 |
| model.predictor.transformer.layers.5.attn.to_out.1       |                    0 |                        0 |                        0 |       0 |
| model.predictor.transformer.layers.5.mlp                 |              1576064 |                        0 |                        0 |       0 |
| model.predictor.transformer.layers.5.mlp.net             |              1576064 |                        0 |                        0 |       0 |
| model.predictor.transformer.layers.5.mlp.net.0           |                  768 |                        0 |                        0 |       0 |
| model.predictor.transformer.layers.5.mlp.net.1           |               788480 |                        0 |                        0 |       0 |
| model.predictor.transformer.layers.5.mlp.net.2           |                    0 |                        0 |                        0 |       0 |
| model.predictor.transformer.layers.5.mlp.net.3           |                    0 |                        0 |                        0 |       0 |
| model.predictor.transformer.layers.5.mlp.net.4           |               786816 |                        0 |                        0 |       0 |
| model.predictor.transformer.layers.5.mlp.net.5           |                    0 |                        0 |                        0 |       0 |
| model.predictor.transformer.layers.5.norm1               |                    0 |                        0 |                        0 |       0 |
| model.predictor.transformer.layers.5.norm2               |                    0 |                        0 |                        0 |       0 |
| model.predictor.transformer.layers.5.adaLN_modulation    |               887040 |                        0 |                        0 |       0 |
| model.predictor.transformer.layers.5.adaLN_modulation.0  |                    0 |                        0 |                        0 |       0 |
| model.predictor.transformer.layers.5.adaLN_modulation.1  |               887040 |                        0 |                        0 |       0 |
| model.predictor.transformer.input_proj                   |                74112 |                        0 |                        0 |       0 |
| model.predictor.transformer.cond_proj                    |                74112 |                        0 |                        0 |       0 |
| model.predictor.transformer.output_proj                  |                    0 |                        0 |                        0 |       0 |
| model.action_encoder                                     |               156126 |                        0 |                        0 |       0 |
| model.action_encoder.patch_embed                         |                   30 |                        0 |                        0 |       0 |
| model.action_encoder.embed                               |               156096 |                        0 |                        0 |       0 |
| model.action_encoder.embed.0                             |                 8448 |                        0 |                        0 |       0 |
| model.action_encoder.embed.1                             |                    0 |                        0 |                        0 |       0 |
| model.action_encoder.embed.2                             |               147648 |                        0 |                        0 |       0 |
| model.projector                                          |              1185984 |                        0 |                        0 |    4097 |
| model.projector.net                                      |              1185984 |                        0 |                        0 |    4097 |
| model.projector.net.0                                    |               788480 |                        0 |                        0 |       0 |
| model.projector.net.1                                    |                 4096 |                        0 |                        0 |    4097 |
| model.projector.net.2                                    |                    0 |                        0 |                        0 |       0 |
| model.projector.net.3                                    |               393408 |                        0 |                        0 |       0 |
| model.pred_proj                                          |              1185984 |                        0 |                        0 |    4097 |
| model.pred_proj.net                                      |              1185984 |                        0 |                        0 |    4097 |
| model.pred_proj.net.0                                    |               788480 |                        0 |                        0 |       0 |
| model.pred_proj.net.1                                    |                 4096 |                        0 |                        0 |    4097 |
| model.pred_proj.net.2                                    |                    0 |                        0 |                        0 |       0 |
| model.pred_proj.net.3                                    |               393408 |                        0 |                        0 |       0 |
| model.probe_head                                         |                  386 |                        0 |                        0 |       0 |
| model.dynamics                                           |                  450 |                        0 |                        0 |       0 |
| model.dynamics.accel                                     |                  450 |                        0 |                        0 |       0 |
| model.dynamics.accel.0                                   |                  320 |                        0 |                        0 |       0 |
| model.dynamics.accel.1                                   |                    0 |                        0 |                        0 |       0 |
| model.dynamics.accel.2                                   |                  130 |                        0 |                        0 |       0 |
| sigreg                                                   |                    0 |                        0 |                        0 |      51 |
+----------------------------------------------------------+----------------------+--------------------------+--------------------------+---------+
16:05:01 | WARN  | env_info.py | ! pip freeze failed: Command '['/home/likun-share/junjxu/wm/le-wm/.venv/bin/python', '-m', 'pip', 'freeze']' returned non-zero exit status 1.
16:05:01 | INFO  | utils.py    | ── SLURM ─────────────────────────────────────────
16:05:01 | OK    | env_info.py | ✓ Packages: 0 packages collected in 0.04s
16:05:01 | INFO  | trainer_inf~|   Job ID: N/A
16:05:01 | INFO  | trainer_inf~|   Task ID: N/A
16:05:01 | INFO  | trainer_inf~|   Job Name: N/A
16:05:01 | INFO  | trainer_inf~|   Nodes: N/A
16:05:01 | INFO  | trainer_inf~|   Tasks: N/A
16:05:01 | INFO  | trainer_inf~|   CPUs per node: N/A
16:05:01 | INFO  | trainer_inf~|   CPUs per task: N/A
16:05:01 | INFO  | trainer_inf~|   Memory per node: N/A
16:05:01 | INFO  | trainer_inf~|   Memory per CPU: N/A
16:05:01 | INFO  | trainer_inf~|   Time limit: N/A
16:05:01 | INFO  | trainer_inf~|   Partition: N/A
16:05:01 | INFO  | trainer_inf~|   Node List: N/A
16:05:01 | INFO  | trainer_inf~|   Submit Directory: N/A
16:05:01 | INFO  | utils.py    | ── HardwareMonitor ───────────────────────────────
16:05:01 | INFO  | hardware_mo~|   interval: 10.0s
16:05:01 | INFO  | hardware_mo~|   prefix:   'hardware/'
16:05:01 | INFO  | hardware_mo~|   metrics:  cpu=True ram=True disk=True net=True gpu=True
16:05:01 | INFO  | hardware_mo~|   per-rank: rank 0 only
LOCAL_RANK: 0 - CUDA_VISIBLE_DEVICES: [1]
16:05:01 | WARN  | hardware_mo~| HardwareMonitor: pynvml unavailable (ModuleNotFoundError("No module named 'pynvml'")); GPU metrics disabled.
16:05:01 | INFO  | utils.py    | ── Optimizers ────────────────────────────────────
16:05:01 | INFO  | module.py   |   Optimizer specified by Dict with keys ['model_opt']
16:05:01 | INFO  | module.py   | 
┏━━━━━━━━━━━━━┳━━━━━━━━━━━┳━━━━━━━━━━━━━━━━━━━┳━━━━━━━━━━━━━━━━━┳━━━━━━━━━━━━━━━━┳━━━━━━━━━━━━━━━━━━━━━━━━┓
┃ Optimizer   ┃ Pattern   ┃   Matched Modules ┃   Param Tensors ┃   Total Params ┃   RequiresGrad Tensors ┃
┣━━━━━━━━━━━━━╋━━━━━━━━━━━╋━━━━━━━━━━━━━━━━━━━╋━━━━━━━━━━━━━━━━━╋━━━━━━━━━━━━━━━━╋━━━━━━━━━━━━━━━━━━━━━━━━┫
┃ model_opt   ┃ model     ┃               383 ┃             332 ┃       48957794 ┃                    109 ┃
┗━━━━━━━━━━━━━┻━━━━━━━━━━━┻━━━━━━━━━━━━━━━━━━━┻━━━━━━━━━━━━━━━━━┻━━━━━━━━━━━━━━━━┻━━━━━━━━━━━━━━━━━━━━━━━━┛
16:05:01 | INFO  | lr_schedule~| 	User provided a dict
Loading `train_dataloader` to estimate number of stepping batches.
/home/likun-share/junjxu/wm/le-wm/.venv/lib/python3.10/site-packages/lance/__init__.py:320: UserWarning: lance is not fork-safe. If you are using multiprocessing, use spawn or forkserver instead.
  warnings.warn(
/usr/lib/python3.10/multiprocessing/popen_fork.py:66: RuntimeWarning: lancedb fork support is experimental: the internal async runtime has been reset in the forked child, but a small chance of deadlock remains if other state was mid-operation at fork time. The 'forkserver' or 'spawn' multiprocessing start method is likely a safer alternative.
  self.pid = os.fork()
/usr/lib/python3.10/multiprocessing/popen_fork.py:66: RuntimeWarning: lancedb fork support is experimental: the internal async runtime has been reset in the forked child, but a small chance of deadlock remains if other state was mid-operation at fork time. The 'forkserver' or 'spawn' multiprocessing start method is likely a safer alternative.
  self.pid = os.fork()
16:05:01 | INFO  | module.py   |   Configured optimizer 'model_opt' (modules=383, param_tensors=332, total_params=48957794) with LinearWarmupCosineAnnealingLR scheduler.
/home/likun-share/junjxu/wm/le-wm/.venv/lib/python3.10/site-packages/lightning/pytorch/utilities/model_summary/model_summary.py:242: Precision bf16-mixed is not supported by the model summary.  Estimated model size in MB will not be accurate. Using 32 bits instead.
┏━━━┳━━━━━━━━━━━━━━━━━━━┳━━━━━━━━━━━━┳━━━━━━━━┳━━━━━━━┳━━━━━━━┓
┃   ┃ Name              ┃ Type       ┃ Params ┃ Mode  ┃ FLOPs ┃
┡━━━╇━━━━━━━━━━━━━━━━━━━╇━━━━━━━━━━━━╇━━━━━━━━╇━━━━━━━╇━━━━━━━┩
│ 0 │ callbacks_modules │ ModuleDict │      0 │ train │     0 │
│ 1 │ callbacks_metrics │ ModuleDict │      0 │ train │     0 │
│ 2 │ model             │ JEPA       │ 49.0 M │ train │     0 │
│ 3 │ sigreg            │ SIGReg     │      0 │ train │     0 │
└───┴───────────────────┴────────────┴────────┴───────┴───────┘
Trainable params: 26.9 M                                                        
Non-trainable params: 22.1 M                                                    
Total params: 49.0 M                                                            
Total estimated model params size (MB): 195.831                                 
Modules in train mode: 162                                                      
Modules in eval mode: 224                                                       
Total FLOPs: 0                                                                  
16:05:01 | INFO  | logger.py   | [RegistryLogger] summary.json flushed (0 metrics, step=0, epoch=0) → /data1/likun-share/junjxu/.cache_stable-pretraining/runs/20260716/160500/8c262c0794ec/summary.json
/usr/lib/python3.10/multiprocessing/popen_fork.py:66: RuntimeWarning: lancedb fork support is experimental: the internal async runtime has been reset in the forked child, but a small chance of deadlock remains if other state was mid-operation at fork time. The 'forkserver' or 'spawn' multiprocessing start method is likely a safer alternative.
  self.pid = os.fork()
16:05:01 | OK    | env_info.py | ✓ NVIDIA Driver: 580.65.06
/usr/lib/python3.10/multiprocessing/popen_fork.py:66: RuntimeWarning: lancedb fork support is experimental: the internal async runtime has been reset in the forked child, but a small chance of deadlock remains if other state was mid-operation at fork time. The 'forkserver' or 'spawn' multiprocessing start method is likely a safer alternative.
  self.pid = os.fork()
16:05:01 | OK    | env_info.py | ✓ Git: main @ 24306195
16:05:01 | INFO  | env_info.py |   Remote: git@github.com-xuustc99:XuUSTC99/wm.git
16:05:01 | WARN  | env_info.py | ! Working directory has uncommitted changes
16:05:01 | OK    | env_info.py | ✓ Environment: 4 relevant variables captured
16:05:01 | INFO  | env_info.py |   Serializing environment data...
16:05:01 | INFO  | env_info.py |   File exists, using version 493: environment_v493.json
16:05:01 | INFO  | env_info.py |   File exists, using version 495: requirements_frozen_v495.txt
16:05:01 | INFO  | env_info.py |   Save directory: /home/likun-share/.cache/stable-pretraining
16:05:01 | INFO  | env_info.py |   Writing environment to temp file...
16:05:01 | INFO  | env_info.py |   Moving to: environment_v493.json
16:05:01 | OK    | env_info.py | ✓ Environment file saved (2.5 KB)
16:05:01 | OK    | env_info.py | ✓ Requirements file saved (0.1 KB)
/home/likun-share/junjxu/wm/le-wm/.venv/lib/python3.10/site-packages/lightning/pytorch/utilities/data.py:79: Trying to infer the `batch_size` from an ambiguous collection. The batch size we found is 64. To avoid any miscalculations, use `self.log(..., batch_size=batch_size)`.
16:05:07 | INFO  | trainer_inf~| \n+--------------------------------+--------------------+
|             Metric             |       Value        |
+--------------------------------+--------------------+
|         [0;34;40mvalidate/loss[0m          | [0;32;40m5.645659923553467[0m  |
|      [0;34;40mvalidate/loss_epoch[0m       | [0;32;40m5.645659923553467[0m  |
|       [0;34;40mvalidate/pred_loss[0m       | [0;32;40m0.4178878962993622[0m |
|    [0;34;40mvalidate/pred_loss_epoch[0m    | [0;32;40m0.4178878962993622[0m |
|      [0;34;40mvalidate/sigreg_loss[0m      |        [0;32;40m40.5[0m        |
|   [0;34;40mvalidate/sigreg_loss_epoch[0m   |        [0;32;40m40.5[0m        |
|    [0;34;40mvalidate/structured_loss[0m    | [0;32;40m1.5871471166610718[0m |
| [0;34;40mvalidate/structured_loss_epoch[0m | [0;32;40m1.5871471166610718[0m |
+--------------------------------+--------------------+
/home/likun-share/junjxu/wm/le-wm/.venv/lib/python3.10/site-packages/lightning/pytorch/loops/fit_loop.py:538: Found 224 module(s) in eval mode at the start of training. This may lead to unexpected behavior during training. If this is intentional, you can ignore this warning.
16:05:07 | WARN  | hf_models.py| ! No Hugging Face (PreTrainedModel) submodules found in LightningModule.
16:05:07 | INFO  | utils.py    | ── Optimizers ────────────────────────────────────
16:05:07 | INFO  | module.py   |   self.optimizers() gave us 1 optimizers
16:05:07 | WARN  | module.py   | ! No clip val found for optimizer default_0
16:05:07 | WARN  | module.py   | ! Will use the Trainer's value of 1.0
16:05:07 | WARN  | module.py   | ! No clip algorithm found for optimizer default_0
16:05:07 | WARN  | module.py   | ! Will use the Trainer's value of None
16:05:07 | OK    | module.py   | ✓ Optimizer check complete:
+------------+-----------+----------------+-----------+-----------+
| Opt. Index | Opt. name |      opt       | clip val. | clip alg. |
+------------+-----------+----------------+-----------+-----------+
|     0      | default_0 | LightningAdamW |    1.0    |    None   |
+------------+-----------+----------------+-----------+-----------+
16:05:07 | INFO  | utils.py    | ── LogUnusedParametersOnce ───────────────────────
16:05:07 | INFO  | unused_para~|   registered hooks on 109 leaf parameters
16:05:08 | WARN  | unused_para~| ! the following parameters did NOT receive gradients on the first backward pass (potentially causing Lightning's 'unused parameters' error):
16:05:08 | WARN  | unused_para~|   model.probe_head.weight
16:05:08 | WARN  | unused_para~|   model.probe_head.bias
16:05:08 | INFO  | unused_para~|   hooks removed, callback disabled
[Epoch 0/20] step 50/309 (1.2 it/s)
[Epoch 0/20] step 100/309 (0.9 it/s)
[Epoch 0/20] step 150/309 (0.8 it/s)
[Epoch 0/20] step 200/309 (0.8 it/s)
[Epoch 0/20] step 250/309 (0.8 it/s)
[Epoch 0/20] step 300/309 (0.8 it/s)
/home/likun-share/junjxu/wm/le-wm/.venv/lib/python3.10/site-packages/lightning/pytorch/utilities/data.py:79: Trying to infer the `batch_size` from an ambiguous collection. The batch size we found is 23. To avoid any miscalculations, use `self.log(..., batch_size=batch_size)`.
16:12:38 | INFO  | trainer_inf~| \n+--------------------------------+-----------------------+
|             Metric             |         Value         |
+--------------------------------+-----------------------+
|            [0;34;40mfit/loss[0m            |   [0;32;40m0.5152120590209961[0m  |
|         [0;34;40mfit/pred_loss[0m          |   [0;32;40m0.1494271457195282[0m  |
|        [0;34;40mfit/sigreg_loss[0m         |        [0;32;40m3.90625[0m        |
|      [0;34;40mfit/structured_loss[0m       |  [0;32;40m0.014222403056919575[0m |
|      [0;34;40mhardware/cpu_percent[0m      |          [0;32;40m96.5[0m         |
|    [0;34;40mhardware/disk_read_mb_s[0m     |   [0;32;40m1.265489101409912[0m   |
|    [0;34;40mhardware/disk_write_mb_s[0m    |   [0;32;40m6.664024353027344[0m   |
|     [0;34;40mhardware/net_recv_mb_s[0m     |    [0;32;40m4.62206506729126[0m   |
|     [0;34;40mhardware/net_sent_mb_s[0m     |   [0;32;40m0.2118968516588211[0m  |
|      [0;34;40mhardware/ram_used_gb[0m      |   [0;32;40m495.5775451660156[0m   |
|     [0;34;40mhardware/ram_used_pct[0m      |   [0;32;40m49.20000076293945[0m   |
|      [0;34;40mhparams/lr_default_0[0m      | [0;32;40m4.979762161383405e-05[0m |
|         [0;34;40mvalidate/loss[0m          |   [0;32;40m0.5892770886421204[0m  |
|      [0;34;40mvalidate/loss_epoch[0m       |   [0;32;40m0.5892770886421204[0m  |
|       [0;34;40mvalidate/pred_loss[0m       |  [0;32;40m0.16870208084583282[0m  |
|    [0;34;40mvalidate/pred_loss_epoch[0m    |  [0;32;40m0.16870208084583282[0m  |
|      [0;34;40mvalidate/sigreg_loss[0m      |   [0;32;40m4.397943496704102[0m   |
|   [0;34;40mvalidate/sigreg_loss_epoch[0m   |   [0;32;40m4.397943496704102[0m   |
|    [0;34;40mvalidate/structured_loss[0m    |  [0;32;40m0.024829097092151642[0m |
| [0;34;40mvalidate/structured_loss_epoch[0m |  [0;32;40m0.024829097092151642[0m |
+--------------------------------+-----------------------+
[Epoch 0/20] done in 452.0s
16:12:39 | INFO  | checkpoint_~|   Checking for non PyTorch modules to save
16:12:39 | INFO  | atomic_chec~| [atomic_save] → /data1/likun-share/junjxu/.cache_stable-pretraining/runs/20260716/160500/8c262c0794ec/checkpoints/epoch=0-step=309.ckpt
16:12:41 | INFO  | atomic_chec~| [atomic_save] ✓ epoch=0-step=309.ckpt saved (392.3 MiB, serialise=1.41s write=1.11s rename=0.1ms)
16:12:41 | INFO  | checkpoint_~|   Checking for non PyTorch modules to save
16:12:41 | INFO  | atomic_chec~| [atomic_save] → /data1/likun-share/junjxu/.cache_stable-pretraining/runs/20260716/160500/8c262c0794ec/checkpoints/last.ckpt
16:12:44 | INFO  | atomic_chec~| [atomic_save] ✓ last.ckpt saved (392.3 MiB, serialise=1.32s write=1.12s rename=0.1ms)
[Epoch 1/20] step 50/309 (0.7 it/s)
[Epoch 1/20] step 100/309 (0.7 it/s)
[Epoch 1/20] step 150/309 (0.7 it/s)
[Epoch 1/20] step 200/309 (0.7 it/s)
[Epoch 1/20] step 250/309 (0.7 it/s)
[Epoch 1/20] step 300/309 (0.7 it/s)
16:21:12 | INFO  | trainer_inf~| \n+--------------------------------+------------------------+
|             Metric             |         Value          |
+--------------------------------+------------------------+
|            [0;34;40mfit/loss[0m            |  [0;32;40m0.44750088453292847[0m   |
|         [0;34;40mfit/pred_loss[0m          |  [0;32;40m0.13948117196559906[0m   |
|        [0;34;40mfit/sigreg_loss[0m         |        [0;32;40m3.296875[0m        |
|      [0;34;40mfit/structured_loss[0m       |  [0;32;40m0.011144710704684258[0m  |
|      [0;34;40mhardware/cpu_percent[0m      |    [0;32;40m99.5999984741211[0m    |
|    [0;34;40mhardware/disk_read_mb_s[0m     | [0;32;40m0.00039035140071064234[0m |
|    [0;34;40mhardware/disk_write_mb_s[0m    |   [0;32;40m0.6550096273422241[0m   |
|     [0;34;40mhardware/net_recv_mb_s[0m     |   [0;32;40m2.3399155139923096[0m   |
|     [0;34;40mhardware/net_sent_mb_s[0m     |   [0;32;40m2.390044927597046[0m    |
|      [0;34;40mhardware/ram_used_gb[0m      |   [0;32;40m532.2910766601562[0m    |
|     [0;34;40mhardware/ram_used_pct[0m      |   [0;32;40m52.79999923706055[0m    |
|      [0;34;40mhparams/lr_default_0[0m      | [0;32;40m4.898469342151657e-05[0m  |
|         [0;34;40mvalidate/loss[0m          |   [0;32;40m0.4596565067768097[0m   |
|      [0;34;40mvalidate/loss_epoch[0m       |   [0;32;40m0.4596565067768097[0m   |
|       [0;34;40mvalidate/pred_loss[0m       |  [0;32;40m0.11409293860197067[0m   |
|    [0;34;40mvalidate/pred_loss_epoch[0m    |  [0;32;40m0.11409293860197067[0m   |
|      [0;34;40mvalidate/sigreg_loss[0m      |   [0;32;40m3.734339475631714[0m    |
|   [0;34;40mvalidate/sigreg_loss_epoch[0m   |   [0;32;40m3.734339475631714[0m    |
|    [0;34;40mvalidate/structured_loss[0m    |  [0;32;40m0.009386252611875534[0m  |
| [0;34;40mvalidate/structured_loss_epoch[0m |  [0;32;40m0.009386252611875534[0m  |
+--------------------------------+------------------------+
[Epoch 1/20] done in 508.8s
16:21:13 | INFO  | checkpoint_~|   Checking for non PyTorch modules to save
16:21:13 | INFO  | atomic_chec~| [atomic_save] → /data1/likun-share/junjxu/.cache_stable-pretraining/runs/20260716/160500/8c262c0794ec/checkpoints/epoch=1-step=618.ckpt
16:21:15 | INFO  | atomic_chec~| [atomic_save] ✓ epoch=1-step=618.ckpt saved (392.3 MiB, serialise=1.11s write=1.04s rename=0.1ms)
16:21:15 | INFO  | checkpoint_~|   Checking for non PyTorch modules to save
16:21:15 | INFO  | atomic_chec~| [atomic_save] → /data1/likun-share/junjxu/.cache_stable-pretraining/runs/20260716/160500/8c262c0794ec/checkpoints/last.ckpt
16:21:18 | INFO  | atomic_chec~| [atomic_save] ✓ last.ckpt saved (392.3 MiB, serialise=1.33s write=0.96s rename=187.1ms)
[Epoch 2/20] step 50/309 (0.7 it/s)
[Epoch 2/20] step 100/309 (0.7 it/s)
[Epoch 2/20] step 150/309 (0.7 it/s)
[Epoch 2/20] step 200/309 (0.7 it/s)
[Epoch 2/20] step 250/309 (0.7 it/s)
[Epoch 2/20] step 300/309 (0.7 it/s)
16:29:41 | INFO  | trainer_inf~| \n+--------------------------------+-----------------------+
|             Metric             |         Value         |
+--------------------------------+-----------------------+
|            [0;34;40mfit/loss[0m            |  [0;32;40m0.42794808745384216[0m  |
|         [0;34;40mfit/pred_loss[0m          |  [0;32;40m0.11472507566213608[0m  |
|        [0;34;40mfit/sigreg_loss[0m         |        [0;32;40m2.921875[0m       |
|      [0;34;40mfit/structured_loss[0m       |  [0;32;40m0.049551136791706085[0m |
|      [0;34;40mhardware/cpu_percent[0m      |   [0;32;40m99.19999694824219[0m   |
|    [0;34;40mhardware/disk_read_mb_s[0m     |   [0;32;40m1.138587236404419[0m   |
|    [0;34;40mhardware/disk_write_mb_s[0m    |   [0;32;40m59.522029876708984[0m  |
|     [0;34;40mhardware/net_recv_mb_s[0m     |   [0;32;40m2.339503526687622[0m   |
|     [0;34;40mhardware/net_sent_mb_s[0m     |   [0;32;40m2.3690237998962402[0m  |
|      [0;34;40mhardware/ram_used_gb[0m      |       [0;32;40m546.59375[0m       |
|     [0;34;40mhardware/ram_used_pct[0m      |   [0;32;40m54.29999923706055[0m   |
|      [0;34;40mhparams/lr_default_0[0m      | [0;32;40m4.756937414640561e-05[0m |
|         [0;34;40mvalidate/loss[0m          |  [0;32;40m0.43454015254974365[0m  |
|      [0;34;40mvalidate/loss_epoch[0m       |  [0;32;40m0.43454015254974365[0m  |
|       [0;34;40mvalidate/pred_loss[0m       |   [0;32;40m0.0955527275800705[0m  |
|    [0;34;40mvalidate/pred_loss_epoch[0m    |   [0;32;40m0.0955527275800705[0m  |
|      [0;34;40mvalidate/sigreg_loss[0m      |   [0;32;40m3.3643808364868164[0m  |
|   [0;34;40mvalidate/sigreg_loss_epoch[0m   |   [0;32;40m3.3643808364868164[0m  |
|    [0;34;40mvalidate/structured_loss[0m    |  [0;32;40m0.03626500815153122[0m  |
| [0;34;40mvalidate/structured_loss_epoch[0m |  [0;32;40m0.03626500815153122[0m  |
+--------------------------------+-----------------------+
[Epoch 2/20] done in 503.7s
16:29:42 | INFO  | checkpoint_~|   Checking for non PyTorch modules to save
16:29:42 | INFO  | atomic_chec~| [atomic_save] → /data1/likun-share/junjxu/.cache_stable-pretraining/runs/20260716/160500/8c262c0794ec/checkpoints/epoch=2-step=927.ckpt
16:29:44 | INFO  | atomic_chec~| [atomic_save] ✓ epoch=2-step=927.ckpt saved (392.3 MiB, serialise=1.17s write=1.01s rename=0.1ms)
16:29:44 | INFO  | checkpoint_~|   Checking for non PyTorch modules to save
16:29:44 | INFO  | atomic_chec~| [atomic_save] → /data1/likun-share/junjxu/.cache_stable-pretraining/runs/20260716/160500/8c262c0794ec/checkpoints/last.ckpt
16:29:47 | INFO  | atomic_chec~| [atomic_save] ✓ last.ckpt saved (392.3 MiB, serialise=1.38s write=1.09s rename=199.3ms)
[Epoch 3/20] step 50/309 (0.6 it/s)
[Epoch 3/20] step 100/309 (0.6 it/s)
[Epoch 3/20] step 150/309 (0.6 it/s)
[Epoch 3/20] step 200/309 (0.6 it/s)
[Epoch 3/20] step 250/309 (0.6 it/s)
[Epoch 3/20] step 300/309 (0.6 it/s)
16:38:56 | INFO  | trainer_inf~| \n+--------------------------------+-----------------------+
|             Metric             |         Value         |
+--------------------------------+-----------------------+
|            [0;34;40mfit/loss[0m            |   [0;32;40m0.3430885076522827[0m  |
|         [0;34;40mfit/pred_loss[0m          |  [0;32;40m0.09375717490911484[0m  |
|        [0;34;40mfit/sigreg_loss[0m         |        [0;32;40m2.609375[0m       |
|      [0;34;40mfit/structured_loss[0m       |  [0;32;40m0.014956312254071236[0m |
|      [0;34;40mhardware/cpu_percent[0m      |    [0;32;40m96.4000015258789[0m   |
|    [0;34;40mhardware/disk_read_mb_s[0m     | [0;32;40m0.0019521790090948343[0m |
|    [0;34;40mhardware/disk_write_mb_s[0m    |   [0;32;40m79.18193817138672[0m   |
|     [0;34;40mhardware/net_recv_mb_s[0m     |  [0;32;40m0.048621077090501785[0m |
|     [0;34;40mhardware/net_sent_mb_s[0m     |  [0;32;40m0.08509021997451782[0m  |
|      [0;34;40mhardware/ram_used_gb[0m      |   [0;32;40m521.0647583007812[0m   |
|     [0;34;40mhardware/ram_used_pct[0m      |   [0;32;40m51.70000076293945[0m   |
|      [0;34;40mhparams/lr_default_0[0m      | [0;32;40m4.558720684144646e-05[0m |
|         [0;34;40mvalidate/loss[0m          |   [0;32;40m0.3754021227359772[0m  |
|      [0;34;40mvalidate/loss_epoch[0m       |   [0;32;40m0.3754021227359772[0m  |
|       [0;34;40mvalidate/pred_loss[0m       |  [0;32;40m0.08319701254367828[0m  |
|    [0;34;40mvalidate/pred_loss_epoch[0m    |  [0;32;40m0.08319701254367828[0m  |
|      [0;34;40mvalidate/sigreg_loss[0m      |   [0;32;40m3.1650359630584717[0m  |
|   [0;34;40mvalidate/sigreg_loss_epoch[0m   |   [0;32;40m3.1650359630584717[0m  |
|    [0;34;40mvalidate/structured_loss[0m    |  [0;32;40m0.007484077010303736[0m |
| [0;34;40mvalidate/structured_loss_epoch[0m |  [0;32;40m0.007484077010303736[0m |
+--------------------------------+-----------------------+
[Epoch 3/20] done in 549.1s
16:38:56 | INFO  | checkpoint_~|   Checking for non PyTorch modules to save
16:38:56 | INFO  | atomic_chec~| [atomic_save] → /data1/likun-share/junjxu/.cache_stable-pretraining/runs/20260716/160500/8c262c0794ec/checkpoints/epoch=3-step=1236.ckpt
16:38:59 | INFO  | atomic_chec~| [atomic_save] ✓ epoch=3-step=1236.ckpt saved (392.3 MiB, serialise=1.29s write=1.21s rename=0.1ms)
16:38:59 | INFO  | checkpoint_~|   Checking for non PyTorch modules to save
16:38:59 | INFO  | atomic_chec~| [atomic_save] → /data1/likun-share/junjxu/.cache_stable-pretraining/runs/20260716/160500/8c262c0794ec/checkpoints/last.ckpt
16:39:02 | INFO  | atomic_chec~| [atomic_save] ✓ last.ckpt saved (392.3 MiB, serialise=1.27s write=1.10s rename=368.9ms)
[Epoch 4/20] step 50/309 (0.6 it/s)
[Epoch 4/20] step 100/309 (0.6 it/s)
[Epoch 4/20] step 150/309 (0.6 it/s)
[Epoch 4/20] step 200/309 (0.6 it/s)
[Epoch 4/20] step 250/309 (0.6 it/s)
[Epoch 4/20] step 300/309 (0.6 it/s)
16:48:12 | INFO  | trainer_inf~| \n+--------------------------------+-----------------------+
|             Metric             |         Value         |
+--------------------------------+-----------------------+
|            [0;34;40mfit/loss[0m            |    [0;32;40m0.35172039270401[0m   |
|         [0;34;40mfit/pred_loss[0m          |  [0;32;40m0.08162333816289902[0m  |
|        [0;34;40mfit/sigreg_loss[0m         |         [0;32;40m2.6875[0m        |
|      [0;34;40mfit/structured_loss[0m       |  [0;32;40m0.02790953777730465[0m  |
|      [0;34;40mhardware/cpu_percent[0m      |   [0;32;40m94.30000305175781[0m   |
|    [0;34;40mhardware/disk_read_mb_s[0m     |  [0;32;40m0.00468544801697135[0m  |
|    [0;34;40mhardware/disk_write_mb_s[0m    |   [0;32;40m19.68552017211914[0m   |
|     [0;34;40mhardware/net_recv_mb_s[0m     |   [0;32;40m57.41921615600586[0m   |
|     [0;34;40mhardware/net_sent_mb_s[0m     |   [0;32;40m0.6220889091491699[0m  |
|      [0;34;40mhardware/ram_used_gb[0m      |   [0;32;40m547.1595458984375[0m   |
|     [0;34;40mhardware/ram_used_pct[0m      |   [0;32;40m54.29999923706055[0m   |
|      [0;34;40mhparams/lr_default_0[0m      | [0;32;40m4.308798088459298e-05[0m |
|         [0;34;40mvalidate/loss[0m          |   [0;32;40m0.3532145321369171[0m  |
|      [0;34;40mvalidate/loss_epoch[0m       |   [0;32;40m0.3532145321369171[0m  |
|       [0;34;40mvalidate/pred_loss[0m       |   [0;32;40m0.0754539966583252[0m  |
|    [0;34;40mvalidate/pred_loss_epoch[0m    |   [0;32;40m0.0754539966583252[0m  |
|      [0;34;40mvalidate/sigreg_loss[0m      |   [0;32;40m3.0033538341522217[0m  |
|   [0;34;40mvalidate/sigreg_loss_epoch[0m   |   [0;32;40m3.0033538341522217[0m  |
|    [0;34;40mvalidate/structured_loss[0m    |  [0;32;40m0.007327815052121878[0m |
| [0;34;40mvalidate/structured_loss_epoch[0m |  [0;32;40m0.007327815052121878[0m |
+--------------------------------+-----------------------+
[Epoch 4/20] done in 551.1s
16:48:13 | INFO  | checkpoint_~|   Checking for non PyTorch modules to save
16:48:13 | INFO  | atomic_chec~| [atomic_save] → /data1/likun-share/junjxu/.cache_stable-pretraining/runs/20260716/160500/8c262c0794ec/checkpoints/epoch=4-step=1545.ckpt
16:48:15 | INFO  | atomic_chec~| [atomic_save] ✓ epoch=4-step=1545.ckpt saved (392.3 MiB, serialise=1.24s write=0.97s rename=0.1ms)
16:48:16 | INFO  | checkpoint_~|   Checking for non PyTorch modules to save
16:48:16 | INFO  | atomic_chec~| [atomic_save] → /data1/likun-share/junjxu/.cache_stable-pretraining/runs/20260716/160500/8c262c0794ec/checkpoints/last.ckpt
16:48:18 | INFO  | atomic_chec~| [atomic_save] ✓ last.ckpt saved (392.3 MiB, serialise=1.23s write=1.02s rename=188.3ms)
[Epoch 5/20] step 50/309 (0.6 it/s)
[Epoch 5/20] step 100/309 (0.6 it/s)
[Epoch 5/20] step 150/309 (0.6 it/s)
[Epoch 5/20] step 200/309 (0.6 it/s)
[Epoch 5/20] step 250/309 (0.6 it/s)
[Epoch 5/20] step 300/309 (0.6 it/s)
16:57:14 | INFO  | trainer_inf~| \n+--------------------------------+-----------------------+
|             Metric             |         Value         |
+--------------------------------+-----------------------+
|            [0;34;40mfit/loss[0m            |   [0;32;40m0.3069719076156616[0m  |
|         [0;34;40mfit/pred_loss[0m          |  [0;32;40m0.07690833508968353[0m  |
|        [0;34;40mfit/sigreg_loss[0m         |         [0;32;40m2.4375[0m        |
|      [0;34;40mfit/structured_loss[0m       |  [0;32;40m0.010336989536881447[0m |
|      [0;34;40mhardware/cpu_percent[0m      |   [0;32;40m94.19999694824219[0m   |
|    [0;34;40mhardware/disk_read_mb_s[0m     |  [0;32;40m0.25615376234054565[0m  |
|    [0;34;40mhardware/disk_write_mb_s[0m    |   [0;32;40m24.203798294067383[0m  |
|     [0;34;40mhardware/net_recv_mb_s[0m     |   [0;32;40m57.612552642822266[0m  |
|     [0;34;40mhardware/net_sent_mb_s[0m     |   [0;32;40m0.5641458630561829[0m  |
|      [0;34;40mhardware/ram_used_gb[0m      |   [0;32;40m500.61700439453125[0m  |
|     [0;34;40mhardware/ram_used_pct[0m      |   [0;32;40m49.70000076293945[0m   |
|      [0;34;40mhparams/lr_default_0[0m      | [0;32;40m4.013446232420392e-05[0m |
|         [0;34;40mvalidate/loss[0m          |   [0;32;40m0.3484386205673218[0m  |
|      [0;34;40mvalidate/loss_epoch[0m       |   [0;32;40m0.3484386205673218[0m  |
|       [0;34;40mvalidate/pred_loss[0m       |  [0;32;40m0.06999257206916809[0m  |
|    [0;34;40mvalidate/pred_loss_epoch[0m    |  [0;32;40m0.06999257206916809[0m  |
|      [0;34;40mvalidate/sigreg_loss[0m      |   [0;32;40m2.9568979740142822[0m  |
|   [0;34;40mvalidate/sigreg_loss_epoch[0m   |   [0;32;40m2.9568979740142822[0m  |
|    [0;34;40mvalidate/structured_loss[0m    |  [0;32;40m0.012340106070041656[0m |
| [0;34;40mvalidate/structured_loss_epoch[0m |  [0;32;40m0.012340106070041656[0m |
+--------------------------------+-----------------------+
[Epoch 5/20] done in 536.5s
16:57:15 | INFO  | checkpoint_~|   Checking for non PyTorch modules to save
16:57:15 | INFO  | atomic_chec~| [atomic_save] → /data1/likun-share/junjxu/.cache_stable-pretraining/runs/20260716/160500/8c262c0794ec/checkpoints/epoch=5-step=1854.ckpt
16:57:18 | INFO  | atomic_chec~| [atomic_save] ✓ epoch=5-step=1854.ckpt saved (392.3 MiB, serialise=1.34s write=1.39s rename=0.1ms)
16:57:18 | INFO  | checkpoint_~|   Checking for non PyTorch modules to save
16:57:18 | INFO  | atomic_chec~| [atomic_save] → /data1/likun-share/junjxu/.cache_stable-pretraining/runs/20260716/160500/8c262c0794ec/checkpoints/last.ckpt
16:57:21 | INFO  | atomic_chec~| [atomic_save] ✓ last.ckpt saved (392.3 MiB, serialise=1.42s write=1.43s rename=307.1ms)
[Epoch 6/20] step 50/309 (0.6 it/s)
[Epoch 6/20] step 100/309 (0.6 it/s)
[Epoch 6/20] step 150/309 (0.6 it/s)
[Epoch 6/20] step 200/309 (0.6 it/s)
[Epoch 6/20] step 250/309 (0.6 it/s)
[Epoch 6/20] step 300/309 (0.6 it/s)
17:06:43 | INFO  | trainer_inf~| \n+--------------------------------+------------------------+
|             Metric             |         Value          |
+--------------------------------+------------------------+
|            [0;34;40mfit/loss[0m            |   [0;32;40m0.3358515799045563[0m   |
|         [0;34;40mfit/pred_loss[0m          |  [0;32;40m0.08176647871732712[0m   |
|        [0;34;40mfit/sigreg_loss[0m         |        [0;32;40m2.609375[0m        |
|      [0;34;40mfit/structured_loss[0m       |  [0;32;40m0.019710103049874306[0m  |
|      [0;34;40mhardware/cpu_percent[0m      |    [0;32;40m92.9000015258789[0m    |
|    [0;34;40mhardware/disk_read_mb_s[0m     |  [0;32;40m0.12768955528736115[0m   |
|    [0;34;40mhardware/disk_write_mb_s[0m    |   [0;32;40m189.07113647460938[0m   |
|     [0;34;40mhardware/net_recv_mb_s[0m     |    [0;32;40m31.4541072845459[0m    |
|     [0;34;40mhardware/net_sent_mb_s[0m     |   [0;32;40m1.5124160051345825[0m   |
|      [0;34;40mhardware/ram_used_gb[0m      |   [0;32;40m543.5109252929688[0m    |
|     [0;34;40mhardware/ram_used_pct[0m      |          [0;32;40m54.0[0m          |
|      [0;34;40mhparams/lr_default_0[0m      | [0;32;40m3.6800833186134696e-05[0m |
|         [0;34;40mvalidate/loss[0m          |   [0;32;40m0.332783579826355[0m    |
|      [0;34;40mvalidate/loss_epoch[0m       |   [0;32;40m0.332783579826355[0m    |
|       [0;34;40mvalidate/pred_loss[0m       |  [0;32;40m0.06329517066478729[0m   |
|    [0;34;40mvalidate/pred_loss_epoch[0m    |  [0;32;40m0.06329517066478729[0m   |
|      [0;34;40mvalidate/sigreg_loss[0m      |   [0;32;40m2.895282745361328[0m    |
|   [0;34;40mvalidate/sigreg_loss_epoch[0m   |   [0;32;40m2.895282745361328[0m    |
|    [0;34;40mvalidate/structured_loss[0m    |  [0;32;40m0.008938048034906387[0m  |
| [0;34;40mvalidate/structured_loss_epoch[0m |  [0;32;40m0.008938048034906387[0m  |
+--------------------------------+------------------------+
[Epoch 6/20] done in 561.9s
17:06:44 | INFO  | checkpoint_~|   Checking for non PyTorch modules to save
17:06:44 | INFO  | atomic_chec~| [atomic_save] → /data1/likun-share/junjxu/.cache_stable-pretraining/runs/20260716/160500/8c262c0794ec/checkpoints/epoch=6-step=2163.ckpt
17:06:46 | INFO  | atomic_chec~| [atomic_save] ✓ epoch=6-step=2163.ckpt saved (392.3 MiB, serialise=1.22s write=1.24s rename=0.1ms)
17:06:46 | INFO  | checkpoint_~|   Checking for non PyTorch modules to save
17:06:46 | INFO  | atomic_chec~| [atomic_save] → /data1/likun-share/junjxu/.cache_stable-pretraining/runs/20260716/160500/8c262c0794ec/checkpoints/last.ckpt
17:06:49 | INFO  | atomic_chec~| [atomic_save] ✓ last.ckpt saved (392.3 MiB, serialise=1.28s write=1.45s rename=161.1ms)
[Epoch 7/20] step 50/309 (0.6 it/s)
[Epoch 7/20] step 100/309 (0.6 it/s)
[Epoch 7/20] step 150/309 (0.6 it/s)
[Epoch 7/20] step 200/309 (0.6 it/s)
[Epoch 7/20] step 250/309 (0.6 it/s)
[Epoch 7/20] step 300/309 (0.7 it/s)
17:15:34 | INFO  | trainer_inf~| \n+--------------------------------+-----------------------+
|             Metric             |         Value         |
+--------------------------------+-----------------------+
|            [0;34;40mfit/loss[0m            |   [0;32;40m0.3061462640762329[0m  |
|         [0;34;40mfit/pred_loss[0m          |  [0;32;40m0.05940062552690506[0m  |
|        [0;34;40mfit/sigreg_loss[0m         |        [0;32;40m2.46875[0m        |
|      [0;34;40mfit/structured_loss[0m       |  [0;32;40m0.024089394137263298[0m |
|      [0;34;40mhardware/cpu_percent[0m      |   [0;32;40m92.30000305175781[0m   |
|    [0;34;40mhardware/disk_read_mb_s[0m     | [0;32;40m0.0003904483746737242[0m |
|    [0;34;40mhardware/disk_write_mb_s[0m    |   [0;32;40m98.36097717285156[0m   |
|     [0;34;40mhardware/net_recv_mb_s[0m     |   [0;32;40m31.78835678100586[0m   |
|     [0;34;40mhardware/net_sent_mb_s[0m     |   [0;32;40m0.4594619572162628[0m  |
|      [0;34;40mhardware/ram_used_gb[0m      |   [0;32;40m503.02471923828125[0m  |
|     [0;34;40mhardware/ram_used_pct[0m      |   [0;32;40m49.900001525878906[0m  |
|      [0;34;40mhparams/lr_default_0[0m      | [0;32;40m3.317081791465171e-05[0m |
|         [0;34;40mvalidate/loss[0m          |  [0;32;40m0.32508528232574463[0m  |
|      [0;34;40mvalidate/loss_epoch[0m       |  [0;32;40m0.32508528232574463[0m  |
|       [0;34;40mvalidate/pred_loss[0m       |  [0;32;40m0.058595187962055206[0m |
|    [0;34;40mvalidate/pred_loss_epoch[0m    |  [0;32;40m0.058595187962055206[0m |
|      [0;34;40mvalidate/sigreg_loss[0m      |   [0;32;40m2.8757176399230957[0m  |
|   [0;34;40mvalidate/sigreg_loss_epoch[0m   |   [0;32;40m2.8757176399230957[0m  |
|    [0;34;40mvalidate/structured_loss[0m    |  [0;32;40m0.007563404273241758[0m |
| [0;34;40mvalidate/structured_loss_epoch[0m |  [0;32;40m0.007563404273241758[0m |
+--------------------------------+-----------------------+
[Epoch 7/20] done in 525.1s
17:15:35 | INFO  | checkpoint_~|   Checking for non PyTorch modules to save
17:15:35 | INFO  | atomic_chec~| [atomic_save] → /data1/likun-share/junjxu/.cache_stable-pretraining/runs/20260716/160500/8c262c0794ec/checkpoints/epoch=7-step=2472.ckpt
17:15:38 | INFO  | atomic_chec~| [atomic_save] ✓ epoch=7-step=2472.ckpt saved (392.3 MiB, serialise=1.42s write=1.75s rename=0.1ms)
17:15:38 | INFO  | checkpoint_~|   Checking for non PyTorch modules to save
17:15:38 | INFO  | atomic_chec~| [atomic_save] → /data1/likun-share/junjxu/.cache_stable-pretraining/runs/20260716/160500/8c262c0794ec/checkpoints/last.ckpt
17:15:42 | INFO  | atomic_chec~| [atomic_save] ✓ last.ckpt saved (392.3 MiB, serialise=1.40s write=1.39s rename=514.9ms)
[Epoch 8/20] step 50/309 (0.7 it/s)
[Epoch 8/20] step 100/309 (0.7 it/s)
[Epoch 8/20] step 150/309 (0.7 it/s)
[Epoch 8/20] step 200/309 (0.7 it/s)
[Epoch 8/20] step 250/309 (0.7 it/s)
[Epoch 8/20] step 300/309 (0.7 it/s)
17:24:01 | INFO  | trainer_inf~| \n+--------------------------------+------------------------+
|             Metric             |         Value          |
+--------------------------------+------------------------+
|            [0;34;40mfit/loss[0m            |  [0;32;40m0.27858421206474304[0m   |
|         [0;34;40mfit/pred_loss[0m          |  [0;32;40m0.06144247576594353[0m   |
|        [0;34;40mfit/sigreg_loss[0m         |        [0;32;40m2.296875[0m        |
|      [0;34;40mfit/structured_loss[0m       |  [0;32;40m0.010110496543347836[0m  |
|      [0;34;40mhardware/cpu_percent[0m      |   [0;32;40m97.30000305175781[0m    |
|    [0;34;40mhardware/disk_read_mb_s[0m     |  [0;32;40m0.47441571950912476[0m   |
|    [0;34;40mhardware/disk_write_mb_s[0m    |     [0;32;40m158.3896484375[0m     |
|     [0;34;40mhardware/net_recv_mb_s[0m     |   [0;32;40m91.88646697998047[0m    |
|     [0;34;40mhardware/net_sent_mb_s[0m     |   [0;32;40m3.5342466831207275[0m   |
|      [0;34;40mhardware/ram_used_gb[0m      |     [0;32;40m550.4150390625[0m     |
|     [0;34;40mhardware/ram_used_pct[0m      |   [0;32;40m54.599998474121094[0m   |
|      [0;34;40mhparams/lr_default_0[0m      | [0;32;40m2.9335586077650078e-05[0m |
|         [0;34;40mvalidate/loss[0m          |   [0;32;40m0.3143683969974518[0m   |
|      [0;34;40mvalidate/loss_epoch[0m       |   [0;32;40m0.3143683969974518[0m   |
|       [0;34;40mvalidate/pred_loss[0m       |  [0;32;40m0.05646732077002525[0m   |
|    [0;34;40mvalidate/pred_loss_epoch[0m    |  [0;32;40m0.05646732077002525[0m   |
|      [0;34;40mvalidate/sigreg_loss[0m      |   [0;32;40m2.8092315196990967[0m   |
|   [0;34;40mvalidate/sigreg_loss_epoch[0m   |   [0;32;40m2.8092315196990967[0m   |
|    [0;34;40mvalidate/structured_loss[0m    |  [0;32;40m0.00515564763918519[0m   |
| [0;34;40mvalidate/structured_loss_epoch[0m |  [0;32;40m0.00515564763918519[0m   |
+--------------------------------+------------------------+
[Epoch 8/20] done in 499.8s
17:24:02 | INFO  | checkpoint_~|   Checking for non PyTorch modules to save
17:24:02 | INFO  | atomic_chec~| [atomic_save] → /data1/likun-share/junjxu/.cache_stable-pretraining/runs/20260716/160500/8c262c0794ec/checkpoints/epoch=8-step=2781.ckpt
17:24:05 | INFO  | atomic_chec~| [atomic_save] ✓ epoch=8-step=2781.ckpt saved (392.3 MiB, serialise=1.44s write=1.19s rename=0.1ms)
17:24:05 | INFO  | checkpoint_~|   Checking for non PyTorch modules to save
17:24:05 | INFO  | atomic_chec~| [atomic_save] → /data1/likun-share/junjxu/.cache_stable-pretraining/runs/20260716/160500/8c262c0794ec/checkpoints/last.ckpt
17:24:08 | INFO  | atomic_chec~| [atomic_save] ✓ last.ckpt saved (392.3 MiB, serialise=1.18s write=1.14s rename=272.0ms)
[Epoch 9/20] step 50/309 (0.6 it/s)
[Epoch 9/20] step 100/309 (0.6 it/s)
[Epoch 9/20] step 150/309 (0.7 it/s)
[Epoch 9/20] step 200/309 (0.7 it/s)
[Epoch 9/20] step 250/309 (0.7 it/s)
[Epoch 9/20] step 300/309 (0.7 it/s)
17:32:49 | INFO  | trainer_inf~| \n+--------------------------------+------------------------+
|             Metric             |         Value          |
+--------------------------------+------------------------+
|            [0;34;40mfit/loss[0m            |   [0;32;40m0.3374118208885193[0m   |
|         [0;34;40mfit/pred_loss[0m          |  [0;32;40m0.07656505703926086[0m   |
|        [0;34;40mfit/sigreg_loss[0m         |         [0;32;40m2.6875[0m         |
|      [0;34;40mfit/structured_loss[0m       |  [0;32;40m0.01865927316248417[0m   |
|      [0;34;40mhardware/cpu_percent[0m      |    [0;32;40m97.5999984741211[0m    |
|    [0;34;40mhardware/disk_read_mb_s[0m     |  [0;32;40m0.024988774210214615[0m  |
|    [0;34;40mhardware/disk_write_mb_s[0m    |   [0;32;40m333.7094421386719[0m    |
|     [0;34;40mhardware/net_recv_mb_s[0m     |   [0;32;40m2.288724899291992[0m    |
|     [0;34;40mhardware/net_sent_mb_s[0m     |   [0;32;40m2.341115713119507[0m    |
|      [0;34;40mhardware/ram_used_gb[0m      |   [0;32;40m551.3792114257812[0m    |
|     [0;34;40mhardware/ram_used_pct[0m      |   [0;32;40m54.70000076293945[0m    |
|      [0;34;40mhparams/lr_default_0[0m      | [0;32;40m2.5391464077983983e-05[0m |
|         [0;34;40mvalidate/loss[0m          |  [0;32;40m0.31707802414894104[0m   |
|      [0;34;40mvalidate/loss_epoch[0m       |  [0;32;40m0.31707802414894104[0m   |
|       [0;34;40mvalidate/pred_loss[0m       |  [0;32;40m0.058796271681785583[0m  |
|    [0;34;40mvalidate/pred_loss_epoch[0m    |  [0;32;40m0.058796271681785583[0m  |
|      [0;34;40mvalidate/sigreg_loss[0m      |   [0;32;40m2.787193775177002[0m    |
|   [0;34;40mvalidate/sigreg_loss_epoch[0m   |   [0;32;40m2.787193775177002[0m    |
|    [0;34;40mvalidate/structured_loss[0m    |  [0;32;40m0.007562343962490559[0m  |
| [0;34;40mvalidate/structured_loss_epoch[0m |  [0;32;40m0.007562343962490559[0m  |
+--------------------------------+------------------------+
[Epoch 9/20] done in 521.9s
17:32:50 | INFO  | checkpoint_~|   Checking for non PyTorch modules to save
17:32:50 | INFO  | atomic_chec~| [atomic_save] → /data1/likun-share/junjxu/.cache_stable-pretraining/runs/20260716/160500/8c262c0794ec/checkpoints/epoch=9-step=3090.ckpt
17:32:52 | INFO  | atomic_chec~| [atomic_save] ✓ epoch=9-step=3090.ckpt saved (392.3 MiB, serialise=1.24s write=1.12s rename=0.1ms)
17:32:52 | INFO  | checkpoint_~|   Checking for non PyTorch modules to save
17:32:52 | INFO  | atomic_chec~| [atomic_save] → /data1/likun-share/junjxu/.cache_stable-pretraining/runs/20260716/160500/8c262c0794ec/checkpoints/last.ckpt
17:32:55 | INFO  | atomic_chec~| [atomic_save] ✓ last.ckpt saved (392.3 MiB, serialise=1.55s write=1.01s rename=169.4ms)
[Epoch 10/20] step 50/309 (0.6 it/s)
[Epoch 10/20] step 100/309 (0.7 it/s)
[Epoch 10/20] step 150/309 (0.7 it/s)
[Epoch 10/20] step 200/309 (0.6 it/s)
[Epoch 10/20] step 250/309 (0.6 it/s)
[Epoch 10/20] step 300/309 (0.7 it/s)
17:41:39 | INFO  | trainer_inf~| \n+--------------------------------+-----------------------+
|             Metric             |         Value         |
+--------------------------------+-----------------------+
|            [0;34;40mfit/loss[0m            |   [0;32;40m0.2995806336402893[0m  |
|         [0;34;40mfit/pred_loss[0m          |  [0;32;40m0.06322309374809265[0m  |
|        [0;34;40mfit/sigreg_loss[0m         |        [0;32;40m2.21875[0m        |
|      [0;34;40mfit/structured_loss[0m       |  [0;32;40m0.03713880479335785[0m  |
|      [0;34;40mhardware/cpu_percent[0m      |   [0;32;40m97.80000305175781[0m   |
|    [0;34;40mhardware/disk_read_mb_s[0m     | [0;32;40m0.0015617888420820236[0m |
|    [0;34;40mhardware/disk_write_mb_s[0m    |   [0;32;40m111.4148941040039[0m   |
|     [0;34;40mhardware/net_recv_mb_s[0m     |   [0;32;40m2.286511182785034[0m   |
|     [0;34;40mhardware/net_sent_mb_s[0m     |   [0;32;40m2.326415538787842[0m   |
|      [0;34;40mhardware/ram_used_gb[0m      |   [0;32;40m554.0493774414062[0m   |
|     [0;34;40mhardware/ram_used_pct[0m      |          [0;32;40m55.0[0m         |
|      [0;34;40mhparams/lr_default_0[0m      | [0;32;40m2.143750862160232e-05[0m |
|         [0;34;40mvalidate/loss[0m          |  [0;32;40m0.31336575746536255[0m  |
|      [0;34;40mvalidate/loss_epoch[0m       |  [0;32;40m0.31336575746536255[0m  |
|       [0;34;40mvalidate/pred_loss[0m       |  [0;32;40m0.053417906165122986[0m |
|    [0;34;40mvalidate/pred_loss_epoch[0m    |  [0;32;40m0.053417906165122986[0m |
|      [0;34;40mvalidate/sigreg_loss[0m      |   [0;32;40m2.767078161239624[0m   |
|   [0;34;40mvalidate/sigreg_loss_epoch[0m   |   [0;32;40m2.767078161239624[0m   |
|    [0;34;40mvalidate/structured_loss[0m    |  [0;32;40m0.011004569008946419[0m |
| [0;34;40mvalidate/structured_loss_epoch[0m |  [0;32;40m0.011004569008946419[0m |
+--------------------------------+-----------------------+
[Epoch 10/20] done in 524.2s
17:41:39 | INFO  | checkpoint_~|   Checking for non PyTorch modules to save
17:41:39 | INFO  | atomic_chec~| [atomic_save] → /data1/likun-share/junjxu/.cache_stable-pretraining/runs/20260716/160500/8c262c0794ec/checkpoints/epoch=10-step=3399.ckpt
17:41:42 | INFO  | atomic_chec~| [atomic_save] ✓ epoch=10-step=3399.ckpt saved (392.3 MiB, serialise=1.10s write=1.15s rename=0.1ms)
17:41:42 | INFO  | checkpoint_~|   Checking for non PyTorch modules to save
17:41:42 | INFO  | atomic_chec~| [atomic_save] → /data1/likun-share/junjxu/.cache_stable-pretraining/runs/20260716/160500/8c262c0794ec/checkpoints/last.ckpt
17:41:45 | INFO  | atomic_chec~| [atomic_save] ✓ last.ckpt saved (392.3 MiB, serialise=1.19s write=1.32s rename=185.7ms)
[Epoch 11/20] step 50/309 (0.6 it/s)
[Epoch 11/20] step 100/309 (0.6 it/s)
[Epoch 11/20] step 150/309 (0.7 it/s)
[Epoch 11/20] step 200/309 (0.7 it/s)
[Epoch 11/20] step 250/309 (0.7 it/s)
[Epoch 11/20] step 300/309 (0.7 it/s)
17:50:22 | INFO  | trainer_inf~| \n+--------------------------------+------------------------+
|             Metric             |         Value          |
+--------------------------------+------------------------+
|            [0;34;40mfit/loss[0m            |  [0;32;40m0.27475959062576294[0m   |
|         [0;34;40mfit/pred_loss[0m          |  [0;32;40m0.056849442422389984[0m  |
|        [0;34;40mfit/sigreg_loss[0m         |        [0;32;40m2.34375[0m         |
|      [0;34;40mfit/structured_loss[0m       |  [0;32;40m0.006972631439566612[0m  |
|      [0;34;40mhardware/cpu_percent[0m      |    [0;32;40m94.4000015258789[0m    |
|    [0;34;40mhardware/disk_read_mb_s[0m     |          [0;32;40m0.0[0m           |
|    [0;34;40mhardware/disk_write_mb_s[0m    |   [0;32;40m119.0177993774414[0m    |
|     [0;34;40mhardware/net_recv_mb_s[0m     |   [0;32;40m2.2867560386657715[0m   |
|     [0;34;40mhardware/net_sent_mb_s[0m     |   [0;32;40m2.3036506175994873[0m   |
|      [0;34;40mhardware/ram_used_gb[0m      |     [0;32;40m535.626953125[0m      |
|     [0;34;40mhardware/ram_used_pct[0m      |   [0;32;40m53.20000076293945[0m    |
|      [0;34;40mhparams/lr_default_0[0m      | [0;32;40m1.7573029253981076e-05[0m |
|         [0;34;40mvalidate/loss[0m          |  [0;32;40m0.30643630027770996[0m   |
|      [0;34;40mvalidate/loss_epoch[0m       |  [0;32;40m0.30643630027770996[0m   |
|       [0;34;40mvalidate/pred_loss[0m       |  [0;32;40m0.051560837775468826[0m  |
|    [0;34;40mvalidate/pred_loss_epoch[0m    |  [0;32;40m0.051560837775468826[0m  |
|      [0;34;40mvalidate/sigreg_loss[0m      |   [0;32;40m2.7731070518493652[0m   |
|   [0;34;40mvalidate/sigreg_loss_epoch[0m   |   [0;32;40m2.7731070518493652[0m   |
|    [0;34;40mvalidate/structured_loss[0m    |  [0;32;40m0.005204093176871538[0m  |
| [0;34;40mvalidate/structured_loss_epoch[0m |  [0;32;40m0.005204093176871538[0m  |
+--------------------------------+------------------------+
[Epoch 11/20] done in 518.1s
17:50:23 | INFO  | checkpoint_~|   Checking for non PyTorch modules to save
17:50:23 | INFO  | atomic_chec~| [atomic_save] → /data1/likun-share/junjxu/.cache_stable-pretraining/runs/20260716/160500/8c262c0794ec/checkpoints/epoch=11-step=3708.ckpt
17:50:25 | INFO  | atomic_chec~| [atomic_save] ✓ epoch=11-step=3708.ckpt saved (392.3 MiB, serialise=1.27s write=1.02s rename=0.1ms)
17:50:26 | INFO  | checkpoint_~|   Checking for non PyTorch modules to save
17:50:26 | INFO  | atomic_chec~| [atomic_save] → /data1/likun-share/junjxu/.cache_stable-pretraining/runs/20260716/160500/8c262c0794ec/checkpoints/last.ckpt
17:50:28 | INFO  | atomic_chec~| [atomic_save] ✓ last.ckpt saved (392.3 MiB, serialise=1.31s write=1.10s rename=286.1ms)
[Epoch 12/20] step 50/309 (0.7 it/s)
[Epoch 12/20] step 100/309 (0.7 it/s)
[Epoch 12/20] step 150/309 (0.7 it/s)
[Epoch 12/20] step 200/309 (0.7 it/s)
[Epoch 12/20] step 250/309 (0.7 it/s)
[Epoch 12/20] step 300/309 (0.7 it/s)
17:58:57 | INFO  | trainer_inf~| \n+--------------------------------+-----------------------+
|             Metric             |         Value         |
+--------------------------------+-----------------------+
|            [0;34;40mfit/loss[0m            |   [0;32;40m0.2952398359775543[0m  |
|         [0;34;40mfit/pred_loss[0m          |  [0;32;40m0.05275256186723709[0m  |
|        [0;34;40mfit/sigreg_loss[0m         |          [0;32;40m2.5[0m          |
|      [0;34;40mfit/structured_loss[0m       |  [0;32;40m0.017877912148833275[0m |
|      [0;34;40mhardware/cpu_percent[0m      |          [0;32;40m91.0[0m         |
|    [0;34;40mhardware/disk_read_mb_s[0m     |  [0;32;40m0.062468014657497406[0m |
|    [0;34;40mhardware/disk_write_mb_s[0m    |    [0;32;40m58.8604850769043[0m   |
|     [0;34;40mhardware/net_recv_mb_s[0m     |  [0;32;40m0.15300460159778595[0m  |
|     [0;34;40mhardware/net_sent_mb_s[0m     |  [0;32;40m0.08831718564033508[0m  |
|      [0;34;40mhardware/ram_used_gb[0m      |   [0;32;40m506.6770935058594[0m   |
|     [0;34;40mhardware/ram_used_pct[0m      |   [0;32;40m50.29999923706055[0m   |
|      [0;34;40mhparams/lr_default_0[0m      | [0;32;40m1.389508179272525e-05[0m |
|         [0;34;40mvalidate/loss[0m          |  [0;32;40m0.30249762535095215[0m  |
|      [0;34;40mvalidate/loss_epoch[0m       |  [0;32;40m0.30249762535095215[0m  |
|       [0;34;40mvalidate/pred_loss[0m       |  [0;32;40m0.05194791406393051[0m  |
|    [0;34;40mvalidate/pred_loss_epoch[0m    |  [0;32;40m0.05194791406393051[0m  |
|      [0;34;40mvalidate/sigreg_loss[0m      |   [0;32;40m2.7422657012939453[0m  |
|   [0;34;40mvalidate/sigreg_loss_epoch[0m   |   [0;32;40m2.7422657012939453[0m  |
|    [0;34;40mvalidate/structured_loss[0m    | [0;32;40m0.0037387446500360966[0m |
| [0;34;40mvalidate/structured_loss_epoch[0m | [0;32;40m0.0037387446500360966[0m |
+--------------------------------+-----------------------+
[Epoch 12/20] done in 509.2s
17:58:58 | INFO  | checkpoint_~|   Checking for non PyTorch modules to save
17:58:58 | INFO  | atomic_chec~| [atomic_save] → /data1/likun-share/junjxu/.cache_stable-pretraining/runs/20260716/160500/8c262c0794ec/checkpoints/epoch=12-step=4017.ckpt
17:59:01 | INFO  | atomic_chec~| [atomic_save] ✓ epoch=12-step=4017.ckpt saved (392.3 MiB, serialise=1.61s write=1.54s rename=0.1ms)
17:59:02 | INFO  | checkpoint_~|   Checking for non PyTorch modules to save
17:59:02 | INFO  | atomic_chec~| [atomic_save] → /data1/likun-share/junjxu/.cache_stable-pretraining/runs/20260716/160500/8c262c0794ec/checkpoints/last.ckpt
17:59:05 | INFO  | atomic_chec~| [atomic_save] ✓ last.ckpt saved (392.3 MiB, serialise=1.82s write=1.22s rename=651.9ms)
[Epoch 13/20] step 50/309 (0.7 it/s)
[Epoch 13/20] step 100/309 (0.7 it/s)
[Epoch 13/20] step 150/309 (0.7 it/s)
[Epoch 13/20] step 200/309 (0.7 it/s)
[Epoch 13/20] step 250/309 (0.7 it/s)
[Epoch 13/20] step 300/309 (0.7 it/s)
18:07:15 | INFO  | trainer_inf~| \n+--------------------------------+------------------------+
|             Metric             |         Value          |
+--------------------------------+------------------------+
|            [0;34;40mfit/loss[0m            |   [0;32;40m0.2599268853664398[0m   |
|         [0;34;40mfit/pred_loss[0m          |  [0;32;40m0.057849060744047165[0m  |
|        [0;34;40mfit/sigreg_loss[0m         |        [0;32;40m2.09375[0m         |
|      [0;34;40mfit/structured_loss[0m       |  [0;32;40m0.013601254671812057[0m  |
|      [0;34;40mhardware/cpu_percent[0m      |   [0;32;40m90.80000305175781[0m    |
|    [0;34;40mhardware/disk_read_mb_s[0m     |  [0;32;40m0.19635698199272156[0m   |
|    [0;34;40mhardware/disk_write_mb_s[0m    |   [0;32;40m19.63062286376953[0m    |
|     [0;34;40mhardware/net_recv_mb_s[0m     |  [0;32;40m0.02679307386279106[0m   |
|     [0;34;40mhardware/net_sent_mb_s[0m     |  [0;32;40m0.032757487148046494[0m  |
|      [0;34;40mhardware/ram_used_gb[0m      |   [0;32;40m504.29522705078125[0m   |
|     [0;34;40mhardware/ram_used_pct[0m      |   [0;32;40m50.099998474121094[0m   |
|      [0;34;40mhparams/lr_default_0[0m      | [0;32;40m1.0496042705199216e-05[0m |
|         [0;34;40mvalidate/loss[0m          |  [0;32;40m0.30066168308258057[0m   |
|      [0;34;40mvalidate/loss_epoch[0m       |  [0;32;40m0.30066168308258057[0m   |
|       [0;34;40mvalidate/pred_loss[0m       |  [0;32;40m0.05009393393993378[0m   |
|    [0;34;40mvalidate/pred_loss_epoch[0m    |  [0;32;40m0.05009393393993378[0m   |
|      [0;34;40mvalidate/sigreg_loss[0m      |   [0;32;40m2.7386276721954346[0m   |
|   [0;34;40mvalidate/sigreg_loss_epoch[0m   |   [0;32;40m2.7386276721954346[0m   |
|    [0;34;40mvalidate/structured_loss[0m    |  [0;32;40m0.004097840748727322[0m  |
| [0;34;40mvalidate/structured_loss_epoch[0m |  [0;32;40m0.004097840748727322[0m  |
+--------------------------------+------------------------+
[Epoch 13/20] done in 489.8s
18:07:15 | INFO  | checkpoint_~|   Checking for non PyTorch modules to save
18:07:15 | INFO  | atomic_chec~| [atomic_save] → /data1/likun-share/junjxu/.cache_stable-pretraining/runs/20260716/160500/8c262c0794ec/checkpoints/epoch=13-step=4326.ckpt
18:07:18 | INFO  | atomic_chec~| [atomic_save] ✓ epoch=13-step=4326.ckpt saved (392.3 MiB, serialise=1.66s write=1.24s rename=0.1ms)
18:07:19 | INFO  | checkpoint_~|   Checking for non PyTorch modules to save
18:07:19 | INFO  | atomic_chec~| [atomic_save] → /data1/likun-share/junjxu/.cache_stable-pretraining/runs/20260716/160500/8c262c0794ec/checkpoints/last.ckpt
18:07:22 | INFO  | atomic_chec~| [atomic_save] ✓ last.ckpt saved (392.3 MiB, serialise=1.12s write=1.47s rename=424.6ms)
[Epoch 14/20] step 50/309 (0.7 it/s)
[Epoch 14/20] step 100/309 (0.7 it/s)
[Epoch 14/20] step 150/309 (0.7 it/s)
[Epoch 14/20] step 200/309 (0.7 it/s)
[Epoch 14/20] step 250/309 (0.7 it/s)
[Epoch 14/20] step 300/309 (0.7 it/s)
18:15:28 | INFO  | trainer_inf~| \n+--------------------------------+-----------------------+
|             Metric             |         Value         |
+--------------------------------+-----------------------+
|            [0;34;40mfit/loss[0m            |  [0;32;40m0.25881636142730713[0m  |
|         [0;34;40mfit/pred_loss[0m          |  [0;32;40m0.05404511094093323[0m  |
|        [0;34;40mfit/sigreg_loss[0m         |        [0;32;40m2.15625[0m        |
|      [0;34;40mfit/structured_loss[0m       |  [0;32;40m0.010435325093567371[0m |
|      [0;34;40mhardware/cpu_percent[0m      |    [0;32;40m90.5999984741211[0m   |
|    [0;34;40mhardware/disk_read_mb_s[0m     |          [0;32;40m0.0[0m          |
|    [0;34;40mhardware/disk_write_mb_s[0m    |   [0;32;40m1.1097157001495361[0m  |
|     [0;34;40mhardware/net_recv_mb_s[0m     |  [0;32;40m0.03719131276011467[0m  |
|     [0;34;40mhardware/net_sent_mb_s[0m     |   [0;32;40m0.0690472200512886[0m  |
|      [0;34;40mhardware/ram_used_gb[0m      |   [0;32;40m505.3707275390625[0m   |
|     [0;34;40mhardware/ram_used_pct[0m      |   [0;32;40m50.20000076293945[0m   |
|      [0;34;40mhparams/lr_default_0[0m      | [0;32;40m7.461279892595485e-06[0m |
|         [0;34;40mvalidate/loss[0m          |  [0;32;40m0.30064141750335693[0m  |
|      [0;34;40mvalidate/loss_epoch[0m       |  [0;32;40m0.30064141750335693[0m  |
|       [0;34;40mvalidate/pred_loss[0m       |  [0;32;40m0.04831210523843765[0m  |
|    [0;34;40mvalidate/pred_loss_epoch[0m    |  [0;32;40m0.04831210523843765[0m  |
|      [0;34;40mvalidate/sigreg_loss[0m      |   [0;32;40m2.7598376274108887[0m  |
|   [0;34;40mvalidate/sigreg_loss_epoch[0m   |   [0;32;40m2.7598376274108887[0m  |
|    [0;34;40mvalidate/structured_loss[0m    |  [0;32;40m0.004022256471216679[0m |
| [0;34;40mvalidate/structured_loss_epoch[0m |  [0;32;40m0.004022256471216679[0m |
+--------------------------------+-----------------------+
[Epoch 14/20] done in 485.9s
18:15:28 | INFO  | checkpoint_~|   Checking for non PyTorch modules to save
18:15:28 | INFO  | atomic_chec~| [atomic_save] → /data1/likun-share/junjxu/.cache_stable-pretraining/runs/20260716/160500/8c262c0794ec/checkpoints/epoch=14-step=4635.ckpt
18:15:30 | INFO  | atomic_chec~| [atomic_save] ✓ epoch=14-step=4635.ckpt saved (392.3 MiB, serialise=0.96s write=0.67s rename=0.1ms)
18:15:30 | INFO  | checkpoint_~|   Checking for non PyTorch modules to save
18:15:30 | INFO  | atomic_chec~| [atomic_save] → /data1/likun-share/junjxu/.cache_stable-pretraining/runs/20260716/160500/8c262c0794ec/checkpoints/last.ckpt
18:15:33 | INFO  | atomic_chec~| [atomic_save] ✓ last.ckpt saved (392.3 MiB, serialise=1.22s write=0.82s rename=465.4ms)
[Epoch 15/20] step 50/309 (0.7 it/s)
[Epoch 15/20] step 100/309 (0.7 it/s)
[Epoch 15/20] step 150/309 (0.7 it/s)
[Epoch 15/20] step 200/309 (0.7 it/s)
[Epoch 15/20] step 250/309 (0.7 it/s)
[Epoch 15/20] step 300/309 (0.7 it/s)
18:23:34 | INFO  | trainer_inf~| \n+--------------------------------+-----------------------+
|             Metric             |         Value         |
+--------------------------------+-----------------------+
|            [0;34;40mfit/loss[0m            |   [0;32;40m0.2768402695655823[0m  |
|         [0;34;40mfit/pred_loss[0m          |  [0;32;40m0.05381841957569122[0m  |
|        [0;34;40mfit/sigreg_loss[0m         |        [0;32;40m2.359375[0m       |
|      [0;34;40mfit/structured_loss[0m       |   [0;32;40m0.0111077930778265[0m  |
|      [0;34;40mhardware/cpu_percent[0m      |    [0;32;40m89.9000015258789[0m   |
|    [0;34;40mhardware/disk_read_mb_s[0m     |   [0;32;40m0.9807397723197937[0m  |
|    [0;34;40mhardware/disk_write_mb_s[0m    |   [0;32;40m1.243103265762329[0m   |
|     [0;34;40mhardware/net_recv_mb_s[0m     |  [0;32;40m0.03607265651226044[0m  |
|     [0;34;40mhardware/net_sent_mb_s[0m     |   [0;32;40m0.0729881152510643[0m  |
|      [0;34;40mhardware/ram_used_gb[0m      |   [0;32;40m503.9349365234375[0m   |
|     [0;34;40mhardware/ram_used_pct[0m      |          [0;32;40m50.0[0m         |
|      [0;34;40mhparams/lr_default_0[0m      | [0;32;40m4.867013558396138e-06[0m |
|         [0;34;40mvalidate/loss[0m          |  [0;32;40m0.29563066363334656[0m  |
|      [0;34;40mvalidate/loss_epoch[0m       |  [0;32;40m0.29563066363334656[0m  |
|       [0;34;40mvalidate/pred_loss[0m       |  [0;32;40m0.049074385315179825[0m |
|    [0;34;40mvalidate/pred_loss_epoch[0m    |  [0;32;40m0.049074385315179825[0m |
|      [0;34;40mvalidate/sigreg_loss[0m      |   [0;32;40m2.6865408420562744[0m  |
|   [0;34;40mvalidate/sigreg_loss_epoch[0m   |   [0;32;40m2.6865408420562744[0m  |
|    [0;34;40mvalidate/structured_loss[0m    |  [0;32;40m0.004739574622362852[0m |
| [0;34;40mvalidate/structured_loss_epoch[0m |  [0;32;40m0.004739574622362852[0m |
+--------------------------------+-----------------------+
[Epoch 15/20] done in 482.1s
18:23:35 | INFO  | checkpoint_~|   Checking for non PyTorch modules to save
18:23:35 | INFO  | atomic_chec~| [atomic_save] → /data1/likun-share/junjxu/.cache_stable-pretraining/runs/20260716/160500/8c262c0794ec/checkpoints/epoch=15-step=4944.ckpt
18:23:37 | INFO  | atomic_chec~| [atomic_save] ✓ epoch=15-step=4944.ckpt saved (392.3 MiB, serialise=1.18s write=0.81s rename=0.2ms)
18:23:37 | INFO  | checkpoint_~|   Checking for non PyTorch modules to save
18:23:37 | INFO  | atomic_chec~| [atomic_save] → /data1/likun-share/junjxu/.cache_stable-pretraining/runs/20260716/160500/8c262c0794ec/checkpoints/last.ckpt
18:23:40 | INFO  | atomic_chec~| [atomic_save] ✓ last.ckpt saved (392.3 MiB, serialise=1.19s write=0.94s rename=173.5ms)
[Epoch 16/20] step 50/309 (0.7 it/s)
[Epoch 16/20] step 100/309 (0.7 it/s)
[Epoch 16/20] step 150/309 (0.7 it/s)
[Epoch 16/20] step 200/309 (0.7 it/s)
[Epoch 16/20] step 250/309 (0.7 it/s)
[Epoch 16/20] step 300/309 (0.7 it/s)
18:31:35 | INFO  | trainer_inf~| \n+--------------------------------+-----------------------+
|             Metric             |         Value         |
+--------------------------------+-----------------------+
|            [0;34;40mfit/loss[0m            |   [0;32;40m0.2845475673675537[0m  |
|         [0;34;40mfit/pred_loss[0m          |   [0;32;40m0.0530928298830986[0m  |
|        [0;34;40mfit/sigreg_loss[0m         |        [0;32;40m2.265625[0m       |
|      [0;34;40mfit/structured_loss[0m       |  [0;32;40m0.02735316753387451[0m  |
|      [0;34;40mhardware/cpu_percent[0m      |          [0;32;40m92.0[0m         |
|    [0;34;40mhardware/disk_read_mb_s[0m     |  [0;32;40m0.07574879378080368[0m  |
|    [0;34;40mhardware/disk_write_mb_s[0m    |   [0;32;40m157.08270263671875[0m  |
|     [0;34;40mhardware/net_recv_mb_s[0m     |  [0;32;40m0.030880000442266464[0m |
|     [0;34;40mhardware/net_sent_mb_s[0m     |   [0;32;40m0.0673113465309143[0m  |
|      [0;34;40mhardware/ram_used_gb[0m      |   [0;32;40m503.1032409667969[0m   |
|     [0;34;40mhardware/ram_used_pct[0m      |   [0;32;40m49.900001525878906[0m  |
|      [0;34;40mhparams/lr_default_0[0m      |  [0;32;40m2.77840081253089e-06[0m |
|         [0;34;40mvalidate/loss[0m          |   [0;32;40m0.2950339913368225[0m  |
|      [0;34;40mvalidate/loss_epoch[0m       |   [0;32;40m0.2950339913368225[0m  |
|       [0;34;40mvalidate/pred_loss[0m       |  [0;32;40m0.04865824803709984[0m  |
|    [0;34;40mvalidate/pred_loss_epoch[0m    |  [0;32;40m0.04865824803709984[0m  |
|      [0;34;40mvalidate/sigreg_loss[0m      |   [0;32;40m2.6903884410858154[0m  |
|   [0;34;40mvalidate/sigreg_loss_epoch[0m   |   [0;32;40m2.6903884410858154[0m  |
|    [0;34;40mvalidate/structured_loss[0m    | [0;32;40m0.0042384350672364235[0m |
| [0;34;40mvalidate/structured_loss_epoch[0m | [0;32;40m0.0042384350672364235[0m |
+--------------------------------+-----------------------+
[Epoch 16/20] done in 475.9s
18:31:36 | INFO  | checkpoint_~|   Checking for non PyTorch modules to save
18:31:36 | INFO  | atomic_chec~| [atomic_save] → /data1/likun-share/junjxu/.cache_stable-pretraining/runs/20260716/160500/8c262c0794ec/checkpoints/epoch=16-step=5253.ckpt
18:31:38 | INFO  | atomic_chec~| [atomic_save] ✓ epoch=16-step=5253.ckpt saved (392.3 MiB, serialise=1.29s write=0.86s rename=0.1ms)
18:31:38 | INFO  | checkpoint_~|   Checking for non PyTorch modules to save
18:31:38 | INFO  | atomic_chec~| [atomic_save] → /data1/likun-share/junjxu/.cache_stable-pretraining/runs/20260716/160500/8c262c0794ec/checkpoints/last.ckpt
18:31:40 | INFO  | atomic_chec~| [atomic_save] ✓ last.ckpt saved (392.3 MiB, serialise=1.22s write=0.90s rename=156.8ms)
[Epoch 17/20] step 50/309 (0.7 it/s)
[Epoch 17/20] step 100/309 (0.7 it/s)
[Epoch 17/20] step 150/309 (0.7 it/s)
[Epoch 17/20] step 200/309 (0.7 it/s)
[Epoch 17/20] step 250/309 (0.7 it/s)
[Epoch 17/20] step 300/309 (0.7 it/s)
18:39:43 | INFO  | trainer_inf~| \n+--------------------------------+------------------------+
|             Metric             |         Value          |
+--------------------------------+------------------------+
|            [0;34;40mfit/loss[0m            |  [0;32;40m0.26043328642845154[0m   |
|         [0;34;40mfit/pred_loss[0m          |  [0;32;40m0.05233912914991379[0m   |
|        [0;34;40mfit/sigreg_loss[0m         |        [0;32;40m2.21875[0m         |
|      [0;34;40mfit/structured_loss[0m       |  [0;32;40m0.008875405415892601[0m  |
|      [0;34;40mhardware/cpu_percent[0m      |   [0;32;40m89.30000305175781[0m    |
|    [0;34;40mhardware/disk_read_mb_s[0m     | [0;32;40m0.0007809036178514361[0m  |
|    [0;34;40mhardware/disk_write_mb_s[0m    |   [0;32;40m19.540550231933594[0m   |
|     [0;34;40mhardware/net_recv_mb_s[0m     |  [0;32;40m0.03176233917474747[0m   |
|     [0;34;40mhardware/net_sent_mb_s[0m     |  [0;32;40m0.07959496974945068[0m   |
|      [0;34;40mhardware/ram_used_gb[0m      |   [0;32;40m505.4288330078125[0m    |
|     [0;34;40mhardware/ram_used_pct[0m      |   [0;32;40m50.20000076293945[0m    |
|      [0;34;40mhparams/lr_default_0[0m      | [0;32;40m1.2478984672270599e-06[0m |
|         [0;34;40mvalidate/loss[0m          |   [0;32;40m0.2932053506374359[0m   |
|      [0;34;40mvalidate/loss_epoch[0m       |   [0;32;40m0.2932053506374359[0m   |
|       [0;34;40mvalidate/pred_loss[0m       |   [0;32;40m0.0495794415473938[0m   |
|    [0;34;40mvalidate/pred_loss_epoch[0m    |   [0;32;40m0.0495794415473938[0m   |
|      [0;34;40mvalidate/sigreg_loss[0m      |   [0;32;40m2.6652846336364746[0m   |
|   [0;34;40mvalidate/sigreg_loss_epoch[0m   |   [0;32;40m2.6652846336364746[0m   |
|    [0;34;40mvalidate/structured_loss[0m    | [0;32;40m0.0038613437209278345[0m  |
| [0;34;40mvalidate/structured_loss_epoch[0m | [0;32;40m0.0038613437209278345[0m  |
+--------------------------------+------------------------+
[Epoch 17/20] done in 483.5s
18:39:44 | INFO  | checkpoint_~|   Checking for non PyTorch modules to save
18:39:44 | INFO  | atomic_chec~| [atomic_save] → /data1/likun-share/junjxu/.cache_stable-pretraining/runs/20260716/160500/8c262c0794ec/checkpoints/epoch=17-step=5562.ckpt
18:39:46 | INFO  | atomic_chec~| [atomic_save] ✓ epoch=17-step=5562.ckpt saved (392.3 MiB, serialise=0.83s write=0.98s rename=0.1ms)
18:39:46 | INFO  | checkpoint_~|   Checking for non PyTorch modules to save
18:39:46 | INFO  | atomic_chec~| [atomic_save] → /data1/likun-share/junjxu/.cache_stable-pretraining/runs/20260716/160500/8c262c0794ec/checkpoints/last.ckpt
18:39:48 | INFO  | atomic_chec~| [atomic_save] ✓ last.ckpt saved (392.3 MiB, serialise=0.99s write=0.85s rename=258.0ms)
[Epoch 18/20] step 50/309 (0.7 it/s)
[Epoch 18/20] step 100/309 (0.7 it/s)
[Epoch 18/20] step 150/309 (0.7 it/s)
[Epoch 18/20] step 200/309 (0.7 it/s)
[Epoch 18/20] step 250/309 (0.7 it/s)
[Epoch 18/20] step 300/309 (0.7 it/s)
18:47:30 | INFO  | trainer_inf~| \n+--------------------------------+-----------------------+
|             Metric             |         Value         |
+--------------------------------+-----------------------+
|            [0;34;40mfit/loss[0m            |  [0;32;40m0.25202468037605286[0m  |
|         [0;34;40mfit/pred_loss[0m          |  [0;32;40m0.05092942714691162[0m  |
|        [0;34;40mfit/sigreg_loss[0m         |        [0;32;40m2.140625[0m       |
|      [0;34;40mfit/structured_loss[0m       |  [0;32;40m0.00871245190501213[0m  |
|      [0;34;40mhardware/cpu_percent[0m      |    [0;32;40m90.0999984741211[0m   |
|    [0;34;40mhardware/disk_read_mb_s[0m     |   [0;32;40m0.262803316116333[0m   |
|    [0;34;40mhardware/disk_write_mb_s[0m    |   [0;32;40m19.39668083190918[0m   |
|     [0;34;40mhardware/net_recv_mb_s[0m     |   [0;32;40m0.7118512392044067[0m  |
|     [0;34;40mhardware/net_sent_mb_s[0m     |   [0;32;40m0.7455595135688782[0m  |
|      [0;34;40mhardware/ram_used_gb[0m      |   [0;32;40m501.22222900390625[0m  |
|     [0;34;40mhardware/ram_used_pct[0m      |   [0;32;40m49.79999923706055[0m   |
|      [0;34;40mhparams/lr_default_0[0m      | [0;32;40m3.139458613077295e-07[0m |
|         [0;34;40mvalidate/loss[0m          |  [0;32;40m0.29403936862945557[0m  |
|      [0;34;40mvalidate/loss_epoch[0m       |  [0;32;40m0.29403936862945557[0m  |
|       [0;34;40mvalidate/pred_loss[0m       |  [0;32;40m0.04736229032278061[0m  |
|    [0;34;40mvalidate/pred_loss_epoch[0m    |  [0;32;40m0.04736229032278061[0m  |
|      [0;34;40mvalidate/sigreg_loss[0m      |   [0;32;40m2.6925342082977295[0m  |
|   [0;34;40mvalidate/sigreg_loss_epoch[0m   |   [0;32;40m2.6925342082977295[0m  |
|    [0;34;40mvalidate/structured_loss[0m    |  [0;32;40m0.004367002286016941[0m |
| [0;34;40mvalidate/structured_loss_epoch[0m |  [0;32;40m0.004367002286016941[0m |
+--------------------------------+-----------------------+
[Epoch 18/20] done in 462.9s
18:47:31 | INFO  | checkpoint_~|   Checking for non PyTorch modules to save
18:47:31 | INFO  | atomic_chec~| [atomic_save] → /data1/likun-share/junjxu/.cache_stable-pretraining/runs/20260716/160500/8c262c0794ec/checkpoints/epoch=18-step=5871.ckpt
18:47:32 | INFO  | atomic_chec~| [atomic_save] ✓ epoch=18-step=5871.ckpt saved (392.3 MiB, serialise=0.78s write=0.72s rename=0.1ms)
18:47:33 | INFO  | checkpoint_~|   Checking for non PyTorch modules to save
18:47:33 | INFO  | atomic_chec~| [atomic_save] → /data1/likun-share/junjxu/.cache_stable-pretraining/runs/20260716/160500/8c262c0794ec/checkpoints/last.ckpt
18:47:34 | INFO  | atomic_chec~| [atomic_save] ✓ last.ckpt saved (392.3 MiB, serialise=0.84s write=0.67s rename=125.8ms)
[Epoch 19/20] step 50/309 (0.9 it/s)
[Epoch 19/20] step 100/309 (0.9 it/s)
[Epoch 19/20] step 150/309 (0.9 it/s)
[Epoch 19/20] step 200/309 (0.9 it/s)
[Epoch 19/20] step 250/309 (1.0 it/s)
[Epoch 19/20] step 300/309 (1.0 it/s)
18:53:37 | INFO  | trainer_inf~| \n+--------------------------------+-----------------------+
|             Metric             |         Value         |
+--------------------------------+-----------------------+
|            [0;34;40mfit/loss[0m            |  [0;32;40m0.23955075442790985[0m  |
|         [0;34;40mfit/pred_loss[0m          |  [0;32;40m0.04830658435821533[0m  |
|        [0;34;40mfit/sigreg_loss[0m         |        [0;32;40m2.078125[0m       |
|      [0;34;40mfit/structured_loss[0m       | [0;32;40m0.0037441770546138287[0m |
|      [0;34;40mhardware/cpu_percent[0m      |          [0;32;40m84.0[0m         |
|    [0;34;40mhardware/disk_read_mb_s[0m     |          [0;32;40m0.0[0m          |
|    [0;34;40mhardware/disk_write_mb_s[0m    |   [0;32;40m91.15254974365234[0m   |
|     [0;34;40mhardware/net_recv_mb_s[0m     |   [0;32;40m0.9323728680610657[0m  |
|     [0;34;40mhardware/net_sent_mb_s[0m     |   [0;32;40m0.9793066382408142[0m  |
|      [0;34;40mhardware/ram_used_gb[0m      |   [0;32;40m392.92462158203125[0m  |
|     [0;34;40mhardware/ram_used_pct[0m      |          [0;32;40m39.0[0m         |
|      [0;34;40mhparams/lr_default_0[0m      |          [0;32;40m0.0[0m          |
|         [0;34;40mvalidate/loss[0m          |   [0;32;40m0.2917362451553345[0m  |
|      [0;34;40mvalidate/loss_epoch[0m       |   [0;32;40m0.2917362451553345[0m  |
|       [0;34;40mvalidate/pred_loss[0m       |  [0;32;40m0.04652588441967964[0m  |
|    [0;34;40mvalidate/pred_loss_epoch[0m    |  [0;32;40m0.04652588441967964[0m  |
|      [0;34;40mvalidate/sigreg_loss[0m      |   [0;32;40m2.6837306022644043[0m  |
|   [0;34;40mvalidate/sigreg_loss_epoch[0m   |   [0;32;40m2.6837306022644043[0m  |
|    [0;34;40mvalidate/structured_loss[0m    |  [0;32;40m0.00365972938016057[0m  |
| [0;34;40mvalidate/structured_loss_epoch[0m |  [0;32;40m0.00365972938016057[0m  |
+--------------------------------+-----------------------+
[Epoch 19/20] done in 363.7s
18:53:38 | INFO  | checkpoint_~|   Checking for non PyTorch modules to save
18:53:38 | INFO  | atomic_chec~| [atomic_save] → /data1/likun-share/junjxu/.cache_stable-pretraining/runs/20260716/160500/8c262c0794ec/checkpoints/epoch=19-step=6180.ckpt
18:53:39 | INFO  | atomic_chec~| [atomic_save] ✓ epoch=19-step=6180.ckpt saved (392.3 MiB, serialise=0.60s write=0.60s rename=0.1ms)
18:53:40 | INFO  | checkpoint_~|   Checking for non PyTorch modules to save
18:53:40 | INFO  | atomic_chec~| [atomic_save] → /data1/likun-share/junjxu/.cache_stable-pretraining/runs/20260716/160500/8c262c0794ec/checkpoints/last.ckpt
18:53:41 | INFO  | atomic_chec~| [atomic_save] ✓ last.ckpt saved (392.3 MiB, serialise=0.56s write=0.59s rename=114.9ms)
`Trainer.fit` stopped: `max_epochs=20` reached.
Epoch 19/19 ━━━━━━━━━━━━━━━━━━━━━━━━━━━━━━━ 309/309 0:05:23 • 0:00:00 0.96it/s 
18:53:42 | INFO  | utils.py    | ── SignalHandlers (after Trainer.fit() returned) ──
18:53:42 | INFO  | manager.py  |   SIGUSR1  → SIG_IGN (ignored)
18:53:42 | INFO  | manager.py  |   SIGUSR2  → SIG_IGN (ignored)
18:53:42 | INFO  | manager.py  |   SIGCONT  → SIG_DFL (default OS action — terminate process)
18:53:42 | INFO  | manager.py  |   SIGTERM  → SIG_DFL (default OS action — terminate process)
