19:55:13 | INFO  | __init__.py | PyTorch version 2.9.1+cu128 available.
19:55:13 | INFO  | __init__.py | JAX version 0.6.2 available.
19:55:19 | INFO  | atomic_chec~| [atomic_save] installed crash-safe checkpoint plugin (write to sibling .tmp + fsync + atomic rename)
[2026-07-16 19:55:19,698][root][INFO] - Cached 'action' from '/data1/likun-share/junjxu/.stable_worldmodel/datasets/phyworld_collision_id1k.h5'
[2026-07-16 19:55:19,699][root][INFO] - Cached 'proprio' from '/data1/likun-share/junjxu/.stable_worldmodel/datasets/phyworld_collision_id1k.h5'
[2026-07-16 19:55:19,700][root][INFO] - Cached 'state' from '/data1/likun-share/junjxu/.stable_worldmodel/datasets/phyworld_collision_id1k.h5'
Loading weights:   0%|          | 0/223 [00:00<?, ?it/s]Loading weights: 100%|██████████| 223/223 [00:00<00:00, 8864.51it/s]
[encoder_type=dinov2] frozen DINOv2 backbone from /data1/likun-share/junjxu/.stable_worldmodel/hf_dinov2_small (hidden=384)
[dynamics] SecondOrderDynamics enabled: pos_dim=4 use_action=False act_dim=0 learnable_accel=True accel_form=const
[freeze_encoder] froze 223 encoder param tensors (encoder kept at init)
19:55:20 | INFO  | module.py   | Setting up DataModule
19:55:20 | INFO  | utils.py    | ── Module ────────────────────────────────────────
19:55:20 | WARN  | module.py   | ! No hyperparameters provided - hyperparameter logging is disabled.
19:55:20 | INFO  | module.py   |   Setting custom forward method.
19:55:20 | INFO  | module.py   |   Setting attribute: self.model = <class 'jepa.JEPA'>
19:55:20 | INFO  | module.py   |   Setting attribute: self.sigreg = <class 'module.SIGReg'>
19:55:20 | INFO  | module.py   |   Setting attribute: self.optim = <class 'dict'>
19:55:20 | INFO  | module.py   |   No metrics configuration provided - automatic metric tracking is disabled.
/home/likun-share/junjxu/wm/le-wm/.venv/lib/python3.10/site-packages/lightning/fabric/connector.py:571: `precision=bf16` is supported for historical reasons but its usage is discouraged. Please set your precision to bf16-mixed instead!
Using bfloat16 Automatic Mixed Precision (AMP)
19:55:20 | INFO  | env_info.py |   EnvironmentDumpCallback initialized (filename=environment.json, async=True)
19:55:20 | INFO  | utils.py    | ── HuggingFaceCheckpoint ─────────────────────────
19:55:20 | INFO  | hf_models.py|   save_dir: <cyan>hf_exports</cyan>
19:55:20 | INFO  | hf_models.py|   per_step: <cyan>False</cyan>  (False ⇒ overwrite single 'last/' subdir; True ⇒ keep step_N/)
Adding 14 callbacks from entry point 'stablepretraining_callbacks': PrintProgressBar, ModuleRegistryCallback, LoggingCallback, EnvironmentDumpCallback, TrainerInfo, SklearnCheckpoint, WandbCheckpoint, TrackioCheckpoint, SwanLabCheckpoint, ModuleSummary, SLURMInfo, LogUnusedParametersOnce, HuggingFaceCheckpointCallback, HardwareMonitor
GPU available: True (cuda), used: True
TPU available: False, using: 0 TPU cores
💡 Tip: For seamless cloud logging and experiment tracking, try installing [litlogger](https://pypi.org/project/litlogger/) to enable LitLogger, which logs metrics and artifacts automatically to the Lightning Experiments platform.
19:55:20 | INFO  | utils.py    | ── SIGTERM preempt handler — install ─────────────
19:55:20 | INFO  | manager.py  |   SLURM_JOB_ID         = None
19:55:20 | INFO  | manager.py  |   SLURM_RESTART_COUNT  = '0'
19:55:20 | INFO  | manager.py  |   SLURM_PROCID         = '?'
19:55:20 | INFO  | manager.py  |   SLURM_NODEID         = '?'
19:55:20 | INFO  | manager.py  |   → not under SLURM (SLURM_JOB_ID unset); leaving SIGTERM handler as-is. Forwarding to submitit's USR signal would be a no-op since submitit isn't running upstream.
19:55:20 | WARN  | manager.py  | User didn't specify seed, runs won't be exactly reproducible!
19:55:20 | INFO  | manager.py  |   Manager init: ckpt_path=None, weights_only=True
19:55:20 | INFO  | utils.py    | ── WorkingDirectory ──────────────────────────────
19:55:20 | INFO  | manager.py  |   cwd: /home/likun-share/junjxu/wm/le-wm
19:55:20 | INFO  | utils.py    | ── Seed ──────────────────────────────────────────
19:55:20 | INFO  | manager.py  |   seed: None
/home/likun-share/junjxu/wm/le-wm/.venv/lib/python3.10/site-packages/lightning/fabric/utilities/seed.py:44: No seed found, seed set to 0
Seed set to 0
19:55:20 | INFO  | utils.py    | ── RunDirectory ──────────────────────────────────
19:55:20 | INFO  | manager.py  |   cache_dir = /data1/likun-share/junjxu/.cache_stable-pretraining
19:55:20 | INFO  | manager.py  |   ddp: launch_key=(single-process) rank=0 is_rank_zero=True
19:55:20 | INFO  | utils.py    | ── RunDirectory: requeue probe ───────────────────
19:55:20 | INFO  | manager.py  |   SLURM session key   = (no SLURM)
19:55:20 | INFO  | manager.py  |   SLURM_RESTART_COUNT = 0
19:55:20 | INFO  | manager.py  |   in_requeue          = False
19:55:20 | INFO  | utils.py    | ── RunDirectory: fresh ───────────────────────────
19:55:20 | INFO  | manager.py  |   no user ckpt_path — training from scratch / pretrained backbone.
19:55:20 | INFO  | manager.py  |   created run_dir = /data1/likun-share/junjxu/.cache_stable-pretraining/runs/20260716/195520/fa542ae4e5f1
19:55:20 | INFO  | manager.py  |   wrote run_meta.json with run_id=fa542ae4e5f1
19:55:20 | INFO  | manager.py  |   SLURM index = (no SLURM, skipped)
19:55:20 | WARN  | manager.py  | ! cache_dir is set but the Trainer was passed as an already-instantiated object. Cannot override default_root_dir cleanly. Consider passing the trainer as a config dict instead.
19:55:20 | WARN  | manager.py  | ! Hydra run.dir='outputs/2026-07-16/19-55-19' will be ignored for trainer outputs (cache_dir takes precedence).
19:55:20 | WARN  | manager.py  | ! Hydra sweep.dir='multirun/2026-07-16/19-55-19' will be ignored for trainer outputs (cache_dir takes precedence).
19:55:20 | INFO  | logger.py   | [RegistryLogger] run_id=fa542ae4e5f1 run_dir=/data1/likun-share/junjxu/.cache_stable-pretraining/runs/20260716/195520/fa542ae4e5f1 — sidecar.json + summary.json + metrics.csv will live here
19:55:20 | INFO  | utils.py    | ── RegistryLogger ────────────────────────────────
19:55:20 | INFO  | manager.py  |   run_dir: /data1/likun-share/junjxu/.cache_stable-pretraining/runs/20260716/195520/fa542ae4e5f1
19:55:20 | INFO  | manager.py  |   run_id:  fa542ae4e5f1
19:55:20 | INFO  | utils.py    | ── CSVLogger ─────────────────────────────────────
19:55:20 | INFO  | manager.py  |   root_dir: /data1/likun-share/junjxu/.cache_stable-pretraining/runs/20260716/195520/fa542ae4e5f1/
19:55:20 | INFO  | manager.py  |   save_dir: /data1/likun-share/junjxu/.cache_stable-pretraining/runs/20260716/195520/fa542ae4e5f1
19:55:20 | INFO  | manager.py  |   log_dir: /data1/likun-share/junjxu/.cache_stable-pretraining/runs/20260716/195520/fa542ae4e5f1/
19:55:20 | INFO  | utils.py    | ── SignalHandlers (after submitit setup (spt SIGTERM installed in __init__)) ──
19:55:20 | INFO  | manager.py  |   SIGUSR1  → SIG_IGN (ignored)
19:55:20 | INFO  | manager.py  |   SIGUSR2  → SIG_IGN (ignored)
19:55:20 | INFO  | manager.py  |   SIGCONT  → SIG_DFL (default OS action — terminate process)
19:55:20 | INFO  | manager.py  |   SIGTERM  → SIG_DFL (default OS action — terminate process)
19:55:20 | INFO  | utils.py    | ── Callbacks ─────────────────────────────────────
19:55:20 | INFO  | manager.py  |   count: 19
19:55:20 | INFO  | utils.py    | ── CacheDirCheckpointing ─────────────────────────
19:55:20 | INFO  | manager.py  |   Saving checkpoints to: /data1/likun-share/junjxu/.cache_stable-pretraining/runs/20260716/195520/fa542ae4e5f1/checkpoints
19:55:20 | WARN  | manager.py  |   Redirecting HuggingFaceCheckpointCallback from 'hf_exports' to '/data1/likun-share/junjxu/.cache_stable-pretraining/runs/20260716/195520/fa542ae4e5f1/hf_exports' (cache_dir is active — prevents races on a shared cache)
19:55:20 | INFO  | manager.py  |   Added requeue checkpoint (filename='last')
19:55:20 | INFO  | utils.py    | ── LoadPath resolution ───────────────────────────
19:55:20 | INFO  | manager.py  |   in_requeue = False
19:55:20 | INFO  | manager.py  |   user ckpt_path = None
19:55:20 | INFO  | manager.py  |   user weights_only = True
19:55:20 | INFO  | manager.py  |   → no ckpt_path; training from scratch.
19:55:20 | INFO  | utils.py    | ── TrainerFit ────────────────────────────────────
19:55:20 | INFO  | manager.py  |   ckpt_path:     None
19:55:20 | INFO  | manager.py  |   weights_only:  None
19:55:20 | INFO  | utils.py    | ── SignalHandlers (before Trainer.fit() (handler installed in __init__)) ──
19:55:20 | INFO  | manager.py  |   SIGUSR1  → SIG_IGN (ignored)
19:55:20 | INFO  | manager.py  |   SIGUSR2  → SIG_IGN (ignored)
19:55:20 | INFO  | manager.py  |   SIGCONT  → SIG_DFL (default OS action — terminate process)
19:55:20 | INFO  | manager.py  |   SIGTERM  → SIG_DFL (default OS action — terminate process)
19:55:20 | INFO  | manager.py  |   → entering Trainer.fit(); lightning's _SignalConnector will now register its own handlers. SIGTERM will become _HandlersCompose([_sigterm_notifier_fn, _sigterm_handler_fn, spt._handler]); USR-sig binding from submitit is preserved (lightning skips USR registration when one already exists).
💡 Tip: For seamless cloud uploads and versioning, try installing [litmodels](https://pypi.org/project/litmodels/) to enable LitModelCheckpoint, which syncs automatically with the Lightning model registry.
You are using a CUDA device ('NVIDIA A800-SXM4-80GB') that has Tensor Cores. To properly utilize them, you should set `torch.set_float32_matmul_precision('medium' | 'high')` which will trade-off precision for performance. For more details, read https://pytorch.org/docs/stable/generated/torch.set_float32_matmul_precision.html#torch.set_float32_matmul_precision
19:55:20 | OK    | module.py   | ✓ dataset for fit loaded
19:55:20 | INFO  | module.py   |   setup was done by user
19:55:20 | INFO  | utils.py    | ── EnvironmentDump ───────────────────────────────
19:55:20 | INFO  | env_info.py |   log_dir: /home/likun-share/.cache/stable-pretraining
19:55:20 | INFO  | env_info.py |   Running environment dump in background thread (non-blocking)
19:55:20 | INFO  | env_info.py |   Collecting environment information...
19:55:20 | OK    | env_info.py | ✓ Background thread started successfully
19:55:20 | OK    | env_info.py | ✓ Python 3.10.12
19:55:20 | INFO  | trainer_inf~|   linking trainer to DataModule
19:55:20 | OK    | env_info.py | ✓ System: Linux 5.15.0-113-generic (x86_64)
19:55:20 | INFO  | utils.py    | ── Callbacks (in order) ──────────────────────────
19:55:20 | INFO  | env_info.py |   Hostname: 10-116-90-13
19:55:20 | INFO  | utils.py    |     [ 0] ModelObjectCallBack
19:55:20 | INFO  | utils.py    |     [ 1] RichProgressBar
19:55:20 | INFO  | utils.py    |     [ 2] RichModelSummary
19:55:20 | INFO  | utils.py    |     [ 3] PrintProgressBar
19:55:20 | INFO  | utils.py    |     [ 4] ModuleRegistryCallback
19:55:20 | INFO  | utils.py    |     [ 5] LoggingCallback
19:55:20 | INFO  | utils.py    |     [ 6] EnvironmentDumpCallback
19:55:20 | INFO  | utils.py    |     [ 7] TrainerInfo
19:55:20 | INFO  | utils.py    |     [ 8] SklearnCheckpoint
19:55:20 | INFO  | utils.py    |     [ 9] WandbCheckpoint
19:55:20 | INFO  | utils.py    |     [10] TrackioCheckpoint
19:55:20 | INFO  | utils.py    |     [11] SwanLabCheckpoint
19:55:20 | INFO  | utils.py    |     [12] ModuleSummary
19:55:20 | INFO  | utils.py    |     [13] SLURMInfo
19:55:20 | INFO  | utils.py    |     [14] LogUnusedParametersOnce
19:55:20 | INFO  | utils.py    |     [15] HuggingFaceCheckpointCallback
19:55:20 | INFO  | utils.py    |     [16] HardwareMonitor
19:55:20 | INFO  | utils.py    |     [17] ModelCheckpoint
19:55:20 | INFO  | utils.py    |     [18] _RunDirCallback
19:55:20 | INFO  | utils.py    |     [19] ModelCheckpoint
19:55:20 | INFO  | utils.py    |   ⚑ marks order-sensitive callbacks; see AGENTS.md → Callback ordering for the full rules.
19:55:20 | INFO  | utils.py    | ── SklearnCheckpoint ─────────────────────────────
19:55:20 | INFO  | checkpoint_~|   Sklearn Modules:
19:55:20 | INFO  | checkpoint_~| 
┏━━━━━━━━━━┳━━━━━━━━┳━━━━━━━━┓
┃ Module   ┃ Name   ┃ Type   ┃
┣━━━━━━━━━━╋━━━━━━━━╋━━━━━━━━┫
┗━━━━━━━━━━┻━━━━━━━━┻━━━━━━━━┛
19:55:20 | INFO  | utils.py    | ── WandbCheckpoint ───────────────────────────────
19:55:20 | INFO  | utils.py    | ── TrackioCheckpoint ─────────────────────────────
19:55:20 | INFO  | utils.py    | ── SwanLabCheckpoint ─────────────────────────────
19:55:20 | INFO  | utils.py    | ── PyTorch Modules ───────────────────────────────
19:55:20 | WARN  | module.py   | ! You are calling self.parameters which also gives callbacks parameters, to remove them, pass `with_callbacks=False`
19:55:20 | INFO  | trainer_inf~| \n+----------------------------------------------------------+----------------------+--------------------------+--------------------------+---------+
| Module                                                   | Trainable parameters | Non Trainable parameters | Uninitialized parameters | Buffers |
+----------------------------------------------------------+----------------------+--------------------------+--------------------------+---------+
|                                                          |             26901178 |                 22056576 |                        0 |    8245 |
| callbacks_modules                                        |                    0 |                        0 |                        0 |       0 |
| callbacks_metrics                                        |                    0 |                        0 |                        0 |       0 |
| model                                                    |             26901178 |                 22056576 |                        0 |    8194 |
| model.encoder                                            |                    0 |                 22056576 |                        0 |       0 |
| model.encoder.embeddings                                 |                    0 |                   753024 |                        0 |       0 |
| model.encoder.embeddings.patch_embeddings                |                    0 |                   226176 |                        0 |       0 |
| model.encoder.embeddings.patch_embeddings.projection     |                    0 |                   226176 |                        0 |       0 |
| model.encoder.embeddings.dropout                         |                    0 |                        0 |                        0 |       0 |
| model.encoder.encoder                                    |                    0 |                 21302784 |                        0 |       0 |
| model.encoder.encoder.layer                              |                    0 |                 21302784 |                        0 |       0 |
| model.encoder.encoder.layer.0                            |                    0 |                  1775232 |                        0 |       0 |
| model.encoder.encoder.layer.0.norm1                      |                    0 |                      768 |                        0 |       0 |
| model.encoder.encoder.layer.0.attention                  |                    0 |                   591360 |                        0 |       0 |
| model.encoder.encoder.layer.0.attention.attention        |                    0 |                   443520 |                        0 |       0 |
| model.encoder.encoder.layer.0.attention.attention.query  |                    0 |                   147840 |                        0 |       0 |
| model.encoder.encoder.layer.0.attention.attention.key    |                    0 |                   147840 |                        0 |       0 |
| model.encoder.encoder.layer.0.attention.attention.value  |                    0 |                   147840 |                        0 |       0 |
| model.encoder.encoder.layer.0.attention.output           |                    0 |                   147840 |                        0 |       0 |
| model.encoder.encoder.layer.0.attention.output.dense     |                    0 |                   147840 |                        0 |       0 |
| model.encoder.encoder.layer.0.attention.output.dropout   |                    0 |                        0 |                        0 |       0 |
| model.encoder.encoder.layer.0.layer_scale1               |                    0 |                      384 |                        0 |       0 |
| model.encoder.encoder.layer.0.drop_path                  |                    0 |                        0 |                        0 |       0 |
| model.encoder.encoder.layer.0.norm2                      |                    0 |                      768 |                        0 |       0 |
| model.encoder.encoder.layer.0.mlp                        |                    0 |                  1181568 |                        0 |       0 |
| model.encoder.encoder.layer.0.mlp.fc1                    |                    0 |                   591360 |                        0 |       0 |
| model.encoder.encoder.layer.0.mlp.activation             |                    0 |                        0 |                        0 |       0 |
| model.encoder.encoder.layer.0.mlp.fc2                    |                    0 |                   590208 |                        0 |       0 |
| model.encoder.encoder.layer.0.layer_scale2               |                    0 |                      384 |                        0 |       0 |
| model.encoder.encoder.layer.1                            |                    0 |                  1775232 |                        0 |       0 |
| model.encoder.encoder.layer.1.norm1                      |                    0 |                      768 |                        0 |       0 |
| model.encoder.encoder.layer.1.attention                  |                    0 |                   591360 |                        0 |       0 |
| model.encoder.encoder.layer.1.attention.attention        |                    0 |                   443520 |                        0 |       0 |
| model.encoder.encoder.layer.1.attention.attention.query  |                    0 |                   147840 |                        0 |       0 |
| model.encoder.encoder.layer.1.attention.attention.key    |                    0 |                   147840 |                        0 |       0 |
| model.encoder.encoder.layer.1.attention.attention.value  |                    0 |                   147840 |                        0 |       0 |
| model.encoder.encoder.layer.1.attention.output           |                    0 |                   147840 |                        0 |       0 |
| model.encoder.encoder.layer.1.attention.output.dense     |                    0 |                   147840 |                        0 |       0 |
| model.encoder.encoder.layer.1.attention.output.dropout   |                    0 |                        0 |                        0 |       0 |
| model.encoder.encoder.layer.1.layer_scale1               |                    0 |                      384 |                        0 |       0 |
| model.encoder.encoder.layer.1.drop_path                  |                    0 |                        0 |                        0 |       0 |
| model.encoder.encoder.layer.1.norm2                      |                    0 |                      768 |                        0 |       0 |
| model.encoder.encoder.layer.1.mlp                        |                    0 |                  1181568 |                        0 |       0 |
| model.encoder.encoder.layer.1.mlp.fc1                    |                    0 |                   591360 |                        0 |       0 |
| model.encoder.encoder.layer.1.mlp.activation             |                    0 |                        0 |                        0 |       0 |
| model.encoder.encoder.layer.1.mlp.fc2                    |                    0 |                   590208 |                        0 |       0 |
| model.encoder.encoder.layer.1.layer_scale2               |                    0 |                      384 |                        0 |       0 |
| model.encoder.encoder.layer.2                            |                    0 |                  1775232 |                        0 |       0 |
| model.encoder.encoder.layer.2.norm1                      |                    0 |                      768 |                        0 |       0 |
| model.encoder.encoder.layer.2.attention                  |                    0 |                   591360 |                        0 |       0 |
| model.encoder.encoder.layer.2.attention.attention        |                    0 |                   443520 |                        0 |       0 |
| model.encoder.encoder.layer.2.attention.attention.query  |                    0 |                   147840 |                        0 |       0 |
| model.encoder.encoder.layer.2.attention.attention.key    |                    0 |                   147840 |                        0 |       0 |
| model.encoder.encoder.layer.2.attention.attention.value  |                    0 |                   147840 |                        0 |       0 |
| model.encoder.encoder.layer.2.attention.output           |                    0 |                   147840 |                        0 |       0 |
| model.encoder.encoder.layer.2.attention.output.dense     |                    0 |                   147840 |                        0 |       0 |
| model.encoder.encoder.layer.2.attention.output.dropout   |                    0 |                        0 |                        0 |       0 |
| model.encoder.encoder.layer.2.layer_scale1               |                    0 |                      384 |                        0 |       0 |
| model.encoder.encoder.layer.2.drop_path                  |                    0 |                        0 |                        0 |       0 |
| model.encoder.encoder.layer.2.norm2                      |                    0 |                      768 |                        0 |       0 |
| model.encoder.encoder.layer.2.mlp                        |                    0 |                  1181568 |                        0 |       0 |
| model.encoder.encoder.layer.2.mlp.fc1                    |                    0 |                   591360 |                        0 |       0 |
| model.encoder.encoder.layer.2.mlp.activation             |                    0 |                        0 |                        0 |       0 |
| model.encoder.encoder.layer.2.mlp.fc2                    |                    0 |                   590208 |                        0 |       0 |
| model.encoder.encoder.layer.2.layer_scale2               |                    0 |                      384 |                        0 |       0 |
| model.encoder.encoder.layer.3                            |                    0 |                  1775232 |                        0 |       0 |
| model.encoder.encoder.layer.3.norm1                      |                    0 |                      768 |                        0 |       0 |
| model.encoder.encoder.layer.3.attention                  |                    0 |                   591360 |                        0 |       0 |
| model.encoder.encoder.layer.3.attention.attention        |                    0 |                   443520 |                        0 |       0 |
| model.encoder.encoder.layer.3.attention.attention.query  |                    0 |                   147840 |                        0 |       0 |
| model.encoder.encoder.layer.3.attention.attention.key    |                    0 |                   147840 |                        0 |       0 |
| model.encoder.encoder.layer.3.attention.attention.value  |                    0 |                   147840 |                        0 |       0 |
| model.encoder.encoder.layer.3.attention.output           |                    0 |                   147840 |                        0 |       0 |
| model.encoder.encoder.layer.3.attention.output.dense     |                    0 |                   147840 |                        0 |       0 |
| model.encoder.encoder.layer.3.attention.output.dropout   |                    0 |                        0 |                        0 |       0 |
| model.encoder.encoder.layer.3.layer_scale1               |                    0 |                      384 |                        0 |       0 |
| model.encoder.encoder.layer.3.drop_path                  |                    0 |                        0 |                        0 |       0 |
| model.encoder.encoder.layer.3.norm2                      |                    0 |                      768 |                        0 |       0 |
| model.encoder.encoder.layer.3.mlp                        |                    0 |                  1181568 |                        0 |       0 |
| model.encoder.encoder.layer.3.mlp.fc1                    |                    0 |                   591360 |                        0 |       0 |
| model.encoder.encoder.layer.3.mlp.activation             |                    0 |                        0 |                        0 |       0 |
| model.encoder.encoder.layer.3.mlp.fc2                    |                    0 |                   590208 |                        0 |       0 |
| model.encoder.encoder.layer.3.layer_scale2               |                    0 |                      384 |                        0 |       0 |
| model.encoder.encoder.layer.4                            |                    0 |                  1775232 |                        0 |       0 |
| model.encoder.encoder.layer.4.norm1                      |                    0 |                      768 |                        0 |       0 |
| model.encoder.encoder.layer.4.attention                  |                    0 |                   591360 |                        0 |       0 |
| model.encoder.encoder.layer.4.attention.attention        |                    0 |                   443520 |                        0 |       0 |
| model.encoder.encoder.layer.4.attention.attention.query  |                    0 |                   147840 |                        0 |       0 |
| model.encoder.encoder.layer.4.attention.attention.key    |                    0 |                   147840 |                        0 |       0 |
| model.encoder.encoder.layer.4.attention.attention.value  |                    0 |                   147840 |                        0 |       0 |
| model.encoder.encoder.layer.4.attention.output           |                    0 |                   147840 |                        0 |       0 |
| model.encoder.encoder.layer.4.attention.output.dense     |                    0 |                   147840 |                        0 |       0 |
| model.encoder.encoder.layer.4.attention.output.dropout   |                    0 |                        0 |                        0 |       0 |
| model.encoder.encoder.layer.4.layer_scale1               |                    0 |                      384 |                        0 |       0 |
| model.encoder.encoder.layer.4.drop_path                  |                    0 |                        0 |                        0 |       0 |
| model.encoder.encoder.layer.4.norm2                      |                    0 |                      768 |                        0 |       0 |
| model.encoder.encoder.layer.4.mlp                        |                    0 |                  1181568 |                        0 |       0 |
| model.encoder.encoder.layer.4.mlp.fc1                    |                    0 |                   591360 |                        0 |       0 |
| model.encoder.encoder.layer.4.mlp.activation             |                    0 |                        0 |                        0 |       0 |
| model.encoder.encoder.layer.4.mlp.fc2                    |                    0 |                   590208 |                        0 |       0 |
| model.encoder.encoder.layer.4.layer_scale2               |                    0 |                      384 |                        0 |       0 |
| model.encoder.encoder.layer.5                            |                    0 |                  1775232 |                        0 |       0 |
| model.encoder.encoder.layer.5.norm1                      |                    0 |                      768 |                        0 |       0 |
| model.encoder.encoder.layer.5.attention                  |                    0 |                   591360 |                        0 |       0 |
| model.encoder.encoder.layer.5.attention.attention        |                    0 |                   443520 |                        0 |       0 |
| model.encoder.encoder.layer.5.attention.attention.query  |                    0 |                   147840 |                        0 |       0 |
| model.encoder.encoder.layer.5.attention.attention.key    |                    0 |                   147840 |                        0 |       0 |
| model.encoder.encoder.layer.5.attention.attention.value  |                    0 |                   147840 |                        0 |       0 |
| model.encoder.encoder.layer.5.attention.output           |                    0 |                   147840 |                        0 |       0 |
| model.encoder.encoder.layer.5.attention.output.dense     |                    0 |                   147840 |                        0 |       0 |
| model.encoder.encoder.layer.5.attention.output.dropout   |                    0 |                        0 |                        0 |       0 |
| model.encoder.encoder.layer.5.layer_scale1               |                    0 |                      384 |                        0 |       0 |
| model.encoder.encoder.layer.5.drop_path                  |                    0 |                        0 |                        0 |       0 |
| model.encoder.encoder.layer.5.norm2                      |                    0 |                      768 |                        0 |       0 |
| model.encoder.encoder.layer.5.mlp                        |                    0 |                  1181568 |                        0 |       0 |
| model.encoder.encoder.layer.5.mlp.fc1                    |                    0 |                   591360 |                        0 |       0 |
| model.encoder.encoder.layer.5.mlp.activation             |                    0 |                        0 |                        0 |       0 |
| model.encoder.encoder.layer.5.mlp.fc2                    |                    0 |                   590208 |                        0 |       0 |
| model.encoder.encoder.layer.5.layer_scale2               |                    0 |                      384 |                        0 |       0 |
| model.encoder.encoder.layer.6                            |                    0 |                  1775232 |                        0 |       0 |
| model.encoder.encoder.layer.6.norm1                      |                    0 |                      768 |                        0 |       0 |
| model.encoder.encoder.layer.6.attention                  |                    0 |                   591360 |                        0 |       0 |
| model.encoder.encoder.layer.6.attention.attention        |                    0 |                   443520 |                        0 |       0 |
| model.encoder.encoder.layer.6.attention.attention.query  |                    0 |                   147840 |                        0 |       0 |
| model.encoder.encoder.layer.6.attention.attention.key    |                    0 |                   147840 |                        0 |       0 |
| model.encoder.encoder.layer.6.attention.attention.value  |                    0 |                   147840 |                        0 |       0 |
| model.encoder.encoder.layer.6.attention.output           |                    0 |                   147840 |                        0 |       0 |
| model.encoder.encoder.layer.6.attention.output.dense     |                    0 |                   147840 |                        0 |       0 |
| model.encoder.encoder.layer.6.attention.output.dropout   |                    0 |                        0 |                        0 |       0 |
| model.encoder.encoder.layer.6.layer_scale1               |                    0 |                      384 |                        0 |       0 |
| model.encoder.encoder.layer.6.drop_path                  |                    0 |                        0 |                        0 |       0 |
| model.encoder.encoder.layer.6.norm2                      |                    0 |                      768 |                        0 |       0 |
| model.encoder.encoder.layer.6.mlp                        |                    0 |                  1181568 |                        0 |       0 |
| model.encoder.encoder.layer.6.mlp.fc1                    |                    0 |                   591360 |                        0 |       0 |
| model.encoder.encoder.layer.6.mlp.activation             |                    0 |                        0 |                        0 |       0 |
| model.encoder.encoder.layer.6.mlp.fc2                    |                    0 |                   590208 |                        0 |       0 |
| model.encoder.encoder.layer.6.layer_scale2               |                    0 |                      384 |                        0 |       0 |
| model.encoder.encoder.layer.7                            |                    0 |                  1775232 |                        0 |       0 |
| model.encoder.encoder.layer.7.norm1                      |                    0 |                      768 |                        0 |       0 |
| model.encoder.encoder.layer.7.attention                  |                    0 |                   591360 |                        0 |       0 |
| model.encoder.encoder.layer.7.attention.attention        |                    0 |                   443520 |                        0 |       0 |
| model.encoder.encoder.layer.7.attention.attention.query  |                    0 |                   147840 |                        0 |       0 |
| model.encoder.encoder.layer.7.attention.attention.key    |                    0 |                   147840 |                        0 |       0 |
| model.encoder.encoder.layer.7.attention.attention.value  |                    0 |                   147840 |                        0 |       0 |
| model.encoder.encoder.layer.7.attention.output           |                    0 |                   147840 |                        0 |       0 |
| model.encoder.encoder.layer.7.attention.output.dense     |                    0 |                   147840 |                        0 |       0 |
| model.encoder.encoder.layer.7.attention.output.dropout   |                    0 |                        0 |                        0 |       0 |
| model.encoder.encoder.layer.7.layer_scale1               |                    0 |                      384 |                        0 |       0 |
| model.encoder.encoder.layer.7.drop_path                  |                    0 |                        0 |                        0 |       0 |
| model.encoder.encoder.layer.7.norm2                      |                    0 |                      768 |                        0 |       0 |
| model.encoder.encoder.layer.7.mlp                        |                    0 |                  1181568 |                        0 |       0 |
| model.encoder.encoder.layer.7.mlp.fc1                    |                    0 |                   591360 |                        0 |       0 |
| model.encoder.encoder.layer.7.mlp.activation             |                    0 |                        0 |                        0 |       0 |
| model.encoder.encoder.layer.7.mlp.fc2                    |                    0 |                   590208 |                        0 |       0 |
| model.encoder.encoder.layer.7.layer_scale2               |                    0 |                      384 |                        0 |       0 |
| model.encoder.encoder.layer.8                            |                    0 |                  1775232 |                        0 |       0 |
| model.encoder.encoder.layer.8.norm1                      |                    0 |                      768 |                        0 |       0 |
| model.encoder.encoder.layer.8.attention                  |                    0 |                   591360 |                        0 |       0 |
| model.encoder.encoder.layer.8.attention.attention        |                    0 |                   443520 |                        0 |       0 |
| model.encoder.encoder.layer.8.attention.attention.query  |                    0 |                   147840 |                        0 |       0 |
| model.encoder.encoder.layer.8.attention.attention.key    |                    0 |                   147840 |                        0 |       0 |
| model.encoder.encoder.layer.8.attention.attention.value  |                    0 |                   147840 |                        0 |       0 |
| model.encoder.encoder.layer.8.attention.output           |                    0 |                   147840 |                        0 |       0 |
| model.encoder.encoder.layer.8.attention.output.dense     |                    0 |                   147840 |                        0 |       0 |
| model.encoder.encoder.layer.8.attention.output.dropout   |                    0 |                        0 |                        0 |       0 |
| model.encoder.encoder.layer.8.layer_scale1               |                    0 |                      384 |                        0 |       0 |
| model.encoder.encoder.layer.8.drop_path                  |                    0 |                        0 |                        0 |       0 |
| model.encoder.encoder.layer.8.norm2                      |                    0 |                      768 |                        0 |       0 |
| model.encoder.encoder.layer.8.mlp                        |                    0 |                  1181568 |                        0 |       0 |
| model.encoder.encoder.layer.8.mlp.fc1                    |                    0 |                   591360 |                        0 |       0 |
| model.encoder.encoder.layer.8.mlp.activation             |                    0 |                        0 |                        0 |       0 |
| model.encoder.encoder.layer.8.mlp.fc2                    |                    0 |                   590208 |                        0 |       0 |
| model.encoder.encoder.layer.8.layer_scale2               |                    0 |                      384 |                        0 |       0 |
| model.encoder.encoder.layer.9                            |                    0 |                  1775232 |                        0 |       0 |
| model.encoder.encoder.layer.9.norm1                      |                    0 |                      768 |                        0 |       0 |
| model.encoder.encoder.layer.9.attention                  |                    0 |                   591360 |                        0 |       0 |
| model.encoder.encoder.layer.9.attention.attention        |                    0 |                   443520 |                        0 |       0 |
| model.encoder.encoder.layer.9.attention.attention.query  |                    0 |                   147840 |                        0 |       0 |
| model.encoder.encoder.layer.9.attention.attention.key    |                    0 |                   147840 |                        0 |       0 |
| model.encoder.encoder.layer.9.attention.attention.value  |                    0 |                   147840 |                        0 |       0 |
| model.encoder.encoder.layer.9.attention.output           |                    0 |                   147840 |                        0 |       0 |
| model.encoder.encoder.layer.9.attention.output.dense     |                    0 |                   147840 |                        0 |       0 |
| model.encoder.encoder.layer.9.attention.output.dropout   |                    0 |                        0 |                        0 |       0 |
| model.encoder.encoder.layer.9.layer_scale1               |                    0 |                      384 |                        0 |       0 |
| model.encoder.encoder.layer.9.drop_path                  |                    0 |                        0 |                        0 |       0 |
| model.encoder.encoder.layer.9.norm2                      |                    0 |                      768 |                        0 |       0 |
| model.encoder.encoder.layer.9.mlp                        |                    0 |                  1181568 |                        0 |       0 |
| model.encoder.encoder.layer.9.mlp.fc1                    |                    0 |                   591360 |                        0 |       0 |
| model.encoder.encoder.layer.9.mlp.activation             |                    0 |                        0 |                        0 |       0 |
| model.encoder.encoder.layer.9.mlp.fc2                    |                    0 |                   590208 |                        0 |       0 |
| model.encoder.encoder.layer.9.layer_scale2               |                    0 |                      384 |                        0 |       0 |
| model.encoder.encoder.layer.10                           |                    0 |                  1775232 |                        0 |       0 |
| model.encoder.encoder.layer.10.norm1                     |                    0 |                      768 |                        0 |       0 |
| model.encoder.encoder.layer.10.attention                 |                    0 |                   591360 |                        0 |       0 |
| model.encoder.encoder.layer.10.attention.attention       |                    0 |                   443520 |                        0 |       0 |
| model.encoder.encoder.layer.10.attention.attention.query |                    0 |                   147840 |                        0 |       0 |
| model.encoder.encoder.layer.10.attention.attention.key   |                    0 |                   147840 |                        0 |       0 |
| model.encoder.encoder.layer.10.attention.attention.value |                    0 |                   147840 |                        0 |       0 |
| model.encoder.encoder.layer.10.attention.output          |                    0 |                   147840 |                        0 |       0 |
| model.encoder.encoder.layer.10.attention.output.dense    |                    0 |                   147840 |                        0 |       0 |
| model.encoder.encoder.layer.10.attention.output.dropout  |                    0 |                        0 |                        0 |       0 |
| model.encoder.encoder.layer.10.layer_scale1              |                    0 |                      384 |                        0 |       0 |
| model.encoder.encoder.layer.10.drop_path                 |                    0 |                        0 |                        0 |       0 |
| model.encoder.encoder.layer.10.norm2                     |                    0 |                      768 |                        0 |       0 |
| model.encoder.encoder.layer.10.mlp                       |                    0 |                  1181568 |                        0 |       0 |
| model.encoder.encoder.layer.10.mlp.fc1                   |                    0 |                   591360 |                        0 |       0 |
| model.encoder.encoder.layer.10.mlp.activation            |                    0 |                        0 |                        0 |       0 |
| model.encoder.encoder.layer.10.mlp.fc2                   |                    0 |                   590208 |                        0 |       0 |
| model.encoder.encoder.layer.10.layer_scale2              |                    0 |                      384 |                        0 |       0 |
| model.encoder.encoder.layer.11                           |                    0 |                  1775232 |                        0 |       0 |
| model.encoder.encoder.layer.11.norm1                     |                    0 |                      768 |                        0 |       0 |
| model.encoder.encoder.layer.11.attention                 |                    0 |                   591360 |                        0 |       0 |
| model.encoder.encoder.layer.11.attention.attention       |                    0 |                   443520 |                        0 |       0 |
| model.encoder.encoder.layer.11.attention.attention.query |                    0 |                   147840 |                        0 |       0 |
| model.encoder.encoder.layer.11.attention.attention.key   |                    0 |                   147840 |                        0 |       0 |
| model.encoder.encoder.layer.11.attention.attention.value |                    0 |                   147840 |                        0 |       0 |
| model.encoder.encoder.layer.11.attention.output          |                    0 |                   147840 |                        0 |       0 |
| model.encoder.encoder.layer.11.attention.output.dense    |                    0 |                   147840 |                        0 |       0 |
| model.encoder.encoder.layer.11.attention.output.dropout  |                    0 |                        0 |                        0 |       0 |
| model.encoder.encoder.layer.11.layer_scale1              |                    0 |                      384 |                        0 |       0 |
| model.encoder.encoder.layer.11.drop_path                 |                    0 |                        0 |                        0 |       0 |
| model.encoder.encoder.layer.11.norm2                     |                    0 |                      768 |                        0 |       0 |
| model.encoder.encoder.layer.11.mlp                       |                    0 |                  1181568 |                        0 |       0 |
| model.encoder.encoder.layer.11.mlp.fc1                   |                    0 |                   591360 |                        0 |       0 |
| model.encoder.encoder.layer.11.mlp.activation            |                    0 |                        0 |                        0 |       0 |
| model.encoder.encoder.layer.11.mlp.fc2                   |                    0 |                   590208 |                        0 |       0 |
| model.encoder.encoder.layer.11.layer_scale2              |                    0 |                      384 |                        0 |       0 |
| model.encoder.layernorm                                  |                    0 |                      768 |                        0 |       0 |
| model.predictor                                          |             24372288 |                        0 |                        0 |       0 |
| model.predictor.dropout                                  |                    0 |                        0 |                        0 |       0 |
| model.predictor.transformer                              |             24371712 |                        0 |                        0 |       0 |
| model.predictor.transformer.norm                         |                  768 |                        0 |                        0 |       0 |
| model.predictor.transformer.layers                       |             24222720 |                        0 |                        0 |       0 |
| model.predictor.transformer.layers.0                     |              4037120 |                        0 |                        0 |       0 |
| model.predictor.transformer.layers.0.attn                |              1574016 |                        0 |                        0 |       0 |
| model.predictor.transformer.layers.0.attn.norm           |                  768 |                        0 |                        0 |       0 |
| model.predictor.transformer.layers.0.attn.attend         |                    0 |                        0 |                        0 |       0 |
| model.predictor.transformer.layers.0.attn.to_qkv         |              1179648 |                        0 |                        0 |       0 |
| model.predictor.transformer.layers.0.attn.to_out         |               393600 |                        0 |                        0 |       0 |
| model.predictor.transformer.layers.0.attn.to_out.0       |               393600 |                        0 |                        0 |       0 |
| model.predictor.transformer.layers.0.attn.to_out.1       |                    0 |                        0 |                        0 |       0 |
| model.predictor.transformer.layers.0.mlp                 |              1576064 |                        0 |                        0 |       0 |
| model.predictor.transformer.layers.0.mlp.net             |              1576064 |                        0 |                        0 |       0 |
| model.predictor.transformer.layers.0.mlp.net.0           |                  768 |                        0 |                        0 |       0 |
| model.predictor.transformer.layers.0.mlp.net.1           |               788480 |                        0 |                        0 |       0 |
| model.predictor.transformer.layers.0.mlp.net.2           |                    0 |                        0 |                        0 |       0 |
| model.predictor.transformer.layers.0.mlp.net.3           |                    0 |                        0 |                        0 |       0 |
| model.predictor.transformer.layers.0.mlp.net.4           |               786816 |                        0 |                        0 |       0 |
| model.predictor.transformer.layers.0.mlp.net.5           |                    0 |                        0 |                        0 |       0 |
| model.predictor.transformer.layers.0.norm1               |                    0 |                        0 |                        0 |       0 |
| model.predictor.transformer.layers.0.norm2               |                    0 |                        0 |                        0 |       0 |
| model.predictor.transformer.layers.0.adaLN_modulation    |               887040 |                        0 |                        0 |       0 |
| model.predictor.transformer.layers.0.adaLN_modulation.0  |                    0 |                        0 |                        0 |       0 |
| model.predictor.transformer.layers.0.adaLN_modulation.1  |               887040 |                        0 |                        0 |       0 |
| model.predictor.transformer.layers.1                     |              4037120 |                        0 |                        0 |       0 |
| model.predictor.transformer.layers.1.attn                |              1574016 |                        0 |                        0 |       0 |
| model.predictor.transformer.layers.1.attn.norm           |                  768 |                        0 |                        0 |       0 |
| model.predictor.transformer.layers.1.attn.attend         |                    0 |                        0 |                        0 |       0 |
| model.predictor.transformer.layers.1.attn.to_qkv         |              1179648 |                        0 |                        0 |       0 |
| model.predictor.transformer.layers.1.attn.to_out         |               393600 |                        0 |                        0 |       0 |
| model.predictor.transformer.layers.1.attn.to_out.0       |               393600 |                        0 |                        0 |       0 |
| model.predictor.transformer.layers.1.attn.to_out.1       |                    0 |                        0 |                        0 |       0 |
| model.predictor.transformer.layers.1.mlp                 |              1576064 |                        0 |                        0 |       0 |
| model.predictor.transformer.layers.1.mlp.net             |              1576064 |                        0 |                        0 |       0 |
| model.predictor.transformer.layers.1.mlp.net.0           |                  768 |                        0 |                        0 |       0 |
| model.predictor.transformer.layers.1.mlp.net.1           |               788480 |                        0 |                        0 |       0 |
| model.predictor.transformer.layers.1.mlp.net.2           |                    0 |                        0 |                        0 |       0 |
| model.predictor.transformer.layers.1.mlp.net.3           |                    0 |                        0 |                        0 |       0 |
| model.predictor.transformer.layers.1.mlp.net.4           |               786816 |                        0 |                        0 |       0 |
| model.predictor.transformer.layers.1.mlp.net.5           |                    0 |                        0 |                        0 |       0 |
| model.predictor.transformer.layers.1.norm1               |                    0 |                        0 |                        0 |       0 |
| model.predictor.transformer.layers.1.norm2               |                    0 |                        0 |                        0 |       0 |
| model.predictor.transformer.layers.1.adaLN_modulation    |               887040 |                        0 |                        0 |       0 |
| model.predictor.transformer.layers.1.adaLN_modulation.0  |                    0 |                        0 |                        0 |       0 |
| model.predictor.transformer.layers.1.adaLN_modulation.1  |               887040 |                        0 |                        0 |       0 |
| model.predictor.transformer.layers.2                     |              4037120 |                        0 |                        0 |       0 |
| model.predictor.transformer.layers.2.attn                |              1574016 |                        0 |                        0 |       0 |
| model.predictor.transformer.layers.2.attn.norm           |                  768 |                        0 |                        0 |       0 |
| model.predictor.transformer.layers.2.attn.attend         |                    0 |                        0 |                        0 |       0 |
| model.predictor.transformer.layers.2.attn.to_qkv         |              1179648 |                        0 |                        0 |       0 |
| model.predictor.transformer.layers.2.attn.to_out         |               393600 |                        0 |                        0 |       0 |
| model.predictor.transformer.layers.2.attn.to_out.0       |               393600 |                        0 |                        0 |       0 |
| model.predictor.transformer.layers.2.attn.to_out.1       |                    0 |                        0 |                        0 |       0 |
| model.predictor.transformer.layers.2.mlp                 |              1576064 |                        0 |                        0 |       0 |
| model.predictor.transformer.layers.2.mlp.net             |              1576064 |                        0 |                        0 |       0 |
| model.predictor.transformer.layers.2.mlp.net.0           |                  768 |                        0 |                        0 |       0 |
| model.predictor.transformer.layers.2.mlp.net.1           |               788480 |                        0 |                        0 |       0 |
| model.predictor.transformer.layers.2.mlp.net.2           |                    0 |                        0 |                        0 |       0 |
| model.predictor.transformer.layers.2.mlp.net.3           |                    0 |                        0 |                        0 |       0 |
| model.predictor.transformer.layers.2.mlp.net.4           |               786816 |                        0 |                        0 |       0 |
| model.predictor.transformer.layers.2.mlp.net.5           |                    0 |                        0 |                        0 |       0 |
| model.predictor.transformer.layers.2.norm1               |                    0 |                        0 |                        0 |       0 |
| model.predictor.transformer.layers.2.norm2               |                    0 |                        0 |                        0 |       0 |
| model.predictor.transformer.layers.2.adaLN_modulation    |               887040 |                        0 |                        0 |       0 |
| model.predictor.transformer.layers.2.adaLN_modulation.0  |                    0 |                        0 |                        0 |       0 |
| model.predictor.transformer.layers.2.adaLN_modulation.1  |               887040 |                        0 |                        0 |       0 |
| model.predictor.transformer.layers.3                     |              4037120 |                        0 |                        0 |       0 |
| model.predictor.transformer.layers.3.attn                |              1574016 |                        0 |                        0 |       0 |
| model.predictor.transformer.layers.3.attn.norm           |                  768 |                        0 |                        0 |       0 |
| model.predictor.transformer.layers.3.attn.attend         |                    0 |                        0 |                        0 |       0 |
| model.predictor.transformer.layers.3.attn.to_qkv         |              1179648 |                        0 |                        0 |       0 |
| model.predictor.transformer.layers.3.attn.to_out         |               393600 |                        0 |                        0 |       0 |
| model.predictor.transformer.layers.3.attn.to_out.0       |               393600 |                        0 |                        0 |       0 |
| model.predictor.transformer.layers.3.attn.to_out.1       |                    0 |                        0 |                        0 |       0 |
| model.predictor.transformer.layers.3.mlp                 |              1576064 |                        0 |                        0 |       0 |
| model.predictor.transformer.layers.3.mlp.net             |              1576064 |                        0 |                        0 |       0 |
| model.predictor.transformer.layers.3.mlp.net.0           |                  768 |                        0 |                        0 |       0 |
| model.predictor.transformer.layers.3.mlp.net.1           |               788480 |                        0 |                        0 |       0 |
| model.predictor.transformer.layers.3.mlp.net.2           |                    0 |                        0 |                        0 |       0 |
| model.predictor.transformer.layers.3.mlp.net.3           |                    0 |                        0 |                        0 |       0 |
| model.predictor.transformer.layers.3.mlp.net.4           |               786816 |                        0 |                        0 |       0 |
| model.predictor.transformer.layers.3.mlp.net.5           |                    0 |                        0 |                        0 |       0 |
| model.predictor.transformer.layers.3.norm1               |                    0 |                        0 |                        0 |       0 |
| model.predictor.transformer.layers.3.norm2               |                    0 |                        0 |                        0 |       0 |
| model.predictor.transformer.layers.3.adaLN_modulation    |               887040 |                        0 |                        0 |       0 |
| model.predictor.transformer.layers.3.adaLN_modulation.0  |                    0 |                        0 |                        0 |       0 |
| model.predictor.transformer.layers.3.adaLN_modulation.1  |               887040 |                        0 |                        0 |       0 |
| model.predictor.transformer.layers.4                     |              4037120 |                        0 |                        0 |       0 |
| model.predictor.transformer.layers.4.attn                |              1574016 |                        0 |                        0 |       0 |
| model.predictor.transformer.layers.4.attn.norm           |                  768 |                        0 |                        0 |       0 |
| model.predictor.transformer.layers.4.attn.attend         |                    0 |                        0 |                        0 |       0 |
| model.predictor.transformer.layers.4.attn.to_qkv         |              1179648 |                        0 |                        0 |       0 |
| model.predictor.transformer.layers.4.attn.to_out         |               393600 |                        0 |                        0 |       0 |
| model.predictor.transformer.layers.4.attn.to_out.0       |               393600 |                        0 |                        0 |       0 |
| model.predictor.transformer.layers.4.attn.to_out.1       |                    0 |                        0 |                        0 |       0 |
| model.predictor.transformer.layers.4.mlp                 |              1576064 |                        0 |                        0 |       0 |
| model.predictor.transformer.layers.4.mlp.net             |              1576064 |                        0 |                        0 |       0 |
| model.predictor.transformer.layers.4.mlp.net.0           |                  768 |                        0 |                        0 |       0 |
| model.predictor.transformer.layers.4.mlp.net.1           |               788480 |                        0 |                        0 |       0 |
| model.predictor.transformer.layers.4.mlp.net.2           |                    0 |                        0 |                        0 |       0 |
| model.predictor.transformer.layers.4.mlp.net.3           |                    0 |                        0 |                        0 |       0 |
| model.predictor.transformer.layers.4.mlp.net.4           |               786816 |                        0 |                        0 |       0 |
| model.predictor.transformer.layers.4.mlp.net.5           |                    0 |                        0 |                        0 |       0 |
| model.predictor.transformer.layers.4.norm1               |                    0 |                        0 |                        0 |       0 |
| model.predictor.transformer.layers.4.norm2               |                    0 |                        0 |                        0 |       0 |
| model.predictor.transformer.layers.4.adaLN_modulation    |               887040 |                        0 |                        0 |       0 |
| model.predictor.transformer.layers.4.adaLN_modulation.0  |                    0 |                        0 |                        0 |       0 |
| model.predictor.transformer.layers.4.adaLN_modulation.1  |               887040 |                        0 |                        0 |       0 |
| model.predictor.transformer.layers.5                     |              4037120 |                        0 |                        0 |       0 |
| model.predictor.transformer.layers.5.attn                |              1574016 |                        0 |                        0 |       0 |
| model.predictor.transformer.layers.5.attn.norm           |                  768 |                        0 |                        0 |       0 |
| model.predictor.transformer.layers.5.attn.attend         |                    0 |                        0 |                        0 |       0 |
| model.predictor.transformer.layers.5.attn.to_qkv         |              1179648 |                        0 |                        0 |       0 |
| model.predictor.transformer.layers.5.attn.to_out         |               393600 |                        0 |                        0 |       0 |
| model.predictor.transformer.layers.5.attn.to_out.0       |               393600 |                        0 |                        0 |       0 |
| model.predictor.transformer.layers.5.attn.to_out.1       |                    0 |                        0 |                        0 |       0 |
| model.predictor.transformer.layers.5.mlp                 |              1576064 |                        0 |                        0 |       0 |
| model.predictor.transformer.layers.5.mlp.net             |              1576064 |                        0 |                        0 |       0 |
| model.predictor.transformer.layers.5.mlp.net.0           |                  768 |                        0 |                        0 |       0 |
| model.predictor.transformer.layers.5.mlp.net.1           |               788480 |                        0 |                        0 |       0 |
| model.predictor.transformer.layers.5.mlp.net.2           |                    0 |                        0 |                        0 |       0 |
| model.predictor.transformer.layers.5.mlp.net.3           |                    0 |                        0 |                        0 |       0 |
| model.predictor.transformer.layers.5.mlp.net.4           |               786816 |                        0 |                        0 |       0 |
| model.predictor.transformer.layers.5.mlp.net.5           |                    0 |                        0 |                        0 |       0 |
| model.predictor.transformer.layers.5.norm1               |                    0 |                        0 |                        0 |       0 |
| model.predictor.transformer.layers.5.norm2               |                    0 |                        0 |                        0 |       0 |
| model.predictor.transformer.layers.5.adaLN_modulation    |               887040 |                        0 |                        0 |       0 |
| model.predictor.transformer.layers.5.adaLN_modulation.0  |                    0 |                        0 |                        0 |       0 |
| model.predictor.transformer.layers.5.adaLN_modulation.1  |               887040 |                        0 |                        0 |       0 |
| model.predictor.transformer.input_proj                   |                74112 |                        0 |                        0 |       0 |
| model.predictor.transformer.cond_proj                    |                74112 |                        0 |                        0 |       0 |
| model.predictor.transformer.output_proj                  |                    0 |                        0 |                        0 |       0 |
| model.action_encoder                                     |               156146 |                        0 |                        0 |       0 |
| model.action_encoder.patch_embed                         |                   50 |                        0 |                        0 |       0 |
| model.action_encoder.embed                               |               156096 |                        0 |                        0 |       0 |
| model.action_encoder.embed.0                             |                 8448 |                        0 |                        0 |       0 |
| model.action_encoder.embed.1                             |                    0 |                        0 |                        0 |       0 |
| model.action_encoder.embed.2                             |               147648 |                        0 |                        0 |       0 |
| model.projector                                          |              1185984 |                        0 |                        0 |    4097 |
| model.projector.net                                      |              1185984 |                        0 |                        0 |    4097 |
| model.projector.net.0                                    |               788480 |                        0 |                        0 |       0 |
| model.projector.net.1                                    |                 4096 |                        0 |                        0 |    4097 |
| model.projector.net.2                                    |                    0 |                        0 |                        0 |       0 |
| model.projector.net.3                                    |               393408 |                        0 |                        0 |       0 |
| model.pred_proj                                          |              1185984 |                        0 |                        0 |    4097 |
| model.pred_proj.net                                      |              1185984 |                        0 |                        0 |    4097 |
| model.pred_proj.net.0                                    |               788480 |                        0 |                        0 |       0 |
| model.pred_proj.net.1                                    |                 4096 |                        0 |                        0 |    4097 |
| model.pred_proj.net.2                                    |                    0 |                        0 |                        0 |       0 |
| model.pred_proj.net.3                                    |               393408 |                        0 |                        0 |       0 |
| model.probe_head                                         |                  772 |                        0 |                        0 |       0 |
| model.dynamics                                           |                    4 |                        0 |                        0 |       0 |
| sigreg                                                   |                    0 |                        0 |                        0 |      51 |
+----------------------------------------------------------+----------------------+--------------------------+--------------------------+---------+
19:55:20 | INFO  | utils.py    | ── SLURM ─────────────────────────────────────────
19:55:20 | WARN  | env_info.py | ! pip freeze failed: Command '['/home/likun-share/junjxu/wm/le-wm/.venv/bin/python', '-m', 'pip', 'freeze']' returned non-zero exit status 1.
19:55:20 | INFO  | trainer_inf~|   Job ID: N/A
19:55:20 | OK    | env_info.py | ✓ Packages: 0 packages collected in 0.03s
19:55:20 | INFO  | trainer_inf~|   Task ID: N/A
19:55:20 | INFO  | trainer_inf~|   Job Name: N/A
19:55:20 | INFO  | trainer_inf~|   Nodes: N/A
19:55:20 | INFO  | trainer_inf~|   Tasks: N/A
19:55:20 | INFO  | trainer_inf~|   CPUs per node: N/A
19:55:20 | INFO  | trainer_inf~|   CPUs per task: N/A
19:55:20 | INFO  | trainer_inf~|   Memory per node: N/A
19:55:20 | INFO  | trainer_inf~|   Memory per CPU: N/A
19:55:20 | INFO  | trainer_inf~|   Time limit: N/A
19:55:20 | INFO  | trainer_inf~|   Partition: N/A
19:55:20 | INFO  | trainer_inf~|   Node List: N/A
19:55:20 | INFO  | trainer_inf~|   Submit Directory: N/A
19:55:20 | INFO  | utils.py    | ── HardwareMonitor ───────────────────────────────
19:55:20 | INFO  | hardware_mo~|   interval: 10.0s
19:55:20 | INFO  | hardware_mo~|   prefix:   'hardware/'
19:55:20 | INFO  | hardware_mo~|   metrics:  cpu=True ram=True disk=True net=True gpu=True
19:55:20 | INFO  | hardware_mo~|   per-rank: rank 0 only
LOCAL_RANK: 0 - CUDA_VISIBLE_DEVICES: [3]
19:55:20 | WARN  | hardware_mo~| HardwareMonitor: pynvml unavailable (ModuleNotFoundError("No module named 'pynvml'")); GPU metrics disabled.
19:55:21 | OK    | env_info.py | ✓ NVIDIA Driver: 580.65.06
19:55:21 | OK    | env_info.py | ✓ Git: main @ 24306195
19:55:21 | INFO  | env_info.py |   Remote: git@github.com-xuustc99:XuUSTC99/wm.git
19:55:21 | WARN  | env_info.py | ! Working directory has uncommitted changes
19:55:21 | OK    | env_info.py | ✓ Environment: 4 relevant variables captured
19:55:21 | INFO  | env_info.py |   Serializing environment data...
19:55:21 | INFO  | utils.py    | ── Optimizers ────────────────────────────────────
19:55:21 | INFO  | module.py   |   Optimizer specified by Dict with keys ['model_opt']
19:55:21 | INFO  | module.py   | 
┏━━━━━━━━━━━━━┳━━━━━━━━━━━┳━━━━━━━━━━━━━━━━━━━┳━━━━━━━━━━━━━━━━━┳━━━━━━━━━━━━━━━━┳━━━━━━━━━━━━━━━━━━━━━━━━┓
┃ Optimizer   ┃ Pattern   ┃   Matched Modules ┃   Param Tensors ┃   Total Params ┃   RequiresGrad Tensors ┃
┣━━━━━━━━━━━━━╋━━━━━━━━━━━╋━━━━━━━━━━━━━━━━━━━╋━━━━━━━━━━━━━━━━━╋━━━━━━━━━━━━━━━━╋━━━━━━━━━━━━━━━━━━━━━━━━┫
┃ model_opt   ┃ model     ┃               379 ┃             329 ┃       48957754 ┃                    106 ┃
┗━━━━━━━━━━━━━┻━━━━━━━━━━━┻━━━━━━━━━━━━━━━━━━━┻━━━━━━━━━━━━━━━━━┻━━━━━━━━━━━━━━━━┻━━━━━━━━━━━━━━━━━━━━━━━━┛
19:55:21 | INFO  | lr_schedule~| 	User provided a dict
Loading `train_dataloader` to estimate number of stepping batches.
19:55:21 | INFO  | env_info.py |   File exists, using version 536: environment_v536.json
19:55:21 | INFO  | env_info.py |   File exists, using version 538: requirements_frozen_v538.txt
19:55:21 | INFO  | env_info.py |   Save directory: /home/likun-share/.cache/stable-pretraining
19:55:21 | INFO  | env_info.py |   Writing environment to temp file...
19:55:21 | INFO  | env_info.py |   Moving to: environment_v536.json
19:55:21 | OK    | env_info.py | ✓ Environment file saved (2.5 KB)
19:55:21 | OK    | env_info.py | ✓ Requirements file saved (0.1 KB)
/home/likun-share/junjxu/wm/le-wm/.venv/lib/python3.10/site-packages/lance/__init__.py:320: UserWarning: lance is not fork-safe. If you are using multiprocessing, use spawn or forkserver instead.
  warnings.warn(
/usr/lib/python3.10/multiprocessing/popen_fork.py:66: RuntimeWarning: lancedb fork support is experimental: the internal async runtime has been reset in the forked child, but a small chance of deadlock remains if other state was mid-operation at fork time. The 'forkserver' or 'spawn' multiprocessing start method is likely a safer alternative.
  self.pid = os.fork()
/usr/lib/python3.10/multiprocessing/popen_fork.py:66: RuntimeWarning: lancedb fork support is experimental: the internal async runtime has been reset in the forked child, but a small chance of deadlock remains if other state was mid-operation at fork time. The 'forkserver' or 'spawn' multiprocessing start method is likely a safer alternative.
  self.pid = os.fork()
/usr/lib/python3.10/multiprocessing/popen_fork.py:66: RuntimeWarning: lancedb fork support is experimental: the internal async runtime has been reset in the forked child, but a small chance of deadlock remains if other state was mid-operation at fork time. The 'forkserver' or 'spawn' multiprocessing start method is likely a safer alternative.
  self.pid = os.fork()
19:55:21 | INFO  | module.py   |   Configured optimizer 'model_opt' (modules=379, param_tensors=329, total_params=48957754) with LinearWarmupCosineAnnealingLR scheduler.
/home/likun-share/junjxu/wm/le-wm/.venv/lib/python3.10/site-packages/lightning/pytorch/utilities/model_summary/model_summary.py:242: Precision bf16-mixed is not supported by the model summary.  Estimated model size in MB will not be accurate. Using 32 bits instead.
┏━━━┳━━━━━━━━━━━━━━━━━━━┳━━━━━━━━━━━━┳━━━━━━━━┳━━━━━━━┳━━━━━━━┓
┃   ┃ Name              ┃ Type       ┃ Params ┃ Mode  ┃ FLOPs ┃
┡━━━╇━━━━━━━━━━━━━━━━━━━╇━━━━━━━━━━━━╇━━━━━━━━╇━━━━━━━╇━━━━━━━┩
│ 0 │ callbacks_modules │ ModuleDict │      0 │ train │     0 │
│ 1 │ callbacks_metrics │ ModuleDict │      0 │ train │     0 │
│ 2 │ model             │ JEPA       │ 49.0 M │ train │     0 │
│ 3 │ sigreg            │ SIGReg     │      0 │ train │     0 │
└───┴───────────────────┴────────────┴────────┴───────┴───────┘
Trainable params: 26.9 M                                                        
Non-trainable params: 22.1 M                                                    
Total params: 49.0 M                                                            
Total estimated model params size (MB): 195.831                                 
Modules in train mode: 158                                                      
Modules in eval mode: 224                                                       
Total FLOPs: 0                                                                  
19:55:21 | INFO  | logger.py   | [RegistryLogger] summary.json flushed (0 metrics, step=0, epoch=0) → /data1/likun-share/junjxu/.cache_stable-pretraining/runs/20260716/195520/fa542ae4e5f1/summary.json
/usr/lib/python3.10/multiprocessing/popen_fork.py:66: RuntimeWarning: lancedb fork support is experimental: the internal async runtime has been reset in the forked child, but a small chance of deadlock remains if other state was mid-operation at fork time. The 'forkserver' or 'spawn' multiprocessing start method is likely a safer alternative.
  self.pid = os.fork()
/usr/lib/python3.10/multiprocessing/popen_fork.py:66: RuntimeWarning: lancedb fork support is experimental: the internal async runtime has been reset in the forked child, but a small chance of deadlock remains if other state was mid-operation at fork time. The 'forkserver' or 'spawn' multiprocessing start method is likely a safer alternative.
  self.pid = os.fork()
/usr/lib/python3.10/multiprocessing/popen_fork.py:66: RuntimeWarning: lancedb fork support is experimental: the internal async runtime has been reset in the forked child, but a small chance of deadlock remains if other state was mid-operation at fork time. The 'forkserver' or 'spawn' multiprocessing start method is likely a safer alternative.
  self.pid = os.fork()
/home/likun-share/junjxu/wm/le-wm/.venv/lib/python3.10/site-packages/lightning/pytorch/utilities/data.py:79: Trying to infer the `batch_size` from an ambiguous collection. The batch size we found is 64. To avoid any miscalculations, use `self.log(..., batch_size=batch_size)`.
19:55:29 | INFO  | trainer_inf~| \n+--------------------------------+--------------------+
|             Metric             |       Value        |
+--------------------------------+--------------------+
|         [0;34;40mvalidate/loss[0m          | [0;32;40m4.532833099365234[0m  |
|      [0;34;40mvalidate/loss_epoch[0m       | [0;32;40m4.532833099365234[0m  |
|       [0;34;40mvalidate/pred_loss[0m       | [0;32;40m0.3498285710811615[0m |
|    [0;34;40mvalidate/pred_loss_epoch[0m    | [0;32;40m0.3498285710811615[0m |
|      [0;34;40mvalidate/sigreg_loss[0m      |       [0;32;40m35.25[0m        |
|   [0;34;40mvalidate/sigreg_loss_epoch[0m   |       [0;32;40m35.25[0m        |
|    [0;34;40mvalidate/structured_loss[0m    | [0;32;40m1.011129379272461[0m  |
| [0;34;40mvalidate/structured_loss_epoch[0m | [0;32;40m1.011129379272461[0m  |
+--------------------------------+--------------------+
/home/likun-share/junjxu/wm/le-wm/.venv/lib/python3.10/site-packages/lightning/pytorch/loops/fit_loop.py:538: Found 224 module(s) in eval mode at the start of training. This may lead to unexpected behavior during training. If this is intentional, you can ignore this warning.
19:55:29 | WARN  | hf_models.py| ! No Hugging Face (PreTrainedModel) submodules found in LightningModule.
19:55:29 | INFO  | utils.py    | ── Optimizers ────────────────────────────────────
19:55:29 | INFO  | module.py   |   self.optimizers() gave us 1 optimizers
19:55:29 | WARN  | module.py   | ! No clip val found for optimizer default_0
19:55:29 | WARN  | module.py   | ! Will use the Trainer's value of 1.0
19:55:29 | WARN  | module.py   | ! No clip algorithm found for optimizer default_0
19:55:29 | WARN  | module.py   | ! Will use the Trainer's value of None
19:55:29 | OK    | module.py   | ✓ Optimizer check complete:
+------------+-----------+----------------+-----------+-----------+
| Opt. Index | Opt. name |      opt       | clip val. | clip alg. |
+------------+-----------+----------------+-----------+-----------+
|     0      | default_0 | LightningAdamW |    1.0    |    None   |
+------------+-----------+----------------+-----------+-----------+
19:55:29 | INFO  | utils.py    | ── LogUnusedParametersOnce ───────────────────────
19:55:29 | INFO  | unused_para~|   registered hooks on 106 leaf parameters
19:55:30 | WARN  | unused_para~| ! the following parameters did NOT receive gradients on the first backward pass (potentially causing Lightning's 'unused parameters' error):
19:55:30 | WARN  | unused_para~|   model.probe_head.weight
19:55:30 | WARN  | unused_para~|   model.probe_head.bias
19:55:30 | INFO  | unused_para~|   hooks removed, callback disabled
[Epoch 0/20] step 50/309 (2.0 it/s)
[Epoch 0/20] step 100/309 (1.8 it/s)
[Epoch 0/20] step 150/309 (1.8 it/s)
[Epoch 0/20] step 200/309 (1.8 it/s)
[Epoch 0/20] step 250/309 (1.8 it/s)
[Epoch 0/20] step 300/309 (1.8 it/s)
/home/likun-share/junjxu/wm/le-wm/.venv/lib/python3.10/site-packages/lightning/pytorch/utilities/data.py:79: Trying to infer the `batch_size` from an ambiguous collection. The batch size we found is 23. To avoid any miscalculations, use `self.log(..., batch_size=batch_size)`.
19:58:37 | INFO  | trainer_inf~| \n+--------------------------------+-----------------------+
|             Metric             |         Value         |
+--------------------------------+-----------------------+
|            [0;34;40mfit/loss[0m            |   [0;32;40m0.545038640499115[0m   |
|         [0;34;40mfit/pred_loss[0m          |   [0;32;40m0.1455710530281067[0m  |
|        [0;34;40mfit/sigreg_loss[0m         |        [0;32;40m3.859375[0m       |
|      [0;34;40mfit/structured_loss[0m       |  [0;32;40m0.05181131884455681[0m  |
|      [0;34;40mhardware/cpu_percent[0m      |   [0;32;40m39.599998474121094[0m  |
|    [0;34;40mhardware/disk_read_mb_s[0m     |  [0;32;40m0.015231343917548656[0m |
|    [0;34;40mhardware/disk_write_mb_s[0m    |   [0;32;40m237.02627563476562[0m  |
|     [0;34;40mhardware/net_recv_mb_s[0m     |    [0;32;40m79.2914810180664[0m   |
|     [0;34;40mhardware/net_sent_mb_s[0m     |   [0;32;40m0.7526742219924927[0m  |
|      [0;34;40mhardware/ram_used_gb[0m      |   [0;32;40m212.33078002929688[0m  |
|     [0;34;40mhardware/ram_used_pct[0m      |   [0;32;40m21.100000381469727[0m  |
|      [0;34;40mhparams/lr_default_0[0m      | [0;32;40m4.979762161383405e-05[0m |
|         [0;34;40mvalidate/loss[0m          |   [0;32;40m0.5480725169181824[0m  |
|      [0;34;40mvalidate/loss_epoch[0m       |   [0;32;40m0.5480725169181824[0m  |
|       [0;34;40mvalidate/pred_loss[0m       |  [0;32;40m0.14284518361091614[0m  |
|    [0;34;40mvalidate/pred_loss_epoch[0m    |  [0;32;40m0.14284518361091614[0m  |
|      [0;34;40mvalidate/sigreg_loss[0m      |   [0;32;40m3.942289113998413[0m   |
|   [0;34;40mvalidate/sigreg_loss_epoch[0m   |   [0;32;40m3.942289113998413[0m   |
|    [0;34;40mvalidate/structured_loss[0m    |  [0;32;40m0.05049261823296547[0m  |
| [0;34;40mvalidate/structured_loss_epoch[0m |  [0;32;40m0.05049261823296547[0m  |
+--------------------------------+-----------------------+
[Epoch 0/20] done in 187.9s
19:58:37 | INFO  | checkpoint_~|   Checking for non PyTorch modules to save
19:58:37 | INFO  | atomic_chec~| [atomic_save] → /data1/likun-share/junjxu/.cache_stable-pretraining/runs/20260716/195520/fa542ae4e5f1/checkpoints/epoch=0-step=309.ckpt
19:58:38 | INFO  | atomic_chec~| [atomic_save] ✓ epoch=0-step=309.ckpt saved (392.2 MiB, serialise=0.54s write=0.54s rename=0.1ms)
19:58:38 | INFO  | checkpoint_~|   Checking for non PyTorch modules to save
19:58:38 | INFO  | atomic_chec~| [atomic_save] → /data1/likun-share/junjxu/.cache_stable-pretraining/runs/20260716/195520/fa542ae4e5f1/checkpoints/last.ckpt
19:58:40 | INFO  | atomic_chec~| [atomic_save] ✓ last.ckpt saved (392.2 MiB, serialise=0.51s write=0.52s rename=0.1ms)
[Epoch 1/20] step 50/309 (1.8 it/s)
[Epoch 1/20] step 100/309 (1.8 it/s)
[Epoch 1/20] step 150/309 (1.8 it/s)
[Epoch 1/20] step 200/309 (1.8 it/s)
[Epoch 1/20] step 250/309 (1.8 it/s)
[Epoch 1/20] step 300/309 (1.9 it/s)
20:01:44 | INFO  | trainer_inf~| \n+--------------------------------+-----------------------+
|             Metric             |         Value         |
+--------------------------------+-----------------------+
|            [0;34;40mfit/loss[0m            |   [0;32;40m0.4725170135498047[0m  |
|         [0;34;40mfit/pred_loss[0m          |  [0;32;40m0.12409862130880356[0m  |
|        [0;34;40mfit/sigreg_loss[0m         |        [0;32;40m3.46875[0m        |
|      [0;34;40mfit/structured_loss[0m       |  [0;32;40m0.03591838479042053[0m  |
|      [0;34;40mhardware/cpu_percent[0m      |   [0;32;40m39.900001525878906[0m  |
|    [0;34;40mhardware/disk_read_mb_s[0m     | [0;32;40m0.0007810739334672689[0m |
|    [0;34;40mhardware/disk_write_mb_s[0m    |   [0;32;40m80.09951782226562[0m   |
|     [0;34;40mhardware/net_recv_mb_s[0m     |   [0;32;40m0.3545351028442383[0m  |
|     [0;34;40mhardware/net_sent_mb_s[0m     |   [0;32;40m0.0777328684926033[0m  |
|      [0;34;40mhardware/ram_used_gb[0m      |   [0;32;40m217.23573303222656[0m  |
|     [0;34;40mhardware/ram_used_pct[0m      |   [0;32;40m21.600000381469727[0m  |
|      [0;34;40mhparams/lr_default_0[0m      | [0;32;40m4.898469342151657e-05[0m |
|         [0;34;40mvalidate/loss[0m          |  [0;32;40m0.48377203941345215[0m  |
|      [0;34;40mvalidate/loss_epoch[0m       |  [0;32;40m0.48377203941345215[0m  |
|       [0;34;40mvalidate/pred_loss[0m       |  [0;32;40m0.10353566706180573[0m  |
|    [0;34;40mvalidate/pred_loss_epoch[0m    |  [0;32;40m0.10353566706180573[0m  |
|      [0;34;40mvalidate/sigreg_loss[0m      |   [0;32;40m3.729848861694336[0m   |
|   [0;34;40mvalidate/sigreg_loss_epoch[0m   |   [0;32;40m3.729848861694336[0m   |
|    [0;34;40mvalidate/structured_loss[0m    |  [0;32;40m0.04469319432973862[0m  |
| [0;34;40mvalidate/structured_loss_epoch[0m |  [0;32;40m0.04469319432973862[0m  |
+--------------------------------+-----------------------+
[Epoch 1/20] done in 184.6s
20:01:44 | INFO  | checkpoint_~|   Checking for non PyTorch modules to save
20:01:44 | INFO  | atomic_chec~| [atomic_save] → /data1/likun-share/junjxu/.cache_stable-pretraining/runs/20260716/195520/fa542ae4e5f1/checkpoints/epoch=1-step=618.ckpt
20:01:46 | INFO  | atomic_chec~| [atomic_save] ✓ epoch=1-step=618.ckpt saved (392.2 MiB, serialise=1.00s write=0.50s rename=0.1ms)
20:01:46 | INFO  | checkpoint_~|   Checking for non PyTorch modules to save
20:01:46 | INFO  | atomic_chec~| [atomic_save] → /data1/likun-share/junjxu/.cache_stable-pretraining/runs/20260716/195520/fa542ae4e5f1/checkpoints/last.ckpt
20:01:47 | INFO  | atomic_chec~| [atomic_save] ✓ last.ckpt saved (392.2 MiB, serialise=0.59s write=0.50s rename=59.9ms)
[Epoch 2/20] step 50/309 (1.8 it/s)
[Epoch 2/20] step 100/309 (1.8 it/s)
[Epoch 2/20] step 150/309 (1.9 it/s)
[Epoch 2/20] step 200/309 (1.9 it/s)
[Epoch 2/20] step 250/309 (1.9 it/s)
[Epoch 2/20] step 300/309 (1.9 it/s)
20:04:50 | INFO  | trainer_inf~| \n+--------------------------------+-----------------------+
|             Metric             |         Value         |
+--------------------------------+-----------------------+
|            [0;34;40mfit/loss[0m            |  [0;32;40m0.41821369528770447[0m  |
|         [0;34;40mfit/pred_loss[0m          |   [0;32;40m0.0953352302312851[0m  |
|        [0;34;40mfit/sigreg_loss[0m         |        [0;32;40m2.96875[0m        |
|      [0;34;40mfit/structured_loss[0m       |  [0;32;40m0.05530031770467758[0m  |
|      [0;34;40mhardware/cpu_percent[0m      |   [0;32;40m41.70000076293945[0m   |
|    [0;34;40mhardware/disk_read_mb_s[0m     | [0;32;40m0.0007810614188201725[0m |
|    [0;34;40mhardware/disk_write_mb_s[0m    |   [0;32;40m157.8509521484375[0m   |
|     [0;34;40mhardware/net_recv_mb_s[0m     |  [0;32;40m0.35328420996665955[0m  |
|     [0;34;40mhardware/net_sent_mb_s[0m     |   [0;32;40m0.0772150531411171[0m  |
|      [0;34;40mhardware/ram_used_gb[0m      |   [0;32;40m218.41018676757812[0m  |
|     [0;34;40mhardware/ram_used_pct[0m      |   [0;32;40m21.700000762939453[0m  |
|      [0;34;40mhparams/lr_default_0[0m      | [0;32;40m4.756937414640561e-05[0m |
|         [0;34;40mvalidate/loss[0m          |   [0;32;40m0.4537779986858368[0m  |
|      [0;34;40mvalidate/loss_epoch[0m       |   [0;32;40m0.4537779986858368[0m  |
|       [0;34;40mvalidate/pred_loss[0m       |  [0;32;40m0.10118351876735687[0m  |
|    [0;34;40mvalidate/pred_loss_epoch[0m    |  [0;32;40m0.10118351876735687[0m  |
|      [0;34;40mvalidate/sigreg_loss[0m      |   [0;32;40m3.4582090377807617[0m  |
|   [0;34;40mvalidate/sigreg_loss_epoch[0m   |   [0;32;40m3.4582090377807617[0m  |
|    [0;34;40mvalidate/structured_loss[0m    |  [0;32;40m0.04141567647457123[0m  |
| [0;34;40mvalidate/structured_loss_epoch[0m |  [0;32;40m0.04141567647457123[0m  |
+--------------------------------+-----------------------+
[Epoch 2/20] done in 183.4s
20:04:50 | INFO  | checkpoint_~|   Checking for non PyTorch modules to save
20:04:50 | INFO  | atomic_chec~| [atomic_save] → /data1/likun-share/junjxu/.cache_stable-pretraining/runs/20260716/195520/fa542ae4e5f1/checkpoints/epoch=2-step=927.ckpt
20:04:52 | INFO  | atomic_chec~| [atomic_save] ✓ epoch=2-step=927.ckpt saved (392.2 MiB, serialise=0.71s write=0.48s rename=0.1ms)
20:04:52 | INFO  | checkpoint_~|   Checking for non PyTorch modules to save
20:04:52 | INFO  | atomic_chec~| [atomic_save] → /data1/likun-share/junjxu/.cache_stable-pretraining/runs/20260716/195520/fa542ae4e5f1/checkpoints/last.ckpt
20:04:53 | INFO  | atomic_chec~| [atomic_save] ✓ last.ckpt saved (392.2 MiB, serialise=0.71s write=0.54s rename=59.2ms)
[Epoch 3/20] step 50/309 (1.8 it/s)
[Epoch 3/20] step 100/309 (1.8 it/s)
[Epoch 3/20] step 150/309 (1.9 it/s)
[Epoch 3/20] step 200/309 (1.9 it/s)
[Epoch 3/20] step 250/309 (1.9 it/s)
[Epoch 3/20] step 300/309 (1.9 it/s)
20:07:57 | INFO  | trainer_inf~| \n+--------------------------------+-----------------------+
|             Metric             |         Value         |
+--------------------------------+-----------------------+
|            [0;34;40mfit/loss[0m            |   [0;32;40m0.4002763032913208[0m  |
|         [0;34;40mfit/pred_loss[0m          |  [0;32;40m0.10385629534721375[0m  |
|        [0;34;40mfit/sigreg_loss[0m         |         [0;32;40m2.6875[0m        |
|      [0;34;40mfit/structured_loss[0m       |  [0;32;40m0.05423251911997795[0m  |
|      [0;34;40mhardware/cpu_percent[0m      |   [0;32;40m41.79999923706055[0m   |
|    [0;34;40mhardware/disk_read_mb_s[0m     |          [0;32;40m0.0[0m          |
|    [0;34;40mhardware/disk_write_mb_s[0m    |   [0;32;40m176.5411376953125[0m   |
|     [0;34;40mhardware/net_recv_mb_s[0m     |  [0;32;40m0.34919610619544983[0m  |
|     [0;34;40mhardware/net_sent_mb_s[0m     |  [0;32;40m0.08503947407007217[0m  |
|      [0;34;40mhardware/ram_used_gb[0m      |   [0;32;40m218.22207641601562[0m  |
|     [0;34;40mhardware/ram_used_pct[0m      |   [0;32;40m21.700000762939453[0m  |
|      [0;34;40mhparams/lr_default_0[0m      | [0;32;40m4.558720684144646e-05[0m |
|         [0;34;40mvalidate/loss[0m          |  [0;32;40m0.41213980317115784[0m  |
|      [0;34;40mvalidate/loss_epoch[0m       |  [0;32;40m0.41213980317115784[0m  |
|       [0;34;40mvalidate/pred_loss[0m       |  [0;32;40m0.08990055322647095[0m  |
|    [0;34;40mvalidate/pred_loss_epoch[0m    |  [0;32;40m0.08990055322647095[0m  |
|      [0;34;40mvalidate/sigreg_loss[0m      |   [0;32;40m3.1805295944213867[0m  |
|   [0;34;40mvalidate/sigreg_loss_epoch[0m   |   [0;32;40m3.1805295944213867[0m  |
|    [0;34;40mvalidate/structured_loss[0m    |  [0;32;40m0.035944342613220215[0m |
| [0;34;40mvalidate/structured_loss_epoch[0m |  [0;32;40m0.035944342613220215[0m |
+--------------------------------+-----------------------+
[Epoch 3/20] done in 184.2s
20:07:57 | INFO  | checkpoint_~|   Checking for non PyTorch modules to save
20:07:57 | INFO  | atomic_chec~| [atomic_save] → /data1/likun-share/junjxu/.cache_stable-pretraining/runs/20260716/195520/fa542ae4e5f1/checkpoints/epoch=3-step=1236.ckpt
20:07:58 | INFO  | atomic_chec~| [atomic_save] ✓ epoch=3-step=1236.ckpt saved (392.2 MiB, serialise=0.66s write=0.47s rename=0.1ms)
20:07:59 | INFO  | checkpoint_~|   Checking for non PyTorch modules to save
20:07:59 | INFO  | atomic_chec~| [atomic_save] → /data1/likun-share/junjxu/.cache_stable-pretraining/runs/20260716/195520/fa542ae4e5f1/checkpoints/last.ckpt
20:08:00 | INFO  | atomic_chec~| [atomic_save] ✓ last.ckpt saved (392.2 MiB, serialise=0.53s write=0.47s rename=60.3ms)
[Epoch 4/20] step 50/309 (1.8 it/s)
[Epoch 4/20] step 100/309 (1.8 it/s)
[Epoch 4/20] step 150/309 (1.9 it/s)
[Epoch 4/20] step 200/309 (1.9 it/s)
[Epoch 4/20] step 250/309 (1.9 it/s)
[Epoch 4/20] step 300/309 (1.9 it/s)
20:11:04 | INFO  | trainer_inf~| \n+--------------------------------+-----------------------+
|             Metric             |         Value         |
+--------------------------------+-----------------------+
|            [0;34;40mfit/loss[0m            |  [0;32;40m0.35138121247291565[0m  |
|         [0;34;40mfit/pred_loss[0m          |   [0;32;40m0.078277088701725[0m   |
|        [0;34;40mfit/sigreg_loss[0m         |        [0;32;40m2.671875[0m       |
|      [0;34;40mfit/structured_loss[0m       |  [0;32;40m0.03286975249648094[0m  |
|      [0;34;40mhardware/cpu_percent[0m      |          [0;32;40m44.5[0m         |
|    [0;34;40mhardware/disk_read_mb_s[0m     | [0;32;40m0.0007809957023710012[0m |
|    [0;34;40mhardware/disk_write_mb_s[0m    |   [0;32;40m0.8329319357872009[0m  |
|     [0;34;40mhardware/net_recv_mb_s[0m     |  [0;32;40m0.34970369935035706[0m  |
|     [0;34;40mhardware/net_sent_mb_s[0m     |  [0;32;40m0.043676745146512985[0m |
|      [0;34;40mhardware/ram_used_gb[0m      |   [0;32;40m218.82791137695312[0m  |
|     [0;34;40mhardware/ram_used_pct[0m      |   [0;32;40m21.700000762939453[0m  |
|      [0;34;40mhparams/lr_default_0[0m      | [0;32;40m4.308798088459298e-05[0m |
|         [0;34;40mvalidate/loss[0m          |   [0;32;40m0.3840869665145874[0m  |
|      [0;34;40mvalidate/loss_epoch[0m       |   [0;32;40m0.3840869665145874[0m  |
|       [0;34;40mvalidate/pred_loss[0m       |  [0;32;40m0.07872357964515686[0m  |
|    [0;34;40mvalidate/pred_loss_epoch[0m    |  [0;32;40m0.07872357964515686[0m  |
|      [0;34;40mvalidate/sigreg_loss[0m      |   [0;32;40m3.0329909324645996[0m  |
|   [0;34;40mvalidate/sigreg_loss_epoch[0m   |   [0;32;40m3.0329909324645996[0m  |
|    [0;34;40mvalidate/structured_loss[0m    |  [0;32;40m0.032369330525398254[0m |
| [0;34;40mvalidate/structured_loss_epoch[0m |  [0;32;40m0.032369330525398254[0m |
+--------------------------------+-----------------------+
[Epoch 4/20] done in 185.2s
20:11:05 | INFO  | checkpoint_~|   Checking for non PyTorch modules to save
20:11:05 | INFO  | atomic_chec~| [atomic_save] → /data1/likun-share/junjxu/.cache_stable-pretraining/runs/20260716/195520/fa542ae4e5f1/checkpoints/epoch=4-step=1545.ckpt
20:11:06 | INFO  | atomic_chec~| [atomic_save] ✓ epoch=4-step=1545.ckpt saved (392.2 MiB, serialise=0.72s write=0.52s rename=0.1ms)
20:11:06 | INFO  | checkpoint_~|   Checking for non PyTorch modules to save
20:11:06 | INFO  | atomic_chec~| [atomic_save] → /data1/likun-share/junjxu/.cache_stable-pretraining/runs/20260716/195520/fa542ae4e5f1/checkpoints/last.ckpt
20:11:08 | INFO  | atomic_chec~| [atomic_save] ✓ last.ckpt saved (392.2 MiB, serialise=0.69s write=0.52s rename=106.1ms)
[Epoch 5/20] step 50/309 (1.8 it/s)
[Epoch 5/20] step 100/309 (1.8 it/s)
[Epoch 5/20] step 150/309 (1.9 it/s)
[Epoch 5/20] step 200/309 (1.9 it/s)
[Epoch 5/20] step 250/309 (1.9 it/s)
[Epoch 5/20] step 300/309 (1.9 it/s)
20:14:08 | INFO  | trainer_inf~| \n+--------------------------------+-----------------------+
|             Metric             |         Value         |
+--------------------------------+-----------------------+
|            [0;34;40mfit/loss[0m            |  [0;32;40m0.34076952934265137[0m  |
|         [0;34;40mfit/pred_loss[0m          |  [0;32;40m0.07053206115961075[0m  |
|        [0;34;40mfit/sigreg_loss[0m         |        [0;32;40m2.53125[0m        |
|      [0;34;40mfit/structured_loss[0m       |  [0;32;40m0.042698413133621216[0m |
|      [0;34;40mhardware/cpu_percent[0m      |   [0;32;40m43.400001525878906[0m  |
|    [0;34;40mhardware/disk_read_mb_s[0m     | [0;32;40m0.0007810554234310985[0m |
|    [0;34;40mhardware/disk_write_mb_s[0m    |   [0;32;40m19.090166091918945[0m  |
|     [0;34;40mhardware/net_recv_mb_s[0m     |  [0;32;40m0.03199533745646477[0m  |
|     [0;34;40mhardware/net_sent_mb_s[0m     |  [0;32;40m0.03312258422374725[0m  |
|      [0;34;40mhardware/ram_used_gb[0m      |   [0;32;40m216.72402954101562[0m  |
|     [0;34;40mhardware/ram_used_pct[0m      |          [0;32;40m21.5[0m         |
|      [0;34;40mhparams/lr_default_0[0m      | [0;32;40m4.013446232420392e-05[0m |
|         [0;34;40mvalidate/loss[0m          |   [0;32;40m0.3743939995765686[0m  |
|      [0;34;40mvalidate/loss_epoch[0m       |   [0;32;40m0.3743939995765686[0m  |
|       [0;34;40mvalidate/pred_loss[0m       |  [0;32;40m0.07990416884422302[0m  |
|    [0;34;40mvalidate/pred_loss_epoch[0m    |  [0;32;40m0.07990416884422302[0m  |
|      [0;34;40mvalidate/sigreg_loss[0m      |   [0;32;40m2.916982889175415[0m   |
|   [0;34;40mvalidate/sigreg_loss_epoch[0m   |   [0;32;40m2.916982889175415[0m   |
|    [0;34;40mvalidate/structured_loss[0m    |  [0;32;40m0.032118234783411026[0m |
| [0;34;40mvalidate/structured_loss_epoch[0m |  [0;32;40m0.032118234783411026[0m |
+--------------------------------+-----------------------+
[Epoch 5/20] done in 180.3s
20:14:08 | INFO  | checkpoint_~|   Checking for non PyTorch modules to save
20:14:08 | INFO  | atomic_chec~| [atomic_save] → /data1/likun-share/junjxu/.cache_stable-pretraining/runs/20260716/195520/fa542ae4e5f1/checkpoints/epoch=5-step=1854.ckpt
20:14:09 | INFO  | atomic_chec~| [atomic_save] ✓ epoch=5-step=1854.ckpt saved (392.2 MiB, serialise=0.65s write=0.48s rename=0.1ms)
20:14:09 | INFO  | checkpoint_~|   Checking for non PyTorch modules to save
20:14:09 | INFO  | atomic_chec~| [atomic_save] → /data1/likun-share/junjxu/.cache_stable-pretraining/runs/20260716/195520/fa542ae4e5f1/checkpoints/last.ckpt
20:14:10 | INFO  | atomic_chec~| [atomic_save] ✓ last.ckpt saved (392.2 MiB, serialise=0.66s write=0.52s rename=59.1ms)
[Epoch 6/20] step 50/309 (1.7 it/s)
[Epoch 6/20] step 100/309 (1.8 it/s)
[Epoch 6/20] step 150/309 (1.8 it/s)
[Epoch 6/20] step 200/309 (1.8 it/s)
[Epoch 6/20] step 250/309 (1.9 it/s)
[Epoch 6/20] step 300/309 (1.9 it/s)
20:17:14 | INFO  | trainer_inf~| \n+--------------------------------+------------------------+
|             Metric             |         Value          |
+--------------------------------+------------------------+
|            [0;34;40mfit/loss[0m            |   [0;32;40m0.3202230930328369[0m   |
|         [0;34;40mfit/pred_loss[0m          |  [0;32;40m0.06704536080360413[0m   |
|        [0;34;40mfit/sigreg_loss[0m         |        [0;32;40m2.359375[0m        |
|      [0;34;40mfit/structured_loss[0m       |  [0;32;40m0.04126366227865219[0m   |
|      [0;34;40mhardware/cpu_percent[0m      |   [0;32;40m44.20000076293945[0m    |
|    [0;34;40mhardware/disk_read_mb_s[0m     | [0;32;40m0.0070294965989887714[0m  |
|    [0;34;40mhardware/disk_write_mb_s[0m    |   [0;32;40m0.7806646823883057[0m   |
|     [0;34;40mhardware/net_recv_mb_s[0m     |   [0;32;40m0.3484141230583191[0m   |
|     [0;34;40mhardware/net_sent_mb_s[0m     |  [0;32;40m0.07269467413425446[0m   |
|      [0;34;40mhardware/ram_used_gb[0m      |   [0;32;40m220.0103759765625[0m    |
|     [0;34;40mhardware/ram_used_pct[0m      |   [0;32;40m21.799999237060547[0m   |
|      [0;34;40mhparams/lr_default_0[0m      | [0;32;40m3.6800833186134696e-05[0m |
|         [0;34;40mvalidate/loss[0m          |   [0;32;40m0.3669721186161041[0m   |
|      [0;34;40mvalidate/loss_epoch[0m       |   [0;32;40m0.3669721186161041[0m   |
|       [0;34;40mvalidate/pred_loss[0m       |  [0;32;40m0.07549535483121872[0m   |
|    [0;34;40mvalidate/pred_loss_epoch[0m    |  [0;32;40m0.07549535483121872[0m   |
|      [0;34;40mvalidate/sigreg_loss[0m      |   [0;32;40m2.8877153396606445[0m   |
|   [0;34;40mvalidate/sigreg_loss_epoch[0m   |   [0;32;40m2.8877153396606445[0m   |
|    [0;34;40mvalidate/structured_loss[0m    |  [0;32;40m0.03162164241075516[0m   |
| [0;34;40mvalidate/structured_loss_epoch[0m |  [0;32;40m0.03162164241075516[0m   |
+--------------------------------+------------------------+
[Epoch 6/20] done in 184.3s
20:17:15 | INFO  | checkpoint_~|   Checking for non PyTorch modules to save
20:17:15 | INFO  | atomic_chec~| [atomic_save] → /data1/likun-share/junjxu/.cache_stable-pretraining/runs/20260716/195520/fa542ae4e5f1/checkpoints/epoch=6-step=2163.ckpt
20:17:16 | INFO  | atomic_chec~| [atomic_save] ✓ epoch=6-step=2163.ckpt saved (392.2 MiB, serialise=0.99s write=0.50s rename=0.1ms)
20:17:16 | INFO  | checkpoint_~|   Checking for non PyTorch modules to save
20:17:16 | INFO  | atomic_chec~| [atomic_save] → /data1/likun-share/junjxu/.cache_stable-pretraining/runs/20260716/195520/fa542ae4e5f1/checkpoints/last.ckpt
20:17:18 | INFO  | atomic_chec~| [atomic_save] ✓ last.ckpt saved (392.2 MiB, serialise=0.66s write=0.52s rename=56.0ms)
[Epoch 7/20] step 50/309 (1.7 it/s)
[Epoch 7/20] step 100/309 (1.8 it/s)
[Epoch 7/20] step 150/309 (1.9 it/s)
[Epoch 7/20] step 200/309 (1.9 it/s)
[Epoch 7/20] step 250/309 (1.9 it/s)
[Epoch 7/20] step 300/309 (1.9 it/s)
20:20:18 | INFO  | trainer_inf~| \n+--------------------------------+-----------------------+
|             Metric             |         Value         |
+--------------------------------+-----------------------+
|            [0;34;40mfit/loss[0m            |   [0;32;40m0.3218127191066742[0m  |
|         [0;34;40mfit/pred_loss[0m          |  [0;32;40m0.07616343349218369[0m  |
|        [0;34;40mfit/sigreg_loss[0m         |        [0;32;40m2.328125[0m       |
|      [0;34;40mfit/structured_loss[0m       |  [0;32;40m0.03568832948803902[0m  |
|      [0;34;40mhardware/cpu_percent[0m      |          [0;32;40m44.0[0m         |
|    [0;34;40mhardware/disk_read_mb_s[0m     |          [0;32;40m0.0[0m          |
|    [0;34;40mhardware/disk_write_mb_s[0m    |   [0;32;40m19.18514633178711[0m   |
|     [0;34;40mhardware/net_recv_mb_s[0m     |  [0;32;40m0.34982168674468994[0m  |
|     [0;34;40mhardware/net_sent_mb_s[0m     |  [0;32;40m0.07401449233293533[0m  |
|      [0;34;40mhardware/ram_used_gb[0m      |   [0;32;40m220.42959594726562[0m  |
|     [0;34;40mhardware/ram_used_pct[0m      |   [0;32;40m21.899999618530273[0m  |
|      [0;34;40mhparams/lr_default_0[0m      | [0;32;40m3.317081791465171e-05[0m |
|         [0;34;40mvalidate/loss[0m          |   [0;32;40m0.3495660126209259[0m  |
|      [0;34;40mvalidate/loss_epoch[0m       |   [0;32;40m0.3495660126209259[0m  |
|       [0;34;40mvalidate/pred_loss[0m       |  [0;32;40m0.06763117760419846[0m  |
|    [0;34;40mvalidate/pred_loss_epoch[0m    |  [0;32;40m0.06763117760419846[0m  |
|      [0;34;40mvalidate/sigreg_loss[0m      |   [0;32;40m2.778912305831909[0m   |
|   [0;34;40mvalidate/sigreg_loss_epoch[0m   |   [0;32;40m2.778912305831909[0m   |
|    [0;34;40mvalidate/structured_loss[0m    |  [0;32;40m0.03185116872191429[0m  |
| [0;34;40mvalidate/structured_loss_epoch[0m |  [0;32;40m0.03185116872191429[0m  |
+--------------------------------+-----------------------+
[Epoch 7/20] done in 180.3s
20:20:18 | INFO  | checkpoint_~|   Checking for non PyTorch modules to save
20:20:18 | INFO  | atomic_chec~| [atomic_save] → /data1/likun-share/junjxu/.cache_stable-pretraining/runs/20260716/195520/fa542ae4e5f1/checkpoints/epoch=7-step=2472.ckpt
20:20:19 | INFO  | atomic_chec~| [atomic_save] ✓ epoch=7-step=2472.ckpt saved (392.2 MiB, serialise=0.62s write=0.53s rename=0.1ms)
20:20:19 | INFO  | checkpoint_~|   Checking for non PyTorch modules to save
20:20:19 | INFO  | atomic_chec~| [atomic_save] → /data1/likun-share/junjxu/.cache_stable-pretraining/runs/20260716/195520/fa542ae4e5f1/checkpoints/last.ckpt
20:20:21 | INFO  | atomic_chec~| [atomic_save] ✓ last.ckpt saved (392.2 MiB, serialise=0.72s write=0.51s rename=55.1ms)
[Epoch 8/20] step 50/309 (1.8 it/s)
[Epoch 8/20] step 100/309 (1.9 it/s)
[Epoch 8/20] step 150/309 (1.9 it/s)
[Epoch 8/20] step 200/309 (2.0 it/s)
[Epoch 8/20] step 250/309 (2.0 it/s)
[Epoch 8/20] step 300/309 (2.0 it/s)
20:23:15 | INFO  | trainer_inf~| \n+--------------------------------+------------------------+
|             Metric             |         Value          |
+--------------------------------+------------------------+
|            [0;34;40mfit/loss[0m            |  [0;32;40m0.32002681493759155[0m   |
|         [0;34;40mfit/pred_loss[0m          |  [0;32;40m0.07852783054113388[0m   |
|        [0;34;40mfit/sigreg_loss[0m         |        [0;32;40m2.359375[0m        |
|      [0;34;40mfit/structured_loss[0m       |  [0;32;40m0.02958492375910282[0m   |
|      [0;34;40mhardware/cpu_percent[0m      |   [0;32;40m42.20000076293945[0m    |
|    [0;34;40mhardware/disk_read_mb_s[0m     |          [0;32;40m0.0[0m           |
|    [0;34;40mhardware/disk_write_mb_s[0m    |   [0;32;40m194.93585205078125[0m   |
|     [0;34;40mhardware/net_recv_mb_s[0m     |  [0;32;40m0.03030121512711048[0m   |
|     [0;34;40mhardware/net_sent_mb_s[0m     |  [0;32;40m0.06744237244129181[0m   |
|      [0;34;40mhardware/ram_used_gb[0m      |   [0;32;40m219.2733154296875[0m    |
|     [0;34;40mhardware/ram_used_pct[0m      |   [0;32;40m21.799999237060547[0m   |
|      [0;34;40mhparams/lr_default_0[0m      | [0;32;40m2.9335586077650078e-05[0m |
|         [0;34;40mvalidate/loss[0m          |  [0;32;40m0.34514957666397095[0m   |
|      [0;34;40mvalidate/loss_epoch[0m       |  [0;32;40m0.34514957666397095[0m   |
|       [0;34;40mvalidate/pred_loss[0m       |  [0;32;40m0.06427878141403198[0m   |
|    [0;34;40mvalidate/pred_loss_epoch[0m    |  [0;32;40m0.06427878141403198[0m   |
|      [0;34;40mvalidate/sigreg_loss[0m      |   [0;32;40m2.764068841934204[0m    |
|   [0;34;40mvalidate/sigreg_loss_epoch[0m   |   [0;32;40m2.764068841934204[0m    |
|    [0;34;40mvalidate/structured_loss[0m    |  [0;32;40m0.03219287842512131[0m   |
| [0;34;40mvalidate/structured_loss_epoch[0m |  [0;32;40m0.03219287842512131[0m   |
+--------------------------------+------------------------+
[Epoch 8/20] done in 175.0s
20:23:16 | INFO  | checkpoint_~|   Checking for non PyTorch modules to save
20:23:16 | INFO  | atomic_chec~| [atomic_save] → /data1/likun-share/junjxu/.cache_stable-pretraining/runs/20260716/195520/fa542ae4e5f1/checkpoints/epoch=8-step=2781.ckpt
20:23:17 | INFO  | atomic_chec~| [atomic_save] ✓ epoch=8-step=2781.ckpt saved (392.2 MiB, serialise=0.65s write=0.50s rename=0.1ms)
20:23:17 | INFO  | checkpoint_~|   Checking for non PyTorch modules to save
20:23:17 | INFO  | atomic_chec~| [atomic_save] → /data1/likun-share/junjxu/.cache_stable-pretraining/runs/20260716/195520/fa542ae4e5f1/checkpoints/last.ckpt
20:23:18 | INFO  | atomic_chec~| [atomic_save] ✓ last.ckpt saved (392.2 MiB, serialise=0.64s write=0.49s rename=60.9ms)
[Epoch 9/20] step 50/309 (1.8 it/s)
[Epoch 9/20] step 100/309 (1.9 it/s)
[Epoch 9/20] step 150/309 (1.9 it/s)
[Epoch 9/20] step 200/309 (1.9 it/s)
[Epoch 9/20] step 250/309 (1.9 it/s)
[Epoch 9/20] step 300/309 (1.9 it/s)
20:26:17 | INFO  | trainer_inf~| \n+--------------------------------+------------------------+
|             Metric             |         Value          |
+--------------------------------+------------------------+
|            [0;34;40mfit/loss[0m            |   [0;32;40m0.3172186613082886[0m   |
|         [0;34;40mfit/pred_loss[0m          |   [0;32;40m0.0641767755150795[0m   |
|        [0;34;40mfit/sigreg_loss[0m         |        [0;32;40m2.34375[0m         |
|      [0;34;40mfit/structured_loss[0m       |  [0;32;40m0.04210439696907997[0m   |
|      [0;34;40mhardware/cpu_percent[0m      |          [0;32;40m42.0[0m          |
|    [0;34;40mhardware/disk_read_mb_s[0m     |          [0;32;40m0.0[0m           |
|    [0;34;40mhardware/disk_write_mb_s[0m    |    [0;32;40m196.986083984375[0m    |
|     [0;34;40mhardware/net_recv_mb_s[0m     |   [0;32;40m0.3483126759529114[0m   |
|     [0;34;40mhardware/net_sent_mb_s[0m     |  [0;32;40m0.07406913489103317[0m   |
|      [0;34;40mhardware/ram_used_gb[0m      |   [0;32;40m221.23684692382812[0m   |
|     [0;34;40mhardware/ram_used_pct[0m      |          [0;32;40m22.0[0m          |
|      [0;34;40mhparams/lr_default_0[0m      | [0;32;40m2.5391464077983983e-05[0m |
|         [0;34;40mvalidate/loss[0m          |  [0;32;40m0.33545613288879395[0m   |
|      [0;34;40mvalidate/loss_epoch[0m       |  [0;32;40m0.33545613288879395[0m   |
|       [0;34;40mvalidate/pred_loss[0m       |  [0;32;40m0.06340138614177704[0m   |
|    [0;34;40mvalidate/pred_loss_epoch[0m    |  [0;32;40m0.06340138614177704[0m   |
|      [0;34;40mvalidate/sigreg_loss[0m      |   [0;32;40m2.685023784637451[0m    |
|   [0;34;40mvalidate/sigreg_loss_epoch[0m   |   [0;32;40m2.685023784637451[0m    |
|    [0;34;40mvalidate/structured_loss[0m    |  [0;32;40m0.03033507615327835[0m   |
| [0;34;40mvalidate/structured_loss_epoch[0m |  [0;32;40m0.03033507615327835[0m   |
+--------------------------------+------------------------+
[Epoch 9/20] done in 179.7s
20:26:18 | INFO  | checkpoint_~|   Checking for non PyTorch modules to save
20:26:18 | INFO  | atomic_chec~| [atomic_save] → /data1/likun-share/junjxu/.cache_stable-pretraining/runs/20260716/195520/fa542ae4e5f1/checkpoints/epoch=9-step=3090.ckpt
20:26:19 | INFO  | atomic_chec~| [atomic_save] ✓ epoch=9-step=3090.ckpt saved (392.2 MiB, serialise=0.64s write=0.48s rename=0.1ms)
20:26:19 | INFO  | checkpoint_~|   Checking for non PyTorch modules to save
20:26:19 | INFO  | atomic_chec~| [atomic_save] → /data1/likun-share/junjxu/.cache_stable-pretraining/runs/20260716/195520/fa542ae4e5f1/checkpoints/last.ckpt
20:26:20 | INFO  | atomic_chec~| [atomic_save] ✓ last.ckpt saved (392.2 MiB, serialise=0.62s write=0.50s rename=69.4ms)
[Epoch 10/20] step 50/309 (1.7 it/s)
[Epoch 10/20] step 100/309 (1.7 it/s)
[Epoch 10/20] step 150/309 (1.8 it/s)
[Epoch 10/20] step 200/309 (1.8 it/s)
[Epoch 10/20] step 250/309 (1.8 it/s)
[Epoch 10/20] step 300/309 (1.9 it/s)
20:29:25 | INFO  | trainer_inf~| \n+--------------------------------+-----------------------+
|             Metric             |         Value         |
+--------------------------------+-----------------------+
|            [0;34;40mfit/loss[0m            |   [0;32;40m0.2947753369808197[0m  |
|         [0;34;40mfit/pred_loss[0m          |  [0;32;40m0.06913524866104126[0m  |
|        [0;34;40mfit/sigreg_loss[0m         |        [0;32;40m2.28125[0m        |
|      [0;34;40mfit/structured_loss[0m       |  [0;32;40m0.020561974495649338[0m |
|      [0;34;40mhardware/cpu_percent[0m      |   [0;32;40m43.70000076293945[0m   |
|    [0;34;40mhardware/disk_read_mb_s[0m     |          [0;32;40m0.0[0m          |
|    [0;34;40mhardware/disk_write_mb_s[0m    |   [0;32;40m24.25039291381836[0m   |
|     [0;34;40mhardware/net_recv_mb_s[0m     |   [0;32;40m0.346927672624588[0m   |
|     [0;34;40mhardware/net_sent_mb_s[0m     |  [0;32;40m0.07082608342170715[0m  |
|      [0;34;40mhardware/ram_used_gb[0m      |   [0;32;40m224.27130126953125[0m  |
|     [0;34;40mhardware/ram_used_pct[0m      |   [0;32;40m22.299999237060547[0m  |
|      [0;34;40mhparams/lr_default_0[0m      | [0;32;40m2.143750862160232e-05[0m |
|         [0;34;40mvalidate/loss[0m          |   [0;32;40m0.3370765149593353[0m  |
|      [0;34;40mvalidate/loss_epoch[0m       |   [0;32;40m0.3370765149593353[0m  |
|       [0;34;40mvalidate/pred_loss[0m       |  [0;32;40m0.06392352283000946[0m  |
|    [0;34;40mvalidate/pred_loss_epoch[0m    |  [0;32;40m0.06392352283000946[0m  |
|      [0;34;40mvalidate/sigreg_loss[0m      |   [0;32;40m2.707061529159546[0m   |
|   [0;34;40mvalidate/sigreg_loss_epoch[0m   |   [0;32;40m2.707061529159546[0m   |
|    [0;34;40mvalidate/structured_loss[0m    |  [0;32;40m0.029492665082216263[0m |
| [0;34;40mvalidate/structured_loss_epoch[0m |  [0;32;40m0.029492665082216263[0m |
+--------------------------------+-----------------------+
[Epoch 10/20] done in 185.5s
20:29:26 | INFO  | checkpoint_~|   Checking for non PyTorch modules to save
20:29:26 | INFO  | atomic_chec~| [atomic_save] → /data1/likun-share/junjxu/.cache_stable-pretraining/runs/20260716/195520/fa542ae4e5f1/checkpoints/epoch=10-step=3399.ckpt
20:29:27 | INFO  | atomic_chec~| [atomic_save] ✓ epoch=10-step=3399.ckpt saved (392.2 MiB, serialise=0.68s write=0.57s rename=0.0ms)
20:29:27 | INFO  | checkpoint_~|   Checking for non PyTorch modules to save
20:29:27 | INFO  | atomic_chec~| [atomic_save] → /data1/likun-share/junjxu/.cache_stable-pretraining/runs/20260716/195520/fa542ae4e5f1/checkpoints/last.ckpt
20:29:28 | INFO  | atomic_chec~| [atomic_save] ✓ last.ckpt saved (392.2 MiB, serialise=0.65s write=0.50s rename=69.0ms)
[Epoch 11/20] step 50/309 (1.8 it/s)
[Epoch 11/20] step 100/309 (1.8 it/s)
[Epoch 11/20] step 150/309 (1.9 it/s)
[Epoch 11/20] step 200/309 (1.9 it/s)
[Epoch 11/20] step 250/309 (1.9 it/s)
[Epoch 11/20] step 300/309 (1.9 it/s)
20:32:28 | INFO  | trainer_inf~| \n+--------------------------------+------------------------+
|             Metric             |         Value          |
+--------------------------------+------------------------+
|            [0;34;40mfit/loss[0m            |  [0;32;40m0.28688058257102966[0m   |
|         [0;34;40mfit/pred_loss[0m          |  [0;32;40m0.06769107282161713[0m   |
|        [0;34;40mfit/sigreg_loss[0m         |        [0;32;40m2.171875[0m        |
|      [0;34;40mfit/structured_loss[0m       |  [0;32;40m0.02387700043618679[0m   |
|      [0;34;40mhardware/cpu_percent[0m      |          [0;32;40m44.0[0m          |
|    [0;34;40mhardware/disk_read_mb_s[0m     | [0;32;40m0.00039050192572176456[0m |
|    [0;34;40mhardware/disk_write_mb_s[0m    |   [0;32;40m175.98789978027344[0m   |
|     [0;34;40mhardware/net_recv_mb_s[0m     |  [0;32;40m0.028206899762153625[0m  |
|     [0;34;40mhardware/net_sent_mb_s[0m     |    [0;32;40m0.0654291883111[0m     |
|      [0;34;40mhardware/ram_used_gb[0m      |   [0;32;40m221.42608642578125[0m   |
|     [0;34;40mhardware/ram_used_pct[0m      |          [0;32;40m22.0[0m          |
|      [0;34;40mhparams/lr_default_0[0m      | [0;32;40m1.7573029253981076e-05[0m |
|         [0;34;40mvalidate/loss[0m          |   [0;32;40m0.3275027573108673[0m   |
|      [0;34;40mvalidate/loss_epoch[0m       |   [0;32;40m0.3275027573108673[0m   |
|       [0;34;40mvalidate/pred_loss[0m       |  [0;32;40m0.060129545629024506[0m  |
|    [0;34;40mvalidate/pred_loss_epoch[0m    |  [0;32;40m0.060129545629024506[0m  |
|      [0;34;40mvalidate/sigreg_loss[0m      |   [0;32;40m2.650590419769287[0m    |
|   [0;34;40mvalidate/sigreg_loss_epoch[0m   |   [0;32;40m2.650590419769287[0m    |
|    [0;34;40mvalidate/structured_loss[0m    |  [0;32;40m0.028805574402213097[0m  |
| [0;34;40mvalidate/structured_loss_epoch[0m |  [0;32;40m0.028805574402213097[0m  |
+--------------------------------+------------------------+
[Epoch 11/20] done in 180.2s
20:32:28 | INFO  | checkpoint_~|   Checking for non PyTorch modules to save
20:32:28 | INFO  | atomic_chec~| [atomic_save] → /data1/likun-share/junjxu/.cache_stable-pretraining/runs/20260716/195520/fa542ae4e5f1/checkpoints/epoch=11-step=3708.ckpt
20:32:30 | INFO  | atomic_chec~| [atomic_save] ✓ epoch=11-step=3708.ckpt saved (392.2 MiB, serialise=0.61s write=0.55s rename=0.1ms)
20:32:30 | INFO  | checkpoint_~|   Checking for non PyTorch modules to save
20:32:30 | INFO  | atomic_chec~| [atomic_save] → /data1/likun-share/junjxu/.cache_stable-pretraining/runs/20260716/195520/fa542ae4e5f1/checkpoints/last.ckpt
20:32:31 | INFO  | atomic_chec~| [atomic_save] ✓ last.ckpt saved (392.2 MiB, serialise=0.68s write=0.53s rename=85.5ms)
[Epoch 12/20] step 50/309 (1.9 it/s)
[Epoch 12/20] step 100/309 (1.9 it/s)
[Epoch 12/20] step 150/309 (1.9 it/s)
[Epoch 12/20] step 200/309 (1.9 it/s)
[Epoch 12/20] step 250/309 (1.9 it/s)
[Epoch 12/20] step 300/309 (1.9 it/s)
20:35:29 | INFO  | trainer_inf~| \n+--------------------------------+-----------------------+
|             Metric             |         Value         |
+--------------------------------+-----------------------+
|            [0;34;40mfit/loss[0m            |   [0;32;40m0.2986045479774475[0m  |
|         [0;34;40mfit/pred_loss[0m          |  [0;32;40m0.06182418018579483[0m  |
|        [0;34;40mfit/sigreg_loss[0m         |         [0;32;40m2.0625[0m        |
|      [0;34;40mfit/structured_loss[0m       |  [0;32;40m0.05123351141810417[0m  |
|      [0;34;40mhardware/cpu_percent[0m      |   [0;32;40m41.099998474121094[0m  |
|    [0;34;40mhardware/disk_read_mb_s[0m     |          [0;32;40m0.0[0m          |
|    [0;34;40mhardware/disk_write_mb_s[0m    |   [0;32;40m197.7727813720703[0m   |
|     [0;34;40mhardware/net_recv_mb_s[0m     |   [0;32;40m0.8068076372146606[0m  |
|     [0;34;40mhardware/net_sent_mb_s[0m     |  [0;32;40m0.09256862103939056[0m  |
|      [0;34;40mhardware/ram_used_gb[0m      |   [0;32;40m223.86509704589844[0m  |
|     [0;34;40mhardware/ram_used_pct[0m      |   [0;32;40m22.200000762939453[0m  |
|      [0;34;40mhparams/lr_default_0[0m      | [0;32;40m1.389508179272525e-05[0m |
|         [0;34;40mvalidate/loss[0m          |   [0;32;40m0.3262609541416168[0m  |
|      [0;34;40mvalidate/loss_epoch[0m       |   [0;32;40m0.3262609541416168[0m  |
|       [0;34;40mvalidate/pred_loss[0m       |  [0;32;40m0.06033709645271301[0m  |
|    [0;34;40mvalidate/pred_loss_epoch[0m    |  [0;32;40m0.06033709645271301[0m  |
|      [0;34;40mvalidate/sigreg_loss[0m      |   [0;32;40m2.6324002742767334[0m  |
|   [0;34;40mvalidate/sigreg_loss_epoch[0m   |   [0;32;40m2.6324002742767334[0m  |
|    [0;34;40mvalidate/structured_loss[0m    |  [0;32;40m0.029033014550805092[0m |
| [0;34;40mvalidate/structured_loss_epoch[0m |  [0;32;40m0.029033014550805092[0m |
+--------------------------------+-----------------------+
[Epoch 12/20] done in 178.2s
20:35:29 | INFO  | checkpoint_~|   Checking for non PyTorch modules to save
20:35:29 | INFO  | atomic_chec~| [atomic_save] → /data1/likun-share/junjxu/.cache_stable-pretraining/runs/20260716/195520/fa542ae4e5f1/checkpoints/epoch=12-step=4017.ckpt
20:35:30 | INFO  | atomic_chec~| [atomic_save] ✓ epoch=12-step=4017.ckpt saved (392.2 MiB, serialise=0.60s write=0.49s rename=0.0ms)
20:35:30 | INFO  | checkpoint_~|   Checking for non PyTorch modules to save
20:35:30 | INFO  | atomic_chec~| [atomic_save] → /data1/likun-share/junjxu/.cache_stable-pretraining/runs/20260716/195520/fa542ae4e5f1/checkpoints/last.ckpt
20:35:32 | INFO  | atomic_chec~| [atomic_save] ✓ last.ckpt saved (392.2 MiB, serialise=0.64s write=0.49s rename=55.5ms)
[Epoch 13/20] step 50/309 (1.8 it/s)
[Epoch 13/20] step 100/309 (1.8 it/s)
[Epoch 13/20] step 150/309 (1.9 it/s)
[Epoch 13/20] step 200/309 (1.9 it/s)
[Epoch 13/20] step 250/309 (1.9 it/s)
[Epoch 13/20] step 300/309 (1.9 it/s)
20:38:31 | INFO  | trainer_inf~| \n+--------------------------------+------------------------+
|             Metric             |         Value          |
+--------------------------------+------------------------+
|            [0;34;40mfit/loss[0m            |  [0;32;40m0.30448105931282043[0m   |
|         [0;34;40mfit/pred_loss[0m          |  [0;32;40m0.06081273406744003[0m   |
|        [0;34;40mfit/sigreg_loss[0m         |        [0;32;40m2.21875[0m         |
|      [0;34;40mfit/structured_loss[0m       |  [0;32;40m0.044449567794799805[0m  |
|      [0;34;40mhardware/cpu_percent[0m      |          [0;32;40m42.5[0m          |
|    [0;34;40mhardware/disk_read_mb_s[0m     | [0;32;40m0.0007810645620338619[0m  |
|    [0;34;40mhardware/disk_write_mb_s[0m    |   [0;32;40m79.22181701660156[0m    |
|     [0;34;40mhardware/net_recv_mb_s[0m     |   [0;32;40m0.3936190605163574[0m   |
|     [0;34;40mhardware/net_sent_mb_s[0m     |   [0;32;40m0.6971323490142822[0m   |
|      [0;34;40mhardware/ram_used_gb[0m      |   [0;32;40m221.95565795898438[0m   |
|     [0;34;40mhardware/ram_used_pct[0m      |          [0;32;40m22.0[0m          |
|      [0;34;40mhparams/lr_default_0[0m      | [0;32;40m1.0496042705199216e-05[0m |
|         [0;34;40mvalidate/loss[0m          |   [0;32;40m0.3224448561668396[0m   |
|      [0;34;40mvalidate/loss_epoch[0m       |   [0;32;40m0.3224448561668396[0m   |
|       [0;34;40mvalidate/pred_loss[0m       |  [0;32;40m0.057973381131887436[0m  |
|    [0;34;40mvalidate/pred_loss_epoch[0m    |  [0;32;40m0.057973381131887436[0m  |
|      [0;34;40mvalidate/sigreg_loss[0m      |   [0;32;40m2.6252059936523438[0m   |
|   [0;34;40mvalidate/sigreg_loss_epoch[0m   |   [0;32;40m2.6252059936523438[0m   |
|    [0;34;40mvalidate/structured_loss[0m    |  [0;32;40m0.02820083312690258[0m   |
| [0;34;40mvalidate/structured_loss_epoch[0m |  [0;32;40m0.02820083312690258[0m   |
+--------------------------------+------------------------+
[Epoch 13/20] done in 180.1s
20:38:32 | INFO  | checkpoint_~|   Checking for non PyTorch modules to save
20:38:32 | INFO  | atomic_chec~| [atomic_save] → /data1/likun-share/junjxu/.cache_stable-pretraining/runs/20260716/195520/fa542ae4e5f1/checkpoints/epoch=13-step=4326.ckpt
20:38:33 | INFO  | atomic_chec~| [atomic_save] ✓ epoch=13-step=4326.ckpt saved (392.2 MiB, serialise=0.61s write=0.48s rename=0.1ms)
20:38:33 | INFO  | checkpoint_~|   Checking for non PyTorch modules to save
20:38:33 | INFO  | atomic_chec~| [atomic_save] → /data1/likun-share/junjxu/.cache_stable-pretraining/runs/20260716/195520/fa542ae4e5f1/checkpoints/last.ckpt
20:38:34 | INFO  | atomic_chec~| [atomic_save] ✓ last.ckpt saved (392.2 MiB, serialise=0.59s write=0.51s rename=47.6ms)
[Epoch 14/20] step 50/309 (1.9 it/s)
[Epoch 14/20] step 100/309 (1.9 it/s)
[Epoch 14/20] step 150/309 (1.9 it/s)
[Epoch 14/20] step 200/309 (2.0 it/s)
[Epoch 14/20] step 250/309 (2.0 it/s)
[Epoch 14/20] step 300/309 (2.0 it/s)
20:41:28 | INFO  | trainer_inf~| \n+--------------------------------+-----------------------+
|             Metric             |         Value         |
+--------------------------------+-----------------------+
|            [0;34;40mfit/loss[0m            |  [0;32;40m0.28135862946510315[0m  |
|         [0;34;40mfit/pred_loss[0m          |  [0;32;40m0.05666014179587364[0m  |
|        [0;34;40mfit/sigreg_loss[0m         |        [0;32;40m2.03125[0m        |
|      [0;34;40mfit/structured_loss[0m       |  [0;32;40m0.04208130016922951[0m  |
|      [0;34;40mhardware/cpu_percent[0m      |          [0;32;40m43.0[0m         |
|    [0;34;40mhardware/disk_read_mb_s[0m     |          [0;32;40m0.0[0m          |
|    [0;34;40mhardware/disk_write_mb_s[0m    |   [0;32;40m75.58502197265625[0m   |
|     [0;34;40mhardware/net_recv_mb_s[0m     |   [0;32;40m0.3846489191055298[0m  |
|     [0;34;40mhardware/net_sent_mb_s[0m     |  [0;32;40m0.07687423378229141[0m  |
|      [0;34;40mhardware/ram_used_gb[0m      |   [0;32;40m223.54408264160156[0m  |
|     [0;34;40mhardware/ram_used_pct[0m      |   [0;32;40m22.200000762939453[0m  |
|      [0;34;40mhparams/lr_default_0[0m      | [0;32;40m7.461279892595485e-06[0m |
|         [0;34;40mvalidate/loss[0m          |  [0;32;40m0.31878966093063354[0m  |
|      [0;34;40mvalidate/loss_epoch[0m       |  [0;32;40m0.31878966093063354[0m  |
|       [0;34;40mvalidate/pred_loss[0m       |   [0;32;40m0.0572192445397377[0m  |
|    [0;34;40mvalidate/pred_loss_epoch[0m    |   [0;32;40m0.0572192445397377[0m  |
|      [0;34;40mvalidate/sigreg_loss[0m      |   [0;32;40m2.5881969928741455[0m  |
|   [0;34;40mvalidate/sigreg_loss_epoch[0m   |   [0;32;40m2.5881969928741455[0m  |
|    [0;34;40mvalidate/structured_loss[0m    |  [0;32;40m0.028700847178697586[0m |
| [0;34;40mvalidate/structured_loss_epoch[0m |  [0;32;40m0.028700847178697586[0m |
+--------------------------------+-----------------------+
[Epoch 14/20] done in 174.5s
20:41:29 | INFO  | checkpoint_~|   Checking for non PyTorch modules to save
20:41:29 | INFO  | atomic_chec~| [atomic_save] → /data1/likun-share/junjxu/.cache_stable-pretraining/runs/20260716/195520/fa542ae4e5f1/checkpoints/epoch=14-step=4635.ckpt
20:41:30 | INFO  | atomic_chec~| [atomic_save] ✓ epoch=14-step=4635.ckpt saved (392.2 MiB, serialise=0.64s write=0.62s rename=0.1ms)
20:41:30 | INFO  | checkpoint_~|   Checking for non PyTorch modules to save
20:41:30 | INFO  | atomic_chec~| [atomic_save] → /data1/likun-share/junjxu/.cache_stable-pretraining/runs/20260716/195520/fa542ae4e5f1/checkpoints/last.ckpt
20:41:31 | INFO  | atomic_chec~| [atomic_save] ✓ last.ckpt saved (392.2 MiB, serialise=0.62s write=0.55s rename=55.9ms)
[Epoch 15/20] step 50/309 (1.9 it/s)
[Epoch 15/20] step 100/309 (1.9 it/s)
[Epoch 15/20] step 150/309 (2.0 it/s)
[Epoch 15/20] step 200/309 (1.9 it/s)
[Epoch 15/20] step 250/309 (2.0 it/s)
[Epoch 15/20] step 300/309 (2.0 it/s)
20:44:26 | INFO  | trainer_inf~| \n+--------------------------------+-----------------------+
|             Metric             |         Value         |
+--------------------------------+-----------------------+
|            [0;34;40mfit/loss[0m            |   [0;32;40m0.2962694764137268[0m  |
|         [0;34;40mfit/pred_loss[0m          |   [0;32;40m0.0535484179854393[0m  |
|        [0;34;40mfit/sigreg_loss[0m         |         [0;32;40m2.125[0m         |
|      [0;34;40mfit/structured_loss[0m       |  [0;32;40m0.051314789801836014[0m |
|      [0;34;40mhardware/cpu_percent[0m      |   [0;32;40m43.29999923706055[0m   |
|    [0;34;40mhardware/disk_read_mb_s[0m     |  [0;32;40m0.001562147168442607[0m |
|    [0;34;40mhardware/disk_write_mb_s[0m    |   [0;32;40m79.20124816894531[0m   |
|     [0;34;40mhardware/net_recv_mb_s[0m     |   [0;32;40m0.499952495098114[0m   |
|     [0;34;40mhardware/net_sent_mb_s[0m     |  [0;32;40m0.11087516695261002[0m  |
|      [0;34;40mhardware/ram_used_gb[0m      |   [0;32;40m225.10313415527344[0m  |
|     [0;34;40mhardware/ram_used_pct[0m      |   [0;32;40m22.299999237060547[0m  |
|      [0;34;40mhparams/lr_default_0[0m      | [0;32;40m4.867013558396138e-06[0m |
|         [0;34;40mvalidate/loss[0m          |  [0;32;40m0.31749945878982544[0m  |
|      [0;34;40mvalidate/loss_epoch[0m       |  [0;32;40m0.31749945878982544[0m  |
|       [0;34;40mvalidate/pred_loss[0m       |  [0;32;40m0.05528876185417175[0m  |
|    [0;34;40mvalidate/pred_loss_epoch[0m    |  [0;32;40m0.05528876185417175[0m  |
|      [0;34;40mvalidate/sigreg_loss[0m      |   [0;32;40m2.5849783420562744[0m  |
|   [0;34;40mvalidate/sigreg_loss_epoch[0m   |   [0;32;40m2.5849783420562744[0m  |
|    [0;34;40mvalidate/structured_loss[0m    |  [0;32;40m0.029699793085455894[0m |
| [0;34;40mvalidate/structured_loss_epoch[0m |  [0;32;40m0.029699793085455894[0m |
+--------------------------------+-----------------------+
[Epoch 15/20] done in 175.3s
20:44:27 | INFO  | checkpoint_~|   Checking for non PyTorch modules to save
20:44:27 | INFO  | atomic_chec~| [atomic_save] → /data1/likun-share/junjxu/.cache_stable-pretraining/runs/20260716/195520/fa542ae4e5f1/checkpoints/epoch=15-step=4944.ckpt
20:44:28 | INFO  | atomic_chec~| [atomic_save] ✓ epoch=15-step=4944.ckpt saved (392.2 MiB, serialise=0.62s write=0.51s rename=0.1ms)
20:44:28 | INFO  | checkpoint_~|   Checking for non PyTorch modules to save
20:44:28 | INFO  | atomic_chec~| [atomic_save] → /data1/likun-share/junjxu/.cache_stable-pretraining/runs/20260716/195520/fa542ae4e5f1/checkpoints/last.ckpt
20:44:29 | INFO  | atomic_chec~| [atomic_save] ✓ last.ckpt saved (392.2 MiB, serialise=0.63s write=0.52s rename=53.3ms)
[Epoch 16/20] step 50/309 (1.9 it/s)
[Epoch 16/20] step 100/309 (1.9 it/s)
[Epoch 16/20] step 150/309 (2.0 it/s)
[Epoch 16/20] step 200/309 (2.0 it/s)
[Epoch 16/20] step 250/309 (1.9 it/s)
[Epoch 16/20] step 300/309 (2.0 it/s)
20:47:26 | INFO  | trainer_inf~| \n+--------------------------------+----------------------+
|             Metric             |        Value         |
+--------------------------------+----------------------+
|            [0;34;40mfit/loss[0m            |  [0;32;40m0.2784183621406555[0m  |
|         [0;34;40mfit/pred_loss[0m          | [0;32;40m0.05203130468726158[0m  |
|        [0;34;40mfit/sigreg_loss[0m         |        [0;32;40m2.0625[0m        |
|      [0;34;40mfit/structured_loss[0m       | [0;32;40m0.04084016755223274[0m  |
|      [0;34;40mhardware/cpu_percent[0m      |  [0;32;40m43.29999923706055[0m   |
|    [0;34;40mhardware/disk_read_mb_s[0m     | [0;32;40m0.006637916434556246[0m |
|    [0;34;40mhardware/disk_write_mb_s[0m    |  [0;32;40m19.616994857788086[0m  |
|     [0;34;40mhardware/net_recv_mb_s[0m     |  [0;32;40m0.1064939871430397[0m  |
|     [0;34;40mhardware/net_sent_mb_s[0m     | [0;32;40m0.18326644599437714[0m  |
|      [0;34;40mhardware/ram_used_gb[0m      |   [0;32;40m223.968505859375[0m   |
|     [0;34;40mhardware/ram_used_pct[0m      |  [0;32;40m22.200000762939453[0m  |
|      [0;34;40mhparams/lr_default_0[0m      | [0;32;40m2.77840081253089e-06[0m |
|         [0;34;40mvalidate/loss[0m          |  [0;32;40m0.3139606714248657[0m  |
|      [0;34;40mvalidate/loss_epoch[0m       |  [0;32;40m0.3139606714248657[0m  |
|       [0;34;40mvalidate/pred_loss[0m       |  [0;32;40m0.0542408786714077[0m  |
|    [0;34;40mvalidate/pred_loss_epoch[0m    |  [0;32;40m0.0542408786714077[0m  |
|      [0;34;40mvalidate/sigreg_loss[0m      |  [0;32;40m2.577911853790283[0m   |
|   [0;34;40mvalidate/sigreg_loss_epoch[0m   |  [0;32;40m2.577911853790283[0m   |
|    [0;34;40mvalidate/structured_loss[0m    | [0;32;40m0.027655692771077156[0m |
| [0;34;40mvalidate/structured_loss_epoch[0m | [0;32;40m0.027655692771077156[0m |
+--------------------------------+----------------------+
[Epoch 16/20] done in 177.7s
20:47:27 | INFO  | checkpoint_~|   Checking for non PyTorch modules to save
20:47:27 | INFO  | atomic_chec~| [atomic_save] → /data1/likun-share/junjxu/.cache_stable-pretraining/runs/20260716/195520/fa542ae4e5f1/checkpoints/epoch=16-step=5253.ckpt
20:47:28 | INFO  | atomic_chec~| [atomic_save] ✓ epoch=16-step=5253.ckpt saved (392.2 MiB, serialise=0.59s write=0.51s rename=0.1ms)
20:47:28 | INFO  | checkpoint_~|   Checking for non PyTorch modules to save
20:47:28 | INFO  | atomic_chec~| [atomic_save] → /data1/likun-share/junjxu/.cache_stable-pretraining/runs/20260716/195520/fa542ae4e5f1/checkpoints/last.ckpt
20:47:29 | INFO  | atomic_chec~| [atomic_save] ✓ last.ckpt saved (392.2 MiB, serialise=0.55s write=0.56s rename=58.2ms)
[Epoch 17/20] step 50/309 (1.8 it/s)
[Epoch 17/20] step 100/309 (1.9 it/s)
[Epoch 17/20] step 150/309 (1.9 it/s)
[Epoch 17/20] step 200/309 (1.9 it/s)
[Epoch 17/20] step 250/309 (1.9 it/s)
[Epoch 17/20] step 300/309 (1.9 it/s)
20:50:30 | INFO  | trainer_inf~| \n+--------------------------------+------------------------+
|             Metric             |         Value          |
+--------------------------------+------------------------+
|            [0;34;40mfit/loss[0m            |   [0;32;40m0.2940194010734558[0m   |
|         [0;34;40mfit/pred_loss[0m          |  [0;32;40m0.05542079731822014[0m   |
|        [0;34;40mfit/sigreg_loss[0m         |        [0;32;40m2.046875[0m        |
|      [0;34;40mfit/structured_loss[0m       |  [0;32;40m0.05402828007936478[0m   |
|      [0;34;40mhardware/cpu_percent[0m      |   [0;32;40m41.900001525878906[0m   |
|    [0;34;40mhardware/disk_read_mb_s[0m     |  [0;32;40m0.004295414313673973[0m  |
|    [0;34;40mhardware/disk_write_mb_s[0m    |   [0;32;40m79.23985290527344[0m    |
|     [0;34;40mhardware/net_recv_mb_s[0m     |  [0;32;40m0.37466728687286377[0m   |
|     [0;34;40mhardware/net_sent_mb_s[0m     |  [0;32;40m0.05707230791449547[0m   |
|      [0;34;40mhardware/ram_used_gb[0m      |   [0;32;40m224.65451049804688[0m   |
|     [0;34;40mhardware/ram_used_pct[0m      |   [0;32;40m22.299999237060547[0m   |
|      [0;34;40mhparams/lr_default_0[0m      | [0;32;40m1.2478984672270599e-06[0m |
|         [0;34;40mvalidate/loss[0m          |   [0;32;40m0.3137000799179077[0m   |
|      [0;34;40mvalidate/loss_epoch[0m       |   [0;32;40m0.3137000799179077[0m   |
|       [0;34;40mvalidate/pred_loss[0m       |  [0;32;40m0.05478591099381447[0m   |
|    [0;34;40mvalidate/pred_loss_epoch[0m    |  [0;32;40m0.05478591099381447[0m   |
|      [0;34;40mvalidate/sigreg_loss[0m      |   [0;32;40m2.565633535385132[0m    |
|   [0;34;40mvalidate/sigreg_loss_epoch[0m   |   [0;32;40m2.565633535385132[0m    |
|    [0;34;40mvalidate/structured_loss[0m    |  [0;32;40m0.027901632711291313[0m  |
| [0;34;40mvalidate/structured_loss_epoch[0m |  [0;32;40m0.027901632711291313[0m  |
+--------------------------------+------------------------+
[Epoch 17/20] done in 181.4s
20:50:31 | INFO  | checkpoint_~|   Checking for non PyTorch modules to save
20:50:31 | INFO  | atomic_chec~| [atomic_save] → /data1/likun-share/junjxu/.cache_stable-pretraining/runs/20260716/195520/fa542ae4e5f1/checkpoints/epoch=17-step=5562.ckpt
20:50:32 | INFO  | atomic_chec~| [atomic_save] ✓ epoch=17-step=5562.ckpt saved (392.2 MiB, serialise=0.49s write=0.57s rename=0.1ms)
20:50:32 | INFO  | checkpoint_~|   Checking for non PyTorch modules to save
20:50:32 | INFO  | atomic_chec~| [atomic_save] → /data1/likun-share/junjxu/.cache_stable-pretraining/runs/20260716/195520/fa542ae4e5f1/checkpoints/last.ckpt
20:50:33 | INFO  | atomic_chec~| [atomic_save] ✓ last.ckpt saved (392.2 MiB, serialise=0.50s write=0.53s rename=57.7ms)
[Epoch 18/20] step 50/309 (1.8 it/s)
[Epoch 18/20] step 100/309 (1.9 it/s)
[Epoch 18/20] step 150/309 (1.9 it/s)
[Epoch 18/20] step 200/309 (1.9 it/s)
[Epoch 18/20] step 250/309 (1.9 it/s)
[Epoch 18/20] step 300/309 (1.9 it/s)
20:53:33 | INFO  | trainer_inf~| \n+--------------------------------+-----------------------+
|             Metric             |         Value         |
+--------------------------------+-----------------------+
|            [0;34;40mfit/loss[0m            |   [0;32;40m0.2684966027736664[0m  |
|         [0;34;40mfit/pred_loss[0m          |  [0;32;40m0.05298789590597153[0m  |
|        [0;34;40mfit/sigreg_loss[0m         |         [0;32;40m2.0625[0m        |
|      [0;34;40mfit/structured_loss[0m       |  [0;32;40m0.029961811378598213[0m |
|      [0;34;40mhardware/cpu_percent[0m      |   [0;32;40m42.900001525878906[0m  |
|    [0;34;40mhardware/disk_read_mb_s[0m     | [0;32;40m0.0007810679962858558[0m |
|    [0;34;40mhardware/disk_write_mb_s[0m    |   [0;32;40m40.49798583984375[0m   |
|     [0;34;40mhardware/net_recv_mb_s[0m     |   [0;32;40m1.3068809509277344[0m  |
|     [0;34;40mhardware/net_sent_mb_s[0m     |   [0;32;40m0.4489027261734009[0m  |
|      [0;34;40mhardware/ram_used_gb[0m      |   [0;32;40m226.42727661132812[0m  |
|     [0;34;40mhardware/ram_used_pct[0m      |          [0;32;40m22.5[0m         |
|      [0;34;40mhparams/lr_default_0[0m      | [0;32;40m3.139458613077295e-07[0m |
|         [0;34;40mvalidate/loss[0m          |  [0;32;40m0.31248825788497925[0m  |
|      [0;34;40mvalidate/loss_epoch[0m       |  [0;32;40m0.31248825788497925[0m  |
|       [0;34;40mvalidate/pred_loss[0m       |  [0;32;40m0.05489509180188179[0m  |
|    [0;34;40mvalidate/pred_loss_epoch[0m    |  [0;32;40m0.05489509180188179[0m  |
|      [0;34;40mvalidate/sigreg_loss[0m      |   [0;32;40m2.552037239074707[0m   |
|   [0;34;40mvalidate/sigreg_loss_epoch[0m   |   [0;32;40m2.552037239074707[0m   |
|    [0;34;40mvalidate/structured_loss[0m    |  [0;32;40m0.02789539285004139[0m  |
| [0;34;40mvalidate/structured_loss_epoch[0m |  [0;32;40m0.02789539285004139[0m  |
+--------------------------------+-----------------------+
[Epoch 18/20] done in 180.2s
20:53:33 | INFO  | checkpoint_~|   Checking for non PyTorch modules to save
20:53:33 | INFO  | atomic_chec~| [atomic_save] → /data1/likun-share/junjxu/.cache_stable-pretraining/runs/20260716/195520/fa542ae4e5f1/checkpoints/epoch=18-step=5871.ckpt
20:53:34 | INFO  | atomic_chec~| [atomic_save] ✓ epoch=18-step=5871.ckpt saved (392.2 MiB, serialise=0.52s write=0.53s rename=0.1ms)
20:53:34 | INFO  | checkpoint_~|   Checking for non PyTorch modules to save
20:53:34 | INFO  | atomic_chec~| [atomic_save] → /data1/likun-share/junjxu/.cache_stable-pretraining/runs/20260716/195520/fa542ae4e5f1/checkpoints/last.ckpt
20:53:35 | INFO  | atomic_chec~| [atomic_save] ✓ last.ckpt saved (392.2 MiB, serialise=0.50s write=0.54s rename=54.4ms)
[Epoch 19/20] step 50/309 (1.8 it/s)
[Epoch 19/20] step 100/309 (1.9 it/s)
[Epoch 19/20] step 150/309 (1.9 it/s)
