09:12:30 | INFO  | __init__.py | PyTorch version 2.9.1+cu128 available.
09:12:30 | INFO  | __init__.py | JAX version 0.6.2 available.
09:12:34 | INFO  | atomic_chec~| [atomic_save] installed crash-safe checkpoint plugin (write to sibling .tmp + fsync + atomic rename)
[2026-07-16 09:12:34,267][root][INFO] - Cached 'action' from '/data1/likun-share/junjxu/.stable_worldmodel/datasets/phyworld_uniform_motion_id1k.h5'
[2026-07-16 09:12:34,268][root][INFO] - Cached 'proprio' from '/data1/likun-share/junjxu/.stable_worldmodel/datasets/phyworld_uniform_motion_id1k.h5'
Loading weights:   0%|          | 0/223 [00:00<?, ?it/s]Loading weights: 100%|██████████| 223/223 [00:00<00:00, 11893.06it/s]
[encoder_type=dinov2] frozen DINOv2 backbone from /data1/likun-share/junjxu/.stable_worldmodel/hf_dinov2_small (hidden=384)
[freeze_encoder] froze 223 encoder param tensors (encoder kept at init)
09:12:34 | INFO  | module.py   | Setting up DataModule
09:12:34 | INFO  | utils.py    | ── Module ────────────────────────────────────────
09:12:34 | WARN  | module.py   | ! No hyperparameters provided - hyperparameter logging is disabled.
09:12:34 | INFO  | module.py   |   Setting custom forward method.
09:12:34 | INFO  | module.py   |   Setting attribute: self.model = <class 'jepa.JEPA'>
09:12:34 | INFO  | module.py   |   Setting attribute: self.sigreg = <class 'module.SIGReg'>
09:12:34 | INFO  | module.py   |   Setting attribute: self.optim = <class 'dict'>
09:12:34 | INFO  | module.py   |   No metrics configuration provided - automatic metric tracking is disabled.
/home/likun-share/junjxu/wm/le-wm/.venv/lib/python3.10/site-packages/lightning/fabric/connector.py:571: `precision=bf16` is supported for historical reasons but its usage is discouraged. Please set your precision to bf16-mixed instead!
Using bfloat16 Automatic Mixed Precision (AMP)
09:12:34 | INFO  | env_info.py |   EnvironmentDumpCallback initialized (filename=environment.json, async=True)
09:12:34 | INFO  | utils.py    | ── HuggingFaceCheckpoint ─────────────────────────
09:12:34 | INFO  | hf_models.py|   save_dir: <cyan>hf_exports</cyan>
09:12:34 | INFO  | hf_models.py|   per_step: <cyan>False</cyan>  (False ⇒ overwrite single 'last/' subdir; True ⇒ keep step_N/)
Adding 14 callbacks from entry point 'stablepretraining_callbacks': PrintProgressBar, ModuleRegistryCallback, LoggingCallback, EnvironmentDumpCallback, TrainerInfo, SklearnCheckpoint, WandbCheckpoint, TrackioCheckpoint, SwanLabCheckpoint, ModuleSummary, SLURMInfo, LogUnusedParametersOnce, HuggingFaceCheckpointCallback, HardwareMonitor
GPU available: True (cuda), used: True
TPU available: False, using: 0 TPU cores
💡 Tip: For seamless cloud logging and experiment tracking, try installing [litlogger](https://pypi.org/project/litlogger/) to enable LitLogger, which logs metrics and artifacts automatically to the Lightning Experiments platform.
09:12:34 | INFO  | utils.py    | ── SIGTERM preempt handler — install ─────────────
09:12:34 | INFO  | manager.py  |   SLURM_JOB_ID         = None
09:12:34 | INFO  | manager.py  |   SLURM_RESTART_COUNT  = '0'
09:12:34 | INFO  | manager.py  |   SLURM_PROCID         = '?'
09:12:34 | INFO  | manager.py  |   SLURM_NODEID         = '?'
09:12:34 | INFO  | manager.py  |   → not under SLURM (SLURM_JOB_ID unset); leaving SIGTERM handler as-is. Forwarding to submitit's USR signal would be a no-op since submitit isn't running upstream.
09:12:34 | WARN  | manager.py  | User didn't specify seed, runs won't be exactly reproducible!
09:12:34 | INFO  | manager.py  |   Manager init: ckpt_path=None, weights_only=True
09:12:34 | INFO  | utils.py    | ── WorkingDirectory ──────────────────────────────
09:12:34 | INFO  | manager.py  |   cwd: /home/likun-share/junjxu/wm/le-wm
09:12:34 | INFO  | utils.py    | ── Seed ──────────────────────────────────────────
09:12:34 | INFO  | manager.py  |   seed: None
/home/likun-share/junjxu/wm/le-wm/.venv/lib/python3.10/site-packages/lightning/fabric/utilities/seed.py:44: No seed found, seed set to 0
Seed set to 0
09:12:34 | INFO  | utils.py    | ── RunDirectory ──────────────────────────────────
09:12:34 | INFO  | manager.py  |   cache_dir = /data1/likun-share/junjxu/.cache_stable-pretraining
09:12:34 | INFO  | manager.py  |   ddp: launch_key=(single-process) rank=0 is_rank_zero=True
09:12:34 | INFO  | utils.py    | ── RunDirectory: requeue probe ───────────────────
09:12:34 | INFO  | manager.py  |   SLURM session key   = (no SLURM)
09:12:34 | INFO  | manager.py  |   SLURM_RESTART_COUNT = 0
09:12:34 | INFO  | manager.py  |   in_requeue          = False
09:12:34 | INFO  | utils.py    | ── RunDirectory: fresh ───────────────────────────
09:12:34 | INFO  | manager.py  |   no user ckpt_path — training from scratch / pretrained backbone.
09:12:34 | INFO  | manager.py  |   created run_dir = /data1/likun-share/junjxu/.cache_stable-pretraining/runs/20260716/091234/c9e92c6de3de
09:12:34 | INFO  | manager.py  |   wrote run_meta.json with run_id=c9e92c6de3de
09:12:34 | INFO  | manager.py  |   SLURM index = (no SLURM, skipped)
09:12:34 | WARN  | manager.py  | ! cache_dir is set but the Trainer was passed as an already-instantiated object. Cannot override default_root_dir cleanly. Consider passing the trainer as a config dict instead.
09:12:34 | WARN  | manager.py  | ! Hydra run.dir='outputs/2026-07-16/09-12-34' will be ignored for trainer outputs (cache_dir takes precedence).
09:12:34 | WARN  | manager.py  | ! Hydra sweep.dir='multirun/2026-07-16/09-12-34' will be ignored for trainer outputs (cache_dir takes precedence).
09:12:34 | INFO  | logger.py   | [RegistryLogger] run_id=c9e92c6de3de run_dir=/data1/likun-share/junjxu/.cache_stable-pretraining/runs/20260716/091234/c9e92c6de3de — sidecar.json + summary.json + metrics.csv will live here
09:12:34 | INFO  | utils.py    | ── RegistryLogger ────────────────────────────────
09:12:34 | INFO  | manager.py  |   run_dir: /data1/likun-share/junjxu/.cache_stable-pretraining/runs/20260716/091234/c9e92c6de3de
09:12:34 | INFO  | manager.py  |   run_id:  c9e92c6de3de
09:12:34 | INFO  | utils.py    | ── CSVLogger ─────────────────────────────────────
09:12:34 | INFO  | manager.py  |   root_dir: /data1/likun-share/junjxu/.cache_stable-pretraining/runs/20260716/091234/c9e92c6de3de/
09:12:34 | INFO  | manager.py  |   save_dir: /data1/likun-share/junjxu/.cache_stable-pretraining/runs/20260716/091234/c9e92c6de3de
09:12:34 | INFO  | manager.py  |   log_dir: /data1/likun-share/junjxu/.cache_stable-pretraining/runs/20260716/091234/c9e92c6de3de/
09:12:34 | INFO  | utils.py    | ── SignalHandlers (after submitit setup (spt SIGTERM installed in __init__)) ──
09:12:34 | INFO  | manager.py  |   SIGUSR1  → SIG_IGN (ignored)
09:12:34 | INFO  | manager.py  |   SIGUSR2  → SIG_IGN (ignored)
09:12:34 | INFO  | manager.py  |   SIGCONT  → SIG_DFL (default OS action — terminate process)
09:12:34 | INFO  | manager.py  |   SIGTERM  → SIG_DFL (default OS action — terminate process)
09:12:34 | INFO  | utils.py    | ── Callbacks ─────────────────────────────────────
09:12:34 | INFO  | manager.py  |   count: 19
09:12:34 | INFO  | utils.py    | ── CacheDirCheckpointing ─────────────────────────
09:12:34 | INFO  | manager.py  |   Saving checkpoints to: /data1/likun-share/junjxu/.cache_stable-pretraining/runs/20260716/091234/c9e92c6de3de/checkpoints
09:12:34 | WARN  | manager.py  |   Redirecting HuggingFaceCheckpointCallback from 'hf_exports' to '/data1/likun-share/junjxu/.cache_stable-pretraining/runs/20260716/091234/c9e92c6de3de/hf_exports' (cache_dir is active — prevents races on a shared cache)
09:12:34 | INFO  | manager.py  |   Added requeue checkpoint (filename='last')
09:12:34 | INFO  | utils.py    | ── LoadPath resolution ───────────────────────────
09:12:34 | INFO  | manager.py  |   in_requeue = False
09:12:34 | INFO  | manager.py  |   user ckpt_path = None
09:12:34 | INFO  | manager.py  |   user weights_only = True
09:12:34 | INFO  | manager.py  |   → no ckpt_path; training from scratch.
09:12:34 | INFO  | utils.py    | ── TrainerFit ────────────────────────────────────
09:12:34 | INFO  | manager.py  |   ckpt_path:     None
09:12:34 | INFO  | manager.py  |   weights_only:  None
09:12:34 | INFO  | utils.py    | ── SignalHandlers (before Trainer.fit() (handler installed in __init__)) ──
09:12:34 | INFO  | manager.py  |   SIGUSR1  → SIG_IGN (ignored)
09:12:34 | INFO  | manager.py  |   SIGUSR2  → SIG_IGN (ignored)
09:12:34 | INFO  | manager.py  |   SIGCONT  → SIG_DFL (default OS action — terminate process)
09:12:34 | INFO  | manager.py  |   SIGTERM  → SIG_DFL (default OS action — terminate process)
09:12:34 | INFO  | manager.py  |   → entering Trainer.fit(); lightning's _SignalConnector will now register its own handlers. SIGTERM will become _HandlersCompose([_sigterm_notifier_fn, _sigterm_handler_fn, spt._handler]); USR-sig binding from submitit is preserved (lightning skips USR registration when one already exists).
💡 Tip: For seamless cloud uploads and versioning, try installing [litmodels](https://pypi.org/project/litmodels/) to enable LitModelCheckpoint, which syncs automatically with the Lightning model registry.
You are using a CUDA device ('NVIDIA A800-SXM4-80GB') that has Tensor Cores. To properly utilize them, you should set `torch.set_float32_matmul_precision('medium' | 'high')` which will trade-off precision for performance. For more details, read https://pytorch.org/docs/stable/generated/torch.set_float32_matmul_precision.html#torch.set_float32_matmul_precision
09:12:35 | OK    | module.py   | ✓ dataset for fit loaded
09:12:35 | INFO  | module.py   |   setup was done by user
09:12:35 | INFO  | utils.py    | ── EnvironmentDump ───────────────────────────────
09:12:35 | INFO  | env_info.py |   log_dir: /home/likun-share/.cache/stable-pretraining
09:12:35 | INFO  | env_info.py |   Running environment dump in background thread (non-blocking)
09:12:35 | INFO  | env_info.py |   Collecting environment information...
09:12:35 | OK    | env_info.py | ✓ Background thread started successfully
09:12:35 | OK    | env_info.py | ✓ Python 3.10.12
09:12:35 | INFO  | trainer_inf~|   linking trainer to DataModule
09:12:35 | OK    | env_info.py | ✓ System: Linux 5.15.0-113-generic (x86_64)
09:12:35 | INFO  | utils.py    | ── Callbacks (in order) ──────────────────────────
09:12:35 | INFO  | env_info.py |   Hostname: 10-116-90-13
09:12:35 | INFO  | utils.py    |     [ 0] ModelObjectCallBack
09:12:35 | INFO  | utils.py    |     [ 1] RichProgressBar
09:12:35 | INFO  | utils.py    |     [ 2] RichModelSummary
09:12:35 | INFO  | utils.py    |     [ 3] PrintProgressBar
09:12:35 | INFO  | utils.py    |     [ 4] ModuleRegistryCallback
09:12:35 | INFO  | utils.py    |     [ 5] LoggingCallback
09:12:35 | INFO  | utils.py    |     [ 6] EnvironmentDumpCallback
09:12:35 | INFO  | utils.py    |     [ 7] TrainerInfo
09:12:35 | INFO  | utils.py    |     [ 8] SklearnCheckpoint
09:12:35 | INFO  | utils.py    |     [ 9] WandbCheckpoint
09:12:35 | INFO  | utils.py    |     [10] TrackioCheckpoint
09:12:35 | INFO  | utils.py    |     [11] SwanLabCheckpoint
09:12:35 | INFO  | utils.py    |     [12] ModuleSummary
09:12:35 | INFO  | utils.py    |     [13] SLURMInfo
09:12:35 | INFO  | utils.py    |     [14] LogUnusedParametersOnce
09:12:35 | INFO  | utils.py    |     [15] HuggingFaceCheckpointCallback
09:12:35 | INFO  | utils.py    |     [16] HardwareMonitor
09:12:35 | INFO  | utils.py    |     [17] ModelCheckpoint
09:12:35 | INFO  | utils.py    |     [18] _RunDirCallback
09:12:35 | INFO  | utils.py    |     [19] ModelCheckpoint
09:12:35 | INFO  | utils.py    |   ⚑ marks order-sensitive callbacks; see AGENTS.md → Callback ordering for the full rules.
09:12:35 | INFO  | utils.py    | ── SklearnCheckpoint ─────────────────────────────
09:12:35 | INFO  | checkpoint_~|   Sklearn Modules:
09:12:35 | INFO  | checkpoint_~| 
┏━━━━━━━━━━┳━━━━━━━━┳━━━━━━━━┓
┃ Module   ┃ Name   ┃ Type   ┃
┣━━━━━━━━━━╋━━━━━━━━╋━━━━━━━━┫
┗━━━━━━━━━━┻━━━━━━━━┻━━━━━━━━┛
09:12:35 | INFO  | utils.py    | ── WandbCheckpoint ───────────────────────────────
09:12:35 | INFO  | utils.py    | ── TrackioCheckpoint ─────────────────────────────
09:12:35 | INFO  | utils.py    | ── SwanLabCheckpoint ─────────────────────────────
09:12:35 | INFO  | utils.py    | ── PyTorch Modules ───────────────────────────────
09:12:35 | WARN  | module.py   | ! You are calling self.parameters which also gives callbacks parameters, to remove them, pass `with_callbacks=False`
09:12:35 | INFO  | trainer_inf~| \n+----------------------------------------------------------+----------------------+--------------------------+--------------------------+---------+
| Module                                                   | Trainable parameters | Non Trainable parameters | Uninitialized parameters | Buffers |
+----------------------------------------------------------+----------------------+--------------------------+--------------------------+---------+
|                                                          |             26900768 |                 22056576 |                        0 |    8245 |
| callbacks_modules                                        |                    0 |                        0 |                        0 |       0 |
| callbacks_metrics                                        |                    0 |                        0 |                        0 |       0 |
| model                                                    |             26900768 |                 22056576 |                        0 |    8194 |
| model.encoder                                            |                    0 |                 22056576 |                        0 |       0 |
| model.encoder.embeddings                                 |                    0 |                   753024 |                        0 |       0 |
| model.encoder.embeddings.patch_embeddings                |                    0 |                   226176 |                        0 |       0 |
| model.encoder.embeddings.patch_embeddings.projection     |                    0 |                   226176 |                        0 |       0 |
| model.encoder.embeddings.dropout                         |                    0 |                        0 |                        0 |       0 |
| model.encoder.encoder                                    |                    0 |                 21302784 |                        0 |       0 |
| model.encoder.encoder.layer                              |                    0 |                 21302784 |                        0 |       0 |
| model.encoder.encoder.layer.0                            |                    0 |                  1775232 |                        0 |       0 |
| model.encoder.encoder.layer.0.norm1                      |                    0 |                      768 |                        0 |       0 |
| model.encoder.encoder.layer.0.attention                  |                    0 |                   591360 |                        0 |       0 |
| model.encoder.encoder.layer.0.attention.attention        |                    0 |                   443520 |                        0 |       0 |
| model.encoder.encoder.layer.0.attention.attention.query  |                    0 |                   147840 |                        0 |       0 |
| model.encoder.encoder.layer.0.attention.attention.key    |                    0 |                   147840 |                        0 |       0 |
| model.encoder.encoder.layer.0.attention.attention.value  |                    0 |                   147840 |                        0 |       0 |
| model.encoder.encoder.layer.0.attention.output           |                    0 |                   147840 |                        0 |       0 |
| model.encoder.encoder.layer.0.attention.output.dense     |                    0 |                   147840 |                        0 |       0 |
| model.encoder.encoder.layer.0.attention.output.dropout   |                    0 |                        0 |                        0 |       0 |
| model.encoder.encoder.layer.0.layer_scale1               |                    0 |                      384 |                        0 |       0 |
| model.encoder.encoder.layer.0.drop_path                  |                    0 |                        0 |                        0 |       0 |
| model.encoder.encoder.layer.0.norm2                      |                    0 |                      768 |                        0 |       0 |
| model.encoder.encoder.layer.0.mlp                        |                    0 |                  1181568 |                        0 |       0 |
| model.encoder.encoder.layer.0.mlp.fc1                    |                    0 |                   591360 |                        0 |       0 |
| model.encoder.encoder.layer.0.mlp.activation             |                    0 |                        0 |                        0 |       0 |
| model.encoder.encoder.layer.0.mlp.fc2                    |                    0 |                   590208 |                        0 |       0 |
| model.encoder.encoder.layer.0.layer_scale2               |                    0 |                      384 |                        0 |       0 |
| model.encoder.encoder.layer.1                            |                    0 |                  1775232 |                        0 |       0 |
| model.encoder.encoder.layer.1.norm1                      |                    0 |                      768 |                        0 |       0 |
| model.encoder.encoder.layer.1.attention                  |                    0 |                   591360 |                        0 |       0 |
| model.encoder.encoder.layer.1.attention.attention        |                    0 |                   443520 |                        0 |       0 |
| model.encoder.encoder.layer.1.attention.attention.query  |                    0 |                   147840 |                        0 |       0 |
| model.encoder.encoder.layer.1.attention.attention.key    |                    0 |                   147840 |                        0 |       0 |
| model.encoder.encoder.layer.1.attention.attention.value  |                    0 |                   147840 |                        0 |       0 |
| model.encoder.encoder.layer.1.attention.output           |                    0 |                   147840 |                        0 |       0 |
| model.encoder.encoder.layer.1.attention.output.dense     |                    0 |                   147840 |                        0 |       0 |
| model.encoder.encoder.layer.1.attention.output.dropout   |                    0 |                        0 |                        0 |       0 |
| model.encoder.encoder.layer.1.layer_scale1               |                    0 |                      384 |                        0 |       0 |
| model.encoder.encoder.layer.1.drop_path                  |                    0 |                        0 |                        0 |       0 |
| model.encoder.encoder.layer.1.norm2                      |                    0 |                      768 |                        0 |       0 |
| model.encoder.encoder.layer.1.mlp                        |                    0 |                  1181568 |                        0 |       0 |
| model.encoder.encoder.layer.1.mlp.fc1                    |                    0 |                   591360 |                        0 |       0 |
| model.encoder.encoder.layer.1.mlp.activation             |                    0 |                        0 |                        0 |       0 |
| model.encoder.encoder.layer.1.mlp.fc2                    |                    0 |                   590208 |                        0 |       0 |
| model.encoder.encoder.layer.1.layer_scale2               |                    0 |                      384 |                        0 |       0 |
| model.encoder.encoder.layer.2                            |                    0 |                  1775232 |                        0 |       0 |
| model.encoder.encoder.layer.2.norm1                      |                    0 |                      768 |                        0 |       0 |
| model.encoder.encoder.layer.2.attention                  |                    0 |                   591360 |                        0 |       0 |
| model.encoder.encoder.layer.2.attention.attention        |                    0 |                   443520 |                        0 |       0 |
| model.encoder.encoder.layer.2.attention.attention.query  |                    0 |                   147840 |                        0 |       0 |
| model.encoder.encoder.layer.2.attention.attention.key    |                    0 |                   147840 |                        0 |       0 |
| model.encoder.encoder.layer.2.attention.attention.value  |                    0 |                   147840 |                        0 |       0 |
| model.encoder.encoder.layer.2.attention.output           |                    0 |                   147840 |                        0 |       0 |
| model.encoder.encoder.layer.2.attention.output.dense     |                    0 |                   147840 |                        0 |       0 |
| model.encoder.encoder.layer.2.attention.output.dropout   |                    0 |                        0 |                        0 |       0 |
| model.encoder.encoder.layer.2.layer_scale1               |                    0 |                      384 |                        0 |       0 |
| model.encoder.encoder.layer.2.drop_path                  |                    0 |                        0 |                        0 |       0 |
| model.encoder.encoder.layer.2.norm2                      |                    0 |                      768 |                        0 |       0 |
| model.encoder.encoder.layer.2.mlp                        |                    0 |                  1181568 |                        0 |       0 |
| model.encoder.encoder.layer.2.mlp.fc1                    |                    0 |                   591360 |                        0 |       0 |
| model.encoder.encoder.layer.2.mlp.activation             |                    0 |                        0 |                        0 |       0 |
| model.encoder.encoder.layer.2.mlp.fc2                    |                    0 |                   590208 |                        0 |       0 |
| model.encoder.encoder.layer.2.layer_scale2               |                    0 |                      384 |                        0 |       0 |
| model.encoder.encoder.layer.3                            |                    0 |                  1775232 |                        0 |       0 |
| model.encoder.encoder.layer.3.norm1                      |                    0 |                      768 |                        0 |       0 |
| model.encoder.encoder.layer.3.attention                  |                    0 |                   591360 |                        0 |       0 |
| model.encoder.encoder.layer.3.attention.attention        |                    0 |                   443520 |                        0 |       0 |
| model.encoder.encoder.layer.3.attention.attention.query  |                    0 |                   147840 |                        0 |       0 |
| model.encoder.encoder.layer.3.attention.attention.key    |                    0 |                   147840 |                        0 |       0 |
| model.encoder.encoder.layer.3.attention.attention.value  |                    0 |                   147840 |                        0 |       0 |
| model.encoder.encoder.layer.3.attention.output           |                    0 |                   147840 |                        0 |       0 |
| model.encoder.encoder.layer.3.attention.output.dense     |                    0 |                   147840 |                        0 |       0 |
| model.encoder.encoder.layer.3.attention.output.dropout   |                    0 |                        0 |                        0 |       0 |
| model.encoder.encoder.layer.3.layer_scale1               |                    0 |                      384 |                        0 |       0 |
| model.encoder.encoder.layer.3.drop_path                  |                    0 |                        0 |                        0 |       0 |
| model.encoder.encoder.layer.3.norm2                      |                    0 |                      768 |                        0 |       0 |
| model.encoder.encoder.layer.3.mlp                        |                    0 |                  1181568 |                        0 |       0 |
| model.encoder.encoder.layer.3.mlp.fc1                    |                    0 |                   591360 |                        0 |       0 |
| model.encoder.encoder.layer.3.mlp.activation             |                    0 |                        0 |                        0 |       0 |
| model.encoder.encoder.layer.3.mlp.fc2                    |                    0 |                   590208 |                        0 |       0 |
| model.encoder.encoder.layer.3.layer_scale2               |                    0 |                      384 |                        0 |       0 |
| model.encoder.encoder.layer.4                            |                    0 |                  1775232 |                        0 |       0 |
| model.encoder.encoder.layer.4.norm1                      |                    0 |                      768 |                        0 |       0 |
| model.encoder.encoder.layer.4.attention                  |                    0 |                   591360 |                        0 |       0 |
| model.encoder.encoder.layer.4.attention.attention        |                    0 |                   443520 |                        0 |       0 |
| model.encoder.encoder.layer.4.attention.attention.query  |                    0 |                   147840 |                        0 |       0 |
| model.encoder.encoder.layer.4.attention.attention.key    |                    0 |                   147840 |                        0 |       0 |
| model.encoder.encoder.layer.4.attention.attention.value  |                    0 |                   147840 |                        0 |       0 |
| model.encoder.encoder.layer.4.attention.output           |                    0 |                   147840 |                        0 |       0 |
| model.encoder.encoder.layer.4.attention.output.dense     |                    0 |                   147840 |                        0 |       0 |
| model.encoder.encoder.layer.4.attention.output.dropout   |                    0 |                        0 |                        0 |       0 |
| model.encoder.encoder.layer.4.layer_scale1               |                    0 |                      384 |                        0 |       0 |
| model.encoder.encoder.layer.4.drop_path                  |                    0 |                        0 |                        0 |       0 |
| model.encoder.encoder.layer.4.norm2                      |                    0 |                      768 |                        0 |       0 |
| model.encoder.encoder.layer.4.mlp                        |                    0 |                  1181568 |                        0 |       0 |
| model.encoder.encoder.layer.4.mlp.fc1                    |                    0 |                   591360 |                        0 |       0 |
| model.encoder.encoder.layer.4.mlp.activation             |                    0 |                        0 |                        0 |       0 |
| model.encoder.encoder.layer.4.mlp.fc2                    |                    0 |                   590208 |                        0 |       0 |
| model.encoder.encoder.layer.4.layer_scale2               |                    0 |                      384 |                        0 |       0 |
| model.encoder.encoder.layer.5                            |                    0 |                  1775232 |                        0 |       0 |
| model.encoder.encoder.layer.5.norm1                      |                    0 |                      768 |                        0 |       0 |
| model.encoder.encoder.layer.5.attention                  |                    0 |                   591360 |                        0 |       0 |
| model.encoder.encoder.layer.5.attention.attention        |                    0 |                   443520 |                        0 |       0 |
| model.encoder.encoder.layer.5.attention.attention.query  |                    0 |                   147840 |                        0 |       0 |
| model.encoder.encoder.layer.5.attention.attention.key    |                    0 |                   147840 |                        0 |       0 |
| model.encoder.encoder.layer.5.attention.attention.value  |                    0 |                   147840 |                        0 |       0 |
| model.encoder.encoder.layer.5.attention.output           |                    0 |                   147840 |                        0 |       0 |
| model.encoder.encoder.layer.5.attention.output.dense     |                    0 |                   147840 |                        0 |       0 |
| model.encoder.encoder.layer.5.attention.output.dropout   |                    0 |                        0 |                        0 |       0 |
| model.encoder.encoder.layer.5.layer_scale1               |                    0 |                      384 |                        0 |       0 |
| model.encoder.encoder.layer.5.drop_path                  |                    0 |                        0 |                        0 |       0 |
| model.encoder.encoder.layer.5.norm2                      |                    0 |                      768 |                        0 |       0 |
| model.encoder.encoder.layer.5.mlp                        |                    0 |                  1181568 |                        0 |       0 |
| model.encoder.encoder.layer.5.mlp.fc1                    |                    0 |                   591360 |                        0 |       0 |
| model.encoder.encoder.layer.5.mlp.activation             |                    0 |                        0 |                        0 |       0 |
| model.encoder.encoder.layer.5.mlp.fc2                    |                    0 |                   590208 |                        0 |       0 |
| model.encoder.encoder.layer.5.layer_scale2               |                    0 |                      384 |                        0 |       0 |
| model.encoder.encoder.layer.6                            |                    0 |                  1775232 |                        0 |       0 |
| model.encoder.encoder.layer.6.norm1                      |                    0 |                      768 |                        0 |       0 |
| model.encoder.encoder.layer.6.attention                  |                    0 |                   591360 |                        0 |       0 |
| model.encoder.encoder.layer.6.attention.attention        |                    0 |                   443520 |                        0 |       0 |
| model.encoder.encoder.layer.6.attention.attention.query  |                    0 |                   147840 |                        0 |       0 |
| model.encoder.encoder.layer.6.attention.attention.key    |                    0 |                   147840 |                        0 |       0 |
| model.encoder.encoder.layer.6.attention.attention.value  |                    0 |                   147840 |                        0 |       0 |
| model.encoder.encoder.layer.6.attention.output           |                    0 |                   147840 |                        0 |       0 |
| model.encoder.encoder.layer.6.attention.output.dense     |                    0 |                   147840 |                        0 |       0 |
| model.encoder.encoder.layer.6.attention.output.dropout   |                    0 |                        0 |                        0 |       0 |
| model.encoder.encoder.layer.6.layer_scale1               |                    0 |                      384 |                        0 |       0 |
| model.encoder.encoder.layer.6.drop_path                  |                    0 |                        0 |                        0 |       0 |
| model.encoder.encoder.layer.6.norm2                      |                    0 |                      768 |                        0 |       0 |
| model.encoder.encoder.layer.6.mlp                        |                    0 |                  1181568 |                        0 |       0 |
| model.encoder.encoder.layer.6.mlp.fc1                    |                    0 |                   591360 |                        0 |       0 |
| model.encoder.encoder.layer.6.mlp.activation             |                    0 |                        0 |                        0 |       0 |
| model.encoder.encoder.layer.6.mlp.fc2                    |                    0 |                   590208 |                        0 |       0 |
| model.encoder.encoder.layer.6.layer_scale2               |                    0 |                      384 |                        0 |       0 |
| model.encoder.encoder.layer.7                            |                    0 |                  1775232 |                        0 |       0 |
| model.encoder.encoder.layer.7.norm1                      |                    0 |                      768 |                        0 |       0 |
| model.encoder.encoder.layer.7.attention                  |                    0 |                   591360 |                        0 |       0 |
| model.encoder.encoder.layer.7.attention.attention        |                    0 |                   443520 |                        0 |       0 |
| model.encoder.encoder.layer.7.attention.attention.query  |                    0 |                   147840 |                        0 |       0 |
| model.encoder.encoder.layer.7.attention.attention.key    |                    0 |                   147840 |                        0 |       0 |
| model.encoder.encoder.layer.7.attention.attention.value  |                    0 |                   147840 |                        0 |       0 |
| model.encoder.encoder.layer.7.attention.output           |                    0 |                   147840 |                        0 |       0 |
| model.encoder.encoder.layer.7.attention.output.dense     |                    0 |                   147840 |                        0 |       0 |
| model.encoder.encoder.layer.7.attention.output.dropout   |                    0 |                        0 |                        0 |       0 |
| model.encoder.encoder.layer.7.layer_scale1               |                    0 |                      384 |                        0 |       0 |
| model.encoder.encoder.layer.7.drop_path                  |                    0 |                        0 |                        0 |       0 |
| model.encoder.encoder.layer.7.norm2                      |                    0 |                      768 |                        0 |       0 |
| model.encoder.encoder.layer.7.mlp                        |                    0 |                  1181568 |                        0 |       0 |
| model.encoder.encoder.layer.7.mlp.fc1                    |                    0 |                   591360 |                        0 |       0 |
| model.encoder.encoder.layer.7.mlp.activation             |                    0 |                        0 |                        0 |       0 |
| model.encoder.encoder.layer.7.mlp.fc2                    |                    0 |                   590208 |                        0 |       0 |
| model.encoder.encoder.layer.7.layer_scale2               |                    0 |                      384 |                        0 |       0 |
| model.encoder.encoder.layer.8                            |                    0 |                  1775232 |                        0 |       0 |
| model.encoder.encoder.layer.8.norm1                      |                    0 |                      768 |                        0 |       0 |
| model.encoder.encoder.layer.8.attention                  |                    0 |                   591360 |                        0 |       0 |
| model.encoder.encoder.layer.8.attention.attention        |                    0 |                   443520 |                        0 |       0 |
| model.encoder.encoder.layer.8.attention.attention.query  |                    0 |                   147840 |                        0 |       0 |
| model.encoder.encoder.layer.8.attention.attention.key    |                    0 |                   147840 |                        0 |       0 |
| model.encoder.encoder.layer.8.attention.attention.value  |                    0 |                   147840 |                        0 |       0 |
| model.encoder.encoder.layer.8.attention.output           |                    0 |                   147840 |                        0 |       0 |
| model.encoder.encoder.layer.8.attention.output.dense     |                    0 |                   147840 |                        0 |       0 |
| model.encoder.encoder.layer.8.attention.output.dropout   |                    0 |                        0 |                        0 |       0 |
| model.encoder.encoder.layer.8.layer_scale1               |                    0 |                      384 |                        0 |       0 |
| model.encoder.encoder.layer.8.drop_path                  |                    0 |                        0 |                        0 |       0 |
| model.encoder.encoder.layer.8.norm2                      |                    0 |                      768 |                        0 |       0 |
| model.encoder.encoder.layer.8.mlp                        |                    0 |                  1181568 |                        0 |       0 |
| model.encoder.encoder.layer.8.mlp.fc1                    |                    0 |                   591360 |                        0 |       0 |
| model.encoder.encoder.layer.8.mlp.activation             |                    0 |                        0 |                        0 |       0 |
| model.encoder.encoder.layer.8.mlp.fc2                    |                    0 |                   590208 |                        0 |       0 |
| model.encoder.encoder.layer.8.layer_scale2               |                    0 |                      384 |                        0 |       0 |
| model.encoder.encoder.layer.9                            |                    0 |                  1775232 |                        0 |       0 |
| model.encoder.encoder.layer.9.norm1                      |                    0 |                      768 |                        0 |       0 |
| model.encoder.encoder.layer.9.attention                  |                    0 |                   591360 |                        0 |       0 |
| model.encoder.encoder.layer.9.attention.attention        |                    0 |                   443520 |                        0 |       0 |
| model.encoder.encoder.layer.9.attention.attention.query  |                    0 |                   147840 |                        0 |       0 |
| model.encoder.encoder.layer.9.attention.attention.key    |                    0 |                   147840 |                        0 |       0 |
| model.encoder.encoder.layer.9.attention.attention.value  |                    0 |                   147840 |                        0 |       0 |
| model.encoder.encoder.layer.9.attention.output           |                    0 |                   147840 |                        0 |       0 |
| model.encoder.encoder.layer.9.attention.output.dense     |                    0 |                   147840 |                        0 |       0 |
| model.encoder.encoder.layer.9.attention.output.dropout   |                    0 |                        0 |                        0 |       0 |
| model.encoder.encoder.layer.9.layer_scale1               |                    0 |                      384 |                        0 |       0 |
| model.encoder.encoder.layer.9.drop_path                  |                    0 |                        0 |                        0 |       0 |
| model.encoder.encoder.layer.9.norm2                      |                    0 |                      768 |                        0 |       0 |
| model.encoder.encoder.layer.9.mlp                        |                    0 |                  1181568 |                        0 |       0 |
| model.encoder.encoder.layer.9.mlp.fc1                    |                    0 |                   591360 |                        0 |       0 |
| model.encoder.encoder.layer.9.mlp.activation             |                    0 |                        0 |                        0 |       0 |
| model.encoder.encoder.layer.9.mlp.fc2                    |                    0 |                   590208 |                        0 |       0 |
| model.encoder.encoder.layer.9.layer_scale2               |                    0 |                      384 |                        0 |       0 |
| model.encoder.encoder.layer.10                           |                    0 |                  1775232 |                        0 |       0 |
| model.encoder.encoder.layer.10.norm1                     |                    0 |                      768 |                        0 |       0 |
| model.encoder.encoder.layer.10.attention                 |                    0 |                   591360 |                        0 |       0 |
| model.encoder.encoder.layer.10.attention.attention       |                    0 |                   443520 |                        0 |       0 |
| model.encoder.encoder.layer.10.attention.attention.query |                    0 |                   147840 |                        0 |       0 |
| model.encoder.encoder.layer.10.attention.attention.key   |                    0 |                   147840 |                        0 |       0 |
| model.encoder.encoder.layer.10.attention.attention.value |                    0 |                   147840 |                        0 |       0 |
| model.encoder.encoder.layer.10.attention.output          |                    0 |                   147840 |                        0 |       0 |
| model.encoder.encoder.layer.10.attention.output.dense    |                    0 |                   147840 |                        0 |       0 |
| model.encoder.encoder.layer.10.attention.output.dropout  |                    0 |                        0 |                        0 |       0 |
| model.encoder.encoder.layer.10.layer_scale1              |                    0 |                      384 |                        0 |       0 |
| model.encoder.encoder.layer.10.drop_path                 |                    0 |                        0 |                        0 |       0 |
| model.encoder.encoder.layer.10.norm2                     |                    0 |                      768 |                        0 |       0 |
| model.encoder.encoder.layer.10.mlp                       |                    0 |                  1181568 |                        0 |       0 |
| model.encoder.encoder.layer.10.mlp.fc1                   |                    0 |                   591360 |                        0 |       0 |
| model.encoder.encoder.layer.10.mlp.activation            |                    0 |                        0 |                        0 |       0 |
| model.encoder.encoder.layer.10.mlp.fc2                   |                    0 |                   590208 |                        0 |       0 |
| model.encoder.encoder.layer.10.layer_scale2              |                    0 |                      384 |                        0 |       0 |
| model.encoder.encoder.layer.11                           |                    0 |                  1775232 |                        0 |       0 |
| model.encoder.encoder.layer.11.norm1                     |                    0 |                      768 |                        0 |       0 |
| model.encoder.encoder.layer.11.attention                 |                    0 |                   591360 |                        0 |       0 |
| model.encoder.encoder.layer.11.attention.attention       |                    0 |                   443520 |                        0 |       0 |
| model.encoder.encoder.layer.11.attention.attention.query |                    0 |                   147840 |                        0 |       0 |
| model.encoder.encoder.layer.11.attention.attention.key   |                    0 |                   147840 |                        0 |       0 |
| model.encoder.encoder.layer.11.attention.attention.value |                    0 |                   147840 |                        0 |       0 |
| model.encoder.encoder.layer.11.attention.output          |                    0 |                   147840 |                        0 |       0 |
| model.encoder.encoder.layer.11.attention.output.dense    |                    0 |                   147840 |                        0 |       0 |
| model.encoder.encoder.layer.11.attention.output.dropout  |                    0 |                        0 |                        0 |       0 |
| model.encoder.encoder.layer.11.layer_scale1              |                    0 |                      384 |                        0 |       0 |
| model.encoder.encoder.layer.11.drop_path                 |                    0 |                        0 |                        0 |       0 |
| model.encoder.encoder.layer.11.norm2                     |                    0 |                      768 |                        0 |       0 |
| model.encoder.encoder.layer.11.mlp                       |                    0 |                  1181568 |                        0 |       0 |
| model.encoder.encoder.layer.11.mlp.fc1                   |                    0 |                   591360 |                        0 |       0 |
| model.encoder.encoder.layer.11.mlp.activation            |                    0 |                        0 |                        0 |       0 |
| model.encoder.encoder.layer.11.mlp.fc2                   |                    0 |                   590208 |                        0 |       0 |
| model.encoder.encoder.layer.11.layer_scale2              |                    0 |                      384 |                        0 |       0 |
| model.encoder.layernorm                                  |                    0 |                      768 |                        0 |       0 |
| model.predictor                                          |             24372288 |                        0 |                        0 |       0 |
| model.predictor.dropout                                  |                    0 |                        0 |                        0 |       0 |
| model.predictor.transformer                              |             24371712 |                        0 |                        0 |       0 |
| model.predictor.transformer.norm                         |                  768 |                        0 |                        0 |       0 |
| model.predictor.transformer.layers                       |             24222720 |                        0 |                        0 |       0 |
| model.predictor.transformer.layers.0                     |              4037120 |                        0 |                        0 |       0 |
| model.predictor.transformer.layers.0.attn                |              1574016 |                        0 |                        0 |       0 |
| model.predictor.transformer.layers.0.attn.norm           |                  768 |                        0 |                        0 |       0 |
| model.predictor.transformer.layers.0.attn.attend         |                    0 |                        0 |                        0 |       0 |
| model.predictor.transformer.layers.0.attn.to_qkv         |              1179648 |                        0 |                        0 |       0 |
| model.predictor.transformer.layers.0.attn.to_out         |               393600 |                        0 |                        0 |       0 |
| model.predictor.transformer.layers.0.attn.to_out.0       |               393600 |                        0 |                        0 |       0 |
| model.predictor.transformer.layers.0.attn.to_out.1       |                    0 |                        0 |                        0 |       0 |
| model.predictor.transformer.layers.0.mlp                 |              1576064 |                        0 |                        0 |       0 |
| model.predictor.transformer.layers.0.mlp.net             |              1576064 |                        0 |                        0 |       0 |
| model.predictor.transformer.layers.0.mlp.net.0           |                  768 |                        0 |                        0 |       0 |
| model.predictor.transformer.layers.0.mlp.net.1           |               788480 |                        0 |                        0 |       0 |
| model.predictor.transformer.layers.0.mlp.net.2           |                    0 |                        0 |                        0 |       0 |
| model.predictor.transformer.layers.0.mlp.net.3           |                    0 |                        0 |                        0 |       0 |
| model.predictor.transformer.layers.0.mlp.net.4           |               786816 |                        0 |                        0 |       0 |
| model.predictor.transformer.layers.0.mlp.net.5           |                    0 |                        0 |                        0 |       0 |
| model.predictor.transformer.layers.0.norm1               |                    0 |                        0 |                        0 |       0 |
| model.predictor.transformer.layers.0.norm2               |                    0 |                        0 |                        0 |       0 |
| model.predictor.transformer.layers.0.adaLN_modulation    |               887040 |                        0 |                        0 |       0 |
| model.predictor.transformer.layers.0.adaLN_modulation.0  |                    0 |                        0 |                        0 |       0 |
| model.predictor.transformer.layers.0.adaLN_modulation.1  |               887040 |                        0 |                        0 |       0 |
| model.predictor.transformer.layers.1                     |              4037120 |                        0 |                        0 |       0 |
| model.predictor.transformer.layers.1.attn                |              1574016 |                        0 |                        0 |       0 |
| model.predictor.transformer.layers.1.attn.norm           |                  768 |                        0 |                        0 |       0 |
| model.predictor.transformer.layers.1.attn.attend         |                    0 |                        0 |                        0 |       0 |
| model.predictor.transformer.layers.1.attn.to_qkv         |              1179648 |                        0 |                        0 |       0 |
| model.predictor.transformer.layers.1.attn.to_out         |               393600 |                        0 |                        0 |       0 |
| model.predictor.transformer.layers.1.attn.to_out.0       |               393600 |                        0 |                        0 |       0 |
| model.predictor.transformer.layers.1.attn.to_out.1       |                    0 |                        0 |                        0 |       0 |
| model.predictor.transformer.layers.1.mlp                 |              1576064 |                        0 |                        0 |       0 |
| model.predictor.transformer.layers.1.mlp.net             |              1576064 |                        0 |                        0 |       0 |
| model.predictor.transformer.layers.1.mlp.net.0           |                  768 |                        0 |                        0 |       0 |
| model.predictor.transformer.layers.1.mlp.net.1           |               788480 |                        0 |                        0 |       0 |
| model.predictor.transformer.layers.1.mlp.net.2           |                    0 |                        0 |                        0 |       0 |
| model.predictor.transformer.layers.1.mlp.net.3           |                    0 |                        0 |                        0 |       0 |
| model.predictor.transformer.layers.1.mlp.net.4           |               786816 |                        0 |                        0 |       0 |
| model.predictor.transformer.layers.1.mlp.net.5           |                    0 |                        0 |                        0 |       0 |
| model.predictor.transformer.layers.1.norm1               |                    0 |                        0 |                        0 |       0 |
| model.predictor.transformer.layers.1.norm2               |                    0 |                        0 |                        0 |       0 |
| model.predictor.transformer.layers.1.adaLN_modulation    |               887040 |                        0 |                        0 |       0 |
| model.predictor.transformer.layers.1.adaLN_modulation.0  |                    0 |                        0 |                        0 |       0 |
| model.predictor.transformer.layers.1.adaLN_modulation.1  |               887040 |                        0 |                        0 |       0 |
| model.predictor.transformer.layers.2                     |              4037120 |                        0 |                        0 |       0 |
| model.predictor.transformer.layers.2.attn                |              1574016 |                        0 |                        0 |       0 |
| model.predictor.transformer.layers.2.attn.norm           |                  768 |                        0 |                        0 |       0 |
| model.predictor.transformer.layers.2.attn.attend         |                    0 |                        0 |                        0 |       0 |
| model.predictor.transformer.layers.2.attn.to_qkv         |              1179648 |                        0 |                        0 |       0 |
| model.predictor.transformer.layers.2.attn.to_out         |               393600 |                        0 |                        0 |       0 |
| model.predictor.transformer.layers.2.attn.to_out.0       |               393600 |                        0 |                        0 |       0 |
| model.predictor.transformer.layers.2.attn.to_out.1       |                    0 |                        0 |                        0 |       0 |
| model.predictor.transformer.layers.2.mlp                 |              1576064 |                        0 |                        0 |       0 |
| model.predictor.transformer.layers.2.mlp.net             |              1576064 |                        0 |                        0 |       0 |
| model.predictor.transformer.layers.2.mlp.net.0           |                  768 |                        0 |                        0 |       0 |
| model.predictor.transformer.layers.2.mlp.net.1           |               788480 |                        0 |                        0 |       0 |
| model.predictor.transformer.layers.2.mlp.net.2           |                    0 |                        0 |                        0 |       0 |
| model.predictor.transformer.layers.2.mlp.net.3           |                    0 |                        0 |                        0 |       0 |
| model.predictor.transformer.layers.2.mlp.net.4           |               786816 |                        0 |                        0 |       0 |
| model.predictor.transformer.layers.2.mlp.net.5           |                    0 |                        0 |                        0 |       0 |
| model.predictor.transformer.layers.2.norm1               |                    0 |                        0 |                        0 |       0 |
| model.predictor.transformer.layers.2.norm2               |                    0 |                        0 |                        0 |       0 |
| model.predictor.transformer.layers.2.adaLN_modulation    |               887040 |                        0 |                        0 |       0 |
| model.predictor.transformer.layers.2.adaLN_modulation.0  |                    0 |                        0 |                        0 |       0 |
| model.predictor.transformer.layers.2.adaLN_modulation.1  |               887040 |                        0 |                        0 |       0 |
| model.predictor.transformer.layers.3                     |              4037120 |                        0 |                        0 |       0 |
| model.predictor.transformer.layers.3.attn                |              1574016 |                        0 |                        0 |       0 |
| model.predictor.transformer.layers.3.attn.norm           |                  768 |                        0 |                        0 |       0 |
| model.predictor.transformer.layers.3.attn.attend         |                    0 |                        0 |                        0 |       0 |
| model.predictor.transformer.layers.3.attn.to_qkv         |              1179648 |                        0 |                        0 |       0 |
| model.predictor.transformer.layers.3.attn.to_out         |               393600 |                        0 |                        0 |       0 |
| model.predictor.transformer.layers.3.attn.to_out.0       |               393600 |                        0 |                        0 |       0 |
| model.predictor.transformer.layers.3.attn.to_out.1       |                    0 |                        0 |                        0 |       0 |
| model.predictor.transformer.layers.3.mlp                 |              1576064 |                        0 |                        0 |       0 |
| model.predictor.transformer.layers.3.mlp.net             |              1576064 |                        0 |                        0 |       0 |
| model.predictor.transformer.layers.3.mlp.net.0           |                  768 |                        0 |                        0 |       0 |
| model.predictor.transformer.layers.3.mlp.net.1           |               788480 |                        0 |                        0 |       0 |
| model.predictor.transformer.layers.3.mlp.net.2           |                    0 |                        0 |                        0 |       0 |
| model.predictor.transformer.layers.3.mlp.net.3           |                    0 |                        0 |                        0 |       0 |
| model.predictor.transformer.layers.3.mlp.net.4           |               786816 |                        0 |                        0 |       0 |
| model.predictor.transformer.layers.3.mlp.net.5           |                    0 |                        0 |                        0 |       0 |
| model.predictor.transformer.layers.3.norm1               |                    0 |                        0 |                        0 |       0 |
| model.predictor.transformer.layers.3.norm2               |                    0 |                        0 |                        0 |       0 |
| model.predictor.transformer.layers.3.adaLN_modulation    |               887040 |                        0 |                        0 |       0 |
| model.predictor.transformer.layers.3.adaLN_modulation.0  |                    0 |                        0 |                        0 |       0 |
| model.predictor.transformer.layers.3.adaLN_modulation.1  |               887040 |                        0 |                        0 |       0 |
| model.predictor.transformer.layers.4                     |              4037120 |                        0 |                        0 |       0 |
| model.predictor.transformer.layers.4.attn                |              1574016 |                        0 |                        0 |       0 |
| model.predictor.transformer.layers.4.attn.norm           |                  768 |                        0 |                        0 |       0 |
| model.predictor.transformer.layers.4.attn.attend         |                    0 |                        0 |                        0 |       0 |
| model.predictor.transformer.layers.4.attn.to_qkv         |              1179648 |                        0 |                        0 |       0 |
| model.predictor.transformer.layers.4.attn.to_out         |               393600 |                        0 |                        0 |       0 |
| model.predictor.transformer.layers.4.attn.to_out.0       |               393600 |                        0 |                        0 |       0 |
| model.predictor.transformer.layers.4.attn.to_out.1       |                    0 |                        0 |                        0 |       0 |
| model.predictor.transformer.layers.4.mlp                 |              1576064 |                        0 |                        0 |       0 |
| model.predictor.transformer.layers.4.mlp.net             |              1576064 |                        0 |                        0 |       0 |
| model.predictor.transformer.layers.4.mlp.net.0           |                  768 |                        0 |                        0 |       0 |
| model.predictor.transformer.layers.4.mlp.net.1           |               788480 |                        0 |                        0 |       0 |
| model.predictor.transformer.layers.4.mlp.net.2           |                    0 |                        0 |                        0 |       0 |
| model.predictor.transformer.layers.4.mlp.net.3           |                    0 |                        0 |                        0 |       0 |
| model.predictor.transformer.layers.4.mlp.net.4           |               786816 |                        0 |                        0 |       0 |
| model.predictor.transformer.layers.4.mlp.net.5           |                    0 |                        0 |                        0 |       0 |
| model.predictor.transformer.layers.4.norm1               |                    0 |                        0 |                        0 |       0 |
| model.predictor.transformer.layers.4.norm2               |                    0 |                        0 |                        0 |       0 |
| model.predictor.transformer.layers.4.adaLN_modulation    |               887040 |                        0 |                        0 |       0 |
| model.predictor.transformer.layers.4.adaLN_modulation.0  |                    0 |                        0 |                        0 |       0 |
| model.predictor.transformer.layers.4.adaLN_modulation.1  |               887040 |                        0 |                        0 |       0 |
| model.predictor.transformer.layers.5                     |              4037120 |                        0 |                        0 |       0 |
| model.predictor.transformer.layers.5.attn                |              1574016 |                        0 |                        0 |       0 |
| model.predictor.transformer.layers.5.attn.norm           |                  768 |                        0 |                        0 |       0 |
| model.predictor.transformer.layers.5.attn.attend         |                    0 |                        0 |                        0 |       0 |
| model.predictor.transformer.layers.5.attn.to_qkv         |              1179648 |                        0 |                        0 |       0 |
| model.predictor.transformer.layers.5.attn.to_out         |               393600 |                        0 |                        0 |       0 |
| model.predictor.transformer.layers.5.attn.to_out.0       |               393600 |                        0 |                        0 |       0 |
| model.predictor.transformer.layers.5.attn.to_out.1       |                    0 |                        0 |                        0 |       0 |
| model.predictor.transformer.layers.5.mlp                 |              1576064 |                        0 |                        0 |       0 |
| model.predictor.transformer.layers.5.mlp.net             |              1576064 |                        0 |                        0 |       0 |
| model.predictor.transformer.layers.5.mlp.net.0           |                  768 |                        0 |                        0 |       0 |
| model.predictor.transformer.layers.5.mlp.net.1           |               788480 |                        0 |                        0 |       0 |
| model.predictor.transformer.layers.5.mlp.net.2           |                    0 |                        0 |                        0 |       0 |
| model.predictor.transformer.layers.5.mlp.net.3           |                    0 |                        0 |                        0 |       0 |
| model.predictor.transformer.layers.5.mlp.net.4           |               786816 |                        0 |                        0 |       0 |
| model.predictor.transformer.layers.5.mlp.net.5           |                    0 |                        0 |                        0 |       0 |
| model.predictor.transformer.layers.5.norm1               |                    0 |                        0 |                        0 |       0 |
| model.predictor.transformer.layers.5.norm2               |                    0 |                        0 |                        0 |       0 |
| model.predictor.transformer.layers.5.adaLN_modulation    |               887040 |                        0 |                        0 |       0 |
| model.predictor.transformer.layers.5.adaLN_modulation.0  |                    0 |                        0 |                        0 |       0 |
| model.predictor.transformer.layers.5.adaLN_modulation.1  |               887040 |                        0 |                        0 |       0 |
| model.predictor.transformer.input_proj                   |                74112 |                        0 |                        0 |       0 |
| model.predictor.transformer.cond_proj                    |                74112 |                        0 |                        0 |       0 |
| model.predictor.transformer.output_proj                  |                    0 |                        0 |                        0 |       0 |
| model.action_encoder                                     |               156126 |                        0 |                        0 |       0 |
| model.action_encoder.patch_embed                         |                   30 |                        0 |                        0 |       0 |
| model.action_encoder.embed                               |               156096 |                        0 |                        0 |       0 |
| model.action_encoder.embed.0                             |                 8448 |                        0 |                        0 |       0 |
| model.action_encoder.embed.1                             |                    0 |                        0 |                        0 |       0 |
| model.action_encoder.embed.2                             |               147648 |                        0 |                        0 |       0 |
| model.projector                                          |              1185984 |                        0 |                        0 |    4097 |
| model.projector.net                                      |              1185984 |                        0 |                        0 |    4097 |
| model.projector.net.0                                    |               788480 |                        0 |                        0 |       0 |
| model.projector.net.1                                    |                 4096 |                        0 |                        0 |    4097 |
| model.projector.net.2                                    |                    0 |                        0 |                        0 |       0 |
| model.projector.net.3                                    |               393408 |                        0 |                        0 |       0 |
| model.pred_proj                                          |              1185984 |                        0 |                        0 |    4097 |
| model.pred_proj.net                                      |              1185984 |                        0 |                        0 |    4097 |
| model.pred_proj.net.0                                    |               788480 |                        0 |                        0 |       0 |
| model.pred_proj.net.1                                    |                 4096 |                        0 |                        0 |    4097 |
| model.pred_proj.net.2                                    |                    0 |                        0 |                        0 |       0 |
| model.pred_proj.net.3                                    |               393408 |                        0 |                        0 |       0 |
| model.probe_head                                         |                  386 |                        0 |                        0 |       0 |
| sigreg                                                   |                    0 |                        0 |                        0 |      51 |
+----------------------------------------------------------+----------------------+--------------------------+--------------------------+---------+
09:12:35 | INFO  | utils.py    | ── SLURM ─────────────────────────────────────────
09:12:35 | WARN  | env_info.py | ! pip freeze failed: Command '['/home/likun-share/junjxu/wm/le-wm/.venv/bin/python', '-m', 'pip', 'freeze']' returned non-zero exit status 1.
09:12:35 | INFO  | trainer_inf~|   Job ID: N/A
09:12:35 | OK    | env_info.py | ✓ Packages: 0 packages collected in 0.02s
09:12:35 | INFO  | trainer_inf~|   Task ID: N/A
09:12:35 | INFO  | trainer_inf~|   Job Name: N/A
09:12:35 | INFO  | trainer_inf~|   Nodes: N/A
09:12:35 | INFO  | trainer_inf~|   Tasks: N/A
09:12:35 | INFO  | trainer_inf~|   CPUs per node: N/A
09:12:35 | INFO  | trainer_inf~|   CPUs per task: N/A
09:12:35 | INFO  | trainer_inf~|   Memory per node: N/A
09:12:35 | INFO  | trainer_inf~|   Memory per CPU: N/A
09:12:35 | INFO  | trainer_inf~|   Time limit: N/A
09:12:35 | INFO  | trainer_inf~|   Partition: N/A
09:12:35 | INFO  | trainer_inf~|   Node List: N/A
09:12:35 | INFO  | trainer_inf~|   Submit Directory: N/A
09:12:35 | INFO  | utils.py    | ── HardwareMonitor ───────────────────────────────
09:12:35 | INFO  | hardware_mo~|   interval: 10.0s
09:12:35 | INFO  | hardware_mo~|   prefix:   'hardware/'
09:12:35 | INFO  | hardware_mo~|   metrics:  cpu=True ram=True disk=True net=True gpu=True
09:12:35 | INFO  | hardware_mo~|   per-rank: rank 0 only
LOCAL_RANK: 0 - CUDA_VISIBLE_DEVICES: [1]
09:12:35 | WARN  | hardware_mo~| HardwareMonitor: pynvml unavailable (ModuleNotFoundError("No module named 'pynvml'")); GPU metrics disabled.
09:12:35 | INFO  | utils.py    | ── Optimizers ────────────────────────────────────
09:12:35 | INFO  | module.py   |   Optimizer specified by Dict with keys ['model_opt']
09:12:35 | INFO  | module.py   | 
┏━━━━━━━━━━━━━┳━━━━━━━━━━━┳━━━━━━━━━━━━━━━━━━━┳━━━━━━━━━━━━━━━━━┳━━━━━━━━━━━━━━━━┳━━━━━━━━━━━━━━━━━━━━━━━━┓
┃ Optimizer   ┃ Pattern   ┃   Matched Modules ┃   Param Tensors ┃   Total Params ┃   RequiresGrad Tensors ┃
┣━━━━━━━━━━━━━╋━━━━━━━━━━━╋━━━━━━━━━━━━━━━━━━━╋━━━━━━━━━━━━━━━━━╋━━━━━━━━━━━━━━━━╋━━━━━━━━━━━━━━━━━━━━━━━━┫
┃ model_opt   ┃ model     ┃               378 ┃             328 ┃       48957344 ┃                    105 ┃
┗━━━━━━━━━━━━━┻━━━━━━━━━━━┻━━━━━━━━━━━━━━━━━━━┻━━━━━━━━━━━━━━━━━┻━━━━━━━━━━━━━━━━┻━━━━━━━━━━━━━━━━━━━━━━━━┛
09:12:35 | INFO  | lr_schedule~| 	User provided a dict
Loading `train_dataloader` to estimate number of stepping batches.
/home/likun-share/junjxu/wm/le-wm/.venv/lib/python3.10/site-packages/lance/__init__.py:320: UserWarning: lance is not fork-safe. If you are using multiprocessing, use spawn or forkserver instead.
  warnings.warn(
/usr/lib/python3.10/multiprocessing/popen_fork.py:66: RuntimeWarning: lancedb fork support is experimental: the internal async runtime has been reset in the forked child, but a small chance of deadlock remains if other state was mid-operation at fork time. The 'forkserver' or 'spawn' multiprocessing start method is likely a safer alternative.
  self.pid = os.fork()
/home/likun-share/junjxu/wm/le-wm/.venv/lib/python3.10/site-packages/lance/__init__.py:320: UserWarning: lance is not fork-safe. If you are using multiprocessing, use spawn or forkserver instead.
  warnings.warn(
/usr/lib/python3.10/multiprocessing/popen_fork.py:66: RuntimeWarning: lancedb fork support is experimental: the internal async runtime has been reset in the forked child, but a small chance of deadlock remains if other state was mid-operation at fork time. The 'forkserver' or 'spawn' multiprocessing start method is likely a safer alternative.
  self.pid = os.fork()
/usr/lib/python3.10/multiprocessing/popen_fork.py:66: RuntimeWarning: lancedb fork support is experimental: the internal async runtime has been reset in the forked child, but a small chance of deadlock remains if other state was mid-operation at fork time. The 'forkserver' or 'spawn' multiprocessing start method is likely a safer alternative.
  self.pid = os.fork()
/usr/lib/python3.10/multiprocessing/popen_fork.py:66: RuntimeWarning: lancedb fork support is experimental: the internal async runtime has been reset in the forked child, but a small chance of deadlock remains if other state was mid-operation at fork time. The 'forkserver' or 'spawn' multiprocessing start method is likely a safer alternative.
  self.pid = os.fork()
/usr/lib/python3.10/multiprocessing/popen_fork.py:66: RuntimeWarning: lancedb fork support is experimental: the internal async runtime has been reset in the forked child, but a small chance of deadlock remains if other state was mid-operation at fork time. The 'forkserver' or 'spawn' multiprocessing start method is likely a safer alternative.
  self.pid = os.fork()
/usr/lib/python3.10/multiprocessing/popen_fork.py:66: RuntimeWarning: lancedb fork support is experimental: the internal async runtime has been reset in the forked child, but a small chance of deadlock remains if other state was mid-operation at fork time. The 'forkserver' or 'spawn' multiprocessing start method is likely a safer alternative.
  self.pid = os.fork()
09:12:35 | INFO  | module.py   |   Configured optimizer 'model_opt' (modules=378, param_tensors=328, total_params=48957344) with LinearWarmupCosineAnnealingLR scheduler.
/home/likun-share/junjxu/wm/le-wm/.venv/lib/python3.10/site-packages/lightning/pytorch/utilities/model_summary/model_summary.py:242: Precision bf16-mixed is not supported by the model summary.  Estimated model size in MB will not be accurate. Using 32 bits instead.
┏━━━┳━━━━━━━━━━━━━━━━━━━┳━━━━━━━━━━━━┳━━━━━━━━┳━━━━━━━┳━━━━━━━┓
┃   ┃ Name              ┃ Type       ┃ Params ┃ Mode  ┃ FLOPs ┃
┡━━━╇━━━━━━━━━━━━━━━━━━━╇━━━━━━━━━━━━╇━━━━━━━━╇━━━━━━━╇━━━━━━━┩
│ 0 │ callbacks_modules │ ModuleDict │      0 │ train │     0 │
│ 1 │ callbacks_metrics │ ModuleDict │      0 │ train │     0 │
│ 2 │ model             │ JEPA       │ 49.0 M │ train │     0 │
│ 3 │ sigreg            │ SIGReg     │      0 │ train │     0 │
└───┴───────────────────┴────────────┴────────┴───────┴───────┘
Trainable params: 26.9 M                                                        
Non-trainable params: 22.1 M                                                    
Total params: 49.0 M                                                            
Total estimated model params size (MB): 195.829                                 
Modules in train mode: 157                                                      
Modules in eval mode: 224                                                       
Total FLOPs: 0                                                                  
09:12:35 | INFO  | logger.py   | [RegistryLogger] summary.json flushed (0 metrics, step=0, epoch=0) → /data1/likun-share/junjxu/.cache_stable-pretraining/runs/20260716/091234/c9e92c6de3de/summary.json
/usr/lib/python3.10/multiprocessing/popen_fork.py:66: RuntimeWarning: lancedb fork support is experimental: the internal async runtime has been reset in the forked child, but a small chance of deadlock remains if other state was mid-operation at fork time. The 'forkserver' or 'spawn' multiprocessing start method is likely a safer alternative.
  self.pid = os.fork()
/usr/lib/python3.10/multiprocessing/popen_fork.py:66: RuntimeWarning: lancedb fork support is experimental: the internal async runtime has been reset in the forked child, but a small chance of deadlock remains if other state was mid-operation at fork time. The 'forkserver' or 'spawn' multiprocessing start method is likely a safer alternative.
  self.pid = os.fork()
/usr/lib/python3.10/multiprocessing/popen_fork.py:66: RuntimeWarning: lancedb fork support is experimental: the internal async runtime has been reset in the forked child, but a small chance of deadlock remains if other state was mid-operation at fork time. The 'forkserver' or 'spawn' multiprocessing start method is likely a safer alternative.
  self.pid = os.fork()
/usr/lib/python3.10/multiprocessing/popen_fork.py:66: RuntimeWarning: lancedb fork support is experimental: the internal async runtime has been reset in the forked child, but a small chance of deadlock remains if other state was mid-operation at fork time. The 'forkserver' or 'spawn' multiprocessing start method is likely a safer alternative.
  self.pid = os.fork()
/usr/lib/python3.10/multiprocessing/popen_fork.py:66: RuntimeWarning: lancedb fork support is experimental: the internal async runtime has been reset in the forked child, but a small chance of deadlock remains if other state was mid-operation at fork time. The 'forkserver' or 'spawn' multiprocessing start method is likely a safer alternative.
  self.pid = os.fork()
/usr/lib/python3.10/multiprocessing/popen_fork.py:66: RuntimeWarning: lancedb fork support is experimental: the internal async runtime has been reset in the forked child, but a small chance of deadlock remains if other state was mid-operation at fork time. The 'forkserver' or 'spawn' multiprocessing start method is likely a safer alternative.
  self.pid = os.fork()
/home/likun-share/junjxu/wm/le-wm/.venv/lib/python3.10/site-packages/lightning/pytorch/utilities/data.py:79: Trying to infer the `batch_size` from an ambiguous collection. The batch size we found is 64. To avoid any miscalculations, use `self.log(..., batch_size=batch_size)`.
09:12:40 | INFO  | trainer_inf~| \n+--------------------------------+---------------------+
|             Metric             |        Value        |
+--------------------------------+---------------------+
|         [0;34;40mvalidate/loss[0m          |  [0;32;40m4.943275451660156[0m  |
|      [0;34;40mvalidate/loss_epoch[0m       |  [0;32;40m4.943275451660156[0m  |
|       [0;34;40mvalidate/pred_loss[0m       | [0;32;40m0.33863601088523865[0m |
|    [0;34;40mvalidate/pred_loss_epoch[0m    | [0;32;40m0.33863601088523865[0m |
|      [0;34;40mvalidate/sigreg_loss[0m      |        [0;32;40m38.75[0m        |
|   [0;34;40mvalidate/sigreg_loss_epoch[0m   |        [0;32;40m38.75[0m        |
|    [0;34;40mvalidate/structured_loss[0m    |  [0;32;40m1.1202645301818848[0m |
| [0;34;40mvalidate/structured_loss_epoch[0m |  [0;32;40m1.1202645301818848[0m |
+--------------------------------+---------------------+
/home/likun-share/junjxu/wm/le-wm/.venv/lib/python3.10/site-packages/lightning/pytorch/loops/fit_loop.py:538: Found 224 module(s) in eval mode at the start of training. This may lead to unexpected behavior during training. If this is intentional, you can ignore this warning.
09:12:40 | WARN  | hf_models.py| ! No Hugging Face (PreTrainedModel) submodules found in LightningModule.
09:12:40 | INFO  | utils.py    | ── Optimizers ────────────────────────────────────
09:12:40 | INFO  | module.py   |   self.optimizers() gave us 1 optimizers
09:12:40 | WARN  | module.py   | ! No clip val found for optimizer default_0
09:12:40 | WARN  | module.py   | ! Will use the Trainer's value of 1.0
09:12:40 | WARN  | module.py   | ! No clip algorithm found for optimizer default_0
09:12:40 | WARN  | module.py   | ! Will use the Trainer's value of None
09:12:40 | OK    | module.py   | ✓ Optimizer check complete:
+------------+-----------+----------------+-----------+-----------+
| Opt. Index | Opt. name |      opt       | clip val. | clip alg. |
+------------+-----------+----------------+-----------+-----------+
|     0      | default_0 | LightningAdamW |    1.0    |    None   |
+------------+-----------+----------------+-----------+-----------+
09:12:40 | INFO  | utils.py    | ── LogUnusedParametersOnce ───────────────────────
09:12:40 | INFO  | unused_para~|   registered hooks on 105 leaf parameters
09:12:42 | WARN  | unused_para~| ! the following parameters did NOT receive gradients on the first backward pass (potentially causing Lightning's 'unused parameters' error):
09:12:42 | WARN  | unused_para~|   model.probe_head.weight
09:12:42 | WARN  | unused_para~|   model.probe_head.bias
09:12:42 | INFO  | unused_para~|   hooks removed, callback disabled
[Epoch 0/20] step 50/309 (2.7 it/s)
[Epoch 0/20] step 100/309 (2.9 it/s)
[Epoch 0/20] step 150/309 (2.8 it/s)
[Epoch 0/20] step 200/309 (2.8 it/s)
[Epoch 0/20] step 250/309 (2.8 it/s)
[Epoch 0/20] step 300/309 (2.8 it/s)
/home/likun-share/junjxu/wm/le-wm/.venv/lib/python3.10/site-packages/lightning/pytorch/utilities/data.py:79: Trying to infer the `batch_size` from an ambiguous collection. The batch size we found is 23. To avoid any miscalculations, use `self.log(..., batch_size=batch_size)`.
09:14:46 | INFO  | trainer_inf~| \n+--------------------------------+-----------------------+
|             Metric             |         Value         |
+--------------------------------+-----------------------+
|            [0;34;40mfit/loss[0m            |   [0;32;40m0.5212675929069519[0m  |
|         [0;34;40mfit/pred_loss[0m          |  [0;32;40m0.14775818586349487[0m  |
|        [0;34;40mfit/sigreg_loss[0m         |        [0;32;40m3.96875[0m        |
|      [0;34;40mfit/structured_loss[0m       |  [0;32;40m0.016087552532553673[0m |
|      [0;34;40mhardware/cpu_percent[0m      |          [0;32;40m54.0[0m         |
|    [0;34;40mhardware/disk_read_mb_s[0m     |          [0;32;40m0.0[0m          |
|    [0;34;40mhardware/disk_write_mb_s[0m    |   [0;32;40m0.9472082257270813[0m  |
|     [0;34;40mhardware/net_recv_mb_s[0m     |  [0;32;40m0.20913513004779816[0m  |
|     [0;34;40mhardware/net_sent_mb_s[0m     |   [0;32;40m0.6045671105384827[0m  |
|      [0;34;40mhardware/ram_used_gb[0m      |   [0;32;40m243.99655151367188[0m  |
|     [0;34;40mhardware/ram_used_pct[0m      |   [0;32;40m24.200000762939453[0m  |
|      [0;34;40mhparams/lr_default_0[0m      | [0;32;40m4.979762161383405e-05[0m |
|         [0;34;40mvalidate/loss[0m          |   [0;32;40m0.6150243878364563[0m  |
|      [0;34;40mvalidate/loss_epoch[0m       |   [0;32;40m0.6150243878364563[0m  |
|       [0;34;40mvalidate/pred_loss[0m       |  [0;32;40m0.18290811777114868[0m  |
|    [0;34;40mvalidate/pred_loss_epoch[0m    |  [0;32;40m0.18290811777114868[0m  |
|      [0;34;40mvalidate/sigreg_loss[0m      |   [0;32;40m4.442288875579834[0m   |
|   [0;34;40mvalidate/sigreg_loss_epoch[0m   |   [0;32;40m4.442288875579834[0m   |
|    [0;34;40mvalidate/structured_loss[0m    |  [0;32;40m0.03240279108285904[0m  |
| [0;34;40mvalidate/structured_loss_epoch[0m |  [0;32;40m0.03240279108285904[0m  |
+--------------------------------+-----------------------+
[Epoch 0/20] done in 126.7s
09:14:47 | INFO  | checkpoint_~|   Checking for non PyTorch modules to save
09:14:47 | INFO  | atomic_chec~| [atomic_save] → /data1/likun-share/junjxu/.cache_stable-pretraining/runs/20260716/091234/c9e92c6de3de/checkpoints/epoch=0-step=309.ckpt
09:14:49 | INFO  | atomic_chec~| [atomic_save] ✓ epoch=0-step=309.ckpt saved (392.2 MiB, serialise=0.85s write=0.69s rename=0.2ms)
09:14:49 | INFO  | checkpoint_~|   Checking for non PyTorch modules to save
09:14:49 | INFO  | atomic_chec~| [atomic_save] → /data1/likun-share/junjxu/.cache_stable-pretraining/runs/20260716/091234/c9e92c6de3de/checkpoints/last.ckpt
09:14:50 | INFO  | atomic_chec~| [atomic_save] ✓ last.ckpt saved (392.2 MiB, serialise=0.79s write=0.65s rename=0.0ms)
[Epoch 1/20] step 50/309 (2.4 it/s)
[Epoch 1/20] step 100/309 (2.6 it/s)
[Epoch 1/20] step 150/309 (2.6 it/s)
[Epoch 1/20] step 200/309 (2.7 it/s)
[Epoch 1/20] step 250/309 (2.8 it/s)
[Epoch 1/20] step 300/309 (2.8 it/s)
09:16:52 | INFO  | trainer_inf~| \n+--------------------------------+-----------------------+
|             Metric             |         Value         |
+--------------------------------+-----------------------+
|            [0;34;40mfit/loss[0m            |   [0;32;40m0.4344000220298767[0m  |
|         [0;34;40mfit/pred_loss[0m          |  [0;32;40m0.13924741744995117[0m  |
|        [0;34;40mfit/sigreg_loss[0m         |        [0;32;40m3.140625[0m       |
|      [0;34;40mfit/structured_loss[0m       |  [0;32;40m0.01194948423653841[0m  |
|      [0;34;40mhardware/cpu_percent[0m      |   [0;32;40m46.400001525878906[0m  |
|    [0;34;40mhardware/disk_read_mb_s[0m     | [0;32;40m0.0007808873197063804[0m |
|    [0;34;40mhardware/disk_write_mb_s[0m    |   [0;32;40m80.55477142333984[0m   |
|     [0;34;40mhardware/net_recv_mb_s[0m     |  [0;32;40m0.029375260695815086[0m |
|     [0;34;40mhardware/net_sent_mb_s[0m     |  [0;32;40m0.029542649164795876[0m |
|      [0;34;40mhardware/ram_used_gb[0m      |   [0;32;40m244.28709411621094[0m  |
|     [0;34;40mhardware/ram_used_pct[0m      |   [0;32;40m24.299999237060547[0m  |
|      [0;34;40mhparams/lr_default_0[0m      | [0;32;40m4.898469342151657e-05[0m |
|         [0;34;40mvalidate/loss[0m          |  [0;32;40m0.46192044019699097[0m  |
|      [0;34;40mvalidate/loss_epoch[0m       |  [0;32;40m0.46192044019699097[0m  |
|       [0;34;40mvalidate/pred_loss[0m       |  [0;32;40m0.11310552060604095[0m  |
|    [0;34;40mvalidate/pred_loss_epoch[0m    |  [0;32;40m0.11310552060604095[0m  |
|      [0;34;40mvalidate/sigreg_loss[0m      |   [0;32;40m3.6905553340911865[0m  |
|   [0;34;40mvalidate/sigreg_loss_epoch[0m   |   [0;32;40m3.6905553340911865[0m  |
|    [0;34;40mvalidate/structured_loss[0m    |  [0;32;40m0.01653940975666046[0m  |
| [0;34;40mvalidate/structured_loss_epoch[0m |  [0;32;40m0.01653940975666046[0m  |
+--------------------------------+-----------------------+
[Epoch 1/20] done in 122.3s
09:16:52 | INFO  | checkpoint_~|   Checking for non PyTorch modules to save
09:16:52 | INFO  | atomic_chec~| [atomic_save] → /data1/likun-share/junjxu/.cache_stable-pretraining/runs/20260716/091234/c9e92c6de3de/checkpoints/epoch=1-step=618.ckpt
09:16:54 | INFO  | atomic_chec~| [atomic_save] ✓ epoch=1-step=618.ckpt saved (392.2 MiB, serialise=0.67s write=0.63s rename=0.1ms)
09:16:54 | INFO  | checkpoint_~|   Checking for non PyTorch modules to save
09:16:54 | INFO  | atomic_chec~| [atomic_save] → /data1/likun-share/junjxu/.cache_stable-pretraining/runs/20260716/091234/c9e92c6de3de/checkpoints/last.ckpt
09:16:55 | INFO  | atomic_chec~| [atomic_save] ✓ last.ckpt saved (392.2 MiB, serialise=0.69s write=0.70s rename=124.8ms)
[Epoch 2/20] step 50/309 (2.6 it/s)
[Epoch 2/20] step 100/309 (2.7 it/s)
[Epoch 2/20] step 150/309 (2.8 it/s)
[Epoch 2/20] step 200/309 (2.8 it/s)
[Epoch 2/20] step 250/309 (2.9 it/s)
[Epoch 2/20] step 300/309 (2.9 it/s)
09:18:55 | INFO  | trainer_inf~| \n+--------------------------------+-----------------------+
|             Metric             |         Value         |
+--------------------------------+-----------------------+
|            [0;34;40mfit/loss[0m            |  [0;32;40m0.42313578724861145[0m  |
|         [0;34;40mfit/pred_loss[0m          |  [0;32;40m0.11805599927902222[0m  |
|        [0;34;40mfit/sigreg_loss[0m         |        [0;32;40m2.828125[0m       |
|      [0;34;40mfit/structured_loss[0m       |  [0;32;40m0.05117354914546013[0m  |
|      [0;34;40mhardware/cpu_percent[0m      |   [0;32;40m52.599998474121094[0m  |
|    [0;34;40mhardware/disk_read_mb_s[0m     | [0;32;40m0.0007808065274730325[0m |
|    [0;34;40mhardware/disk_write_mb_s[0m    |   [0;32;40m79.12146759033203[0m   |
|     [0;34;40mhardware/net_recv_mb_s[0m     |  [0;32;40m0.033831071108579636[0m |
|     [0;34;40mhardware/net_sent_mb_s[0m     |  [0;32;40m0.03376321122050285[0m  |
|      [0;34;40mhardware/ram_used_gb[0m      |   [0;32;40m253.02960205078125[0m  |
|     [0;34;40mhardware/ram_used_pct[0m      |   [0;32;40m25.100000381469727[0m  |
|      [0;34;40mhparams/lr_default_0[0m      | [0;32;40m4.756937414640561e-05[0m |
|         [0;34;40mvalidate/loss[0m          |   [0;32;40m0.4227488338947296[0m  |
|      [0;34;40mvalidate/loss_epoch[0m       |   [0;32;40m0.4227488338947296[0m  |
|       [0;34;40mvalidate/pred_loss[0m       |   [0;32;40m0.0950716957449913[0m  |
|    [0;34;40mvalidate/pred_loss_epoch[0m    |   [0;32;40m0.0950716957449913[0m  |
|      [0;34;40mvalidate/sigreg_loss[0m      |   [0;32;40m3.3433449268341064[0m  |
|   [0;34;40mvalidate/sigreg_loss_epoch[0m   |   [0;32;40m3.3433449268341064[0m  |
|    [0;34;40mvalidate/structured_loss[0m    |  [0;32;40m0.02682485058903694[0m  |
| [0;34;40mvalidate/structured_loss_epoch[0m |  [0;32;40m0.02682485058903694[0m  |
+--------------------------------+-----------------------+
[Epoch 2/20] done in 120.1s
09:18:55 | INFO  | checkpoint_~|   Checking for non PyTorch modules to save
09:18:55 | INFO  | atomic_chec~| [atomic_save] → /data1/likun-share/junjxu/.cache_stable-pretraining/runs/20260716/091234/c9e92c6de3de/checkpoints/epoch=2-step=927.ckpt
09:18:57 | INFO  | atomic_chec~| [atomic_save] ✓ epoch=2-step=927.ckpt saved (392.2 MiB, serialise=0.56s write=0.52s rename=0.1ms)
09:18:57 | INFO  | checkpoint_~|   Checking for non PyTorch modules to save
09:18:57 | INFO  | atomic_chec~| [atomic_save] → /data1/likun-share/junjxu/.cache_stable-pretraining/runs/20260716/091234/c9e92c6de3de/checkpoints/last.ckpt
09:18:58 | INFO  | atomic_chec~| [atomic_save] ✓ last.ckpt saved (392.2 MiB, serialise=0.51s write=0.53s rename=69.9ms)
[Epoch 3/20] step 50/309 (2.4 it/s)
[Epoch 3/20] step 100/309 (2.7 it/s)
[Epoch 3/20] step 150/309 (2.7 it/s)
[Epoch 3/20] step 200/309 (2.8 it/s)
[Epoch 3/20] step 250/309 (2.8 it/s)
[Epoch 3/20] step 300/309 (2.9 it/s)
09:20:58 | INFO  | trainer_inf~| \n+--------------------------------+-----------------------+
|             Metric             |         Value         |
+--------------------------------+-----------------------+
|            [0;34;40mfit/loss[0m            |   [0;32;40m0.3409692645072937[0m  |
|         [0;34;40mfit/pred_loss[0m          |  [0;32;40m0.09288724511861801[0m  |
|        [0;34;40mfit/sigreg_loss[0m         |        [0;32;40m2.578125[0m       |
|      [0;34;40mfit/structured_loss[0m       |  [0;32;40m0.015660129487514496[0m |
|      [0;34;40mhardware/cpu_percent[0m      |   [0;32;40m52.70000076293945[0m   |
|    [0;34;40mhardware/disk_read_mb_s[0m     | [0;32;40m0.0007810405804775655[0m |
|    [0;34;40mhardware/disk_write_mb_s[0m    |   [0;32;40m0.8064243793487549[0m  |
|     [0;34;40mhardware/net_recv_mb_s[0m     |  [0;32;40m0.028044141829013824[0m |
|     [0;34;40mhardware/net_sent_mb_s[0m     |  [0;32;40m0.028456401079893112[0m |
|      [0;34;40mhardware/ram_used_gb[0m      |   [0;32;40m253.48780822753906[0m  |
|     [0;34;40mhardware/ram_used_pct[0m      |   [0;32;40m25.200000762939453[0m  |
|      [0;34;40mhparams/lr_default_0[0m      | [0;32;40m4.558720684144646e-05[0m |
|         [0;34;40mvalidate/loss[0m          |  [0;32;40m0.37887653708457947[0m  |
|      [0;34;40mvalidate/loss_epoch[0m       |  [0;32;40m0.37887653708457947[0m  |
|       [0;34;40mvalidate/pred_loss[0m       |   [0;32;40m0.0856846496462822[0m  |
|    [0;34;40mvalidate/pred_loss_epoch[0m    |   [0;32;40m0.0856846496462822[0m  |
|      [0;34;40mvalidate/sigreg_loss[0m      |   [0;32;40m3.1492831707000732[0m  |
|   [0;34;40mvalidate/sigreg_loss_epoch[0m   |   [0;32;40m3.1492831707000732[0m  |
|    [0;34;40mvalidate/structured_loss[0m    |  [0;32;40m0.009739556349813938[0m |
| [0;34;40mvalidate/structured_loss_epoch[0m |  [0;32;40m0.009739556349813938[0m |
+--------------------------------+-----------------------+
[Epoch 3/20] done in 120.7s
09:20:59 | INFO  | checkpoint_~|   Checking for non PyTorch modules to save
09:20:59 | INFO  | atomic_chec~| [atomic_save] → /data1/likun-share/junjxu/.cache_stable-pretraining/runs/20260716/091234/c9e92c6de3de/checkpoints/epoch=3-step=1236.ckpt
09:21:00 | INFO  | atomic_chec~| [atomic_save] ✓ epoch=3-step=1236.ckpt saved (392.2 MiB, serialise=0.56s write=0.50s rename=0.1ms)
09:21:00 | INFO  | checkpoint_~|   Checking for non PyTorch modules to save
09:21:00 | INFO  | atomic_chec~| [atomic_save] → /data1/likun-share/junjxu/.cache_stable-pretraining/runs/20260716/091234/c9e92c6de3de/checkpoints/last.ckpt
09:21:01 | INFO  | atomic_chec~| [atomic_save] ✓ last.ckpt saved (392.2 MiB, serialise=0.53s write=0.53s rename=61.0ms)
[Epoch 4/20] step 50/309 (2.5 it/s)
[Epoch 4/20] step 100/309 (2.6 it/s)
[Epoch 4/20] step 150/309 (2.8 it/s)
[Epoch 4/20] step 200/309 (2.9 it/s)
[Epoch 4/20] step 250/309 (2.9 it/s)
[Epoch 4/20] step 300/309 (2.9 it/s)
09:23:01 | INFO  | trainer_inf~| \n+--------------------------------+-----------------------+
|             Metric             |         Value         |
+--------------------------------+-----------------------+
|            [0;34;40mfit/loss[0m            |  [0;32;40m0.33551526069641113[0m  |
|         [0;34;40mfit/pred_loss[0m          |  [0;32;40m0.08112931251525879[0m  |
|        [0;34;40mfit/sigreg_loss[0m         |        [0;32;40m2.515625[0m       |
|      [0;34;40mfit/structured_loss[0m       |  [0;32;40m0.02782345935702324[0m  |
|      [0;34;40mhardware/cpu_percent[0m      |   [0;32;40m48.900001525878906[0m  |
|    [0;34;40mhardware/disk_read_mb_s[0m     |          [0;32;40m0.0[0m          |
|    [0;34;40mhardware/disk_write_mb_s[0m    |    [0;32;40m97.8956527709961[0m   |
|     [0;34;40mhardware/net_recv_mb_s[0m     |  [0;32;40m0.028309237211942673[0m |
|     [0;34;40mhardware/net_sent_mb_s[0m     |  [0;32;40m0.06325842440128326[0m  |
|      [0;34;40mhardware/ram_used_gb[0m      |   [0;32;40m244.9940948486328[0m   |
|     [0;34;40mhardware/ram_used_pct[0m      |   [0;32;40m24.299999237060547[0m  |
|      [0;34;40mhparams/lr_default_0[0m      | [0;32;40m4.308798088459298e-05[0m |
|         [0;34;40mvalidate/loss[0m          |   [0;32;40m0.3571195602416992[0m  |
|      [0;34;40mvalidate/loss_epoch[0m       |   [0;32;40m0.3571195602416992[0m  |
|       [0;34;40mvalidate/pred_loss[0m       |  [0;32;40m0.07784721255302429[0m  |
|    [0;34;40mvalidate/pred_loss_epoch[0m    |  [0;32;40m0.07784721255302429[0m  |
|      [0;34;40mvalidate/sigreg_loss[0m      |   [0;32;40m3.0036096572875977[0m  |
|   [0;34;40mvalidate/sigreg_loss_epoch[0m   |   [0;32;40m3.0036096572875977[0m  |
|    [0;34;40mvalidate/structured_loss[0m    |  [0;32;40m0.00904301181435585[0m  |
| [0;34;40mvalidate/structured_loss_epoch[0m |  [0;32;40m0.00904301181435585[0m  |
+--------------------------------+-----------------------+
[Epoch 4/20] done in 120.1s
09:23:01 | INFO  | checkpoint_~|   Checking for non PyTorch modules to save
09:23:01 | INFO  | atomic_chec~| [atomic_save] → /data1/likun-share/junjxu/.cache_stable-pretraining/runs/20260716/091234/c9e92c6de3de/checkpoints/epoch=4-step=1545.ckpt
09:23:02 | INFO  | atomic_chec~| [atomic_save] ✓ epoch=4-step=1545.ckpt saved (392.2 MiB, serialise=0.59s write=0.46s rename=0.1ms)
09:23:02 | INFO  | checkpoint_~|   Checking for non PyTorch modules to save
09:23:02 | INFO  | atomic_chec~| [atomic_save] → /data1/likun-share/junjxu/.cache_stable-pretraining/runs/20260716/091234/c9e92c6de3de/checkpoints/last.ckpt
09:23:03 | INFO  | atomic_chec~| [atomic_save] ✓ last.ckpt saved (392.2 MiB, serialise=0.65s write=0.46s rename=69.8ms)
[Epoch 5/20] step 50/309 (2.4 it/s)
[Epoch 5/20] step 100/309 (2.7 it/s)
[Epoch 5/20] step 150/309 (2.8 it/s)
[Epoch 5/20] step 200/309 (2.8 it/s)
[Epoch 5/20] step 250/309 (2.8 it/s)
[Epoch 5/20] step 300/309 (2.9 it/s)
09:25:04 | INFO  | trainer_inf~| \n+--------------------------------+-----------------------+
|             Metric             |         Value         |
+--------------------------------+-----------------------+
|            [0;34;40mfit/loss[0m            |  [0;32;40m0.31030112504959106[0m  |
|         [0;34;40mfit/pred_loss[0m          |  [0;32;40m0.07545098662376404[0m  |
|        [0;34;40mfit/sigreg_loss[0m         |        [0;32;40m2.484375[0m       |
|      [0;34;40mfit/structured_loss[0m       |  [0;32;40m0.011217311024665833[0m |
|      [0;34;40mhardware/cpu_percent[0m      |   [0;32;40m53.20000076293945[0m   |
|    [0;34;40mhardware/disk_read_mb_s[0m     |          [0;32;40m0.0[0m          |
|    [0;34;40mhardware/disk_write_mb_s[0m    |   [0;32;40m0.6040695905685425[0m  |
|     [0;34;40mhardware/net_recv_mb_s[0m     |  [0;32;40m0.027167588472366333[0m |
|     [0;34;40mhardware/net_sent_mb_s[0m     |  [0;32;40m0.06383954733610153[0m  |
|      [0;34;40mhardware/ram_used_gb[0m      |   [0;32;40m246.19198608398438[0m  |
|     [0;34;40mhardware/ram_used_pct[0m      |   [0;32;40m24.399999618530273[0m  |
|      [0;34;40mhparams/lr_default_0[0m      | [0;32;40m4.013446232420392e-05[0m |
|         [0;34;40mvalidate/loss[0m          |   [0;32;40m0.3405114412307739[0m  |
|      [0;34;40mvalidate/loss_epoch[0m       |   [0;32;40m0.3405114412307739[0m  |
|       [0;34;40mvalidate/pred_loss[0m       |  [0;32;40m0.07061859220266342[0m  |
|    [0;34;40mvalidate/pred_loss_epoch[0m    |  [0;32;40m0.07061859220266342[0m  |
|      [0;34;40mvalidate/sigreg_loss[0m      |   [0;32;40m2.8857932090759277[0m  |
|   [0;34;40mvalidate/sigreg_loss_epoch[0m   |   [0;32;40m2.8857932090759277[0m  |
|    [0;34;40mvalidate/structured_loss[0m    |  [0;32;40m0.01002148911356926[0m  |
| [0;34;40mvalidate/structured_loss_epoch[0m |  [0;32;40m0.01002148911356926[0m  |
+--------------------------------+-----------------------+
[Epoch 5/20] done in 120.4s
09:25:04 | INFO  | checkpoint_~|   Checking for non PyTorch modules to save
09:25:04 | INFO  | atomic_chec~| [atomic_save] → /data1/likun-share/junjxu/.cache_stable-pretraining/runs/20260716/091234/c9e92c6de3de/checkpoints/epoch=5-step=1854.ckpt
09:25:05 | INFO  | atomic_chec~| [atomic_save] ✓ epoch=5-step=1854.ckpt saved (392.2 MiB, serialise=0.60s write=0.46s rename=0.1ms)
09:25:05 | INFO  | checkpoint_~|   Checking for non PyTorch modules to save
09:25:05 | INFO  | atomic_chec~| [atomic_save] → /data1/likun-share/junjxu/.cache_stable-pretraining/runs/20260716/091234/c9e92c6de3de/checkpoints/last.ckpt
09:25:06 | INFO  | atomic_chec~| [atomic_save] ✓ last.ckpt saved (392.2 MiB, serialise=0.53s write=0.61s rename=82.1ms)
[Epoch 6/20] step 50/309 (2.4 it/s)
[Epoch 6/20] step 100/309 (2.6 it/s)
[Epoch 6/20] step 150/309 (2.7 it/s)
[Epoch 6/20] step 200/309 (2.8 it/s)
[Epoch 6/20] step 250/309 (2.8 it/s)
[Epoch 6/20] step 300/309 (2.9 it/s)
09:27:06 | INFO  | trainer_inf~| \n+--------------------------------+------------------------+
|             Metric             |         Value          |
+--------------------------------+------------------------+
|            [0;34;40mfit/loss[0m            |  [0;32;40m0.31780341267585754[0m   |
|         [0;34;40mfit/pred_loss[0m          |  [0;32;40m0.07778479903936386[0m   |
|        [0;34;40mfit/sigreg_loss[0m         |         [0;32;40m2.4375[0m         |
|      [0;34;40mfit/structured_loss[0m       |  [0;32;40m0.020292043685913086[0m  |
|      [0;34;40mhardware/cpu_percent[0m      |   [0;32;40m52.70000076293945[0m    |
|    [0;34;40mhardware/disk_read_mb_s[0m     |  [0;32;40m0.012495197355747223[0m  |
|    [0;34;40mhardware/disk_write_mb_s[0m    |   [0;32;40m98.02169799804688[0m    |
|     [0;34;40mhardware/net_recv_mb_s[0m     |  [0;32;40m0.06495563685894012[0m   |
|     [0;34;40mhardware/net_sent_mb_s[0m     |  [0;32;40m0.08983106166124344[0m   |
|      [0;34;40mhardware/ram_used_gb[0m      |   [0;32;40m254.56558227539062[0m   |
|     [0;34;40mhardware/ram_used_pct[0m      |   [0;32;40m25.299999237060547[0m   |
|      [0;34;40mhparams/lr_default_0[0m      | [0;32;40m3.6800833186134696e-05[0m |
|         [0;34;40mvalidate/loss[0m          |  [0;32;40m0.33356279134750366[0m   |
|      [0;34;40mvalidate/loss_epoch[0m       |  [0;32;40m0.33356279134750366[0m   |
|       [0;34;40mvalidate/pred_loss[0m       |  [0;32;40m0.06358222663402557[0m   |
|    [0;34;40mvalidate/pred_loss_epoch[0m    |  [0;32;40m0.06358222663402557[0m   |
|      [0;34;40mvalidate/sigreg_loss[0m      |   [0;32;40m2.8811285495758057[0m   |
|   [0;34;40mvalidate/sigreg_loss_epoch[0m   |   [0;32;40m2.8811285495758057[0m   |
|    [0;34;40mvalidate/structured_loss[0m    |  [0;32;40m0.010586696676909924[0m  |
| [0;34;40mvalidate/structured_loss_epoch[0m |  [0;32;40m0.010586696676909924[0m  |
+--------------------------------+------------------------+
[Epoch 6/20] done in 120.2s
09:27:07 | INFO  | checkpoint_~|   Checking for non PyTorch modules to save
09:27:07 | INFO  | atomic_chec~| [atomic_save] → /data1/likun-share/junjxu/.cache_stable-pretraining/runs/20260716/091234/c9e92c6de3de/checkpoints/epoch=6-step=2163.ckpt
09:27:08 | INFO  | atomic_chec~| [atomic_save] ✓ epoch=6-step=2163.ckpt saved (392.2 MiB, serialise=0.53s write=0.48s rename=0.1ms)
09:27:08 | INFO  | checkpoint_~|   Checking for non PyTorch modules to save
09:27:08 | INFO  | atomic_chec~| [atomic_save] → /data1/likun-share/junjxu/.cache_stable-pretraining/runs/20260716/091234/c9e92c6de3de/checkpoints/last.ckpt
09:27:09 | INFO  | atomic_chec~| [atomic_save] ✓ last.ckpt saved (392.2 MiB, serialise=0.53s write=0.49s rename=111.1ms)
[Epoch 7/20] step 50/309 (2.5 it/s)
[Epoch 7/20] step 100/309 (2.7 it/s)
[Epoch 7/20] step 150/309 (2.8 it/s)
[Epoch 7/20] step 200/309 (2.8 it/s)
[Epoch 7/20] step 250/309 (2.9 it/s)
[Epoch 7/20] step 300/309 (2.9 it/s)
09:29:10 | INFO  | trainer_inf~| \n+--------------------------------+-----------------------+
|             Metric             |         Value         |
+--------------------------------+-----------------------+
|            [0;34;40mfit/loss[0m            |  [0;32;40m0.30950841307640076[0m  |
|         [0;34;40mfit/pred_loss[0m          |  [0;32;40m0.058089252561330795[0m |
|        [0;34;40mfit/sigreg_loss[0m         |        [0;32;40m2.515625[0m       |
|      [0;34;40mfit/structured_loss[0m       |  [0;32;40m0.02485666610300541[0m  |
|      [0;34;40mhardware/cpu_percent[0m      |   [0;32;40m50.70000076293945[0m   |
|    [0;34;40mhardware/disk_read_mb_s[0m     |          [0;32;40m0.0[0m          |
|    [0;34;40mhardware/disk_write_mb_s[0m    |   [0;32;40m19.434673309326172[0m  |
|     [0;34;40mhardware/net_recv_mb_s[0m     |  [0;32;40m0.02811460755765438[0m  |
|     [0;34;40mhardware/net_sent_mb_s[0m     |  [0;32;40m0.07075444608926773[0m  |
|      [0;34;40mhardware/ram_used_gb[0m      |   [0;32;40m250.37872314453125[0m  |
|     [0;34;40mhardware/ram_used_pct[0m      |   [0;32;40m24.899999618530273[0m  |
|      [0;34;40mhparams/lr_default_0[0m      | [0;32;40m3.317081791465171e-05[0m |
|         [0;34;40mvalidate/loss[0m          |  [0;32;40m0.32185304164886475[0m  |
|      [0;34;40mvalidate/loss_epoch[0m       |  [0;32;40m0.32185304164886475[0m  |
|       [0;34;40mvalidate/pred_loss[0m       |  [0;32;40m0.05835413932800293[0m  |
|    [0;34;40mvalidate/pred_loss_epoch[0m    |  [0;32;40m0.05835413932800293[0m  |
|      [0;34;40mvalidate/sigreg_loss[0m      |   [0;32;40m2.858309268951416[0m   |
|   [0;34;40mvalidate/sigreg_loss_epoch[0m   |   [0;32;40m2.858309268951416[0m   |
|    [0;34;40mvalidate/structured_loss[0m    | [0;32;40m0.0063037206418812275[0m |
| [0;34;40mvalidate/structured_loss_epoch[0m | [0;32;40m0.0063037206418812275[0m |
+--------------------------------+-----------------------+
[Epoch 7/20] done in 121.2s
09:29:10 | INFO  | checkpoint_~|   Checking for non PyTorch modules to save
09:29:10 | INFO  | atomic_chec~| [atomic_save] → /data1/likun-share/junjxu/.cache_stable-pretraining/runs/20260716/091234/c9e92c6de3de/checkpoints/epoch=7-step=2472.ckpt
09:29:11 | INFO  | atomic_chec~| [atomic_save] ✓ epoch=7-step=2472.ckpt saved (392.2 MiB, serialise=0.61s write=0.48s rename=0.1ms)
09:29:11 | INFO  | checkpoint_~|   Checking for non PyTorch modules to save
09:29:11 | INFO  | atomic_chec~| [atomic_save] → /data1/likun-share/junjxu/.cache_stable-pretraining/runs/20260716/091234/c9e92c6de3de/checkpoints/last.ckpt
09:29:12 | INFO  | atomic_chec~| [atomic_save] ✓ last.ckpt saved (392.2 MiB, serialise=0.57s write=0.50s rename=85.3ms)
[Epoch 8/20] step 50/309 (2.4 it/s)
[Epoch 8/20] step 100/309 (2.7 it/s)
[Epoch 8/20] step 150/309 (2.8 it/s)
[Epoch 8/20] step 200/309 (2.9 it/s)
[Epoch 8/20] step 250/309 (2.9 it/s)
[Epoch 8/20] step 300/309 (2.9 it/s)
09:31:12 | INFO  | trainer_inf~| \n+--------------------------------+------------------------+
|             Metric             |         Value          |
+--------------------------------+------------------------+
|            [0;34;40mfit/loss[0m            |   [0;32;40m0.2749808430671692[0m   |
|         [0;34;40mfit/pred_loss[0m          |  [0;32;40m0.06256642937660217[0m   |
|        [0;34;40mfit/sigreg_loss[0m         |          [0;32;40m2.25[0m          |
|      [0;34;40mfit/structured_loss[0m       |  [0;32;40m0.01026596687734127[0m   |
|      [0;34;40mhardware/cpu_percent[0m      |   [0;32;40m52.29999923706055[0m    |
|    [0;34;40mhardware/disk_read_mb_s[0m     |          [0;32;40m0.0[0m           |
|    [0;34;40mhardware/disk_write_mb_s[0m    |   [0;32;40m19.756328582763672[0m   |
|     [0;34;40mhardware/net_recv_mb_s[0m     |  [0;32;40m0.07055675238370895[0m   |
|     [0;34;40mhardware/net_sent_mb_s[0m     |  [0;32;40m0.15776434540748596[0m   |
|      [0;34;40mhardware/ram_used_gb[0m      |   [0;32;40m254.23733520507812[0m   |
|     [0;34;40mhardware/ram_used_pct[0m      |   [0;32;40m25.200000762939453[0m   |
|      [0;34;40mhparams/lr_default_0[0m      | [0;32;40m2.9335586077650078e-05[0m |
|         [0;34;40mvalidate/loss[0m          |  [0;32;40m0.31574100255966187[0m   |
|      [0;34;40mvalidate/loss_epoch[0m       |  [0;32;40m0.31574100255966187[0m   |
|       [0;34;40mvalidate/pred_loss[0m       |  [0;32;40m0.055933743715286255[0m  |
|    [0;34;40mvalidate/pred_loss_epoch[0m    |  [0;32;40m0.055933743715286255[0m  |
|      [0;34;40mvalidate/sigreg_loss[0m      |   [0;32;40m2.8134522438049316[0m   |
|   [0;34;40mvalidate/sigreg_loss_epoch[0m   |   [0;32;40m2.8134522438049316[0m   |
|    [0;34;40mvalidate/structured_loss[0m    |  [0;32;40m0.006723121739923954[0m  |
| [0;34;40mvalidate/structured_loss_epoch[0m |  [0;32;40m0.006723121739923954[0m  |
+--------------------------------+------------------------+
[Epoch 8/20] done in 120.0s
09:31:12 | INFO  | checkpoint_~|   Checking for non PyTorch modules to save
09:31:12 | INFO  | atomic_chec~| [atomic_save] → /data1/likun-share/junjxu/.cache_stable-pretraining/runs/20260716/091234/c9e92c6de3de/checkpoints/epoch=8-step=2781.ckpt
09:31:13 | INFO  | atomic_chec~| [atomic_save] ✓ epoch=8-step=2781.ckpt saved (392.2 MiB, serialise=0.52s write=0.46s rename=0.1ms)
09:31:13 | INFO  | checkpoint_~|   Checking for non PyTorch modules to save
09:31:13 | INFO  | atomic_chec~| [atomic_save] → /data1/likun-share/junjxu/.cache_stable-pretraining/runs/20260716/091234/c9e92c6de3de/checkpoints/last.ckpt
09:31:15 | INFO  | atomic_chec~| [atomic_save] ✓ last.ckpt saved (392.2 MiB, serialise=0.53s write=0.51s rename=65.1ms)
[Epoch 9/20] step 50/309 (2.4 it/s)
[Epoch 9/20] step 100/309 (2.8 it/s)
[Epoch 9/20] step 150/309 (2.8 it/s)
[Epoch 9/20] step 200/309 (2.9 it/s)
[Epoch 9/20] step 250/309 (2.9 it/s)
[Epoch 9/20] step 300/309 (2.9 it/s)
09:33:13 | INFO  | trainer_inf~| \n+--------------------------------+------------------------+
|             Metric             |         Value          |
+--------------------------------+------------------------+
|            [0;34;40mfit/loss[0m            |  [0;32;40m0.32846274971961975[0m   |
|         [0;34;40mfit/pred_loss[0m          |  [0;32;40m0.07645644247531891[0m   |
|        [0;34;40mfit/sigreg_loss[0m         |        [0;32;40m2.578125[0m        |
|      [0;34;40mfit/structured_loss[0m       |  [0;32;40m0.019584452733397484[0m  |
|      [0;34;40mhardware/cpu_percent[0m      |   [0;32;40m52.400001525878906[0m   |
|    [0;34;40mhardware/disk_read_mb_s[0m     | [0;32;40m0.0003904832701664418[0m  |
|    [0;34;40mhardware/disk_write_mb_s[0m    |   [0;32;40m19.362503051757812[0m   |
|     [0;34;40mhardware/net_recv_mb_s[0m     |  [0;32;40m0.02647840790450573[0m   |
|     [0;34;40mhardware/net_sent_mb_s[0m     |  [0;32;40m0.07410115748643875[0m   |
|      [0;34;40mhardware/ram_used_gb[0m      |   [0;32;40m258.61822509765625[0m   |
|     [0;34;40mhardware/ram_used_pct[0m      |   [0;32;40m25.700000762939453[0m   |
|      [0;34;40mhparams/lr_default_0[0m      | [0;32;40m2.5391464077983983e-05[0m |
|         [0;34;40mvalidate/loss[0m          |   [0;32;40m0.3131653666496277[0m   |
|      [0;34;40mvalidate/loss_epoch[0m       |   [0;32;40m0.3131653666496277[0m   |
|       [0;34;40mvalidate/pred_loss[0m       |  [0;32;40m0.05782699212431908[0m   |
|    [0;34;40mvalidate/pred_loss_epoch[0m    |  [0;32;40m0.05782699212431908[0m   |
|      [0;34;40mvalidate/sigreg_loss[0m      |   [0;32;40m2.772897481918335[0m    |
|   [0;34;40mvalidate/sigreg_loss_epoch[0m   |   [0;32;40m2.772897481918335[0m    |
|    [0;34;40mvalidate/structured_loss[0m    | [0;32;40m0.0058353557251393795[0m  |
| [0;34;40mvalidate/structured_loss_epoch[0m | [0;32;40m0.0058353557251393795[0m  |
+--------------------------------+------------------------+
[Epoch 9/20] done in 118.7s
09:33:13 | INFO  | checkpoint_~|   Checking for non PyTorch modules to save
09:33:13 | INFO  | atomic_chec~| [atomic_save] → /data1/likun-share/junjxu/.cache_stable-pretraining/runs/20260716/091234/c9e92c6de3de/checkpoints/epoch=9-step=3090.ckpt
09:33:14 | INFO  | atomic_chec~| [atomic_save] ✓ epoch=9-step=3090.ckpt saved (392.2 MiB, serialise=0.60s write=0.50s rename=0.1ms)
09:33:15 | INFO  | checkpoint_~|   Checking for non PyTorch modules to save
09:33:15 | INFO  | atomic_chec~| [atomic_save] → /data1/likun-share/junjxu/.cache_stable-pretraining/runs/20260716/091234/c9e92c6de3de/checkpoints/last.ckpt
09:33:16 | INFO  | atomic_chec~| [atomic_save] ✓ last.ckpt saved (392.2 MiB, serialise=0.60s write=0.51s rename=143.3ms)
[Epoch 10/20] step 50/309 (2.6 it/s)
[Epoch 10/20] step 100/309 (2.8 it/s)
[Epoch 10/20] step 150/309 (2.9 it/s)
[Epoch 10/20] step 200/309 (2.9 it/s)
[Epoch 10/20] step 250/309 (2.9 it/s)
[Epoch 10/20] step 300/309 (2.9 it/s)
09:35:14 | INFO  | trainer_inf~| \n+--------------------------------+-----------------------+
|             Metric             |         Value         |
+--------------------------------+-----------------------+
|            [0;34;40mfit/loss[0m            |   [0;32;40m0.2947339415550232[0m  |
|         [0;34;40mfit/pred_loss[0m          |  [0;32;40m0.06142723560333252[0m  |
|        [0;34;40mfit/sigreg_loss[0m         |         [0;32;40m2.1875[0m        |
|      [0;34;40mfit/structured_loss[0m       |  [0;32;40m0.03604109212756157[0m  |
|      [0;34;40mhardware/cpu_percent[0m      |   [0;32;40m54.099998474121094[0m  |
|    [0;34;40mhardware/disk_read_mb_s[0m     |          [0;32;40m0.0[0m          |
|    [0;34;40mhardware/disk_write_mb_s[0m    |   [0;32;40m2.252849817276001[0m   |
|     [0;34;40mhardware/net_recv_mb_s[0m     |  [0;32;40m0.08145537972450256[0m  |
|     [0;34;40mhardware/net_sent_mb_s[0m     |  [0;32;40m0.13440793752670288[0m  |
|      [0;34;40mhardware/ram_used_gb[0m      |   [0;32;40m254.24313354492188[0m  |
|     [0;34;40mhardware/ram_used_pct[0m      |   [0;32;40m25.200000762939453[0m  |
|      [0;34;40mhparams/lr_default_0[0m      | [0;32;40m2.143750862160232e-05[0m |
|         [0;34;40mvalidate/loss[0m          |   [0;32;40m0.3128310739994049[0m  |
|      [0;34;40mvalidate/loss_epoch[0m       |   [0;32;40m0.3128310739994049[0m  |
|       [0;34;40mvalidate/pred_loss[0m       |  [0;32;40m0.05305759236216545[0m  |
|    [0;34;40mvalidate/pred_loss_epoch[0m    |  [0;32;40m0.05305759236216545[0m  |
|      [0;34;40mvalidate/sigreg_loss[0m      |   [0;32;40m2.7701334953308105[0m  |
|   [0;34;40mvalidate/sigreg_loss_epoch[0m   |   [0;32;40m2.7701334953308105[0m  |
|    [0;34;40mvalidate/structured_loss[0m    |  [0;32;40m0.010520495474338531[0m |
| [0;34;40mvalidate/structured_loss_epoch[0m |  [0;32;40m0.010520495474338531[0m |
+--------------------------------+-----------------------+
[Epoch 10/20] done in 118.9s
09:35:15 | INFO  | checkpoint_~|   Checking for non PyTorch modules to save
09:35:15 | INFO  | atomic_chec~| [atomic_save] → /data1/likun-share/junjxu/.cache_stable-pretraining/runs/20260716/091234/c9e92c6de3de/checkpoints/epoch=10-step=3399.ckpt
09:35:16 | INFO  | atomic_chec~| [atomic_save] ✓ epoch=10-step=3399.ckpt saved (392.2 MiB, serialise=0.54s write=0.48s rename=0.1ms)
09:35:16 | INFO  | checkpoint_~|   Checking for non PyTorch modules to save
09:35:16 | INFO  | atomic_chec~| [atomic_save] → /data1/likun-share/junjxu/.cache_stable-pretraining/runs/20260716/091234/c9e92c6de3de/checkpoints/last.ckpt
09:35:17 | INFO  | atomic_chec~| [atomic_save] ✓ last.ckpt saved (392.2 MiB, serialise=0.53s write=0.47s rename=61.4ms)
[Epoch 11/20] step 50/309 (2.5 it/s)
[Epoch 11/20] step 100/309 (2.8 it/s)
[Epoch 11/20] step 150/309 (2.8 it/s)
[Epoch 11/20] step 200/309 (2.9 it/s)
[Epoch 11/20] step 250/309 (2.9 it/s)
[Epoch 11/20] step 300/309 (2.9 it/s)
09:37:16 | INFO  | trainer_inf~| \n+--------------------------------+------------------------+
|             Metric             |         Value          |
+--------------------------------+------------------------+
|            [0;34;40mfit/loss[0m            |   [0;32;40m0.286855548620224[0m    |
|         [0;34;40mfit/pred_loss[0m          |  [0;32;40m0.05576135218143463[0m   |
|        [0;34;40mfit/sigreg_loss[0m         |          [0;32;40m2.5[0m           |
|      [0;34;40mfit/structured_loss[0m       | [0;32;40m0.0064848363399505615[0m  |
|      [0;34;40mhardware/cpu_percent[0m      |          [0;32;40m52.5[0m          |
|    [0;34;40mhardware/disk_read_mb_s[0m     |          [0;32;40m0.0[0m           |
|    [0;34;40mhardware/disk_write_mb_s[0m    |   [0;32;40m1.4349350929260254[0m   |
|     [0;34;40mhardware/net_recv_mb_s[0m     |  [0;32;40m0.09509658068418503[0m   |
|     [0;34;40mhardware/net_sent_mb_s[0m     |  [0;32;40m0.10551808774471283[0m   |
|      [0;34;40mhardware/ram_used_gb[0m      |   [0;32;40m253.35415649414062[0m   |
|     [0;34;40mhardware/ram_used_pct[0m      |   [0;32;40m25.200000762939453[0m   |
|      [0;34;40mhparams/lr_default_0[0m      | [0;32;40m1.7573029253981076e-05[0m |
|         [0;34;40mvalidate/loss[0m          |   [0;32;40m0.3044298589229584[0m   |
|      [0;34;40mvalidate/loss_epoch[0m       |   [0;32;40m0.3044298589229584[0m   |
|       [0;34;40mvalidate/pred_loss[0m       |  [0;32;40m0.05137428641319275[0m   |
|    [0;34;40mvalidate/pred_loss_epoch[0m    |  [0;32;40m0.05137428641319275[0m   |
|      [0;34;40mvalidate/sigreg_loss[0m      |   [0;32;40m2.7496695518493652[0m   |
|   [0;34;40mvalidate/sigreg_loss_epoch[0m   |   [0;32;40m2.7496695518493652[0m   |
|    [0;34;40mvalidate/structured_loss[0m    |  [0;32;40m0.005536331329494715[0m  |
| [0;34;40mvalidate/structured_loss_epoch[0m |  [0;32;40m0.005536331329494715[0m  |
+--------------------------------+------------------------+
[Epoch 11/20] done in 119.4s
09:37:16 | INFO  | checkpoint_~|   Checking for non PyTorch modules to save
09:37:16 | INFO  | atomic_chec~| [atomic_save] → /data1/likun-share/junjxu/.cache_stable-pretraining/runs/20260716/091234/c9e92c6de3de/checkpoints/epoch=11-step=3708.ckpt
09:37:17 | INFO  | atomic_chec~| [atomic_save] ✓ epoch=11-step=3708.ckpt saved (392.2 MiB, serialise=0.52s write=0.47s rename=0.1ms)
09:37:17 | INFO  | checkpoint_~|   Checking for non PyTorch modules to save
09:37:17 | INFO  | atomic_chec~| [atomic_save] → /data1/likun-share/junjxu/.cache_stable-pretraining/runs/20260716/091234/c9e92c6de3de/checkpoints/last.ckpt
09:37:19 | INFO  | atomic_chec~| [atomic_save] ✓ last.ckpt saved (392.2 MiB, serialise=0.50s write=0.50s rename=59.8ms)
[Epoch 12/20] step 50/309 (2.4 it/s)
[Epoch 12/20] step 100/309 (2.7 it/s)
[Epoch 12/20] step 150/309 (2.8 it/s)
[Epoch 12/20] step 200/309 (2.8 it/s)
[Epoch 12/20] step 250/309 (2.9 it/s)
[Epoch 12/20] step 300/309 (2.9 it/s)
09:39:17 | INFO  | trainer_inf~| \n+--------------------------------+-----------------------+
|             Metric             |         Value         |
+--------------------------------+-----------------------+
|            [0;34;40mfit/loss[0m            |  [0;32;40m0.28576362133026123[0m  |
|         [0;34;40mfit/pred_loss[0m          |  [0;32;40m0.05266563221812248[0m  |
|        [0;34;40mfit/sigreg_loss[0m         |        [0;32;40m2.390625[0m       |
|      [0;34;40mfit/structured_loss[0m       |  [0;32;40m0.018254252150654793[0m |
|      [0;34;40mhardware/cpu_percent[0m      |          [0;32;40m53.5[0m         |
|    [0;34;40mhardware/disk_read_mb_s[0m     |          [0;32;40m0.0[0m          |
|    [0;34;40mhardware/disk_write_mb_s[0m    |   [0;32;40m0.7969614267349243[0m  |
|     [0;34;40mhardware/net_recv_mb_s[0m     |  [0;32;40m0.02884545736014843[0m  |
|     [0;34;40mhardware/net_sent_mb_s[0m     |  [0;32;40m0.06501119583845139[0m  |
|      [0;34;40mhardware/ram_used_gb[0m      |   [0;32;40m251.98391723632812[0m  |
|     [0;34;40mhardware/ram_used_pct[0m      |          [0;32;40m25.0[0m         |
|      [0;34;40mhparams/lr_default_0[0m      | [0;32;40m1.389508179272525e-05[0m |
|         [0;34;40mvalidate/loss[0m          |   [0;32;40m0.2991150915622711[0m  |
|      [0;34;40mvalidate/loss_epoch[0m       |   [0;32;40m0.2991150915622711[0m  |
|       [0;34;40mvalidate/pred_loss[0m       |  [0;32;40m0.051119137555360794[0m |
|    [0;34;40mvalidate/pred_loss_epoch[0m    |  [0;32;40m0.051119137555360794[0m |
|      [0;34;40mvalidate/sigreg_loss[0m      |   [0;32;40m2.712799072265625[0m   |
|   [0;34;40mvalidate/sigreg_loss_epoch[0m   |   [0;32;40m2.712799072265625[0m   |
|    [0;34;40mvalidate/structured_loss[0m    | [0;32;40m0.0038428958505392075[0m |
| [0;34;40mvalidate/structured_loss_epoch[0m | [0;32;40m0.0038428958505392075[0m |
+--------------------------------+-----------------------+
[Epoch 12/20] done in 118.8s
09:39:17 | INFO  | checkpoint_~|   Checking for non PyTorch modules to save
09:39:17 | INFO  | atomic_chec~| [atomic_save] → /data1/likun-share/junjxu/.cache_stable-pretraining/runs/20260716/091234/c9e92c6de3de/checkpoints/epoch=12-step=4017.ckpt
09:39:19 | INFO  | atomic_chec~| [atomic_save] ✓ epoch=12-step=4017.ckpt saved (392.2 MiB, serialise=0.69s write=0.47s rename=0.1ms)
09:39:19 | INFO  | checkpoint_~|   Checking for non PyTorch modules to save
09:39:19 | INFO  | atomic_chec~| [atomic_save] → /data1/likun-share/junjxu/.cache_stable-pretraining/runs/20260716/091234/c9e92c6de3de/checkpoints/last.ckpt
09:39:20 | INFO  | atomic_chec~| [atomic_save] ✓ last.ckpt saved (392.2 MiB, serialise=0.71s write=0.59s rename=78.5ms)
[Epoch 13/20] step 50/309 (2.4 it/s)
[Epoch 13/20] step 100/309 (2.8 it/s)
[Epoch 13/20] step 150/309 (2.9 it/s)
[Epoch 13/20] step 200/309 (2.9 it/s)
[Epoch 13/20] step 250/309 (2.8 it/s)
[Epoch 13/20] step 300/309 (2.9 it/s)
09:41:20 | INFO  | trainer_inf~| \n+--------------------------------+------------------------+
|             Metric             |         Value          |
+--------------------------------+------------------------+
|            [0;34;40mfit/loss[0m            |   [0;32;40m0.2685014605522156[0m   |
|         [0;34;40mfit/pred_loss[0m          |  [0;32;40m0.057889580726623535[0m  |
|        [0;34;40mfit/sigreg_loss[0m         |        [0;32;40m2.203125[0m        |
|      [0;34;40mfit/structured_loss[0m       |  [0;32;40m0.012369696982204914[0m  |
|      [0;34;40mhardware/cpu_percent[0m      |   [0;32;40m49.20000076293945[0m    |
|    [0;34;40mhardware/disk_read_mb_s[0m     | [0;32;40m0.0015617185272276402[0m  |
|    [0;34;40mhardware/disk_write_mb_s[0m    |   [0;32;40m1.2786569595336914[0m   |
|     [0;34;40mhardware/net_recv_mb_s[0m     |  [0;32;40m0.09247644245624542[0m   |
|     [0;34;40mhardware/net_sent_mb_s[0m     |   [0;32;40m0.1406954526901245[0m   |
|      [0;34;40mhardware/ram_used_gb[0m      |   [0;32;40m252.24156188964844[0m   |
|     [0;34;40mhardware/ram_used_pct[0m      |          [0;32;40m25.0[0m          |
|      [0;34;40mhparams/lr_default_0[0m      | [0;32;40m1.0496042705199216e-05[0m |
|         [0;34;40mvalidate/loss[0m          |   [0;32;40m0.2970718741416931[0m   |
|      [0;34;40mvalidate/loss_epoch[0m       |   [0;32;40m0.2970718741416931[0m   |
|       [0;34;40mvalidate/pred_loss[0m       |  [0;32;40m0.05005586892366409[0m   |
|    [0;34;40mvalidate/pred_loss_epoch[0m    |  [0;32;40m0.05005586892366409[0m   |
|      [0;34;40mvalidate/sigreg_loss[0m      |   [0;32;40m2.697071075439453[0m    |
|   [0;34;40mvalidate/sigreg_loss_epoch[0m   |   [0;32;40m2.697071075439453[0m    |
|    [0;34;40mvalidate/structured_loss[0m    |  [0;32;40m0.004254729487001896[0m  |
| [0;34;40mvalidate/structured_loss_epoch[0m |  [0;32;40m0.004254729487001896[0m  |
+--------------------------------+------------------------+
[Epoch 13/20] done in 120.7s
09:41:21 | INFO  | checkpoint_~|   Checking for non PyTorch modules to save
09:41:21 | INFO  | atomic_chec~| [atomic_save] → /data1/likun-share/junjxu/.cache_stable-pretraining/runs/20260716/091234/c9e92c6de3de/checkpoints/epoch=13-step=4326.ckpt
09:41:22 | INFO  | atomic_chec~| [atomic_save] ✓ epoch=13-step=4326.ckpt saved (392.2 MiB, serialise=0.66s write=0.54s rename=0.1ms)
09:41:22 | INFO  | checkpoint_~|   Checking for non PyTorch modules to save
09:41:22 | INFO  | atomic_chec~| [atomic_save] → /data1/likun-share/junjxu/.cache_stable-pretraining/runs/20260716/091234/c9e92c6de3de/checkpoints/last.ckpt
09:41:23 | INFO  | atomic_chec~| [atomic_save] ✓ last.ckpt saved (392.2 MiB, serialise=0.63s write=0.52s rename=67.7ms)
[Epoch 14/20] step 50/309 (2.3 it/s)
[Epoch 14/20] step 100/309 (2.6 it/s)
[Epoch 14/20] step 150/309 (2.7 it/s)
[Epoch 14/20] step 200/309 (2.8 it/s)
[Epoch 14/20] step 250/309 (2.8 it/s)
[Epoch 14/20] step 300/309 (2.9 it/s)
09:43:23 | INFO  | trainer_inf~| \n+--------------------------------+-----------------------+
|             Metric             |         Value         |
+--------------------------------+-----------------------+
|            [0;34;40mfit/loss[0m            |  [0;32;40m0.26434439420700073[0m  |
|         [0;34;40mfit/pred_loss[0m          |  [0;32;40m0.05395911633968353[0m  |
|        [0;34;40mfit/sigreg_loss[0m         |        [0;32;40m2.21875[0m        |
|      [0;34;40mfit/structured_loss[0m       |  [0;32;40m0.011166511103510857[0m |
|      [0;34;40mhardware/cpu_percent[0m      |   [0;32;40m48.099998474121094[0m  |
|    [0;34;40mhardware/disk_read_mb_s[0m     |  [0;32;40m0.001171438256278634[0m |
|    [0;34;40mhardware/disk_write_mb_s[0m    |   [0;32;40m2.8001279830932617[0m  |
|     [0;34;40mhardware/net_recv_mb_s[0m     |  [0;32;40m0.04510752484202385[0m  |
|     [0;34;40mhardware/net_sent_mb_s[0m     |  [0;32;40m0.041229233145713806[0m |
|      [0;34;40mhardware/ram_used_gb[0m      |    [0;32;40m255.930908203125[0m   |
|     [0;34;40mhardware/ram_used_pct[0m      |   [0;32;40m25.399999618530273[0m  |
|      [0;34;40mhparams/lr_default_0[0m      | [0;32;40m7.461279892595485e-06[0m |
|         [0;34;40mvalidate/loss[0m          |   [0;32;40m0.297785222530365[0m   |
|      [0;34;40mvalidate/loss_epoch[0m       |   [0;32;40m0.297785222530365[0m   |
|       [0;34;40mvalidate/pred_loss[0m       |  [0;32;40m0.04783646762371063[0m  |
|    [0;34;40mvalidate/pred_loss_epoch[0m    |  [0;32;40m0.04783646762371063[0m  |
|      [0;34;40mvalidate/sigreg_loss[0m      |   [0;32;40m2.7305593490600586[0m  |
|   [0;34;40mvalidate/sigreg_loss_epoch[0m   |   [0;32;40m2.7305593490600586[0m  |
|    [0;34;40mvalidate/structured_loss[0m    |  [0;32;40m0.00419525196775794[0m  |
| [0;34;40mvalidate/structured_loss_epoch[0m |  [0;32;40m0.00419525196775794[0m  |
+--------------------------------+-----------------------+
[Epoch 14/20] done in 120.4s
09:43:24 | INFO  | checkpoint_~|   Checking for non PyTorch modules to save
09:43:24 | INFO  | atomic_chec~| [atomic_save] → /data1/likun-share/junjxu/.cache_stable-pretraining/runs/20260716/091234/c9e92c6de3de/checkpoints/epoch=14-step=4635.ckpt
09:43:25 | INFO  | atomic_chec~| [atomic_save] ✓ epoch=14-step=4635.ckpt saved (392.2 MiB, serialise=0.54s write=0.50s rename=0.1ms)
09:43:25 | INFO  | checkpoint_~|   Checking for non PyTorch modules to save
09:43:25 | INFO  | atomic_chec~| [atomic_save] → /data1/likun-share/junjxu/.cache_stable-pretraining/runs/20260716/091234/c9e92c6de3de/checkpoints/last.ckpt
09:43:26 | INFO  | atomic_chec~| [atomic_save] ✓ last.ckpt saved (392.2 MiB, serialise=0.61s write=0.48s rename=56.4ms)
[Epoch 15/20] step 50/309 (2.6 it/s)
[Epoch 15/20] step 100/309 (2.8 it/s)
[Epoch 15/20] step 150/309 (2.8 it/s)
[Epoch 15/20] step 200/309 (2.9 it/s)
[Epoch 15/20] step 250/309 (2.9 it/s)
[Epoch 15/20] step 300/309 (2.9 it/s)
09:45:26 | INFO  | trainer_inf~| \n+--------------------------------+-----------------------+
|             Metric             |         Value         |
+--------------------------------+-----------------------+
|            [0;34;40mfit/loss[0m            |  [0;32;40m0.27275440096855164[0m  |
|         [0;34;40mfit/pred_loss[0m          |  [0;32;40m0.05329417437314987[0m  |
|        [0;34;40mfit/sigreg_loss[0m         |         [0;32;40m2.3125[0m        |
|      [0;34;40mfit/structured_loss[0m       |  [0;32;40m0.011452418752014637[0m |
|      [0;34;40mhardware/cpu_percent[0m      |   [0;32;40m47.29999923706055[0m   |
|    [0;34;40mhardware/disk_read_mb_s[0m     | [0;32;40m0.0007810441893525422[0m |
|    [0;34;40mhardware/disk_write_mb_s[0m    |   [0;32;40m98.26394653320312[0m   |
|     [0;34;40mhardware/net_recv_mb_s[0m     |  [0;32;40m0.03121659718453884[0m  |
|     [0;34;40mhardware/net_sent_mb_s[0m     |  [0;32;40m0.032353077083826065[0m |
|      [0;34;40mhardware/ram_used_gb[0m      |    [0;32;40m256.687255859375[0m   |
|     [0;34;40mhardware/ram_used_pct[0m      |          [0;32;40m25.5[0m         |
|      [0;34;40mhparams/lr_default_0[0m      | [0;32;40m4.867013558396138e-06[0m |
|         [0;34;40mvalidate/loss[0m          |   [0;32;40m0.2951850891113281[0m  |
|      [0;34;40mvalidate/loss_epoch[0m       |   [0;32;40m0.2951850891113281[0m  |
|       [0;34;40mvalidate/pred_loss[0m       |  [0;32;40m0.04884297028183937[0m  |
|    [0;34;40mvalidate/pred_loss_epoch[0m    |  [0;32;40m0.04884297028183937[0m  |
|      [0;34;40mvalidate/sigreg_loss[0m      |   [0;32;40m2.681492328643799[0m   |
|   [0;34;40mvalidate/sigreg_loss_epoch[0m   |   [0;32;40m2.681492328643799[0m   |
|    [0;34;40mvalidate/structured_loss[0m    |  [0;32;40m0.004939312115311623[0m |
| [0;34;40mvalidate/structured_loss_epoch[0m |  [0;32;40m0.004939312115311623[0m |
+--------------------------------+-----------------------+
[Epoch 15/20] done in 119.9s
09:45:26 | INFO  | checkpoint_~|   Checking for non PyTorch modules to save
09:45:26 | INFO  | atomic_chec~| [atomic_save] → /data1/likun-share/junjxu/.cache_stable-pretraining/runs/20260716/091234/c9e92c6de3de/checkpoints/epoch=15-step=4944.ckpt
09:45:27 | INFO  | atomic_chec~| [atomic_save] ✓ epoch=15-step=4944.ckpt saved (392.2 MiB, serialise=0.57s write=0.47s rename=0.1ms)
09:45:27 | INFO  | checkpoint_~|   Checking for non PyTorch modules to save
09:45:27 | INFO  | atomic_chec~| [atomic_save] → /data1/likun-share/junjxu/.cache_stable-pretraining/runs/20260716/091234/c9e92c6de3de/checkpoints/last.ckpt
09:45:28 | INFO  | atomic_chec~| [atomic_save] ✓ last.ckpt saved (392.2 MiB, serialise=0.54s write=0.52s rename=58.4ms)
[Epoch 16/20] step 50/309 (2.5 it/s)
[Epoch 16/20] step 100/309 (2.7 it/s)
[Epoch 16/20] step 150/309 (2.7 it/s)
[Epoch 16/20] step 200/309 (2.8 it/s)
[Epoch 16/20] step 250/309 (2.8 it/s)
[Epoch 16/20] step 300/309 (2.9 it/s)
09:47:27 | INFO  | trainer_inf~| \n+--------------------------------+-----------------------+
|             Metric             |         Value         |
+--------------------------------+-----------------------+
|            [0;34;40mfit/loss[0m            |   [0;32;40m0.2836569547653198[0m  |
|         [0;34;40mfit/pred_loss[0m          |  [0;32;40m0.05201990529894829[0m  |
|        [0;34;40mfit/sigreg_loss[0m         |        [0;32;40m2.265625[0m       |
|      [0;34;40mfit/structured_loss[0m       |  [0;32;40m0.027535483241081238[0m |
|      [0;34;40mhardware/cpu_percent[0m      |   [0;32;40m51.79999923706055[0m   |
|    [0;34;40mhardware/disk_read_mb_s[0m     | [0;32;40m0.0007810296956449747[0m |
|    [0;34;40mhardware/disk_write_mb_s[0m    |   [0;32;40m19.453887939453125[0m  |
|     [0;34;40mhardware/net_recv_mb_s[0m     |  [0;32;40m0.03710673004388809[0m  |
|     [0;34;40mhardware/net_sent_mb_s[0m     |  [0;32;40m0.038315266370773315[0m |
|      [0;34;40mhardware/ram_used_gb[0m      |   [0;32;40m250.33103942871094[0m  |
|     [0;34;40mhardware/ram_used_pct[0m      |   [0;32;40m24.899999618530273[0m  |
|      [0;34;40mhparams/lr_default_0[0m      |  [0;32;40m2.77840081253089e-06[0m |
|         [0;34;40mvalidate/loss[0m          |   [0;32;40m0.2908323109149933[0m  |
|      [0;34;40mvalidate/loss_epoch[0m       |   [0;32;40m0.2908323109149933[0m  |
|       [0;34;40mvalidate/pred_loss[0m       |  [0;32;40m0.047331444919109344[0m |
|    [0;34;40mvalidate/pred_loss_epoch[0m    |  [0;32;40m0.047331444919109344[0m |
|      [0;34;40mvalidate/sigreg_loss[0m      |   [0;32;40m2.6563637256622314[0m  |
|   [0;34;40mvalidate/sigreg_loss_epoch[0m   |   [0;32;40m2.6563637256622314[0m  |
|    [0;34;40mvalidate/structured_loss[0m    |  [0;32;40m0.004508172627538443[0m |
| [0;34;40mvalidate/structured_loss_epoch[0m |  [0;32;40m0.004508172627538443[0m |
+--------------------------------+-----------------------+
[Epoch 16/20] done in 119.4s
09:47:28 | INFO  | checkpoint_~|   Checking for non PyTorch modules to save
09:47:28 | INFO  | atomic_chec~| [atomic_save] → /data1/likun-share/junjxu/.cache_stable-pretraining/runs/20260716/091234/c9e92c6de3de/checkpoints/epoch=16-step=5253.ckpt
09:47:29 | INFO  | atomic_chec~| [atomic_save] ✓ epoch=16-step=5253.ckpt saved (392.2 MiB, serialise=0.61s write=0.50s rename=0.1ms)
09:47:29 | INFO  | checkpoint_~|   Checking for non PyTorch modules to save
09:47:29 | INFO  | atomic_chec~| [atomic_save] → /data1/likun-share/junjxu/.cache_stable-pretraining/runs/20260716/091234/c9e92c6de3de/checkpoints/last.ckpt
09:47:30 | INFO  | atomic_chec~| [atomic_save] ✓ last.ckpt saved (392.2 MiB, serialise=0.56s write=0.47s rename=71.6ms)
[Epoch 17/20] step 50/309 (2.5 it/s)
[Epoch 17/20] step 100/309 (2.7 it/s)
[Epoch 17/20] step 150/309 (2.8 it/s)
[Epoch 17/20] step 200/309 (2.8 it/s)
[Epoch 17/20] step 250/309 (2.8 it/s)
[Epoch 17/20] step 300/309 (2.9 it/s)
09:49:29 | INFO  | trainer_inf~| \n+--------------------------------+------------------------+
|             Metric             |         Value          |
+--------------------------------+------------------------+
|            [0;34;40mfit/loss[0m            |   [0;32;40m0.2668907046318054[0m   |
|         [0;34;40mfit/pred_loss[0m          |  [0;32;40m0.05065047740936279[0m   |
|        [0;34;40mfit/sigreg_loss[0m         |        [0;32;40m2.296875[0m        |
|      [0;34;40mfit/structured_loss[0m       |  [0;32;40m0.009208962321281433[0m  |
|      [0;34;40mhardware/cpu_percent[0m      |          [0;32;40m51.0[0m          |
|    [0;34;40mhardware/disk_read_mb_s[0m     | [0;32;40m0.0023428478743880987[0m  |
|    [0;34;40mhardware/disk_write_mb_s[0m    |   [0;32;40m32.44102478027344[0m    |
|     [0;34;40mhardware/net_recv_mb_s[0m     |  [0;32;40m0.02852076105773449[0m   |
|     [0;34;40mhardware/net_sent_mb_s[0m     |   [0;32;40m0.0647159293293953[0m   |
|      [0;34;40mhardware/ram_used_gb[0m      |   [0;32;40m249.42276000976562[0m   |
|     [0;34;40mhardware/ram_used_pct[0m      |   [0;32;40m24.799999237060547[0m   |
|      [0;34;40mhparams/lr_default_0[0m      | [0;32;40m1.2478984672270599e-06[0m |
|         [0;34;40mvalidate/loss[0m          |   [0;32;40m0.2960628867149353[0m   |
|      [0;34;40mvalidate/loss_epoch[0m       |   [0;32;40m0.2960628867149353[0m   |
|       [0;34;40mvalidate/pred_loss[0m       |  [0;32;40m0.04920941963791847[0m   |
|    [0;34;40mvalidate/pred_loss_epoch[0m    |  [0;32;40m0.04920941963791847[0m   |
|      [0;34;40mvalidate/sigreg_loss[0m      |   [0;32;40m2.6999738216400146[0m   |
|   [0;34;40mvalidate/sigreg_loss_epoch[0m   |   [0;32;40m2.6999738216400146[0m   |
|    [0;34;40mvalidate/structured_loss[0m    |  [0;32;40m0.003907885402441025[0m  |
| [0;34;40mvalidate/structured_loss_epoch[0m |  [0;32;40m0.003907885402441025[0m  |
+--------------------------------+------------------------+
[Epoch 17/20] done in 119.2s
09:49:29 | INFO  | checkpoint_~|   Checking for non PyTorch modules to save
09:49:29 | INFO  | atomic_chec~| [atomic_save] → /data1/likun-share/junjxu/.cache_stable-pretraining/runs/20260716/091234/c9e92c6de3de/checkpoints/epoch=17-step=5562.ckpt
09:49:30 | INFO  | atomic_chec~| [atomic_save] ✓ epoch=17-step=5562.ckpt saved (392.2 MiB, serialise=0.57s write=0.49s rename=0.1ms)
09:49:31 | INFO  | checkpoint_~|   Checking for non PyTorch modules to save
09:49:31 | INFO  | atomic_chec~| [atomic_save] → /data1/likun-share/junjxu/.cache_stable-pretraining/runs/20260716/091234/c9e92c6de3de/checkpoints/last.ckpt
09:49:32 | INFO  | atomic_chec~| [atomic_save] ✓ last.ckpt saved (392.2 MiB, serialise=0.57s write=0.51s rename=62.6ms)
[Epoch 18/20] step 50/309 (2.4 it/s)
[Epoch 18/20] step 100/309 (2.7 it/s)
[Epoch 18/20] step 150/309 (2.8 it/s)
[Epoch 18/20] step 200/309 (2.9 it/s)
[Epoch 18/20] step 250/309 (2.9 it/s)
[Epoch 18/20] step 300/309 (3.0 it/s)
09:51:24 | INFO  | trainer_inf~| \n+--------------------------------+-----------------------+
|             Metric             |         Value         |
+--------------------------------+-----------------------+
|            [0;34;40mfit/loss[0m            |   [0;32;40m0.2604086399078369[0m  |
|         [0;34;40mfit/pred_loss[0m          |  [0;32;40m0.050207965075969696[0m |
|        [0;34;40mfit/sigreg_loss[0m         |          [0;32;40m2.25[0m         |
|      [0;34;40mfit/structured_loss[0m       |  [0;32;40m0.008052228018641472[0m |
|      [0;34;40mhardware/cpu_percent[0m      |   [0;32;40m39.70000076293945[0m   |
|    [0;34;40mhardware/disk_read_mb_s[0m     |  [0;32;40m0.23234820365905762[0m  |
|    [0;34;40mhardware/disk_write_mb_s[0m    |   [0;32;40m19.846832275390625[0m  |
|     [0;34;40mhardware/net_recv_mb_s[0m     |  [0;32;40m0.02992081828415394[0m  |
|     [0;34;40mhardware/net_sent_mb_s[0m     |  [0;32;40m0.03042972832918167[0m  |
|      [0;34;40mhardware/ram_used_gb[0m      |   [0;32;40m187.24098205566406[0m  |
|     [0;34;40mhardware/ram_used_pct[0m      |   [0;32;40m18.600000381469727[0m  |
|      [0;34;40mhparams/lr_default_0[0m      | [0;32;40m3.139458613077295e-07[0m |
|         [0;34;40mvalidate/loss[0m          |  [0;32;40m0.29437685012817383[0m  |
|      [0;34;40mvalidate/loss_epoch[0m       |  [0;32;40m0.29437685012817383[0m  |
|       [0;34;40mvalidate/pred_loss[0m       |  [0;32;40m0.047069139778614044[0m |
|    [0;34;40mvalidate/pred_loss_epoch[0m    |  [0;32;40m0.047069139778614044[0m |
|      [0;34;40mvalidate/sigreg_loss[0m      |   [0;32;40m2.697618246078491[0m   |
|   [0;34;40mvalidate/sigreg_loss_epoch[0m   |   [0;32;40m2.697618246078491[0m   |
|    [0;34;40mvalidate/structured_loss[0m    |  [0;32;40m0.004514504689723253[0m |
| [0;34;40mvalidate/structured_loss_epoch[0m |  [0;32;40m0.004514504689723253[0m |
+--------------------------------+-----------------------+
[Epoch 18/20] done in 112.8s
09:51:25 | INFO  | checkpoint_~|   Checking for non PyTorch modules to save
09:51:25 | INFO  | atomic_chec~| [atomic_save] → /data1/likun-share/junjxu/.cache_stable-pretraining/runs/20260716/091234/c9e92c6de3de/checkpoints/epoch=18-step=5871.ckpt
09:51:25 | INFO  | atomic_chec~| [atomic_save] ✓ epoch=18-step=5871.ckpt saved (392.2 MiB, serialise=0.47s write=0.42s rename=0.1ms)
09:51:26 | INFO  | checkpoint_~|   Checking for non PyTorch modules to save
09:51:26 | INFO  | atomic_chec~| [atomic_save] → /data1/likun-share/junjxu/.cache_stable-pretraining/runs/20260716/091234/c9e92c6de3de/checkpoints/last.ckpt
09:51:26 | INFO  | atomic_chec~| [atomic_save] ✓ last.ckpt saved (392.2 MiB, serialise=0.45s write=0.41s rename=54.7ms)
[Epoch 19/20] step 50/309 (3.1 it/s)
[Epoch 19/20] step 100/309 (3.4 it/s)
[Epoch 19/20] step 150/309 (3.5 it/s)
[Epoch 19/20] step 200/309 (3.6 it/s)
[Epoch 19/20] step 250/309 (3.6 it/s)
[Epoch 19/20] step 300/309 (3.6 it/s)
09:53:01 | INFO  | trainer_inf~| \n+--------------------------------+-----------------------+
|             Metric             |         Value         |
+--------------------------------+-----------------------+
|            [0;34;40mfit/loss[0m            |  [0;32;40m0.24692490696907043[0m  |
|         [0;34;40mfit/pred_loss[0m          |  [0;32;40m0.047519467771053314[0m |
|        [0;34;40mfit/sigreg_loss[0m         |        [0;32;40m2.171875[0m       |
|      [0;34;40mfit/structured_loss[0m       |  [0;32;40m0.004092929884791374[0m |
|      [0;34;40mhardware/cpu_percent[0m      |   [0;32;40m27.100000381469727[0m  |
|    [0;34;40mhardware/disk_read_mb_s[0m     | [0;32;40m0.0007810177630744874[0m |
|    [0;34;40mhardware/disk_write_mb_s[0m    |   [0;32;40m0.8677107095718384[0m  |
|     [0;34;40mhardware/net_recv_mb_s[0m     |  [0;32;40m0.02557671070098877[0m  |
|     [0;34;40mhardware/net_sent_mb_s[0m     |  [0;32;40m0.05998096242547035[0m  |
|      [0;34;40mhardware/ram_used_gb[0m      |   [0;32;40m126.87541198730469[0m  |
|     [0;34;40mhardware/ram_used_pct[0m      |   [0;32;40m12.600000381469727[0m  |
|      [0;34;40mhparams/lr_default_0[0m      |          [0;32;40m0.0[0m          |
|         [0;34;40mvalidate/loss[0m          |  [0;32;40m0.29067516326904297[0m  |
|      [0;34;40mvalidate/loss_epoch[0m       |  [0;32;40m0.29067516326904297[0m  |
|       [0;34;40mvalidate/pred_loss[0m       |  [0;32;40m0.045673761516809464[0m |
|    [0;34;40mvalidate/pred_loss_epoch[0m    |  [0;32;40m0.045673761516809464[0m |
|      [0;34;40mvalidate/sigreg_loss[0m      |   [0;32;40m2.6802096366882324[0m  |
|   [0;34;40mvalidate/sigreg_loss_epoch[0m   |   [0;32;40m2.6802096366882324[0m  |
|    [0;34;40mvalidate/structured_loss[0m    | [0;32;40m0.0037407204508781433[0m |
| [0;34;40mvalidate/structured_loss_epoch[0m | [0;32;40m0.0037407204508781433[0m |
+--------------------------------+-----------------------+
[Epoch 19/20] done in 94.7s
09:53:01 | INFO  | checkpoint_~|   Checking for non PyTorch modules to save
09:53:01 | INFO  | atomic_chec~| [atomic_save] → /data1/likun-share/junjxu/.cache_stable-pretraining/runs/20260716/091234/c9e92c6de3de/checkpoints/epoch=19-step=6180.ckpt
09:53:02 | INFO  | atomic_chec~| [atomic_save] ✓ epoch=19-step=6180.ckpt saved (392.2 MiB, serialise=0.40s write=0.36s rename=0.0ms)
09:53:02 | INFO  | checkpoint_~|   Checking for non PyTorch modules to save
09:53:02 | INFO  | atomic_chec~| [atomic_save] → /data1/likun-share/junjxu/.cache_stable-pretraining/runs/20260716/091234/c9e92c6de3de/checkpoints/last.ckpt
09:53:03 | INFO  | atomic_chec~| [atomic_save] ✓ last.ckpt saved (392.2 MiB, serialise=0.39s write=0.36s rename=46.0ms)
`Trainer.fit` stopped: `max_epochs=20` reached.
09:53:03 | OK    | env_info.py | ✓ NVIDIA Driver: 580.65.06
09:53:03 | OK    | env_info.py | ✓ Git: main @ 7f19b8e3
09:53:03 | INFO  | env_info.py |   Remote: git@github.com-xuustc99:XuUSTC99/wm.git
09:53:03 | WARN  | env_info.py | ! Working directory has uncommitted changes
09:53:03 | OK    | env_info.py | ✓ Environment: 4 relevant variables captured
09:53:03 | INFO  | env_info.py |   Serializing environment data...
09:53:03 | INFO  | env_info.py |   File exists, using version 459: environment_v459.json
09:53:03 | INFO  | env_info.py |   File exists, using version 461: requirements_frozen_v461.txt
09:53:03 | INFO  | env_info.py |   Save directory: /home/likun-share/.cache/stable-pretraining
09:53:03 | INFO  | env_info.py |   Writing environment to temp file...
09:53:03 | INFO  | env_info.py |   Moving to: environment_v459.json
09:53:03 | OK    | env_info.py | ✓ Environment file saved (2.5 KB)
09:53:03 | OK    | env_info.py | ✓ Requirements file saved (0.1 KB)
Epoch 19/19 ━━━━━━━━━━━━━━━━━━━━━━━━━━━━━━━ 309/309 0:01:24 • 0:00:00 3.83it/s 
09:53:03 | INFO  | utils.py    | ── SignalHandlers (after Trainer.fit() returned) ──
09:53:03 | INFO  | manager.py  |   SIGUSR1  → SIG_IGN (ignored)
09:53:03 | INFO  | manager.py  |   SIGUSR2  → SIG_IGN (ignored)
09:53:03 | INFO  | manager.py  |   SIGCONT  → SIG_DFL (default OS action — terminate process)
09:53:03 | INFO  | manager.py  |   SIGTERM  → SIG_DFL (default OS action — terminate process)
