00:34:18 | INFO  | __init__.py | PyTorch version 2.9.1+cu128 available.
00:34:18 | INFO  | __init__.py | JAX version 0.6.2 available.
00:34:27 | INFO  | atomic_chec~| [atomic_save] installed crash-safe checkpoint plugin (write to sibling .tmp + fsync + atomic rename)
[2026-07-16 00:34:27,451][root][INFO] - Cached 'action' from '/data1/likun-share/junjxu/.stable_worldmodel/datasets/phyworld_collision_id1k.h5'
[2026-07-16 00:34:27,452][root][INFO] - Cached 'proprio' from '/data1/likun-share/junjxu/.stable_worldmodel/datasets/phyworld_collision_id1k.h5'
[2026-07-16 00:34:27,453][root][INFO] - Cached 'state' from '/data1/likun-share/junjxu/.stable_worldmodel/datasets/phyworld_collision_id1k.h5'
Loading weights:   0%|          | 0/223 [00:00<?, ?it/s]Loading weights: 100%|██████████| 223/223 [00:00<00:00, 6061.92it/s]
[encoder_type=dinov2] frozen DINOv2 backbone from /data1/likun-share/junjxu/.stable_worldmodel/hf_dinov2_small (hidden=384)
[freeze_encoder] froze 223 encoder param tensors (encoder kept at init)
00:34:28 | INFO  | module.py   | Setting up DataModule
00:34:28 | INFO  | utils.py    | ── Module ────────────────────────────────────────
00:34:28 | WARN  | module.py   | ! No hyperparameters provided - hyperparameter logging is disabled.
00:34:28 | INFO  | module.py   |   Setting custom forward method.
00:34:28 | INFO  | module.py   |   Setting attribute: self.model = <class 'jepa.JEPA'>
00:34:28 | INFO  | module.py   |   Setting attribute: self.sigreg = <class 'module.SIGReg'>
00:34:28 | INFO  | module.py   |   Setting attribute: self.optim = <class 'dict'>
00:34:28 | INFO  | module.py   |   No metrics configuration provided - automatic metric tracking is disabled.
/home/likun-share/junjxu/wm/le-wm/.venv/lib/python3.10/site-packages/lightning/fabric/connector.py:571: `precision=bf16` is supported for historical reasons but its usage is discouraged. Please set your precision to bf16-mixed instead!
Using bfloat16 Automatic Mixed Precision (AMP)
00:34:28 | INFO  | env_info.py |   EnvironmentDumpCallback initialized (filename=environment.json, async=True)
00:34:28 | INFO  | utils.py    | ── HuggingFaceCheckpoint ─────────────────────────
00:34:28 | INFO  | hf_models.py|   save_dir: <cyan>hf_exports</cyan>
00:34:28 | INFO  | hf_models.py|   per_step: <cyan>False</cyan>  (False ⇒ overwrite single 'last/' subdir; True ⇒ keep step_N/)
Adding 14 callbacks from entry point 'stablepretraining_callbacks': PrintProgressBar, ModuleRegistryCallback, LoggingCallback, EnvironmentDumpCallback, TrainerInfo, SklearnCheckpoint, WandbCheckpoint, TrackioCheckpoint, SwanLabCheckpoint, ModuleSummary, SLURMInfo, LogUnusedParametersOnce, HuggingFaceCheckpointCallback, HardwareMonitor
GPU available: True (cuda), used: True
TPU available: False, using: 0 TPU cores
💡 Tip: For seamless cloud logging and experiment tracking, try installing [litlogger](https://pypi.org/project/litlogger/) to enable LitLogger, which logs metrics and artifacts automatically to the Lightning Experiments platform.
00:34:28 | INFO  | utils.py    | ── SIGTERM preempt handler — install ─────────────
00:34:28 | INFO  | manager.py  |   SLURM_JOB_ID         = None
00:34:28 | INFO  | manager.py  |   SLURM_RESTART_COUNT  = '0'
00:34:28 | INFO  | manager.py  |   SLURM_PROCID         = '?'
00:34:28 | INFO  | manager.py  |   SLURM_NODEID         = '?'
00:34:28 | INFO  | manager.py  |   → not under SLURM (SLURM_JOB_ID unset); leaving SIGTERM handler as-is. Forwarding to submitit's USR signal would be a no-op since submitit isn't running upstream.
00:34:28 | WARN  | manager.py  | User didn't specify seed, runs won't be exactly reproducible!
00:34:28 | INFO  | manager.py  |   Manager init: ckpt_path=None, weights_only=True
00:34:28 | INFO  | utils.py    | ── WorkingDirectory ──────────────────────────────
00:34:28 | INFO  | manager.py  |   cwd: /home/likun-share/junjxu/wm/le-wm
00:34:28 | INFO  | utils.py    | ── Seed ──────────────────────────────────────────
00:34:28 | INFO  | manager.py  |   seed: None
/home/likun-share/junjxu/wm/le-wm/.venv/lib/python3.10/site-packages/lightning/fabric/utilities/seed.py:44: No seed found, seed set to 0
Seed set to 0
00:34:28 | INFO  | utils.py    | ── RunDirectory ──────────────────────────────────
00:34:28 | INFO  | manager.py  |   cache_dir = /data1/likun-share/junjxu/.cache_stable-pretraining
00:34:28 | INFO  | manager.py  |   ddp: launch_key=(single-process) rank=0 is_rank_zero=True
00:34:28 | INFO  | utils.py    | ── RunDirectory: requeue probe ───────────────────
00:34:28 | INFO  | manager.py  |   SLURM session key   = (no SLURM)
00:34:28 | INFO  | manager.py  |   SLURM_RESTART_COUNT = 0
00:34:28 | INFO  | manager.py  |   in_requeue          = False
00:34:28 | INFO  | utils.py    | ── RunDirectory: fresh ───────────────────────────
00:34:28 | INFO  | manager.py  |   no user ckpt_path — training from scratch / pretrained backbone.
00:34:28 | INFO  | manager.py  |   created run_dir = /data1/likun-share/junjxu/.cache_stable-pretraining/runs/20260716/003428/955e5eb09018
00:34:28 | INFO  | manager.py  |   wrote run_meta.json with run_id=955e5eb09018
00:34:28 | INFO  | manager.py  |   SLURM index = (no SLURM, skipped)
00:34:28 | WARN  | manager.py  | ! cache_dir is set but the Trainer was passed as an already-instantiated object. Cannot override default_root_dir cleanly. Consider passing the trainer as a config dict instead.
00:34:28 | WARN  | manager.py  | ! Hydra run.dir='outputs/2026-07-16/00-34-27' will be ignored for trainer outputs (cache_dir takes precedence).
00:34:28 | WARN  | manager.py  | ! Hydra sweep.dir='multirun/2026-07-16/00-34-27' will be ignored for trainer outputs (cache_dir takes precedence).
00:34:28 | INFO  | logger.py   | [RegistryLogger] run_id=955e5eb09018 run_dir=/data1/likun-share/junjxu/.cache_stable-pretraining/runs/20260716/003428/955e5eb09018 — sidecar.json + summary.json + metrics.csv will live here
00:34:28 | INFO  | utils.py    | ── RegistryLogger ────────────────────────────────
00:34:28 | INFO  | manager.py  |   run_dir: /data1/likun-share/junjxu/.cache_stable-pretraining/runs/20260716/003428/955e5eb09018
00:34:28 | INFO  | manager.py  |   run_id:  955e5eb09018
00:34:28 | INFO  | utils.py    | ── CSVLogger ─────────────────────────────────────
00:34:28 | INFO  | manager.py  |   root_dir: /data1/likun-share/junjxu/.cache_stable-pretraining/runs/20260716/003428/955e5eb09018/
00:34:28 | INFO  | manager.py  |   save_dir: /data1/likun-share/junjxu/.cache_stable-pretraining/runs/20260716/003428/955e5eb09018
00:34:28 | INFO  | manager.py  |   log_dir: /data1/likun-share/junjxu/.cache_stable-pretraining/runs/20260716/003428/955e5eb09018/
00:34:28 | INFO  | utils.py    | ── SignalHandlers (after submitit setup (spt SIGTERM installed in __init__)) ──
00:34:28 | INFO  | manager.py  |   SIGUSR1  → SIG_IGN (ignored)
00:34:28 | INFO  | manager.py  |   SIGUSR2  → SIG_IGN (ignored)
00:34:28 | INFO  | manager.py  |   SIGCONT  → SIG_DFL (default OS action — terminate process)
00:34:28 | INFO  | manager.py  |   SIGTERM  → SIG_DFL (default OS action — terminate process)
00:34:28 | INFO  | utils.py    | ── Callbacks ─────────────────────────────────────
00:34:28 | INFO  | manager.py  |   count: 19
00:34:28 | INFO  | utils.py    | ── CacheDirCheckpointing ─────────────────────────
00:34:28 | INFO  | manager.py  |   Saving checkpoints to: /data1/likun-share/junjxu/.cache_stable-pretraining/runs/20260716/003428/955e5eb09018/checkpoints
00:34:28 | WARN  | manager.py  |   Redirecting HuggingFaceCheckpointCallback from 'hf_exports' to '/data1/likun-share/junjxu/.cache_stable-pretraining/runs/20260716/003428/955e5eb09018/hf_exports' (cache_dir is active — prevents races on a shared cache)
00:34:28 | INFO  | manager.py  |   Added requeue checkpoint (filename='last')
00:34:28 | INFO  | utils.py    | ── LoadPath resolution ───────────────────────────
00:34:28 | INFO  | manager.py  |   in_requeue = False
00:34:28 | INFO  | manager.py  |   user ckpt_path = None
00:34:28 | INFO  | manager.py  |   user weights_only = True
00:34:28 | INFO  | manager.py  |   → no ckpt_path; training from scratch.
00:34:28 | INFO  | utils.py    | ── TrainerFit ────────────────────────────────────
00:34:28 | INFO  | manager.py  |   ckpt_path:     None
00:34:28 | INFO  | manager.py  |   weights_only:  None
00:34:28 | INFO  | utils.py    | ── SignalHandlers (before Trainer.fit() (handler installed in __init__)) ──
00:34:28 | INFO  | manager.py  |   SIGUSR1  → SIG_IGN (ignored)
00:34:28 | INFO  | manager.py  |   SIGUSR2  → SIG_IGN (ignored)
00:34:28 | INFO  | manager.py  |   SIGCONT  → SIG_DFL (default OS action — terminate process)
00:34:28 | INFO  | manager.py  |   SIGTERM  → SIG_DFL (default OS action — terminate process)
00:34:28 | INFO  | manager.py  |   → entering Trainer.fit(); lightning's _SignalConnector will now register its own handlers. SIGTERM will become _HandlersCompose([_sigterm_notifier_fn, _sigterm_handler_fn, spt._handler]); USR-sig binding from submitit is preserved (lightning skips USR registration when one already exists).
💡 Tip: For seamless cloud uploads and versioning, try installing [litmodels](https://pypi.org/project/litmodels/) to enable LitModelCheckpoint, which syncs automatically with the Lightning model registry.
You are using a CUDA device ('NVIDIA A800-SXM4-80GB') that has Tensor Cores. To properly utilize them, you should set `torch.set_float32_matmul_precision('medium' | 'high')` which will trade-off precision for performance. For more details, read https://pytorch.org/docs/stable/generated/torch.set_float32_matmul_precision.html#torch.set_float32_matmul_precision
00:34:29 | OK    | module.py   | ✓ dataset for fit loaded
00:34:29 | INFO  | module.py   |   setup was done by user
00:34:29 | INFO  | utils.py    | ── EnvironmentDump ───────────────────────────────
00:34:29 | INFO  | env_info.py |   log_dir: /home/likun-share/.cache/stable-pretraining
00:34:29 | INFO  | env_info.py |   Running environment dump in background thread (non-blocking)
00:34:29 | INFO  | env_info.py |   Collecting environment information...
00:34:29 | OK    | env_info.py | ✓ Background thread started successfully
00:34:29 | OK    | env_info.py | ✓ Python 3.10.12
00:34:29 | INFO  | trainer_inf~|   linking trainer to DataModule
00:34:29 | OK    | env_info.py | ✓ System: Linux 5.15.0-113-generic (x86_64)
00:34:29 | INFO  | utils.py    | ── Callbacks (in order) ──────────────────────────
00:34:29 | INFO  | env_info.py |   Hostname: 10-116-90-13
00:34:29 | INFO  | utils.py    |     [ 0] ModelObjectCallBack
00:34:29 | INFO  | utils.py    |     [ 1] RichProgressBar
00:34:29 | INFO  | utils.py    |     [ 2] RichModelSummary
00:34:29 | INFO  | utils.py    |     [ 3] PrintProgressBar
00:34:29 | INFO  | utils.py    |     [ 4] ModuleRegistryCallback
00:34:29 | INFO  | utils.py    |     [ 5] LoggingCallback
00:34:29 | INFO  | utils.py    |     [ 6] EnvironmentDumpCallback
00:34:29 | INFO  | utils.py    |     [ 7] TrainerInfo
00:34:29 | INFO  | utils.py    |     [ 8] SklearnCheckpoint
00:34:29 | INFO  | utils.py    |     [ 9] WandbCheckpoint
00:34:29 | INFO  | utils.py    |     [10] TrackioCheckpoint
00:34:29 | INFO  | utils.py    |     [11] SwanLabCheckpoint
00:34:29 | INFO  | utils.py    |     [12] ModuleSummary
00:34:29 | INFO  | utils.py    |     [13] SLURMInfo
00:34:29 | INFO  | utils.py    |     [14] LogUnusedParametersOnce
00:34:29 | INFO  | utils.py    |     [15] HuggingFaceCheckpointCallback
00:34:29 | INFO  | utils.py    |     [16] HardwareMonitor
00:34:29 | INFO  | utils.py    |     [17] ModelCheckpoint
00:34:29 | INFO  | utils.py    |     [18] _RunDirCallback
00:34:29 | INFO  | utils.py    |     [19] ModelCheckpoint
00:34:29 | INFO  | utils.py    |   ⚑ marks order-sensitive callbacks; see AGENTS.md → Callback ordering for the full rules.
00:34:29 | INFO  | utils.py    | ── SklearnCheckpoint ─────────────────────────────
00:34:29 | INFO  | checkpoint_~|   Sklearn Modules:
00:34:29 | INFO  | checkpoint_~| 
┏━━━━━━━━━━┳━━━━━━━━┳━━━━━━━━┓
┃ Module   ┃ Name   ┃ Type   ┃
┣━━━━━━━━━━╋━━━━━━━━╋━━━━━━━━┫
┗━━━━━━━━━━┻━━━━━━━━┻━━━━━━━━┛
00:34:29 | INFO  | utils.py    | ── WandbCheckpoint ───────────────────────────────
00:34:29 | INFO  | utils.py    | ── TrackioCheckpoint ─────────────────────────────
00:34:29 | INFO  | utils.py    | ── SwanLabCheckpoint ─────────────────────────────
00:34:29 | INFO  | utils.py    | ── PyTorch Modules ───────────────────────────────
00:34:29 | WARN  | module.py   | ! You are calling self.parameters which also gives callbacks parameters, to remove them, pass `with_callbacks=False`
00:34:29 | INFO  | trainer_inf~| \n+----------------------------------------------------------+----------------------+--------------------------+--------------------------+---------+
| Module                                                   | Trainable parameters | Non Trainable parameters | Uninitialized parameters | Buffers |
+----------------------------------------------------------+----------------------+--------------------------+--------------------------+---------+
|                                                          |             26901174 |                 22056576 |                        0 |    8245 |
| callbacks_modules                                        |                    0 |                        0 |                        0 |       0 |
| callbacks_metrics                                        |                    0 |                        0 |                        0 |       0 |
| model                                                    |             26901174 |                 22056576 |                        0 |    8194 |
| model.encoder                                            |                    0 |                 22056576 |                        0 |       0 |
| model.encoder.embeddings                                 |                    0 |                   753024 |                        0 |       0 |
| model.encoder.embeddings.patch_embeddings                |                    0 |                   226176 |                        0 |       0 |
| model.encoder.embeddings.patch_embeddings.projection     |                    0 |                   226176 |                        0 |       0 |
| model.encoder.embeddings.dropout                         |                    0 |                        0 |                        0 |       0 |
| model.encoder.encoder                                    |                    0 |                 21302784 |                        0 |       0 |
| model.encoder.encoder.layer                              |                    0 |                 21302784 |                        0 |       0 |
| model.encoder.encoder.layer.0                            |                    0 |                  1775232 |                        0 |       0 |
| model.encoder.encoder.layer.0.norm1                      |                    0 |                      768 |                        0 |       0 |
| model.encoder.encoder.layer.0.attention                  |                    0 |                   591360 |                        0 |       0 |
| model.encoder.encoder.layer.0.attention.attention        |                    0 |                   443520 |                        0 |       0 |
| model.encoder.encoder.layer.0.attention.attention.query  |                    0 |                   147840 |                        0 |       0 |
| model.encoder.encoder.layer.0.attention.attention.key    |                    0 |                   147840 |                        0 |       0 |
| model.encoder.encoder.layer.0.attention.attention.value  |                    0 |                   147840 |                        0 |       0 |
| model.encoder.encoder.layer.0.attention.output           |                    0 |                   147840 |                        0 |       0 |
| model.encoder.encoder.layer.0.attention.output.dense     |                    0 |                   147840 |                        0 |       0 |
| model.encoder.encoder.layer.0.attention.output.dropout   |                    0 |                        0 |                        0 |       0 |
| model.encoder.encoder.layer.0.layer_scale1               |                    0 |                      384 |                        0 |       0 |
| model.encoder.encoder.layer.0.drop_path                  |                    0 |                        0 |                        0 |       0 |
| model.encoder.encoder.layer.0.norm2                      |                    0 |                      768 |                        0 |       0 |
| model.encoder.encoder.layer.0.mlp                        |                    0 |                  1181568 |                        0 |       0 |
| model.encoder.encoder.layer.0.mlp.fc1                    |                    0 |                   591360 |                        0 |       0 |
| model.encoder.encoder.layer.0.mlp.activation             |                    0 |                        0 |                        0 |       0 |
| model.encoder.encoder.layer.0.mlp.fc2                    |                    0 |                   590208 |                        0 |       0 |
| model.encoder.encoder.layer.0.layer_scale2               |                    0 |                      384 |                        0 |       0 |
| model.encoder.encoder.layer.1                            |                    0 |                  1775232 |                        0 |       0 |
| model.encoder.encoder.layer.1.norm1                      |                    0 |                      768 |                        0 |       0 |
| model.encoder.encoder.layer.1.attention                  |                    0 |                   591360 |                        0 |       0 |
| model.encoder.encoder.layer.1.attention.attention        |                    0 |                   443520 |                        0 |       0 |
| model.encoder.encoder.layer.1.attention.attention.query  |                    0 |                   147840 |                        0 |       0 |
| model.encoder.encoder.layer.1.attention.attention.key    |                    0 |                   147840 |                        0 |       0 |
| model.encoder.encoder.layer.1.attention.attention.value  |                    0 |                   147840 |                        0 |       0 |
| model.encoder.encoder.layer.1.attention.output           |                    0 |                   147840 |                        0 |       0 |
| model.encoder.encoder.layer.1.attention.output.dense     |                    0 |                   147840 |                        0 |       0 |
| model.encoder.encoder.layer.1.attention.output.dropout   |                    0 |                        0 |                        0 |       0 |
| model.encoder.encoder.layer.1.layer_scale1               |                    0 |                      384 |                        0 |       0 |
| model.encoder.encoder.layer.1.drop_path                  |                    0 |                        0 |                        0 |       0 |
| model.encoder.encoder.layer.1.norm2                      |                    0 |                      768 |                        0 |       0 |
| model.encoder.encoder.layer.1.mlp                        |                    0 |                  1181568 |                        0 |       0 |
| model.encoder.encoder.layer.1.mlp.fc1                    |                    0 |                   591360 |                        0 |       0 |
| model.encoder.encoder.layer.1.mlp.activation             |                    0 |                        0 |                        0 |       0 |
| model.encoder.encoder.layer.1.mlp.fc2                    |                    0 |                   590208 |                        0 |       0 |
| model.encoder.encoder.layer.1.layer_scale2               |                    0 |                      384 |                        0 |       0 |
| model.encoder.encoder.layer.2                            |                    0 |                  1775232 |                        0 |       0 |
| model.encoder.encoder.layer.2.norm1                      |                    0 |                      768 |                        0 |       0 |
| model.encoder.encoder.layer.2.attention                  |                    0 |                   591360 |                        0 |       0 |
| model.encoder.encoder.layer.2.attention.attention        |                    0 |                   443520 |                        0 |       0 |
| model.encoder.encoder.layer.2.attention.attention.query  |                    0 |                   147840 |                        0 |       0 |
| model.encoder.encoder.layer.2.attention.attention.key    |                    0 |                   147840 |                        0 |       0 |
| model.encoder.encoder.layer.2.attention.attention.value  |                    0 |                   147840 |                        0 |       0 |
| model.encoder.encoder.layer.2.attention.output           |                    0 |                   147840 |                        0 |       0 |
| model.encoder.encoder.layer.2.attention.output.dense     |                    0 |                   147840 |                        0 |       0 |
| model.encoder.encoder.layer.2.attention.output.dropout   |                    0 |                        0 |                        0 |       0 |
| model.encoder.encoder.layer.2.layer_scale1               |                    0 |                      384 |                        0 |       0 |
| model.encoder.encoder.layer.2.drop_path                  |                    0 |                        0 |                        0 |       0 |
| model.encoder.encoder.layer.2.norm2                      |                    0 |                      768 |                        0 |       0 |
| model.encoder.encoder.layer.2.mlp                        |                    0 |                  1181568 |                        0 |       0 |
| model.encoder.encoder.layer.2.mlp.fc1                    |                    0 |                   591360 |                        0 |       0 |
| model.encoder.encoder.layer.2.mlp.activation             |                    0 |                        0 |                        0 |       0 |
| model.encoder.encoder.layer.2.mlp.fc2                    |                    0 |                   590208 |                        0 |       0 |
| model.encoder.encoder.layer.2.layer_scale2               |                    0 |                      384 |                        0 |       0 |
| model.encoder.encoder.layer.3                            |                    0 |                  1775232 |                        0 |       0 |
| model.encoder.encoder.layer.3.norm1                      |                    0 |                      768 |                        0 |       0 |
| model.encoder.encoder.layer.3.attention                  |                    0 |                   591360 |                        0 |       0 |
| model.encoder.encoder.layer.3.attention.attention        |                    0 |                   443520 |                        0 |       0 |
| model.encoder.encoder.layer.3.attention.attention.query  |                    0 |                   147840 |                        0 |       0 |
| model.encoder.encoder.layer.3.attention.attention.key    |                    0 |                   147840 |                        0 |       0 |
| model.encoder.encoder.layer.3.attention.attention.value  |                    0 |                   147840 |                        0 |       0 |
| model.encoder.encoder.layer.3.attention.output           |                    0 |                   147840 |                        0 |       0 |
| model.encoder.encoder.layer.3.attention.output.dense     |                    0 |                   147840 |                        0 |       0 |
| model.encoder.encoder.layer.3.attention.output.dropout   |                    0 |                        0 |                        0 |       0 |
| model.encoder.encoder.layer.3.layer_scale1               |                    0 |                      384 |                        0 |       0 |
| model.encoder.encoder.layer.3.drop_path                  |                    0 |                        0 |                        0 |       0 |
| model.encoder.encoder.layer.3.norm2                      |                    0 |                      768 |                        0 |       0 |
| model.encoder.encoder.layer.3.mlp                        |                    0 |                  1181568 |                        0 |       0 |
| model.encoder.encoder.layer.3.mlp.fc1                    |                    0 |                   591360 |                        0 |       0 |
| model.encoder.encoder.layer.3.mlp.activation             |                    0 |                        0 |                        0 |       0 |
| model.encoder.encoder.layer.3.mlp.fc2                    |                    0 |                   590208 |                        0 |       0 |
| model.encoder.encoder.layer.3.layer_scale2               |                    0 |                      384 |                        0 |       0 |
| model.encoder.encoder.layer.4                            |                    0 |                  1775232 |                        0 |       0 |
| model.encoder.encoder.layer.4.norm1                      |                    0 |                      768 |                        0 |       0 |
| model.encoder.encoder.layer.4.attention                  |                    0 |                   591360 |                        0 |       0 |
| model.encoder.encoder.layer.4.attention.attention        |                    0 |                   443520 |                        0 |       0 |
| model.encoder.encoder.layer.4.attention.attention.query  |                    0 |                   147840 |                        0 |       0 |
| model.encoder.encoder.layer.4.attention.attention.key    |                    0 |                   147840 |                        0 |       0 |
| model.encoder.encoder.layer.4.attention.attention.value  |                    0 |                   147840 |                        0 |       0 |
| model.encoder.encoder.layer.4.attention.output           |                    0 |                   147840 |                        0 |       0 |
| model.encoder.encoder.layer.4.attention.output.dense     |                    0 |                   147840 |                        0 |       0 |
| model.encoder.encoder.layer.4.attention.output.dropout   |                    0 |                        0 |                        0 |       0 |
| model.encoder.encoder.layer.4.layer_scale1               |                    0 |                      384 |                        0 |       0 |
| model.encoder.encoder.layer.4.drop_path                  |                    0 |                        0 |                        0 |       0 |
| model.encoder.encoder.layer.4.norm2                      |                    0 |                      768 |                        0 |       0 |
| model.encoder.encoder.layer.4.mlp                        |                    0 |                  1181568 |                        0 |       0 |
| model.encoder.encoder.layer.4.mlp.fc1                    |                    0 |                   591360 |                        0 |       0 |
| model.encoder.encoder.layer.4.mlp.activation             |                    0 |                        0 |                        0 |       0 |
| model.encoder.encoder.layer.4.mlp.fc2                    |                    0 |                   590208 |                        0 |       0 |
| model.encoder.encoder.layer.4.layer_scale2               |                    0 |                      384 |                        0 |       0 |
| model.encoder.encoder.layer.5                            |                    0 |                  1775232 |                        0 |       0 |
| model.encoder.encoder.layer.5.norm1                      |                    0 |                      768 |                        0 |       0 |
| model.encoder.encoder.layer.5.attention                  |                    0 |                   591360 |                        0 |       0 |
| model.encoder.encoder.layer.5.attention.attention        |                    0 |                   443520 |                        0 |       0 |
| model.encoder.encoder.layer.5.attention.attention.query  |                    0 |                   147840 |                        0 |       0 |
| model.encoder.encoder.layer.5.attention.attention.key    |                    0 |                   147840 |                        0 |       0 |
| model.encoder.encoder.layer.5.attention.attention.value  |                    0 |                   147840 |                        0 |       0 |
| model.encoder.encoder.layer.5.attention.output           |                    0 |                   147840 |                        0 |       0 |
| model.encoder.encoder.layer.5.attention.output.dense     |                    0 |                   147840 |                        0 |       0 |
| model.encoder.encoder.layer.5.attention.output.dropout   |                    0 |                        0 |                        0 |       0 |
| model.encoder.encoder.layer.5.layer_scale1               |                    0 |                      384 |                        0 |       0 |
| model.encoder.encoder.layer.5.drop_path                  |                    0 |                        0 |                        0 |       0 |
| model.encoder.encoder.layer.5.norm2                      |                    0 |                      768 |                        0 |       0 |
| model.encoder.encoder.layer.5.mlp                        |                    0 |                  1181568 |                        0 |       0 |
| model.encoder.encoder.layer.5.mlp.fc1                    |                    0 |                   591360 |                        0 |       0 |
| model.encoder.encoder.layer.5.mlp.activation             |                    0 |                        0 |                        0 |       0 |
| model.encoder.encoder.layer.5.mlp.fc2                    |                    0 |                   590208 |                        0 |       0 |
| model.encoder.encoder.layer.5.layer_scale2               |                    0 |                      384 |                        0 |       0 |
| model.encoder.encoder.layer.6                            |                    0 |                  1775232 |                        0 |       0 |
| model.encoder.encoder.layer.6.norm1                      |                    0 |                      768 |                        0 |       0 |
| model.encoder.encoder.layer.6.attention                  |                    0 |                   591360 |                        0 |       0 |
| model.encoder.encoder.layer.6.attention.attention        |                    0 |                   443520 |                        0 |       0 |
| model.encoder.encoder.layer.6.attention.attention.query  |                    0 |                   147840 |                        0 |       0 |
| model.encoder.encoder.layer.6.attention.attention.key    |                    0 |                   147840 |                        0 |       0 |
| model.encoder.encoder.layer.6.attention.attention.value  |                    0 |                   147840 |                        0 |       0 |
| model.encoder.encoder.layer.6.attention.output           |                    0 |                   147840 |                        0 |       0 |
| model.encoder.encoder.layer.6.attention.output.dense     |                    0 |                   147840 |                        0 |       0 |
| model.encoder.encoder.layer.6.attention.output.dropout   |                    0 |                        0 |                        0 |       0 |
| model.encoder.encoder.layer.6.layer_scale1               |                    0 |                      384 |                        0 |       0 |
| model.encoder.encoder.layer.6.drop_path                  |                    0 |                        0 |                        0 |       0 |
| model.encoder.encoder.layer.6.norm2                      |                    0 |                      768 |                        0 |       0 |
| model.encoder.encoder.layer.6.mlp                        |                    0 |                  1181568 |                        0 |       0 |
| model.encoder.encoder.layer.6.mlp.fc1                    |                    0 |                   591360 |                        0 |       0 |
| model.encoder.encoder.layer.6.mlp.activation             |                    0 |                        0 |                        0 |       0 |
| model.encoder.encoder.layer.6.mlp.fc2                    |                    0 |                   590208 |                        0 |       0 |
| model.encoder.encoder.layer.6.layer_scale2               |                    0 |                      384 |                        0 |       0 |
| model.encoder.encoder.layer.7                            |                    0 |                  1775232 |                        0 |       0 |
| model.encoder.encoder.layer.7.norm1                      |                    0 |                      768 |                        0 |       0 |
| model.encoder.encoder.layer.7.attention                  |                    0 |                   591360 |                        0 |       0 |
| model.encoder.encoder.layer.7.attention.attention        |                    0 |                   443520 |                        0 |       0 |
| model.encoder.encoder.layer.7.attention.attention.query  |                    0 |                   147840 |                        0 |       0 |
| model.encoder.encoder.layer.7.attention.attention.key    |                    0 |                   147840 |                        0 |       0 |
| model.encoder.encoder.layer.7.attention.attention.value  |                    0 |                   147840 |                        0 |       0 |
| model.encoder.encoder.layer.7.attention.output           |                    0 |                   147840 |                        0 |       0 |
| model.encoder.encoder.layer.7.attention.output.dense     |                    0 |                   147840 |                        0 |       0 |
| model.encoder.encoder.layer.7.attention.output.dropout   |                    0 |                        0 |                        0 |       0 |
| model.encoder.encoder.layer.7.layer_scale1               |                    0 |                      384 |                        0 |       0 |
| model.encoder.encoder.layer.7.drop_path                  |                    0 |                        0 |                        0 |       0 |
| model.encoder.encoder.layer.7.norm2                      |                    0 |                      768 |                        0 |       0 |
| model.encoder.encoder.layer.7.mlp                        |                    0 |                  1181568 |                        0 |       0 |
| model.encoder.encoder.layer.7.mlp.fc1                    |                    0 |                   591360 |                        0 |       0 |
| model.encoder.encoder.layer.7.mlp.activation             |                    0 |                        0 |                        0 |       0 |
| model.encoder.encoder.layer.7.mlp.fc2                    |                    0 |                   590208 |                        0 |       0 |
| model.encoder.encoder.layer.7.layer_scale2               |                    0 |                      384 |                        0 |       0 |
| model.encoder.encoder.layer.8                            |                    0 |                  1775232 |                        0 |       0 |
| model.encoder.encoder.layer.8.norm1                      |                    0 |                      768 |                        0 |       0 |
| model.encoder.encoder.layer.8.attention                  |                    0 |                   591360 |                        0 |       0 |
| model.encoder.encoder.layer.8.attention.attention        |                    0 |                   443520 |                        0 |       0 |
| model.encoder.encoder.layer.8.attention.attention.query  |                    0 |                   147840 |                        0 |       0 |
| model.encoder.encoder.layer.8.attention.attention.key    |                    0 |                   147840 |                        0 |       0 |
| model.encoder.encoder.layer.8.attention.attention.value  |                    0 |                   147840 |                        0 |       0 |
| model.encoder.encoder.layer.8.attention.output           |                    0 |                   147840 |                        0 |       0 |
| model.encoder.encoder.layer.8.attention.output.dense     |                    0 |                   147840 |                        0 |       0 |
| model.encoder.encoder.layer.8.attention.output.dropout   |                    0 |                        0 |                        0 |       0 |
| model.encoder.encoder.layer.8.layer_scale1               |                    0 |                      384 |                        0 |       0 |
| model.encoder.encoder.layer.8.drop_path                  |                    0 |                        0 |                        0 |       0 |
| model.encoder.encoder.layer.8.norm2                      |                    0 |                      768 |                        0 |       0 |
| model.encoder.encoder.layer.8.mlp                        |                    0 |                  1181568 |                        0 |       0 |
| model.encoder.encoder.layer.8.mlp.fc1                    |                    0 |                   591360 |                        0 |       0 |
| model.encoder.encoder.layer.8.mlp.activation             |                    0 |                        0 |                        0 |       0 |
| model.encoder.encoder.layer.8.mlp.fc2                    |                    0 |                   590208 |                        0 |       0 |
| model.encoder.encoder.layer.8.layer_scale2               |                    0 |                      384 |                        0 |       0 |
| model.encoder.encoder.layer.9                            |                    0 |                  1775232 |                        0 |       0 |
| model.encoder.encoder.layer.9.norm1                      |                    0 |                      768 |                        0 |       0 |
| model.encoder.encoder.layer.9.attention                  |                    0 |                   591360 |                        0 |       0 |
| model.encoder.encoder.layer.9.attention.attention        |                    0 |                   443520 |                        0 |       0 |
| model.encoder.encoder.layer.9.attention.attention.query  |                    0 |                   147840 |                        0 |       0 |
| model.encoder.encoder.layer.9.attention.attention.key    |                    0 |                   147840 |                        0 |       0 |
| model.encoder.encoder.layer.9.attention.attention.value  |                    0 |                   147840 |                        0 |       0 |
| model.encoder.encoder.layer.9.attention.output           |                    0 |                   147840 |                        0 |       0 |
| model.encoder.encoder.layer.9.attention.output.dense     |                    0 |                   147840 |                        0 |       0 |
| model.encoder.encoder.layer.9.attention.output.dropout   |                    0 |                        0 |                        0 |       0 |
| model.encoder.encoder.layer.9.layer_scale1               |                    0 |                      384 |                        0 |       0 |
| model.encoder.encoder.layer.9.drop_path                  |                    0 |                        0 |                        0 |       0 |
| model.encoder.encoder.layer.9.norm2                      |                    0 |                      768 |                        0 |       0 |
| model.encoder.encoder.layer.9.mlp                        |                    0 |                  1181568 |                        0 |       0 |
| model.encoder.encoder.layer.9.mlp.fc1                    |                    0 |                   591360 |                        0 |       0 |
| model.encoder.encoder.layer.9.mlp.activation             |                    0 |                        0 |                        0 |       0 |
| model.encoder.encoder.layer.9.mlp.fc2                    |                    0 |                   590208 |                        0 |       0 |
| model.encoder.encoder.layer.9.layer_scale2               |                    0 |                      384 |                        0 |       0 |
| model.encoder.encoder.layer.10                           |                    0 |                  1775232 |                        0 |       0 |
| model.encoder.encoder.layer.10.norm1                     |                    0 |                      768 |                        0 |       0 |
| model.encoder.encoder.layer.10.attention                 |                    0 |                   591360 |                        0 |       0 |
| model.encoder.encoder.layer.10.attention.attention       |                    0 |                   443520 |                        0 |       0 |
| model.encoder.encoder.layer.10.attention.attention.query |                    0 |                   147840 |                        0 |       0 |
| model.encoder.encoder.layer.10.attention.attention.key   |                    0 |                   147840 |                        0 |       0 |
| model.encoder.encoder.layer.10.attention.attention.value |                    0 |                   147840 |                        0 |       0 |
| model.encoder.encoder.layer.10.attention.output          |                    0 |                   147840 |                        0 |       0 |
| model.encoder.encoder.layer.10.attention.output.dense    |                    0 |                   147840 |                        0 |       0 |
| model.encoder.encoder.layer.10.attention.output.dropout  |                    0 |                        0 |                        0 |       0 |
| model.encoder.encoder.layer.10.layer_scale1              |                    0 |                      384 |                        0 |       0 |
| model.encoder.encoder.layer.10.drop_path                 |                    0 |                        0 |                        0 |       0 |
| model.encoder.encoder.layer.10.norm2                     |                    0 |                      768 |                        0 |       0 |
| model.encoder.encoder.layer.10.mlp                       |                    0 |                  1181568 |                        0 |       0 |
| model.encoder.encoder.layer.10.mlp.fc1                   |                    0 |                   591360 |                        0 |       0 |
| model.encoder.encoder.layer.10.mlp.activation            |                    0 |                        0 |                        0 |       0 |
| model.encoder.encoder.layer.10.mlp.fc2                   |                    0 |                   590208 |                        0 |       0 |
| model.encoder.encoder.layer.10.layer_scale2              |                    0 |                      384 |                        0 |       0 |
| model.encoder.encoder.layer.11                           |                    0 |                  1775232 |                        0 |       0 |
| model.encoder.encoder.layer.11.norm1                     |                    0 |                      768 |                        0 |       0 |
| model.encoder.encoder.layer.11.attention                 |                    0 |                   591360 |                        0 |       0 |
| model.encoder.encoder.layer.11.attention.attention       |                    0 |                   443520 |                        0 |       0 |
| model.encoder.encoder.layer.11.attention.attention.query |                    0 |                   147840 |                        0 |       0 |
| model.encoder.encoder.layer.11.attention.attention.key   |                    0 |                   147840 |                        0 |       0 |
| model.encoder.encoder.layer.11.attention.attention.value |                    0 |                   147840 |                        0 |       0 |
| model.encoder.encoder.layer.11.attention.output          |                    0 |                   147840 |                        0 |       0 |
| model.encoder.encoder.layer.11.attention.output.dense    |                    0 |                   147840 |                        0 |       0 |
| model.encoder.encoder.layer.11.attention.output.dropout  |                    0 |                        0 |                        0 |       0 |
| model.encoder.encoder.layer.11.layer_scale1              |                    0 |                      384 |                        0 |       0 |
| model.encoder.encoder.layer.11.drop_path                 |                    0 |                        0 |                        0 |       0 |
| model.encoder.encoder.layer.11.norm2                     |                    0 |                      768 |                        0 |       0 |
| model.encoder.encoder.layer.11.mlp                       |                    0 |                  1181568 |                        0 |       0 |
| model.encoder.encoder.layer.11.mlp.fc1                   |                    0 |                   591360 |                        0 |       0 |
| model.encoder.encoder.layer.11.mlp.activation            |                    0 |                        0 |                        0 |       0 |
| model.encoder.encoder.layer.11.mlp.fc2                   |                    0 |                   590208 |                        0 |       0 |
| model.encoder.encoder.layer.11.layer_scale2              |                    0 |                      384 |                        0 |       0 |
| model.encoder.layernorm                                  |                    0 |                      768 |                        0 |       0 |
| model.predictor                                          |             24372288 |                        0 |                        0 |       0 |
| model.predictor.dropout                                  |                    0 |                        0 |                        0 |       0 |
| model.predictor.transformer                              |             24371712 |                        0 |                        0 |       0 |
| model.predictor.transformer.norm                         |                  768 |                        0 |                        0 |       0 |
| model.predictor.transformer.layers                       |             24222720 |                        0 |                        0 |       0 |
| model.predictor.transformer.layers.0                     |              4037120 |                        0 |                        0 |       0 |
| model.predictor.transformer.layers.0.attn                |              1574016 |                        0 |                        0 |       0 |
| model.predictor.transformer.layers.0.attn.norm           |                  768 |                        0 |                        0 |       0 |
| model.predictor.transformer.layers.0.attn.attend         |                    0 |                        0 |                        0 |       0 |
| model.predictor.transformer.layers.0.attn.to_qkv         |              1179648 |                        0 |                        0 |       0 |
| model.predictor.transformer.layers.0.attn.to_out         |               393600 |                        0 |                        0 |       0 |
| model.predictor.transformer.layers.0.attn.to_out.0       |               393600 |                        0 |                        0 |       0 |
| model.predictor.transformer.layers.0.attn.to_out.1       |                    0 |                        0 |                        0 |       0 |
| model.predictor.transformer.layers.0.mlp                 |              1576064 |                        0 |                        0 |       0 |
| model.predictor.transformer.layers.0.mlp.net             |              1576064 |                        0 |                        0 |       0 |
| model.predictor.transformer.layers.0.mlp.net.0           |                  768 |                        0 |                        0 |       0 |
| model.predictor.transformer.layers.0.mlp.net.1           |               788480 |                        0 |                        0 |       0 |
| model.predictor.transformer.layers.0.mlp.net.2           |                    0 |                        0 |                        0 |       0 |
| model.predictor.transformer.layers.0.mlp.net.3           |                    0 |                        0 |                        0 |       0 |
| model.predictor.transformer.layers.0.mlp.net.4           |               786816 |                        0 |                        0 |       0 |
| model.predictor.transformer.layers.0.mlp.net.5           |                    0 |                        0 |                        0 |       0 |
| model.predictor.transformer.layers.0.norm1               |                    0 |                        0 |                        0 |       0 |
| model.predictor.transformer.layers.0.norm2               |                    0 |                        0 |                        0 |       0 |
| model.predictor.transformer.layers.0.adaLN_modulation    |               887040 |                        0 |                        0 |       0 |
| model.predictor.transformer.layers.0.adaLN_modulation.0  |                    0 |                        0 |                        0 |       0 |
| model.predictor.transformer.layers.0.adaLN_modulation.1  |               887040 |                        0 |                        0 |       0 |
| model.predictor.transformer.layers.1                     |              4037120 |                        0 |                        0 |       0 |
| model.predictor.transformer.layers.1.attn                |              1574016 |                        0 |                        0 |       0 |
| model.predictor.transformer.layers.1.attn.norm           |                  768 |                        0 |                        0 |       0 |
| model.predictor.transformer.layers.1.attn.attend         |                    0 |                        0 |                        0 |       0 |
| model.predictor.transformer.layers.1.attn.to_qkv         |              1179648 |                        0 |                        0 |       0 |
| model.predictor.transformer.layers.1.attn.to_out         |               393600 |                        0 |                        0 |       0 |
| model.predictor.transformer.layers.1.attn.to_out.0       |               393600 |                        0 |                        0 |       0 |
| model.predictor.transformer.layers.1.attn.to_out.1       |                    0 |                        0 |                        0 |       0 |
| model.predictor.transformer.layers.1.mlp                 |              1576064 |                        0 |                        0 |       0 |
| model.predictor.transformer.layers.1.mlp.net             |              1576064 |                        0 |                        0 |       0 |
| model.predictor.transformer.layers.1.mlp.net.0           |                  768 |                        0 |                        0 |       0 |
| model.predictor.transformer.layers.1.mlp.net.1           |               788480 |                        0 |                        0 |       0 |
| model.predictor.transformer.layers.1.mlp.net.2           |                    0 |                        0 |                        0 |       0 |
| model.predictor.transformer.layers.1.mlp.net.3           |                    0 |                        0 |                        0 |       0 |
| model.predictor.transformer.layers.1.mlp.net.4           |               786816 |                        0 |                        0 |       0 |
| model.predictor.transformer.layers.1.mlp.net.5           |                    0 |                        0 |                        0 |       0 |
| model.predictor.transformer.layers.1.norm1               |                    0 |                        0 |                        0 |       0 |
| model.predictor.transformer.layers.1.norm2               |                    0 |                        0 |                        0 |       0 |
| model.predictor.transformer.layers.1.adaLN_modulation    |               887040 |                        0 |                        0 |       0 |
| model.predictor.transformer.layers.1.adaLN_modulation.0  |                    0 |                        0 |                        0 |       0 |
| model.predictor.transformer.layers.1.adaLN_modulation.1  |               887040 |                        0 |                        0 |       0 |
| model.predictor.transformer.layers.2                     |              4037120 |                        0 |                        0 |       0 |
| model.predictor.transformer.layers.2.attn                |              1574016 |                        0 |                        0 |       0 |
| model.predictor.transformer.layers.2.attn.norm           |                  768 |                        0 |                        0 |       0 |
| model.predictor.transformer.layers.2.attn.attend         |                    0 |                        0 |                        0 |       0 |
| model.predictor.transformer.layers.2.attn.to_qkv         |              1179648 |                        0 |                        0 |       0 |
| model.predictor.transformer.layers.2.attn.to_out         |               393600 |                        0 |                        0 |       0 |
| model.predictor.transformer.layers.2.attn.to_out.0       |               393600 |                        0 |                        0 |       0 |
| model.predictor.transformer.layers.2.attn.to_out.1       |                    0 |                        0 |                        0 |       0 |
| model.predictor.transformer.layers.2.mlp                 |              1576064 |                        0 |                        0 |       0 |
| model.predictor.transformer.layers.2.mlp.net             |              1576064 |                        0 |                        0 |       0 |
| model.predictor.transformer.layers.2.mlp.net.0           |                  768 |                        0 |                        0 |       0 |
| model.predictor.transformer.layers.2.mlp.net.1           |               788480 |                        0 |                        0 |       0 |
| model.predictor.transformer.layers.2.mlp.net.2           |                    0 |                        0 |                        0 |       0 |
| model.predictor.transformer.layers.2.mlp.net.3           |                    0 |                        0 |                        0 |       0 |
| model.predictor.transformer.layers.2.mlp.net.4           |               786816 |                        0 |                        0 |       0 |
| model.predictor.transformer.layers.2.mlp.net.5           |                    0 |                        0 |                        0 |       0 |
| model.predictor.transformer.layers.2.norm1               |                    0 |                        0 |                        0 |       0 |
| model.predictor.transformer.layers.2.norm2               |                    0 |                        0 |                        0 |       0 |
| model.predictor.transformer.layers.2.adaLN_modulation    |               887040 |                        0 |                        0 |       0 |
| model.predictor.transformer.layers.2.adaLN_modulation.0  |                    0 |                        0 |                        0 |       0 |
| model.predictor.transformer.layers.2.adaLN_modulation.1  |               887040 |                        0 |                        0 |       0 |
| model.predictor.transformer.layers.3                     |              4037120 |                        0 |                        0 |       0 |
| model.predictor.transformer.layers.3.attn                |              1574016 |                        0 |                        0 |       0 |
| model.predictor.transformer.layers.3.attn.norm           |                  768 |                        0 |                        0 |       0 |
| model.predictor.transformer.layers.3.attn.attend         |                    0 |                        0 |                        0 |       0 |
| model.predictor.transformer.layers.3.attn.to_qkv         |              1179648 |                        0 |                        0 |       0 |
| model.predictor.transformer.layers.3.attn.to_out         |               393600 |                        0 |                        0 |       0 |
| model.predictor.transformer.layers.3.attn.to_out.0       |               393600 |                        0 |                        0 |       0 |
| model.predictor.transformer.layers.3.attn.to_out.1       |                    0 |                        0 |                        0 |       0 |
| model.predictor.transformer.layers.3.mlp                 |              1576064 |                        0 |                        0 |       0 |
| model.predictor.transformer.layers.3.mlp.net             |              1576064 |                        0 |                        0 |       0 |
| model.predictor.transformer.layers.3.mlp.net.0           |                  768 |                        0 |                        0 |       0 |
| model.predictor.transformer.layers.3.mlp.net.1           |               788480 |                        0 |                        0 |       0 |
| model.predictor.transformer.layers.3.mlp.net.2           |                    0 |                        0 |                        0 |       0 |
| model.predictor.transformer.layers.3.mlp.net.3           |                    0 |                        0 |                        0 |       0 |
| model.predictor.transformer.layers.3.mlp.net.4           |               786816 |                        0 |                        0 |       0 |
| model.predictor.transformer.layers.3.mlp.net.5           |                    0 |                        0 |                        0 |       0 |
| model.predictor.transformer.layers.3.norm1               |                    0 |                        0 |                        0 |       0 |
| model.predictor.transformer.layers.3.norm2               |                    0 |                        0 |                        0 |       0 |
| model.predictor.transformer.layers.3.adaLN_modulation    |               887040 |                        0 |                        0 |       0 |
| model.predictor.transformer.layers.3.adaLN_modulation.0  |                    0 |                        0 |                        0 |       0 |
| model.predictor.transformer.layers.3.adaLN_modulation.1  |               887040 |                        0 |                        0 |       0 |
| model.predictor.transformer.layers.4                     |              4037120 |                        0 |                        0 |       0 |
| model.predictor.transformer.layers.4.attn                |              1574016 |                        0 |                        0 |       0 |
| model.predictor.transformer.layers.4.attn.norm           |                  768 |                        0 |                        0 |       0 |
| model.predictor.transformer.layers.4.attn.attend         |                    0 |                        0 |                        0 |       0 |
| model.predictor.transformer.layers.4.attn.to_qkv         |              1179648 |                        0 |                        0 |       0 |
| model.predictor.transformer.layers.4.attn.to_out         |               393600 |                        0 |                        0 |       0 |
| model.predictor.transformer.layers.4.attn.to_out.0       |               393600 |                        0 |                        0 |       0 |
| model.predictor.transformer.layers.4.attn.to_out.1       |                    0 |                        0 |                        0 |       0 |
| model.predictor.transformer.layers.4.mlp                 |              1576064 |                        0 |                        0 |       0 |
| model.predictor.transformer.layers.4.mlp.net             |              1576064 |                        0 |                        0 |       0 |
| model.predictor.transformer.layers.4.mlp.net.0           |                  768 |                        0 |                        0 |       0 |
| model.predictor.transformer.layers.4.mlp.net.1           |               788480 |                        0 |                        0 |       0 |
| model.predictor.transformer.layers.4.mlp.net.2           |                    0 |                        0 |                        0 |       0 |
| model.predictor.transformer.layers.4.mlp.net.3           |                    0 |                        0 |                        0 |       0 |
| model.predictor.transformer.layers.4.mlp.net.4           |               786816 |                        0 |                        0 |       0 |
| model.predictor.transformer.layers.4.mlp.net.5           |                    0 |                        0 |                        0 |       0 |
| model.predictor.transformer.layers.4.norm1               |                    0 |                        0 |                        0 |       0 |
| model.predictor.transformer.layers.4.norm2               |                    0 |                        0 |                        0 |       0 |
| model.predictor.transformer.layers.4.adaLN_modulation    |               887040 |                        0 |                        0 |       0 |
| model.predictor.transformer.layers.4.adaLN_modulation.0  |                    0 |                        0 |                        0 |       0 |
| model.predictor.transformer.layers.4.adaLN_modulation.1  |               887040 |                        0 |                        0 |       0 |
| model.predictor.transformer.layers.5                     |              4037120 |                        0 |                        0 |       0 |
| model.predictor.transformer.layers.5.attn                |              1574016 |                        0 |                        0 |       0 |
| model.predictor.transformer.layers.5.attn.norm           |                  768 |                        0 |                        0 |       0 |
| model.predictor.transformer.layers.5.attn.attend         |                    0 |                        0 |                        0 |       0 |
| model.predictor.transformer.layers.5.attn.to_qkv         |              1179648 |                        0 |                        0 |       0 |
| model.predictor.transformer.layers.5.attn.to_out         |               393600 |                        0 |                        0 |       0 |
| model.predictor.transformer.layers.5.attn.to_out.0       |               393600 |                        0 |                        0 |       0 |
| model.predictor.transformer.layers.5.attn.to_out.1       |                    0 |                        0 |                        0 |       0 |
| model.predictor.transformer.layers.5.mlp                 |              1576064 |                        0 |                        0 |       0 |
| model.predictor.transformer.layers.5.mlp.net             |              1576064 |                        0 |                        0 |       0 |
| model.predictor.transformer.layers.5.mlp.net.0           |                  768 |                        0 |                        0 |       0 |
| model.predictor.transformer.layers.5.mlp.net.1           |               788480 |                        0 |                        0 |       0 |
| model.predictor.transformer.layers.5.mlp.net.2           |                    0 |                        0 |                        0 |       0 |
| model.predictor.transformer.layers.5.mlp.net.3           |                    0 |                        0 |                        0 |       0 |
| model.predictor.transformer.layers.5.mlp.net.4           |               786816 |                        0 |                        0 |       0 |
| model.predictor.transformer.layers.5.mlp.net.5           |                    0 |                        0 |                        0 |       0 |
| model.predictor.transformer.layers.5.norm1               |                    0 |                        0 |                        0 |       0 |
| model.predictor.transformer.layers.5.norm2               |                    0 |                        0 |                        0 |       0 |
| model.predictor.transformer.layers.5.adaLN_modulation    |               887040 |                        0 |                        0 |       0 |
| model.predictor.transformer.layers.5.adaLN_modulation.0  |                    0 |                        0 |                        0 |       0 |
| model.predictor.transformer.layers.5.adaLN_modulation.1  |               887040 |                        0 |                        0 |       0 |
| model.predictor.transformer.input_proj                   |                74112 |                        0 |                        0 |       0 |
| model.predictor.transformer.cond_proj                    |                74112 |                        0 |                        0 |       0 |
| model.predictor.transformer.output_proj                  |                    0 |                        0 |                        0 |       0 |
| model.action_encoder                                     |               156146 |                        0 |                        0 |       0 |
| model.action_encoder.patch_embed                         |                   50 |                        0 |                        0 |       0 |
| model.action_encoder.embed                               |               156096 |                        0 |                        0 |       0 |
| model.action_encoder.embed.0                             |                 8448 |                        0 |                        0 |       0 |
| model.action_encoder.embed.1                             |                    0 |                        0 |                        0 |       0 |
| model.action_encoder.embed.2                             |               147648 |                        0 |                        0 |       0 |
| model.projector                                          |              1185984 |                        0 |                        0 |    4097 |
| model.projector.net                                      |              1185984 |                        0 |                        0 |    4097 |
| model.projector.net.0                                    |               788480 |                        0 |                        0 |       0 |
| model.projector.net.1                                    |                 4096 |                        0 |                        0 |    4097 |
| model.projector.net.2                                    |                    0 |                        0 |                        0 |       0 |
| model.projector.net.3                                    |               393408 |                        0 |                        0 |       0 |
| model.pred_proj                                          |              1185984 |                        0 |                        0 |    4097 |
| model.pred_proj.net                                      |              1185984 |                        0 |                        0 |    4097 |
| model.pred_proj.net.0                                    |               788480 |                        0 |                        0 |       0 |
| model.pred_proj.net.1                                    |                 4096 |                        0 |                        0 |    4097 |
| model.pred_proj.net.2                                    |                    0 |                        0 |                        0 |       0 |
| model.pred_proj.net.3                                    |               393408 |                        0 |                        0 |       0 |
| model.probe_head                                         |                  772 |                        0 |                        0 |       0 |
| sigreg                                                   |                    0 |                        0 |                        0 |      51 |
+----------------------------------------------------------+----------------------+--------------------------+--------------------------+---------+
00:34:29 | INFO  | utils.py    | ── SLURM ─────────────────────────────────────────
00:34:29 | INFO  | trainer_inf~|   Job ID: N/A
00:34:29 | INFO  | trainer_inf~|   Task ID: N/A
00:34:29 | INFO  | trainer_inf~|   Job Name: N/A
00:34:29 | INFO  | trainer_inf~|   Nodes: N/A
00:34:29 | INFO  | trainer_inf~|   Tasks: N/A
00:34:29 | INFO  | trainer_inf~|   CPUs per node: N/A
00:34:29 | INFO  | trainer_inf~|   CPUs per task: N/A
00:34:29 | INFO  | trainer_inf~|   Memory per node: N/A
00:34:29 | INFO  | trainer_inf~|   Memory per CPU: N/A
00:34:29 | INFO  | trainer_inf~|   Time limit: N/A
00:34:29 | INFO  | trainer_inf~|   Partition: N/A
00:34:29 | INFO  | trainer_inf~|   Node List: N/A
00:34:29 | INFO  | trainer_inf~|   Submit Directory: N/A
00:34:29 | INFO  | utils.py    | ── HardwareMonitor ───────────────────────────────
00:34:29 | INFO  | hardware_mo~|   interval: 10.0s
00:34:29 | INFO  | hardware_mo~|   prefix:   'hardware/'
00:34:29 | INFO  | hardware_mo~|   metrics:  cpu=True ram=True disk=True net=True gpu=True
00:34:29 | INFO  | hardware_mo~|   per-rank: rank 0 only
00:34:29 | WARN  | env_info.py | ! pip freeze failed: Command '['/home/likun-share/junjxu/wm/le-wm/.venv/bin/python', '-m', 'pip', 'freeze']' returned non-zero exit status 1.
00:34:29 | OK    | env_info.py | ✓ Packages: 0 packages collected in 0.04s
LOCAL_RANK: 0 - CUDA_VISIBLE_DEVICES: [4]
00:34:29 | WARN  | hardware_mo~| HardwareMonitor: pynvml unavailable (ModuleNotFoundError("No module named 'pynvml'")); GPU metrics disabled.
00:34:29 | INFO  | utils.py    | ── Optimizers ────────────────────────────────────
00:34:29 | INFO  | module.py   |   Optimizer specified by Dict with keys ['model_opt']
00:34:29 | INFO  | module.py   | 
┏━━━━━━━━━━━━━┳━━━━━━━━━━━┳━━━━━━━━━━━━━━━━━━━┳━━━━━━━━━━━━━━━━━┳━━━━━━━━━━━━━━━━┳━━━━━━━━━━━━━━━━━━━━━━━━┓
┃ Optimizer   ┃ Pattern   ┃   Matched Modules ┃   Param Tensors ┃   Total Params ┃   RequiresGrad Tensors ┃
┣━━━━━━━━━━━━━╋━━━━━━━━━━━╋━━━━━━━━━━━━━━━━━━━╋━━━━━━━━━━━━━━━━━╋━━━━━━━━━━━━━━━━╋━━━━━━━━━━━━━━━━━━━━━━━━┫
┃ model_opt   ┃ model     ┃               378 ┃             328 ┃       48957750 ┃                    105 ┃
┗━━━━━━━━━━━━━┻━━━━━━━━━━━┻━━━━━━━━━━━━━━━━━━━┻━━━━━━━━━━━━━━━━━┻━━━━━━━━━━━━━━━━┻━━━━━━━━━━━━━━━━━━━━━━━━┛
00:34:29 | INFO  | lr_schedule~| 	User provided a dict
Loading `train_dataloader` to estimate number of stepping batches.
/home/likun-share/junjxu/wm/le-wm/.venv/lib/python3.10/site-packages/lance/__init__.py:320: UserWarning: lance is not fork-safe. If you are using multiprocessing, use spawn or forkserver instead.
  warnings.warn(
/usr/lib/python3.10/multiprocessing/popen_fork.py:66: RuntimeWarning: lancedb fork support is experimental: the internal async runtime has been reset in the forked child, but a small chance of deadlock remains if other state was mid-operation at fork time. The 'forkserver' or 'spawn' multiprocessing start method is likely a safer alternative.
  self.pid = os.fork()
/home/likun-share/junjxu/wm/le-wm/.venv/lib/python3.10/site-packages/lance/__init__.py:320: UserWarning: lance is not fork-safe. If you are using multiprocessing, use spawn or forkserver instead.
  warnings.warn(
/usr/lib/python3.10/multiprocessing/popen_fork.py:66: RuntimeWarning: lancedb fork support is experimental: the internal async runtime has been reset in the forked child, but a small chance of deadlock remains if other state was mid-operation at fork time. The 'forkserver' or 'spawn' multiprocessing start method is likely a safer alternative.
  self.pid = os.fork()
/usr/lib/python3.10/multiprocessing/popen_fork.py:66: RuntimeWarning: lancedb fork support is experimental: the internal async runtime has been reset in the forked child, but a small chance of deadlock remains if other state was mid-operation at fork time. The 'forkserver' or 'spawn' multiprocessing start method is likely a safer alternative.
  self.pid = os.fork()
00:34:29 | INFO  | module.py   |   Configured optimizer 'model_opt' (modules=378, param_tensors=328, total_params=48957750) with LinearWarmupCosineAnnealingLR scheduler.
/home/likun-share/junjxu/wm/le-wm/.venv/lib/python3.10/site-packages/lightning/pytorch/utilities/model_summary/model_summary.py:242: Precision bf16-mixed is not supported by the model summary.  Estimated model size in MB will not be accurate. Using 32 bits instead.
┏━━━┳━━━━━━━━━━━━━━━━━━━┳━━━━━━━━━━━━┳━━━━━━━━┳━━━━━━━┳━━━━━━━┓
┃   ┃ Name              ┃ Type       ┃ Params ┃ Mode  ┃ FLOPs ┃
┡━━━╇━━━━━━━━━━━━━━━━━━━╇━━━━━━━━━━━━╇━━━━━━━━╇━━━━━━━╇━━━━━━━┩
│ 0 │ callbacks_modules │ ModuleDict │      0 │ train │     0 │
│ 1 │ callbacks_metrics │ ModuleDict │      0 │ train │     0 │
│ 2 │ model             │ JEPA       │ 49.0 M │ train │     0 │
│ 3 │ sigreg            │ SIGReg     │      0 │ train │     0 │
└───┴───────────────────┴────────────┴────────┴───────┴───────┘
Trainable params: 26.9 M                                                        
Non-trainable params: 22.1 M                                                    
Total params: 49.0 M                                                            
Total estimated model params size (MB): 195.831                                 
Modules in train mode: 157                                                      
Modules in eval mode: 224                                                       
Total FLOPs: 0                                                                  
00:34:29 | INFO  | logger.py   | [RegistryLogger] summary.json flushed (0 metrics, step=0, epoch=0) → /data1/likun-share/junjxu/.cache_stable-pretraining/runs/20260716/003428/955e5eb09018/summary.json
00:34:29 | OK    | env_info.py | ✓ NVIDIA Driver: 580.65.06
/usr/lib/python3.10/multiprocessing/popen_fork.py:66: RuntimeWarning: lancedb fork support is experimental: the internal async runtime has been reset in the forked child, but a small chance of deadlock remains if other state was mid-operation at fork time. The 'forkserver' or 'spawn' multiprocessing start method is likely a safer alternative.
  self.pid = os.fork()
/usr/lib/python3.10/multiprocessing/popen_fork.py:66: RuntimeWarning: lancedb fork support is experimental: the internal async runtime has been reset in the forked child, but a small chance of deadlock remains if other state was mid-operation at fork time. The 'forkserver' or 'spawn' multiprocessing start method is likely a safer alternative.
  self.pid = os.fork()
/usr/lib/python3.10/multiprocessing/popen_fork.py:66: RuntimeWarning: lancedb fork support is experimental: the internal async runtime has been reset in the forked child, but a small chance of deadlock remains if other state was mid-operation at fork time. The 'forkserver' or 'spawn' multiprocessing start method is likely a safer alternative.
  self.pid = os.fork()
/home/likun-share/junjxu/wm/le-wm/.venv/lib/python3.10/site-packages/lightning/pytorch/utilities/data.py:79: Trying to infer the `batch_size` from an ambiguous collection. The batch size we found is 64. To avoid any miscalculations, use `self.log(..., batch_size=batch_size)`.
00:34:43 | INFO  | trainer_inf~| \n+--------------------------------+--------------------+
|             Metric             |       Value        |
+--------------------------------+--------------------+
|         [0;34;40mvalidate/loss[0m          | [0;32;40m5.305294990539551[0m  |
|      [0;34;40mvalidate/loss_epoch[0m       | [0;32;40m5.305294990539551[0m  |
|       [0;34;40mvalidate/pred_loss[0m       | [0;32;40m0.7871330976486206[0m |
|    [0;34;40mvalidate/pred_loss_epoch[0m    | [0;32;40m0.7871330976486206[0m |
|      [0;34;40mvalidate/sigreg_loss[0m      |       [0;32;40m36.75[0m        |
|   [0;34;40mvalidate/sigreg_loss_epoch[0m   |       [0;32;40m36.75[0m        |
|    [0;34;40mvalidate/structured_loss[0m    | [0;32;40m1.2056620121002197[0m |
| [0;34;40mvalidate/structured_loss_epoch[0m | [0;32;40m1.2056620121002197[0m |
+--------------------------------+--------------------+
/home/likun-share/junjxu/wm/le-wm/.venv/lib/python3.10/site-packages/lightning/pytorch/loops/fit_loop.py:538: Found 224 module(s) in eval mode at the start of training. This may lead to unexpected behavior during training. If this is intentional, you can ignore this warning.
00:34:43 | WARN  | hf_models.py| ! No Hugging Face (PreTrainedModel) submodules found in LightningModule.
00:34:43 | INFO  | utils.py    | ── Optimizers ────────────────────────────────────
00:34:43 | INFO  | module.py   |   self.optimizers() gave us 1 optimizers
00:34:43 | WARN  | module.py   | ! No clip val found for optimizer default_0
00:34:43 | WARN  | module.py   | ! Will use the Trainer's value of 1.0
00:34:43 | WARN  | module.py   | ! No clip algorithm found for optimizer default_0
00:34:43 | WARN  | module.py   | ! Will use the Trainer's value of None
00:34:43 | OK    | module.py   | ✓ Optimizer check complete:
+------------+-----------+----------------+-----------+-----------+
| Opt. Index | Opt. name |      opt       | clip val. | clip alg. |
+------------+-----------+----------------+-----------+-----------+
|     0      | default_0 | LightningAdamW |    1.0    |    None   |
+------------+-----------+----------------+-----------+-----------+
00:34:43 | INFO  | utils.py    | ── LogUnusedParametersOnce ───────────────────────
00:34:43 | INFO  | unused_para~|   registered hooks on 105 leaf parameters
00:34:44 | WARN  | unused_para~| ! the following parameters did NOT receive gradients on the first backward pass (potentially causing Lightning's 'unused parameters' error):
00:34:44 | WARN  | unused_para~|   model.probe_head.weight
00:34:44 | WARN  | unused_para~|   model.probe_head.bias
00:34:44 | INFO  | unused_para~|   hooks removed, callback disabled
[Epoch 0/20] step 50/309 (1.0 it/s)
[Epoch 0/20] step 100/309 (0.9 it/s)
[Epoch 0/20] step 150/309 (0.9 it/s)
[Epoch 0/20] step 200/309 (0.9 it/s)
[Epoch 0/20] step 250/309 (0.9 it/s)
[Epoch 0/20] step 300/309 (0.9 it/s)
/home/likun-share/junjxu/wm/le-wm/.venv/lib/python3.10/site-packages/lightning/pytorch/utilities/data.py:79: Trying to infer the `batch_size` from an ambiguous collection. The batch size we found is 23. To avoid any miscalculations, use `self.log(..., batch_size=batch_size)`.
00:41:27 | INFO  | trainer_inf~| \n+--------------------------------+-----------------------+
|             Metric             |         Value         |
+--------------------------------+-----------------------+
|            [0;34;40mfit/loss[0m            |   [0;32;40m0.5512291789054871[0m  |
|         [0;34;40mfit/pred_loss[0m          |  [0;32;40m0.16859953105449677[0m  |
|        [0;34;40mfit/sigreg_loss[0m         |        [0;32;40m3.578125[0m       |
|      [0;34;40mfit/structured_loss[0m       |  [0;32;40m0.060364026576280594[0m |
|      [0;34;40mhardware/cpu_percent[0m      |   [0;32;40m98.69999694824219[0m   |
|    [0;34;40mhardware/disk_read_mb_s[0m     |  [0;32;40m0.15737038850784302[0m  |
|    [0;34;40mhardware/disk_write_mb_s[0m    |   [0;32;40m266.1367492675781[0m   |
|     [0;34;40mhardware/net_recv_mb_s[0m     |   [0;32;40m0.0321330800652504[0m  |
|     [0;34;40mhardware/net_sent_mb_s[0m     |  [0;32;40m0.04579056799411774[0m  |
|      [0;34;40mhardware/ram_used_gb[0m      |   [0;32;40m434.8701477050781[0m   |
|     [0;34;40mhardware/ram_used_pct[0m      |   [0;32;40m43.20000076293945[0m   |
|      [0;34;40mhparams/lr_default_0[0m      | [0;32;40m4.979762161383405e-05[0m |
|         [0;34;40mvalidate/loss[0m          |   [0;32;40m0.5902184844017029[0m  |
|      [0;34;40mvalidate/loss_epoch[0m       |   [0;32;40m0.5902184844017029[0m  |
|       [0;34;40mvalidate/pred_loss[0m       |   [0;32;40m0.1710512340068817[0m  |
|    [0;34;40mvalidate/pred_loss_epoch[0m    |   [0;32;40m0.1710512340068817[0m  |
|      [0;34;40mvalidate/sigreg_loss[0m      |   [0;32;40m3.999378204345703[0m   |
|   [0;34;40mvalidate/sigreg_loss_epoch[0m   |   [0;32;40m3.999378204345703[0m   |
|    [0;34;40mvalidate/structured_loss[0m    |  [0;32;40m0.05906877666711807[0m  |
| [0;34;40mvalidate/structured_loss_epoch[0m |  [0;32;40m0.05906877666711807[0m  |
+--------------------------------+-----------------------+
[Epoch 0/20] done in 405.0s
00:41:28 | INFO  | checkpoint_~|   Checking for non PyTorch modules to save
00:41:28 | INFO  | atomic_chec~| [atomic_save] → /data1/likun-share/junjxu/.cache_stable-pretraining/runs/20260716/003428/955e5eb09018/checkpoints/epoch=0-step=309.ckpt
00:41:30 | INFO  | atomic_chec~| [atomic_save] ✓ epoch=0-step=309.ckpt saved (392.2 MiB, serialise=1.63s write=1.20s rename=0.1ms)
00:41:31 | INFO  | checkpoint_~|   Checking for non PyTorch modules to save
00:41:31 | INFO  | atomic_chec~| [atomic_save] → /data1/likun-share/junjxu/.cache_stable-pretraining/runs/20260716/003428/955e5eb09018/checkpoints/last.ckpt
00:41:34 | INFO  | atomic_chec~| [atomic_save] ✓ last.ckpt saved (392.2 MiB, serialise=1.83s write=1.45s rename=0.1ms)
[Epoch 1/20] step 50/309 (0.6 it/s)
[Epoch 1/20] step 100/309 (0.6 it/s)
[Epoch 1/20] step 150/309 (0.6 it/s)
[Epoch 1/20] step 200/309 (0.6 it/s)
[Epoch 1/20] step 250/309 (0.5 it/s)
[Epoch 1/20] step 300/309 (0.5 it/s)
00:52:29 | INFO  | trainer_inf~| \n+--------------------------------+-----------------------+
|             Metric             |         Value         |
+--------------------------------+-----------------------+
|            [0;34;40mfit/loss[0m            |   [0;32;40m0.5155424475669861[0m  |
|         [0;34;40mfit/pred_loss[0m          |  [0;32;40m0.12742069363594055[0m  |
|        [0;34;40mfit/sigreg_loss[0m         |        [0;32;40m3.90625[0m        |
|      [0;34;40mfit/structured_loss[0m       |  [0;32;40m0.03655923530459404[0m  |
|      [0;34;40mhardware/cpu_percent[0m      |         [0;32;40m100.0[0m         |
|    [0;34;40mhardware/disk_read_mb_s[0m     |  [0;32;40m0.26277509331703186[0m  |
|    [0;34;40mhardware/disk_write_mb_s[0m    |   [0;32;40m79.43851470947266[0m   |
|     [0;34;40mhardware/net_recv_mb_s[0m     |  [0;32;40m0.055810995399951935[0m |
|     [0;34;40mhardware/net_sent_mb_s[0m     |  [0;32;40m0.038783758878707886[0m |
|      [0;34;40mhardware/ram_used_gb[0m      |   [0;32;40m832.2924194335938[0m   |
|     [0;34;40mhardware/ram_used_pct[0m      |    [0;32;40m82.5999984741211[0m   |
|      [0;34;40mhparams/lr_default_0[0m      | [0;32;40m4.898469342151657e-05[0m |
|         [0;34;40mvalidate/loss[0m          |   [0;32;40m0.5174928903579712[0m  |
|      [0;34;40mvalidate/loss_epoch[0m       |   [0;32;40m0.5174928903579712[0m  |
|       [0;34;40mvalidate/pred_loss[0m       |  [0;32;40m0.12014301121234894[0m  |
|    [0;34;40mvalidate/pred_loss_epoch[0m    |  [0;32;40m0.12014301121234894[0m  |
|      [0;34;40mvalidate/sigreg_loss[0m      |   [0;32;40m3.8835904598236084[0m  |
|   [0;34;40mvalidate/sigreg_loss_epoch[0m   |   [0;32;40m3.8835904598236084[0m  |
|    [0;34;40mvalidate/structured_loss[0m    |  [0;32;40m0.04766855016350746[0m  |
| [0;34;40mvalidate/structured_loss_epoch[0m |  [0;32;40m0.04766855016350746[0m  |
+--------------------------------+-----------------------+
[Epoch 1/20] done in 656.8s
00:52:31 | INFO  | checkpoint_~|   Checking for non PyTorch modules to save
00:52:31 | INFO  | atomic_chec~| [atomic_save] → /data1/likun-share/junjxu/.cache_stable-pretraining/runs/20260716/003428/955e5eb09018/checkpoints/epoch=1-step=618.ckpt
00:52:36 | INFO  | atomic_chec~| [atomic_save] ✓ epoch=1-step=618.ckpt saved (392.2 MiB, serialise=3.39s write=1.58s rename=0.1ms)
00:52:36 | INFO  | checkpoint_~|   Checking for non PyTorch modules to save
00:52:36 | INFO  | atomic_chec~| [atomic_save] → /data1/likun-share/junjxu/.cache_stable-pretraining/runs/20260716/003428/955e5eb09018/checkpoints/last.ckpt
00:52:40 | INFO  | atomic_chec~| [atomic_save] ✓ last.ckpt saved (392.2 MiB, serialise=2.61s write=1.59s rename=37.7ms)
[Epoch 2/20] step 50/309 (0.5 it/s)
[Epoch 2/20] step 100/309 (0.5 it/s)
[Epoch 2/20] step 150/309 (0.5 it/s)
[Epoch 2/20] step 200/309 (0.5 it/s)
[Epoch 2/20] step 250/309 (0.5 it/s)
[Epoch 2/20] step 300/309 (0.5 it/s)
01:04:19 | INFO  | trainer_inf~| \n+--------------------------------+-----------------------+
|             Metric             |         Value         |
+--------------------------------+-----------------------+
|            [0;34;40mfit/loss[0m            |   [0;32;40m0.4340965747833252[0m  |
|         [0;34;40mfit/pred_loss[0m          |  [0;32;40m0.10887271165847778[0m  |
|        [0;34;40mfit/sigreg_loss[0m         |         [0;32;40m2.9375[0m        |
|      [0;34;40mfit/structured_loss[0m       |  [0;32;40m0.061551984399557114[0m |
|      [0;34;40mhardware/cpu_percent[0m      |         [0;32;40m100.0[0m         |
|    [0;34;40mhardware/disk_read_mb_s[0m     |  [0;32;40m0.017957501113414764[0m |
|    [0;34;40mhardware/disk_write_mb_s[0m    |   [0;32;40m19.415571212768555[0m  |
|     [0;34;40mhardware/net_recv_mb_s[0m     |  [0;32;40m0.031043250113725662[0m |
|     [0;34;40mhardware/net_sent_mb_s[0m     |  [0;32;40m0.08665607124567032[0m  |
|      [0;34;40mhardware/ram_used_gb[0m      |   [0;32;40m844.5270385742188[0m   |
|     [0;34;40mhardware/ram_used_pct[0m      |   [0;32;40m83.80000305175781[0m   |
|      [0;34;40mhparams/lr_default_0[0m      | [0;32;40m4.756937414640561e-05[0m |
|         [0;34;40mvalidate/loss[0m          |  [0;32;40m0.48686420917510986[0m  |
|      [0;34;40mvalidate/loss_epoch[0m       |  [0;32;40m0.48686420917510986[0m  |
|       [0;34;40mvalidate/pred_loss[0m       |  [0;32;40m0.11655209958553314[0m  |
|    [0;34;40mvalidate/pred_loss_epoch[0m    |  [0;32;40m0.11655209958553314[0m  |
|      [0;34;40mvalidate/sigreg_loss[0m      |    [0;32;40m3.62302827835083[0m   |
|   [0;34;40mvalidate/sigreg_loss_epoch[0m   |    [0;32;40m3.62302827835083[0m   |
|    [0;34;40mvalidate/structured_loss[0m    |  [0;32;40m0.04430278390645981[0m  |
| [0;34;40mvalidate/structured_loss_epoch[0m |  [0;32;40m0.04430278390645981[0m  |
+--------------------------------+-----------------------+
[Epoch 2/20] done in 699.9s
01:04:21 | INFO  | checkpoint_~|   Checking for non PyTorch modules to save
01:04:21 | INFO  | atomic_chec~| [atomic_save] → /data1/likun-share/junjxu/.cache_stable-pretraining/runs/20260716/003428/955e5eb09018/checkpoints/epoch=2-step=927.ckpt
01:04:25 | INFO  | atomic_chec~| [atomic_save] ✓ epoch=2-step=927.ckpt saved (392.2 MiB, serialise=2.58s write=2.29s rename=0.1ms)
01:04:26 | INFO  | checkpoint_~|   Checking for non PyTorch modules to save
01:04:26 | INFO  | atomic_chec~| [atomic_save] → /data1/likun-share/junjxu/.cache_stable-pretraining/runs/20260716/003428/955e5eb09018/checkpoints/last.ckpt
01:04:29 | INFO  | atomic_chec~| [atomic_save] ✓ last.ckpt saved (392.2 MiB, serialise=1.79s write=1.68s rename=14.1ms)
[Epoch 3/20] step 50/309 (0.5 it/s)
[Epoch 3/20] step 100/309 (0.5 it/s)
[Epoch 3/20] step 150/309 (0.5 it/s)
[Epoch 3/20] step 200/309 (0.5 it/s)
[Epoch 3/20] step 250/309 (0.5 it/s)
[Epoch 3/20] step 300/309 (0.5 it/s)
01:16:08 | INFO  | trainer_inf~| \n+--------------------------------+-----------------------+
|             Metric             |         Value         |
+--------------------------------+-----------------------+
|            [0;34;40mfit/loss[0m            |  [0;32;40m0.42432501912117004[0m  |
|         [0;34;40mfit/pred_loss[0m          |  [0;32;40m0.11019659042358398[0m  |
|        [0;34;40mfit/sigreg_loss[0m         |        [0;32;40m2.890625[0m       |
|      [0;34;40mfit/structured_loss[0m       |  [0;32;40m0.05436280742287636[0m  |
|      [0;34;40mhardware/cpu_percent[0m      |         [0;32;40m100.0[0m         |
|    [0;34;40mhardware/disk_read_mb_s[0m     |  [0;32;40m0.10152135044336319[0m  |
|    [0;34;40mhardware/disk_write_mb_s[0m    |   [0;32;40m257.0446472167969[0m   |
|     [0;34;40mhardware/net_recv_mb_s[0m     |  [0;32;40m0.03532160446047783[0m  |
|     [0;34;40mhardware/net_sent_mb_s[0m     |  [0;32;40m0.07192251831293106[0m  |
|      [0;34;40mhardware/ram_used_gb[0m      |    [0;32;40m856.50439453125[0m    |
|     [0;34;40mhardware/ram_used_pct[0m      |          [0;32;40m85.0[0m         |
|      [0;34;40mhparams/lr_default_0[0m      | [0;32;40m4.558720684144646e-05[0m |
|         [0;34;40mvalidate/loss[0m          |  [0;32;40m0.43249017000198364[0m  |
|      [0;34;40mvalidate/loss_epoch[0m       |  [0;32;40m0.43249017000198364[0m  |
|       [0;34;40mvalidate/pred_loss[0m       |   [0;32;40m0.0974898487329483[0m  |
|    [0;34;40mvalidate/pred_loss_epoch[0m    |   [0;32;40m0.0974898487329483[0m  |
|      [0;34;40mvalidate/sigreg_loss[0m      |   [0;32;40m3.331169605255127[0m   |
|   [0;34;40mvalidate/sigreg_loss_epoch[0m   |   [0;32;40m3.331169605255127[0m   |
|    [0;34;40mvalidate/structured_loss[0m    |  [0;32;40m0.03521079942584038[0m  |
| [0;34;40mvalidate/structured_loss_epoch[0m |  [0;32;40m0.03521079942584038[0m  |
+--------------------------------+-----------------------+
[Epoch 3/20] done in 700.1s
01:16:09 | INFO  | checkpoint_~|   Checking for non PyTorch modules to save
01:16:09 | INFO  | atomic_chec~| [atomic_save] → /data1/likun-share/junjxu/.cache_stable-pretraining/runs/20260716/003428/955e5eb09018/checkpoints/epoch=3-step=1236.ckpt
01:16:14 | INFO  | atomic_chec~| [atomic_save] ✓ epoch=3-step=1236.ckpt saved (392.2 MiB, serialise=2.37s write=2.09s rename=0.1ms)
01:16:14 | INFO  | checkpoint_~|   Checking for non PyTorch modules to save
01:16:14 | INFO  | atomic_chec~| [atomic_save] → /data1/likun-share/junjxu/.cache_stable-pretraining/runs/20260716/003428/955e5eb09018/checkpoints/last.ckpt
01:16:19 | INFO  | atomic_chec~| [atomic_save] ✓ last.ckpt saved (392.2 MiB, serialise=2.08s write=2.03s rename=403.7ms)
[Epoch 4/20] step 50/309 (0.5 it/s)
[Epoch 4/20] step 100/309 (0.5 it/s)
[Epoch 4/20] step 150/309 (0.5 it/s)
[Epoch 4/20] step 200/309 (0.5 it/s)
[Epoch 4/20] step 250/309 (0.5 it/s)
[Epoch 4/20] step 300/309 (0.5 it/s)
01:28:08 | INFO  | trainer_inf~| \n+--------------------------------+-----------------------+
|             Metric             |         Value         |
+--------------------------------+-----------------------+
|            [0;34;40mfit/loss[0m            |   [0;32;40m0.3655397891998291[0m  |
|         [0;34;40mfit/pred_loss[0m          |  [0;32;40m0.09046341478824615[0m  |
|        [0;34;40mfit/sigreg_loss[0m         |        [0;32;40m2.671875[0m       |
|      [0;34;40mfit/structured_loss[0m       |  [0;32;40m0.03484201431274414[0m  |
|      [0;34;40mhardware/cpu_percent[0m      |         [0;32;40m100.0[0m         |
|    [0;34;40mhardware/disk_read_mb_s[0m     |   [0;32;40m144.4177703857422[0m   |
|    [0;34;40mhardware/disk_write_mb_s[0m    |    [0;32;40m157.923583984375[0m   |
|     [0;34;40mhardware/net_recv_mb_s[0m     |  [0;32;40m0.037431515753269196[0m |
|     [0;34;40mhardware/net_sent_mb_s[0m     |  [0;32;40m0.07425419986248016[0m  |
|      [0;34;40mhardware/ram_used_gb[0m      |    [0;32;40m859.705322265625[0m   |
|     [0;34;40mhardware/ram_used_pct[0m      |   [0;32;40m85.30000305175781[0m   |
|      [0;34;40mhparams/lr_default_0[0m      | [0;32;40m4.308798088459298e-05[0m |
|         [0;34;40mvalidate/loss[0m          |   [0;32;40m0.4004074037075043[0m  |
|      [0;34;40mvalidate/loss_epoch[0m       |   [0;32;40m0.4004074037075043[0m  |
|       [0;34;40mvalidate/pred_loss[0m       |  [0;32;40m0.08677997440099716[0m  |
|    [0;34;40mvalidate/pred_loss_epoch[0m    |  [0;32;40m0.08677997440099716[0m  |
|      [0;34;40mvalidate/sigreg_loss[0m      |   [0;32;40m3.107477903366089[0m   |
|   [0;34;40mvalidate/sigreg_loss_epoch[0m   |   [0;32;40m3.107477903366089[0m   |
|    [0;34;40mvalidate/structured_loss[0m    |  [0;32;40m0.033905934542417526[0m |
| [0;34;40mvalidate/structured_loss_epoch[0m |  [0;32;40m0.033905934542417526[0m |
+--------------------------------+-----------------------+
[Epoch 4/20] done in 710.9s
01:28:10 | INFO  | checkpoint_~|   Checking for non PyTorch modules to save
01:28:10 | INFO  | atomic_chec~| [atomic_save] → /data1/likun-share/junjxu/.cache_stable-pretraining/runs/20260716/003428/955e5eb09018/checkpoints/epoch=4-step=1545.ckpt
01:28:14 | INFO  | atomic_chec~| [atomic_save] ✓ epoch=4-step=1545.ckpt saved (392.2 MiB, serialise=1.98s write=1.98s rename=0.1ms)
01:28:14 | INFO  | checkpoint_~|   Checking for non PyTorch modules to save
01:28:14 | INFO  | atomic_chec~| [atomic_save] → /data1/likun-share/junjxu/.cache_stable-pretraining/runs/20260716/003428/955e5eb09018/checkpoints/last.ckpt
01:28:17 | INFO  | atomic_chec~| [atomic_save] ✓ last.ckpt saved (392.2 MiB, serialise=1.68s write=1.75s rename=11.9ms)
[Epoch 5/20] step 50/309 (0.4 it/s)
[Epoch 5/20] step 100/309 (0.5 it/s)
[Epoch 5/20] step 150/309 (0.5 it/s)
[Epoch 5/20] step 200/309 (0.5 it/s)
[Epoch 5/20] step 250/309 (0.5 it/s)
[Epoch 5/20] step 300/309 (0.5 it/s)
01:39:59 | INFO  | trainer_inf~| \n+--------------------------------+-----------------------+
|             Metric             |         Value         |
+--------------------------------+-----------------------+
|            [0;34;40mfit/loss[0m            |  [0;32;40m0.34732478857040405[0m  |
|         [0;34;40mfit/pred_loss[0m          |  [0;32;40m0.07967951893806458[0m  |
|        [0;34;40mfit/sigreg_loss[0m         |        [0;32;40m2.46875[0m        |
|      [0;34;40mfit/structured_loss[0m       |  [0;32;40m0.044989027082920074[0m |
|      [0;34;40mhardware/cpu_percent[0m      |         [0;32;40m100.0[0m         |
|    [0;34;40mhardware/disk_read_mb_s[0m     |  [0;32;40m0.12729190289974213[0m  |
|    [0;34;40mhardware/disk_write_mb_s[0m    |    [0;32;40m1.15695059299469[0m   |
|     [0;34;40mhardware/net_recv_mb_s[0m     |   [0;32;40m0.1402784138917923[0m  |
|     [0;34;40mhardware/net_sent_mb_s[0m     |  [0;32;40m0.37371090054512024[0m  |
|      [0;34;40mhardware/ram_used_gb[0m      |     [0;32;40m860.552734375[0m     |
|     [0;34;40mhardware/ram_used_pct[0m      |    [0;32;40m85.4000015258789[0m   |
|      [0;34;40mhparams/lr_default_0[0m      | [0;32;40m4.013446232420392e-05[0m |
|         [0;34;40mvalidate/loss[0m          |  [0;32;40m0.39030495285987854[0m  |
|      [0;34;40mvalidate/loss_epoch[0m       |  [0;32;40m0.39030495285987854[0m  |
|       [0;34;40mvalidate/pred_loss[0m       |  [0;32;40m0.08648425340652466[0m  |
|    [0;34;40mvalidate/pred_loss_epoch[0m    |  [0;32;40m0.08648425340652466[0m  |
|      [0;34;40mvalidate/sigreg_loss[0m      |   [0;32;40m2.998429775238037[0m   |
|   [0;34;40mvalidate/sigreg_loss_epoch[0m   |   [0;32;40m2.998429775238037[0m   |
|    [0;34;40mvalidate/structured_loss[0m    |  [0;32;40m0.03400981426239014[0m  |
| [0;34;40mvalidate/structured_loss_epoch[0m |  [0;32;40m0.03400981426239014[0m  |
+--------------------------------+-----------------------+
[Epoch 5/20] done in 703.4s
01:40:01 | INFO  | checkpoint_~|   Checking for non PyTorch modules to save
01:40:01 | INFO  | atomic_chec~| [atomic_save] → /data1/likun-share/junjxu/.cache_stable-pretraining/runs/20260716/003428/955e5eb09018/checkpoints/epoch=5-step=1854.ckpt
01:40:06 | INFO  | atomic_chec~| [atomic_save] ✓ epoch=5-step=1854.ckpt saved (392.2 MiB, serialise=3.05s write=1.53s rename=0.1ms)
01:40:06 | INFO  | checkpoint_~|   Checking for non PyTorch modules to save
01:40:06 | INFO  | atomic_chec~| [atomic_save] → /data1/likun-share/junjxu/.cache_stable-pretraining/runs/20260716/003428/955e5eb09018/checkpoints/last.ckpt
01:40:11 | INFO  | atomic_chec~| [atomic_save] ✓ last.ckpt saved (392.2 MiB, serialise=2.17s write=2.17s rename=21.9ms)
[Epoch 6/20] step 50/309 (0.4 it/s)
[Epoch 6/20] step 100/309 (0.4 it/s)
[Epoch 6/20] step 150/309 (0.5 it/s)
[Epoch 6/20] step 200/309 (0.5 it/s)
[Epoch 6/20] step 250/309 (0.5 it/s)
[Epoch 6/20] step 300/309 (0.5 it/s)
01:52:08 | INFO  | trainer_inf~| \n+--------------------------------+------------------------+
|             Metric             |         Value          |
+--------------------------------+------------------------+
|            [0;34;40mfit/loss[0m            |   [0;32;40m0.3249679505825043[0m   |
|         [0;34;40mfit/pred_loss[0m          |  [0;32;40m0.07433295249938965[0m   |
|        [0;34;40mfit/sigreg_loss[0m         |        [0;32;40m2.296875[0m        |
|      [0;34;40mfit/structured_loss[0m       |  [0;32;40m0.043603748083114624[0m  |
|      [0;34;40mhardware/cpu_percent[0m      |         [0;32;40m100.0[0m          |
|    [0;34;40mhardware/disk_read_mb_s[0m     |  [0;32;40m0.003514187643304467[0m  |
|    [0;34;40mhardware/disk_write_mb_s[0m    |   [0;32;40m40.30968475341797[0m    |
|     [0;34;40mhardware/net_recv_mb_s[0m     |  [0;32;40m0.03748619556427002[0m   |
|     [0;34;40mhardware/net_sent_mb_s[0m     |  [0;32;40m0.08443297445774078[0m   |
|      [0;34;40mhardware/ram_used_gb[0m      |   [0;32;40m862.4705810546875[0m    |
|     [0;34;40mhardware/ram_used_pct[0m      |    [0;32;40m85.5999984741211[0m    |
|      [0;34;40mhparams/lr_default_0[0m      | [0;32;40m3.6800833186134696e-05[0m |
|         [0;34;40mvalidate/loss[0m          |   [0;32;40m0.3802815079689026[0m   |
|      [0;34;40mvalidate/loss_epoch[0m       |   [0;32;40m0.3802815079689026[0m   |
|       [0;34;40mvalidate/pred_loss[0m       |  [0;32;40m0.08079058676958084[0m   |
|    [0;34;40mvalidate/pred_loss_epoch[0m    |  [0;32;40m0.08079058676958084[0m   |
|      [0;34;40mvalidate/sigreg_loss[0m      |   [0;32;40m2.941166400909424[0m    |
|   [0;34;40mvalidate/sigreg_loss_epoch[0m   |   [0;32;40m2.941166400909424[0m    |
|    [0;34;40mvalidate/structured_loss[0m    |   [0;32;40m0.034726832062006[0m    |
| [0;34;40mvalidate/structured_loss_epoch[0m |   [0;32;40m0.034726832062006[0m    |
+--------------------------------+------------------------+
[Epoch 6/20] done in 719.3s
01:52:10 | INFO  | checkpoint_~|   Checking for non PyTorch modules to save
01:52:10 | INFO  | atomic_chec~| [atomic_save] → /data1/likun-share/junjxu/.cache_stable-pretraining/runs/20260716/003428/955e5eb09018/checkpoints/epoch=6-step=2163.ckpt
01:52:14 | INFO  | atomic_chec~| [atomic_save] ✓ epoch=6-step=2163.ckpt saved (392.2 MiB, serialise=2.11s write=1.51s rename=0.1ms)
01:52:14 | INFO  | checkpoint_~|   Checking for non PyTorch modules to save
01:52:14 | INFO  | atomic_chec~| [atomic_save] → /data1/likun-share/junjxu/.cache_stable-pretraining/runs/20260716/003428/955e5eb09018/checkpoints/last.ckpt
01:52:19 | INFO  | atomic_chec~| [atomic_save] ✓ last.ckpt saved (392.2 MiB, serialise=2.21s write=2.16s rename=12.3ms)
[Epoch 7/20] step 50/309 (0.4 it/s)
[Epoch 7/20] step 100/309 (0.5 it/s)
[Epoch 7/20] step 150/309 (0.5 it/s)
[Epoch 7/20] step 200/309 (0.5 it/s)
[Epoch 7/20] step 250/309 (0.5 it/s)
[Epoch 7/20] step 300/309 (0.5 it/s)
02:04:13 | INFO  | trainer_inf~| \n+--------------------------------+-----------------------+
|             Metric             |         Value         |
+--------------------------------+-----------------------+
|            [0;34;40mfit/loss[0m            |   [0;32;40m0.3386024236679077[0m  |
|         [0;34;40mfit/pred_loss[0m          |  [0;32;40m0.08611831068992615[0m  |
|        [0;34;40mfit/sigreg_loss[0m         |        [0;32;40m2.40625[0m        |
|      [0;34;40mfit/structured_loss[0m       |  [0;32;40m0.035687245428562164[0m |
|      [0;34;40mhardware/cpu_percent[0m      |         [0;32;40m100.0[0m         |
|    [0;34;40mhardware/disk_read_mb_s[0m     |   [0;32;40m1.5326093435287476[0m  |
|    [0;34;40mhardware/disk_write_mb_s[0m    |   [0;32;40m79.55043029785156[0m   |
|     [0;34;40mhardware/net_recv_mb_s[0m     |  [0;32;40m0.03156450018286705[0m  |
|     [0;34;40mhardware/net_sent_mb_s[0m     |  [0;32;40m0.06864520162343979[0m  |
|      [0;34;40mhardware/ram_used_gb[0m      |   [0;32;40m862.5720825195312[0m   |
|     [0;34;40mhardware/ram_used_pct[0m      |    [0;32;40m85.5999984741211[0m   |
|      [0;34;40mhparams/lr_default_0[0m      | [0;32;40m3.317081791465171e-05[0m |
|         [0;34;40mvalidate/loss[0m          |  [0;32;40m0.36142027378082275[0m  |
|      [0;34;40mvalidate/loss_epoch[0m       |  [0;32;40m0.36142027378082275[0m  |
|       [0;34;40mvalidate/pred_loss[0m       |  [0;32;40m0.07518503814935684[0m  |
|    [0;34;40mvalidate/pred_loss_epoch[0m    |  [0;32;40m0.07518503814935684[0m  |
|      [0;34;40mvalidate/sigreg_loss[0m      |   [0;32;40m2.8210408687591553[0m  |
|   [0;34;40mvalidate/sigreg_loss_epoch[0m   |   [0;32;40m2.8210408687591553[0m  |
|    [0;34;40mvalidate/structured_loss[0m    |  [0;32;40m0.03232993558049202[0m  |
| [0;34;40mvalidate/structured_loss_epoch[0m |  [0;32;40m0.03232993558049202[0m  |
+--------------------------------+-----------------------+
[Epoch 7/20] done in 715.6s
02:04:14 | INFO  | checkpoint_~|   Checking for non PyTorch modules to save
02:04:14 | INFO  | atomic_chec~| [atomic_save] → /data1/likun-share/junjxu/.cache_stable-pretraining/runs/20260716/003428/955e5eb09018/checkpoints/epoch=7-step=2472.ckpt
02:04:18 | INFO  | atomic_chec~| [atomic_save] ✓ epoch=7-step=2472.ckpt saved (392.2 MiB, serialise=2.05s write=1.57s rename=0.1ms)
02:04:19 | INFO  | checkpoint_~|   Checking for non PyTorch modules to save
02:04:19 | INFO  | atomic_chec~| [atomic_save] → /data1/likun-share/junjxu/.cache_stable-pretraining/runs/20260716/003428/955e5eb09018/checkpoints/last.ckpt
02:04:23 | INFO  | atomic_chec~| [atomic_save] ✓ last.ckpt saved (392.2 MiB, serialise=1.75s write=1.98s rename=277.2ms)
[Epoch 8/20] step 50/309 (0.4 it/s)
[Epoch 8/20] step 100/309 (0.5 it/s)
[Epoch 8/20] step 150/309 (0.5 it/s)
[Epoch 8/20] step 200/309 (0.5 it/s)
[Epoch 8/20] step 250/309 (0.5 it/s)
[Epoch 8/20] step 300/309 (0.5 it/s)
02:16:07 | INFO  | trainer_inf~| \n+--------------------------------+------------------------+
|             Metric             |         Value          |
+--------------------------------+------------------------+
|            [0;34;40mfit/loss[0m            |   [0;32;40m0.3232868015766144[0m   |
|         [0;34;40mfit/pred_loss[0m          |   [0;32;40m0.0842299684882164[0m   |
|        [0;34;40mfit/sigreg_loss[0m         |        [0;32;40m2.328125[0m        |
|      [0;34;40mfit/structured_loss[0m       |  [0;32;40m0.029095888137817383[0m  |
|      [0;34;40mhardware/cpu_percent[0m      |         [0;32;40m100.0[0m          |
|    [0;34;40mhardware/disk_read_mb_s[0m     |  [0;32;40m0.052693501114845276[0m  |
|    [0;34;40mhardware/disk_write_mb_s[0m    |   [0;32;40m101.63951873779297[0m   |
|     [0;34;40mhardware/net_recv_mb_s[0m     |  [0;32;40m0.034166060388088226[0m  |
|     [0;34;40mhardware/net_sent_mb_s[0m     |  [0;32;40m0.03458268195390701[0m   |
|      [0;34;40mhardware/ram_used_gb[0m      |   [0;32;40m870.7048950195312[0m    |
|     [0;34;40mhardware/ram_used_pct[0m      |    [0;32;40m86.4000015258789[0m    |
|      [0;34;40mhparams/lr_default_0[0m      | [0;32;40m2.9335586077650078e-05[0m |
|         [0;34;40mvalidate/loss[0m          |   [0;32;40m0.3524012565612793[0m   |
|      [0;34;40mvalidate/loss_epoch[0m       |   [0;32;40m0.3524012565612793[0m   |
|       [0;34;40mvalidate/pred_loss[0m       |  [0;32;40m0.07121866196393967[0m   |
|    [0;34;40mvalidate/pred_loss_epoch[0m    |  [0;32;40m0.07121866196393967[0m   |
|      [0;34;40mvalidate/sigreg_loss[0m      |   [0;32;40m2.775693416595459[0m    |
|   [0;34;40mvalidate/sigreg_loss_epoch[0m   |   [0;32;40m2.775693416595459[0m    |
|    [0;34;40mvalidate/structured_loss[0m    |  [0;32;40m0.03145749121904373[0m   |
| [0;34;40mvalidate/structured_loss_epoch[0m |  [0;32;40m0.03145749121904373[0m   |
+--------------------------------+------------------------+
[Epoch 8/20] done in 705.8s
02:16:09 | INFO  | checkpoint_~|   Checking for non PyTorch modules to save
02:16:09 | INFO  | atomic_chec~| [atomic_save] → /data1/likun-share/junjxu/.cache_stable-pretraining/runs/20260716/003428/955e5eb09018/checkpoints/epoch=8-step=2781.ckpt
02:16:13 | INFO  | atomic_chec~| [atomic_save] ✓ epoch=8-step=2781.ckpt saved (392.2 MiB, serialise=2.27s write=2.37s rename=0.1ms)
02:16:14 | INFO  | checkpoint_~|   Checking for non PyTorch modules to save
02:16:14 | INFO  | atomic_chec~| [atomic_save] → /data1/likun-share/junjxu/.cache_stable-pretraining/runs/20260716/003428/955e5eb09018/checkpoints/last.ckpt
02:16:18 | INFO  | atomic_chec~| [atomic_save] ✓ last.ckpt saved (392.2 MiB, serialise=2.00s write=2.15s rename=308.9ms)
[Epoch 9/20] step 50/309 (0.5 it/s)
[Epoch 9/20] step 100/309 (0.5 it/s)
[Epoch 9/20] step 150/309 (0.5 it/s)
[Epoch 9/20] step 200/309 (0.5 it/s)
[Epoch 9/20] step 250/309 (0.5 it/s)
[Epoch 9/20] step 300/309 (0.5 it/s)
02:27:40 | INFO  | trainer_inf~| \n+--------------------------------+------------------------+
|             Metric             |         Value          |
+--------------------------------+------------------------+
|            [0;34;40mfit/loss[0m            |   [0;32;40m0.328262060880661[0m    |
|         [0;34;40mfit/pred_loss[0m          |  [0;32;40m0.07337689399719238[0m   |
|        [0;34;40mfit/sigreg_loss[0m         |        [0;32;40m2.34375[0m         |
|      [0;34;40mfit/structured_loss[0m       |  [0;32;40m0.04394765570759773[0m   |
|      [0;34;40mhardware/cpu_percent[0m      |         [0;32;40m100.0[0m          |
|    [0;34;40mhardware/disk_read_mb_s[0m     |  [0;32;40m0.03865537792444229[0m   |
|    [0;34;40mhardware/disk_write_mb_s[0m    |   [0;32;40m103.84982299804688[0m   |
|     [0;34;40mhardware/net_recv_mb_s[0m     |  [0;32;40m0.038748037070035934[0m  |
|     [0;34;40mhardware/net_sent_mb_s[0m     |  [0;32;40m0.04793944209814072[0m   |
|      [0;34;40mhardware/ram_used_gb[0m      |    [0;32;40m868.928955078125[0m    |
|     [0;34;40mhardware/ram_used_pct[0m      |   [0;32;40m86.30000305175781[0m    |
|      [0;34;40mhparams/lr_default_0[0m      | [0;32;40m2.5391464077983983e-05[0m |
|         [0;34;40mvalidate/loss[0m          |  [0;32;40m0.33927395939826965[0m   |
|      [0;34;40mvalidate/loss_epoch[0m       |  [0;32;40m0.33927395939826965[0m   |
|       [0;34;40mvalidate/pred_loss[0m       |  [0;32;40m0.06711003184318542[0m   |
|    [0;34;40mvalidate/pred_loss_epoch[0m    |  [0;32;40m0.06711003184318542[0m   |
|      [0;34;40mvalidate/sigreg_loss[0m      |    [0;32;40m2.68898868560791[0m    |
|   [0;34;40mvalidate/sigreg_loss_epoch[0m   |    [0;32;40m2.68898868560791[0m    |
|    [0;34;40mvalidate/structured_loss[0m    |  [0;32;40m0.03018622100353241[0m   |
| [0;34;40mvalidate/structured_loss_epoch[0m |  [0;32;40m0.03018622100353241[0m   |
+--------------------------------+------------------------+
[Epoch 9/20] done in 683.2s
02:27:42 | INFO  | checkpoint_~|   Checking for non PyTorch modules to save
02:27:42 | INFO  | atomic_chec~| [atomic_save] → /data1/likun-share/junjxu/.cache_stable-pretraining/runs/20260716/003428/955e5eb09018/checkpoints/epoch=9-step=3090.ckpt
02:27:46 | INFO  | atomic_chec~| [atomic_save] ✓ epoch=9-step=3090.ckpt saved (392.2 MiB, serialise=2.51s write=1.78s rename=0.1ms)
02:27:47 | INFO  | checkpoint_~|   Checking for non PyTorch modules to save
02:27:47 | INFO  | atomic_chec~| [atomic_save] → /data1/likun-share/junjxu/.cache_stable-pretraining/runs/20260716/003428/955e5eb09018/checkpoints/last.ckpt
02:27:53 | INFO  | atomic_chec~| [atomic_save] ✓ last.ckpt saved (392.2 MiB, serialise=2.80s write=2.43s rename=226.1ms)
[Epoch 10/20] step 50/309 (0.4 it/s)
[Epoch 10/20] step 100/309 (0.5 it/s)
[Epoch 10/20] step 150/309 (0.5 it/s)
[Epoch 10/20] step 200/309 (0.5 it/s)
[Epoch 10/20] step 250/309 (0.5 it/s)
[Epoch 10/20] step 300/309 (0.5 it/s)
02:39:59 | INFO  | trainer_inf~| \n+--------------------------------+-----------------------+
|             Metric             |         Value         |
+--------------------------------+-----------------------+
|            [0;34;40mfit/loss[0m            |   [0;32;40m0.2986104190349579[0m  |
|         [0;34;40mfit/pred_loss[0m          |  [0;32;40m0.07033028453588486[0m  |
|        [0;34;40mfit/sigreg_loss[0m         |        [0;32;40m2.296875[0m       |
|      [0;34;40mfit/structured_loss[0m       |  [0;32;40m0.021248867735266685[0m |
|      [0;34;40mhardware/cpu_percent[0m      |         [0;32;40m100.0[0m         |
|    [0;34;40mhardware/disk_read_mb_s[0m     |  [0;32;40m0.02342846803367138[0m  |
|    [0;34;40mhardware/disk_write_mb_s[0m    |   [0;32;40m58.65824508666992[0m   |
|     [0;34;40mhardware/net_recv_mb_s[0m     |  [0;32;40m0.24699664115905762[0m  |
|     [0;34;40mhardware/net_sent_mb_s[0m     |   [0;32;40m0.7885832190513611[0m  |
|      [0;34;40mhardware/ram_used_gb[0m      |   [0;32;40m868.1922607421875[0m   |
|     [0;34;40mhardware/ram_used_pct[0m      |   [0;32;40m86.19999694824219[0m   |
|      [0;34;40mhparams/lr_default_0[0m      | [0;32;40m2.143750862160232e-05[0m |
|         [0;34;40mvalidate/loss[0m          |   [0;32;40m0.3413833975791931[0m  |
|      [0;34;40mvalidate/loss_epoch[0m       |   [0;32;40m0.3413833975791931[0m  |
|       [0;34;40mvalidate/pred_loss[0m       |  [0;32;40m0.06765436381101608[0m  |
|    [0;34;40mvalidate/pred_loss_epoch[0m    |  [0;32;40m0.06765436381101608[0m  |
|      [0;34;40mvalidate/sigreg_loss[0m      |   [0;32;40m2.708599805831909[0m   |
|   [0;34;40mvalidate/sigreg_loss_epoch[0m   |   [0;32;40m2.708599805831909[0m   |
|    [0;34;40mvalidate/structured_loss[0m    |  [0;32;40m0.030049767345190048[0m |
| [0;34;40mvalidate/structured_loss_epoch[0m |  [0;32;40m0.030049767345190048[0m |
+--------------------------------+-----------------------+
[Epoch 10/20] done in 726.9s
02:40:00 | INFO  | checkpoint_~|   Checking for non PyTorch modules to save
02:40:00 | INFO  | atomic_chec~| [atomic_save] → /data1/likun-share/junjxu/.cache_stable-pretraining/runs/20260716/003428/955e5eb09018/checkpoints/epoch=10-step=3399.ckpt
02:40:04 | INFO  | atomic_chec~| [atomic_save] ✓ epoch=10-step=3399.ckpt saved (392.2 MiB, serialise=2.72s write=1.85s rename=0.1ms)
02:40:05 | INFO  | checkpoint_~|   Checking for non PyTorch modules to save
02:40:05 | INFO  | atomic_chec~| [atomic_save] → /data1/likun-share/junjxu/.cache_stable-pretraining/runs/20260716/003428/955e5eb09018/checkpoints/last.ckpt
02:40:10 | INFO  | atomic_chec~| [atomic_save] ✓ last.ckpt saved (392.2 MiB, serialise=2.34s write=1.82s rename=308.7ms)
[Epoch 11/20] step 50/309 (0.4 it/s)
[Epoch 11/20] step 100/309 (0.5 it/s)
[Epoch 11/20] step 150/309 (0.5 it/s)
[Epoch 11/20] step 200/309 (0.5 it/s)
[Epoch 11/20] step 250/309 (0.5 it/s)
[Epoch 11/20] step 300/309 (0.5 it/s)
02:52:01 | INFO  | trainer_inf~| \n+--------------------------------+------------------------+
|             Metric             |         Value          |
+--------------------------------+------------------------+
|            [0;34;40mfit/loss[0m            |  [0;32;40m0.29235678911209106[0m   |
|         [0;34;40mfit/pred_loss[0m          |  [0;32;40m0.07422541826963425[0m   |
|        [0;34;40mfit/sigreg_loss[0m         |        [0;32;40m2.171875[0m        |
|      [0;34;40mfit/structured_loss[0m       |  [0;32;40m0.022818855941295624[0m  |
|      [0;34;40mhardware/cpu_percent[0m      |         [0;32;40m100.0[0m          |
|    [0;34;40mhardware/disk_read_mb_s[0m     |  [0;32;40m0.03865467384457588[0m   |
|    [0;34;40mhardware/disk_write_mb_s[0m    |    [0;32;40m82.2938461303711[0m    |
|     [0;34;40mhardware/net_recv_mb_s[0m     |  [0;32;40m0.028931427747011185[0m  |
|     [0;34;40mhardware/net_sent_mb_s[0m     |  [0;32;40m0.06513529270887375[0m   |
|      [0;34;40mhardware/ram_used_gb[0m      |   [0;32;40m869.2803955078125[0m    |
|     [0;34;40mhardware/ram_used_pct[0m      |   [0;32;40m86.30000305175781[0m    |
|      [0;34;40mhparams/lr_default_0[0m      | [0;32;40m1.7573029253981076e-05[0m |
|         [0;34;40mvalidate/loss[0m          |  [0;32;40m0.33202213048934937[0m   |
|      [0;34;40mvalidate/loss_epoch[0m       |  [0;32;40m0.33202213048934937[0m   |
|       [0;34;40mvalidate/pred_loss[0m       |  [0;32;40m0.06351583451032639[0m   |
|    [0;34;40mvalidate/pred_loss_epoch[0m    |  [0;32;40m0.06351583451032639[0m   |
|      [0;34;40mvalidate/sigreg_loss[0m      |   [0;32;40m2.661668062210083[0m    |
|   [0;34;40mvalidate/sigreg_loss_epoch[0m   |   [0;32;40m2.661668062210083[0m    |
|    [0;34;40mvalidate/structured_loss[0m    |  [0;32;40m0.028990473598241806[0m  |
| [0;34;40mvalidate/structured_loss_epoch[0m |  [0;32;40m0.028990473598241806[0m  |
+--------------------------------+------------------------+
[Epoch 11/20] done in 711.9s
02:52:02 | INFO  | checkpoint_~|   Checking for non PyTorch modules to save
02:52:02 | INFO  | atomic_chec~| [atomic_save] → /data1/likun-share/junjxu/.cache_stable-pretraining/runs/20260716/003428/955e5eb09018/checkpoints/epoch=11-step=3708.ckpt
02:52:05 | INFO  | atomic_chec~| [atomic_save] ✓ epoch=11-step=3708.ckpt saved (392.2 MiB, serialise=2.14s write=1.48s rename=0.1ms)
02:52:06 | INFO  | checkpoint_~|   Checking for non PyTorch modules to save
02:52:06 | INFO  | atomic_chec~| [atomic_save] → /data1/likun-share/junjxu/.cache_stable-pretraining/runs/20260716/003428/955e5eb09018/checkpoints/last.ckpt
02:52:10 | INFO  | atomic_chec~| [atomic_save] ✓ last.ckpt saved (392.2 MiB, serialise=3.16s write=1.58s rename=29.1ms)
[Epoch 12/20] step 50/309 (0.5 it/s)
[Epoch 12/20] step 100/309 (0.5 it/s)
[Epoch 12/20] step 150/309 (0.5 it/s)
[Epoch 12/20] step 200/309 (0.5 it/s)
[Epoch 12/20] step 250/309 (0.5 it/s)
[Epoch 12/20] step 300/309 (0.5 it/s)
03:03:56 | INFO  | trainer_inf~| \n+--------------------------------+-----------------------+
|             Metric             |         Value         |
+--------------------------------+-----------------------+
|            [0;34;40mfit/loss[0m            |   [0;32;40m0.3081077039241791[0m  |
|         [0;34;40mfit/pred_loss[0m          |   [0;32;40m0.063717782497406[0m   |
|        [0;34;40mfit/sigreg_loss[0m         |        [0;32;40m2.171875[0m       |
|      [0;34;40mfit/structured_loss[0m       |  [0;32;40m0.049077413976192474[0m |
|      [0;34;40mhardware/cpu_percent[0m      |         [0;32;40m100.0[0m         |
|    [0;34;40mhardware/disk_read_mb_s[0m     |  [0;32;40m0.24169611930847168[0m  |
|    [0;34;40mhardware/disk_write_mb_s[0m    |    [0;32;40m58.8938102722168[0m   |
|     [0;34;40mhardware/net_recv_mb_s[0m     |  [0;32;40m0.026134850457310677[0m |
|     [0;34;40mhardware/net_sent_mb_s[0m     |  [0;32;40m0.06415325403213501[0m  |
|      [0;34;40mhardware/ram_used_gb[0m      |   [0;32;40m868.8175659179688[0m   |
|     [0;34;40mhardware/ram_used_pct[0m      |   [0;32;40m86.19999694824219[0m   |
|      [0;34;40mhparams/lr_default_0[0m      | [0;32;40m1.389508179272525e-05[0m |
|         [0;34;40mvalidate/loss[0m          |   [0;32;40m0.3310827910900116[0m  |
|      [0;34;40mvalidate/loss_epoch[0m       |   [0;32;40m0.3310827910900116[0m  |
|       [0;34;40mvalidate/pred_loss[0m       |   [0;32;40m0.0632331371307373[0m  |
|    [0;34;40mvalidate/pred_loss_epoch[0m    |   [0;32;40m0.0632331371307373[0m  |
|      [0;34;40mvalidate/sigreg_loss[0m      |   [0;32;40m2.6539015769958496[0m  |
|   [0;34;40mvalidate/sigreg_loss_epoch[0m   |   [0;32;40m2.6539015769958496[0m  |
|    [0;34;40mvalidate/structured_loss[0m    |  [0;32;40m0.02891470119357109[0m  |
| [0;34;40mvalidate/structured_loss_epoch[0m |  [0;32;40m0.02891470119357109[0m  |
+--------------------------------+-----------------------+
[Epoch 12/20] done in 706.1s
03:03:57 | INFO  | checkpoint_~|   Checking for non PyTorch modules to save
03:03:57 | INFO  | atomic_chec~| [atomic_save] → /data1/likun-share/junjxu/.cache_stable-pretraining/runs/20260716/003428/955e5eb09018/checkpoints/epoch=12-step=4017.ckpt
03:04:00 | INFO  | atomic_chec~| [atomic_save] ✓ epoch=12-step=4017.ckpt saved (392.2 MiB, serialise=1.34s write=2.17s rename=0.1ms)
03:04:01 | INFO  | checkpoint_~|   Checking for non PyTorch modules to save
03:04:01 | INFO  | atomic_chec~| [atomic_save] → /data1/likun-share/junjxu/.cache_stable-pretraining/runs/20260716/003428/955e5eb09018/checkpoints/last.ckpt
03:04:04 | INFO  | atomic_chec~| [atomic_save] ✓ last.ckpt saved (392.2 MiB, serialise=1.25s write=1.79s rename=221.6ms)
[Epoch 13/20] step 50/309 (0.5 it/s)
[Epoch 13/20] step 100/309 (0.5 it/s)
[Epoch 13/20] step 150/309 (0.5 it/s)
[Epoch 13/20] step 200/309 (0.5 it/s)
[Epoch 13/20] step 250/309 (0.5 it/s)
[Epoch 13/20] step 300/309 (0.5 it/s)
03:15:33 | INFO  | trainer_inf~| \n+--------------------------------+------------------------+
|             Metric             |         Value          |
+--------------------------------+------------------------+
|            [0;34;40mfit/loss[0m            |   [0;32;40m0.3121960461139679[0m   |
|         [0;34;40mfit/pred_loss[0m          |  [0;32;40m0.06724031269550323[0m   |
|        [0;34;40mfit/sigreg_loss[0m         |        [0;32;40m2.234375[0m        |
|      [0;34;40mfit/structured_loss[0m       |  [0;32;40m0.04378388449549675[0m   |
|      [0;34;40mhardware/cpu_percent[0m      |         [0;32;40m100.0[0m          |
|    [0;34;40mhardware/disk_read_mb_s[0m     |   [0;32;40m232.74310302734375[0m   |
|    [0;34;40mhardware/disk_write_mb_s[0m    |   [0;32;40m81.51707458496094[0m    |
|     [0;34;40mhardware/net_recv_mb_s[0m     |   [0;32;40m0.7011204957962036[0m   |
|     [0;34;40mhardware/net_sent_mb_s[0m     |   [0;32;40m0.2255248874425888[0m   |
|      [0;34;40mhardware/ram_used_gb[0m      |   [0;32;40m831.8445434570312[0m    |
|     [0;34;40mhardware/ram_used_pct[0m      |    [0;32;40m82.5999984741211[0m    |
|      [0;34;40mhparams/lr_default_0[0m      | [0;32;40m1.0496042705199216e-05[0m |
|         [0;34;40mvalidate/loss[0m          |  [0;32;40m0.32816845178604126[0m   |
|      [0;34;40mvalidate/loss_epoch[0m       |  [0;32;40m0.32816845178604126[0m   |
|       [0;34;40mvalidate/pred_loss[0m       |  [0;32;40m0.06047501415014267[0m   |
|    [0;34;40mvalidate/pred_loss_epoch[0m    |  [0;32;40m0.06047501415014267[0m   |
|      [0;34;40mvalidate/sigreg_loss[0m      |   [0;32;40m2.6589038372039795[0m   |
|   [0;34;40mvalidate/sigreg_loss_epoch[0m   |   [0;32;40m2.6589038372039795[0m   |
|    [0;34;40mvalidate/structured_loss[0m    |  [0;32;40m0.02844591625034809[0m   |
| [0;34;40mvalidate/structured_loss_epoch[0m |  [0;32;40m0.02844591625034809[0m   |
+--------------------------------+------------------------+
[Epoch 13/20] done in 689.7s
03:15:34 | INFO  | checkpoint_~|   Checking for non PyTorch modules to save
03:15:34 | INFO  | atomic_chec~| [atomic_save] → /data1/likun-share/junjxu/.cache_stable-pretraining/runs/20260716/003428/955e5eb09018/checkpoints/epoch=13-step=4326.ckpt
03:15:37 | INFO  | atomic_chec~| [atomic_save] ✓ epoch=13-step=4326.ckpt saved (392.2 MiB, serialise=1.56s write=1.69s rename=0.1ms)
03:15:38 | INFO  | checkpoint_~|   Checking for non PyTorch modules to save
03:15:38 | INFO  | atomic_chec~| [atomic_save] → /data1/likun-share/junjxu/.cache_stable-pretraining/runs/20260716/003428/955e5eb09018/checkpoints/last.ckpt
03:15:41 | INFO  | atomic_chec~| [atomic_save] ✓ last.ckpt saved (392.2 MiB, serialise=2.54s write=1.29s rename=12.7ms)
[Epoch 14/20] step 50/309 (0.5 it/s)
[Epoch 14/20] step 100/309 (0.6 it/s)
[Epoch 14/20] step 150/309 (0.6 it/s)
[Epoch 14/20] step 200/309 (0.6 it/s)
[Epoch 14/20] step 250/309 (0.6 it/s)
[Epoch 14/20] step 300/309 (0.6 it/s)
03:25:45 | INFO  | trainer_inf~| \n+--------------------------------+-----------------------+
|             Metric             |         Value         |
+--------------------------------+-----------------------+
|            [0;34;40mfit/loss[0m            |   [0;32;40m0.2936587631702423[0m  |
|         [0;34;40mfit/pred_loss[0m          |  [0;32;40m0.06326660513877869[0m  |
|        [0;34;40mfit/sigreg_loss[0m         |        [0;32;40m2.078125[0m       |
|      [0;34;40mfit/structured_loss[0m       |  [0;32;40m0.04289214685559273[0m  |
|      [0;34;40mhardware/cpu_percent[0m      |         [0;32;40m100.0[0m         |
|    [0;34;40mhardware/disk_read_mb_s[0m     |   [0;32;40m158.80368041992188[0m  |
|    [0;34;40mhardware/disk_write_mb_s[0m    |   [0;32;40m140.02371215820312[0m  |
|     [0;34;40mhardware/net_recv_mb_s[0m     |   [0;32;40m0.833206295967102[0m   |
|     [0;34;40mhardware/net_sent_mb_s[0m     |  [0;32;40m0.12400787323713303[0m  |
|      [0;34;40mhardware/ram_used_gb[0m      |   [0;32;40m787.9000244140625[0m   |
|     [0;34;40mhardware/ram_used_pct[0m      |   [0;32;40m78.19999694824219[0m   |
|      [0;34;40mhparams/lr_default_0[0m      | [0;32;40m7.461279892595485e-06[0m |
|         [0;34;40mvalidate/loss[0m          |   [0;32;40m0.3241560757160187[0m  |
|      [0;34;40mvalidate/loss_epoch[0m       |   [0;32;40m0.3241560757160187[0m  |
|       [0;34;40mvalidate/pred_loss[0m       |  [0;32;40m0.05939539521932602[0m  |
|    [0;34;40mvalidate/pred_loss_epoch[0m    |  [0;32;40m0.05939539521932602[0m  |
|      [0;34;40mvalidate/sigreg_loss[0m      |   [0;32;40m2.6226766109466553[0m  |
|   [0;34;40mvalidate/sigreg_loss_epoch[0m   |   [0;32;40m2.6226766109466553[0m  |
|    [0;34;40mvalidate/structured_loss[0m    |  [0;32;40m0.028798280283808708[0m |
| [0;34;40mvalidate/structured_loss_epoch[0m |  [0;32;40m0.028798280283808708[0m |
+--------------------------------+-----------------------+
[Epoch 14/20] done in 604.4s
03:25:46 | INFO  | checkpoint_~|   Checking for non PyTorch modules to save
03:25:46 | INFO  | atomic_chec~| [atomic_save] → /data1/likun-share/junjxu/.cache_stable-pretraining/runs/20260716/003428/955e5eb09018/checkpoints/epoch=14-step=4635.ckpt
03:25:49 | INFO  | atomic_chec~| [atomic_save] ✓ epoch=14-step=4635.ckpt saved (392.2 MiB, serialise=1.67s write=1.60s rename=0.1ms)
03:25:50 | INFO  | checkpoint_~|   Checking for non PyTorch modules to save
03:25:50 | INFO  | atomic_chec~| [atomic_save] → /data1/likun-share/junjxu/.cache_stable-pretraining/runs/20260716/003428/955e5eb09018/checkpoints/last.ckpt
03:25:55 | INFO  | atomic_chec~| [atomic_save] ✓ last.ckpt saved (392.2 MiB, serialise=2.36s write=1.76s rename=492.8ms)
[Epoch 15/20] step 50/309 (0.6 it/s)
[Epoch 15/20] step 100/309 (0.6 it/s)
[Epoch 15/20] step 150/309 (0.6 it/s)
[Epoch 15/20] step 200/309 (0.7 it/s)
[Epoch 15/20] step 250/309 (0.6 it/s)
[Epoch 15/20] step 300/309 (0.6 it/s)
03:35:13 | INFO  | trainer_inf~| \n+--------------------------------+-----------------------+
|             Metric             |         Value         |
+--------------------------------+-----------------------+
|            [0;34;40mfit/loss[0m            |   [0;32;40m0.3027421832084656[0m  |
|         [0;34;40mfit/pred_loss[0m          |  [0;32;40m0.05693594366312027[0m  |
|        [0;34;40mfit/sigreg_loss[0m         |        [0;32;40m2.15625[0m        |
|      [0;34;40mfit/structured_loss[0m       |   [0;32;40m0.0514703094959259[0m  |
|      [0;34;40mhardware/cpu_percent[0m      |         [0;32;40m100.0[0m         |
|    [0;34;40mhardware/disk_read_mb_s[0m     |   [0;32;40m4.3797736167907715[0m  |
|    [0;34;40mhardware/disk_write_mb_s[0m    |   [0;32;40m101.64604187011719[0m  |
|     [0;34;40mhardware/net_recv_mb_s[0m     |   [0;32;40m1.464828610420227[0m   |
|     [0;34;40mhardware/net_sent_mb_s[0m     |  [0;32;40m0.23722074925899506[0m  |
|      [0;34;40mhardware/ram_used_gb[0m      |   [0;32;40m792.5045776367188[0m   |
|     [0;34;40mhardware/ram_used_pct[0m      |   [0;32;40m78.69999694824219[0m   |
|      [0;34;40mhparams/lr_default_0[0m      | [0;32;40m4.867013558396138e-06[0m |
|         [0;34;40mvalidate/loss[0m          |  [0;32;40m0.32180550694465637[0m  |
|      [0;34;40mvalidate/loss_epoch[0m       |  [0;32;40m0.32180550694465637[0m  |
|       [0;34;40mvalidate/pred_loss[0m       |  [0;32;40m0.05754243955016136[0m  |
|    [0;34;40mvalidate/pred_loss_epoch[0m    |  [0;32;40m0.05754243955016136[0m  |
|      [0;34;40mvalidate/sigreg_loss[0m      |   [0;32;40m2.6025502681732178[0m  |
|   [0;34;40mvalidate/sigreg_loss_epoch[0m   |   [0;32;40m2.6025502681732178[0m  |
|    [0;34;40mvalidate/structured_loss[0m    |  [0;32;40m0.030062152072787285[0m |
| [0;34;40mvalidate/structured_loss_epoch[0m |  [0;32;40m0.030062152072787285[0m |
+--------------------------------+-----------------------+
[Epoch 15/20] done in 558.9s
03:35:14 | INFO  | checkpoint_~|   Checking for non PyTorch modules to save
03:35:14 | INFO  | atomic_chec~| [atomic_save] → /data1/likun-share/junjxu/.cache_stable-pretraining/runs/20260716/003428/955e5eb09018/checkpoints/epoch=15-step=4944.ckpt
03:35:17 | INFO  | atomic_chec~| [atomic_save] ✓ epoch=15-step=4944.ckpt saved (392.2 MiB, serialise=1.69s write=1.39s rename=0.1ms)
03:35:17 | INFO  | checkpoint_~|   Checking for non PyTorch modules to save
03:35:17 | INFO  | atomic_chec~| [atomic_save] → /data1/likun-share/junjxu/.cache_stable-pretraining/runs/20260716/003428/955e5eb09018/checkpoints/last.ckpt
03:35:20 | INFO  | atomic_chec~| [atomic_save] ✓ last.ckpt saved (392.2 MiB, serialise=1.48s write=1.00s rename=390.2ms)
[Epoch 16/20] step 50/309 (0.6 it/s)
[Epoch 16/20] step 100/309 (0.6 it/s)
[Epoch 16/20] step 150/309 (0.6 it/s)
[Epoch 16/20] step 200/309 (0.6 it/s)
[Epoch 16/20] step 250/309 (0.6 it/s)
[Epoch 16/20] step 300/309 (0.6 it/s)
03:44:51 | INFO  | trainer_inf~| \n+--------------------------------+----------------------+
|             Metric             |        Value         |
+--------------------------------+----------------------+
|            [0;34;40mfit/loss[0m            |  [0;32;40m0.2885741591453552[0m  |
|         [0;34;40mfit/pred_loss[0m          | [0;32;40m0.056474678218364716[0m |
|        [0;34;40mfit/sigreg_loss[0m         |        [0;32;40m2.125[0m         |
|      [0;34;40mfit/structured_loss[0m       | [0;32;40m0.04069321230053902[0m  |
|      [0;34;40mhardware/cpu_percent[0m      |        [0;32;40m100.0[0m         |
|    [0;34;40mhardware/disk_read_mb_s[0m     |    [0;32;40m176.6630859375[0m    |
|    [0;34;40mhardware/disk_write_mb_s[0m    |  [0;32;40m93.53707122802734[0m   |
|     [0;34;40mhardware/net_recv_mb_s[0m     |  [0;32;40m0.3600219786167145[0m  |
|     [0;34;40mhardware/net_sent_mb_s[0m     | [0;32;40m0.11709519475698471[0m  |
|      [0;34;40mhardware/ram_used_gb[0m      |     [0;32;40m747.33203125[0m     |
|     [0;34;40mhardware/ram_used_pct[0m      |  [0;32;40m74.19999694824219[0m   |
|      [0;34;40mhparams/lr_default_0[0m      | [0;32;40m2.77840081253089e-06[0m |
|         [0;34;40mvalidate/loss[0m          |  [0;32;40m0.3146321773529053[0m  |
|      [0;34;40mvalidate/loss_epoch[0m       |  [0;32;40m0.3146321773529053[0m  |
|       [0;34;40mvalidate/pred_loss[0m       | [0;32;40m0.05573746934533119[0m  |
|    [0;34;40mvalidate/pred_loss_epoch[0m    | [0;32;40m0.05573746934533119[0m  |
|      [0;34;40mvalidate/sigreg_loss[0m      |  [0;32;40m2.5659711360931396[0m  |
|   [0;34;40mvalidate/sigreg_loss_epoch[0m   |  [0;32;40m2.5659711360931396[0m  |
|    [0;34;40mvalidate/structured_loss[0m    | [0;32;40m0.027961721643805504[0m |
| [0;34;40mvalidate/structured_loss_epoch[0m | [0;32;40m0.027961721643805504[0m |
+--------------------------------+----------------------+
[Epoch 16/20] done in 571.3s
03:44:52 | INFO  | checkpoint_~|   Checking for non PyTorch modules to save
03:44:52 | INFO  | atomic_chec~| [atomic_save] → /data1/likun-share/junjxu/.cache_stable-pretraining/runs/20260716/003428/955e5eb09018/checkpoints/epoch=16-step=5253.ckpt
03:44:56 | INFO  | atomic_chec~| [atomic_save] ✓ epoch=16-step=5253.ckpt saved (392.2 MiB, serialise=1.94s write=1.78s rename=0.1ms)
03:44:56 | INFO  | checkpoint_~|   Checking for non PyTorch modules to save
03:44:56 | INFO  | atomic_chec~| [atomic_save] → /data1/likun-share/junjxu/.cache_stable-pretraining/runs/20260716/003428/955e5eb09018/checkpoints/last.ckpt
03:45:00 | INFO  | atomic_chec~| [atomic_save] ✓ last.ckpt saved (392.2 MiB, serialise=2.40s write=1.14s rename=499.6ms)
[Epoch 17/20] step 50/309 (0.6 it/s)
[Epoch 17/20] step 100/309 (0.6 it/s)
[Epoch 17/20] step 150/309 (0.6 it/s)
[Epoch 17/20] step 200/309 (0.6 it/s)
[Epoch 17/20] step 250/309 (0.7 it/s)
[Epoch 17/20] step 300/309 (0.7 it/s)
03:53:39 | INFO  | trainer_inf~| \n+--------------------------------+------------------------+
|             Metric             |         Value          |
+--------------------------------+------------------------+
|            [0;34;40mfit/loss[0m            |   [0;32;40m0.3084322512149811[0m   |
|         [0;34;40mfit/pred_loss[0m          |  [0;32;40m0.05924081802368164[0m   |
|        [0;34;40mfit/sigreg_loss[0m         |        [0;32;40m2.140625[0m        |
|      [0;34;40mfit/structured_loss[0m       |  [0;32;40m0.05680862441658974[0m   |
|      [0;34;40mhardware/cpu_percent[0m      |    [0;32;40m99.9000015258789[0m    |
|    [0;34;40mhardware/disk_read_mb_s[0m     |   [0;32;40m197.68759155273438[0m   |
|    [0;34;40mhardware/disk_write_mb_s[0m    |   [0;32;40m3.2428412437438965[0m   |
|     [0;34;40mhardware/net_recv_mb_s[0m     |   [0;32;40m0.5734959244728088[0m   |
|     [0;34;40mhardware/net_sent_mb_s[0m     |   [0;32;40m0.1371074616909027[0m   |
|      [0;34;40mhardware/ram_used_gb[0m      |   [0;32;40m632.0504150390625[0m    |
|     [0;34;40mhardware/ram_used_pct[0m      |   [0;32;40m62.70000076293945[0m    |
|      [0;34;40mhparams/lr_default_0[0m      | [0;32;40m1.2478984672270599e-06[0m |
|         [0;34;40mvalidate/loss[0m          |  [0;32;40m0.31832587718963623[0m   |
|      [0;34;40mvalidate/loss_epoch[0m       |  [0;32;40m0.31832587718963623[0m   |
|       [0;34;40mvalidate/pred_loss[0m       |  [0;32;40m0.05703030154109001[0m   |
|    [0;34;40mvalidate/pred_loss_epoch[0m    |  [0;32;40m0.05703030154109001[0m   |
|      [0;34;40mvalidate/sigreg_loss[0m      |   [0;32;40m2.5912275314331055[0m   |
|   [0;34;40mvalidate/sigreg_loss_epoch[0m   |   [0;32;40m2.5912275314331055[0m   |
|    [0;34;40mvalidate/structured_loss[0m    |  [0;32;40m0.028153564780950546[0m  |
| [0;34;40mvalidate/structured_loss_epoch[0m |  [0;32;40m0.028153564780950546[0m  |
+--------------------------------+------------------------+
[Epoch 17/20] done in 520.2s
03:53:40 | INFO  | checkpoint_~|   Checking for non PyTorch modules to save
03:53:41 | INFO  | atomic_chec~| [atomic_save] → /data1/likun-share/junjxu/.cache_stable-pretraining/runs/20260716/003428/955e5eb09018/checkpoints/epoch=17-step=5562.ckpt
03:53:43 | INFO  | atomic_chec~| [atomic_save] ✓ epoch=17-step=5562.ckpt saved (392.2 MiB, serialise=1.46s write=1.44s rename=0.1ms)
03:53:44 | INFO  | checkpoint_~|   Checking for non PyTorch modules to save
03:53:44 | INFO  | atomic_chec~| [atomic_save] → /data1/likun-share/junjxu/.cache_stable-pretraining/runs/20260716/003428/955e5eb09018/checkpoints/last.ckpt
03:53:47 | INFO  | atomic_chec~| [atomic_save] ✓ last.ckpt saved (392.2 MiB, serialise=1.49s write=1.24s rename=258.7ms)
[Epoch 18/20] step 50/309 (0.7 it/s)
[Epoch 18/20] step 100/309 (0.7 it/s)
[Epoch 18/20] step 150/309 (0.7 it/s)
[Epoch 18/20] step 200/309 (0.7 it/s)
[Epoch 18/20] step 250/309 (0.7 it/s)
[Epoch 18/20] step 300/309 (0.7 it/s)
04:01:26 | INFO  | trainer_inf~| \n+--------------------------------+-----------------------+
|             Metric             |         Value         |
+--------------------------------+-----------------------+
|            [0;34;40mfit/loss[0m            |   [0;32;40m0.2747723162174225[0m  |
|         [0;34;40mfit/pred_loss[0m          |  [0;32;40m0.05597562715411186[0m  |
|        [0;34;40mfit/sigreg_loss[0m         |        [0;32;40m2.09375[0m        |
|      [0;34;40mfit/structured_loss[0m       |  [0;32;40m0.03032013401389122[0m  |
|      [0;34;40mhardware/cpu_percent[0m      |    [0;32;40m99.9000015258789[0m   |
|    [0;34;40mhardware/disk_read_mb_s[0m     |   [0;32;40m244.5577850341797[0m   |
|    [0;34;40mhardware/disk_write_mb_s[0m    |   [0;32;40m3.076920509338379[0m   |
|     [0;34;40mhardware/net_recv_mb_s[0m     |   [0;32;40m0.3737422823905945[0m  |
|     [0;34;40mhardware/net_sent_mb_s[0m     |  [0;32;40m0.11028455197811127[0m  |
|      [0;34;40mhardware/ram_used_gb[0m      |    [0;32;40m544.398681640625[0m   |
|     [0;34;40mhardware/ram_used_pct[0m      |          [0;32;40m54.0[0m         |
|      [0;34;40mhparams/lr_default_0[0m      | [0;32;40m3.139458613077295e-07[0m |
|         [0;34;40mvalidate/loss[0m          |   [0;32;40m0.3171573281288147[0m  |
|      [0;34;40mvalidate/loss_epoch[0m       |   [0;32;40m0.3171573281288147[0m  |
|       [0;34;40mvalidate/pred_loss[0m       |  [0;32;40m0.05643124878406525[0m  |
|    [0;34;40mvalidate/pred_loss_epoch[0m    |  [0;32;40m0.05643124878406525[0m  |
|      [0;34;40mvalidate/sigreg_loss[0m      |   [0;32;40m2.584498643875122[0m   |
|   [0;34;40mvalidate/sigreg_loss_epoch[0m   |   [0;32;40m2.584498643875122[0m   |
|    [0;34;40mvalidate/structured_loss[0m    |  [0;32;40m0.028110366314649582[0m |
| [0;34;40mvalidate/structured_loss_epoch[0m |  [0;32;40m0.028110366314649582[0m |
+--------------------------------+-----------------------+
[Epoch 18/20] done in 460.4s
04:01:27 | INFO  | checkpoint_~|   Checking for non PyTorch modules to save
04:01:27 | INFO  | atomic_chec~| [atomic_save] → /data1/likun-share/junjxu/.cache_stable-pretraining/runs/20260716/003428/955e5eb09018/checkpoints/epoch=18-step=5871.ckpt
04:01:30 | INFO  | atomic_chec~| [atomic_save] ✓ epoch=18-step=5871.ckpt saved (392.2 MiB, serialise=1.54s write=1.16s rename=0.1ms)
04:01:30 | INFO  | checkpoint_~|   Checking for non PyTorch modules to save
04:01:30 | INFO  | atomic_chec~| [atomic_save] → /data1/likun-share/junjxu/.cache_stable-pretraining/runs/20260716/003428/955e5eb09018/checkpoints/last.ckpt
04:01:33 | INFO  | atomic_chec~| [atomic_save] ✓ last.ckpt saved (392.2 MiB, serialise=1.60s write=0.90s rename=230.2ms)
[Epoch 19/20] step 50/309 (0.8 it/s)
[Epoch 19/20] step 100/309 (0.9 it/s)
[Epoch 19/20] step 150/309 (0.9 it/s)
[Epoch 19/20] step 200/309 (0.9 it/s)
[Epoch 19/20] step 250/309 (0.9 it/s)
[Epoch 19/20] step 300/309 (0.9 it/s)
04:07:38 | INFO  | trainer_inf~| \n+--------------------------------+----------------------+
|             Metric             |        Value         |
+--------------------------------+----------------------+
|            [0;34;40mfit/loss[0m            | [0;32;40m0.29328563809394836[0m  |
|         [0;34;40mfit/pred_loss[0m          | [0;32;40m0.05944385752081871[0m  |
|        [0;34;40mfit/sigreg_loss[0m         |       [0;32;40m2.078125[0m       |
|      [0;34;40mfit/structured_loss[0m       | [0;32;40m0.046341776847839355[0m |
|      [0;34;40mhardware/cpu_percent[0m      |   [0;32;40m83.4000015258789[0m   |
|    [0;34;40mhardware/disk_read_mb_s[0m     |   [0;32;40m315.997314453125[0m   |
|    [0;34;40mhardware/disk_write_mb_s[0m    |  [0;32;40m116.92051696777344[0m  |
|     [0;34;40mhardware/net_recv_mb_s[0m     | [0;32;40m0.03794043883681297[0m  |
|     [0;34;40mhardware/net_sent_mb_s[0m     | [0;32;40m0.07500846683979034[0m  |
|      [0;34;40mhardware/ram_used_gb[0m      |  [0;32;40m428.9485168457031[0m   |
|     [0;34;40mhardware/ram_used_pct[0m      |  [0;32;40m42.599998474121094[0m  |
|      [0;34;40mhparams/lr_default_0[0m      |         [0;32;40m0.0[0m          |
|         [0;34;40mvalidate/loss[0m          | [0;32;40m0.31854528188705444[0m  |
|      [0;34;40mvalidate/loss_epoch[0m       | [0;32;40m0.31854528188705444[0m  |
|       [0;34;40mvalidate/pred_loss[0m       | [0;32;40m0.05628184229135513[0m  |
|    [0;34;40mvalidate/pred_loss_epoch[0m    | [0;32;40m0.05628184229135513[0m  |
|      [0;34;40mvalidate/sigreg_loss[0m      |  [0;32;40m2.604788303375244[0m   |
|   [0;34;40mvalidate/sigreg_loss_epoch[0m   |  [0;32;40m2.604788303375244[0m   |
|    [0;34;40mvalidate/structured_loss[0m    | [0;32;40m0.02796129323542118[0m  |
| [0;34;40mvalidate/structured_loss_epoch[0m | [0;32;40m0.02796129323542118[0m  |
+--------------------------------+----------------------+
[Epoch 19/20] done in 366.1s
04:07:39 | INFO  | checkpoint_~|   Checking for non PyTorch modules to save
04:07:39 | INFO  | atomic_chec~| [atomic_save] → /data1/likun-share/junjxu/.cache_stable-pretraining/runs/20260716/003428/955e5eb09018/checkpoints/epoch=19-step=6180.ckpt
04:07:42 | INFO  | atomic_chec~| [atomic_save] ✓ epoch=19-step=6180.ckpt saved (392.2 MiB, serialise=1.29s write=0.93s rename=0.1ms)
04:07:42 | INFO  | checkpoint_~|   Checking for non PyTorch modules to save
04:07:42 | INFO  | atomic_chec~| [atomic_save] → /data1/likun-share/junjxu/.cache_stable-pretraining/runs/20260716/003428/955e5eb09018/checkpoints/last.ckpt
04:07:44 | INFO  | atomic_chec~| [atomic_save] ✓ last.ckpt saved (392.2 MiB, serialise=1.16s write=0.73s rename=108.9ms)
`Trainer.fit` stopped: `max_epochs=20` reached.
Epoch 19/19 ━━━━━━━━━━━━━━━━━━━━━━━━━━━━━━━ 309/309 0:05:28 • 0:00:00 1.04it/s 
04:07:45 | INFO  | env_info.py |   Waiting for environment dump thread to complete...
04:07:45 | OK    | env_info.py | ✓ Git: main @ 7f19b8e3
04:07:45 | INFO  | env_info.py |   Remote: git@github.com-xuustc99:XuUSTC99/wm.git
04:07:45 | WARN  | env_info.py | ! Working directory has uncommitted changes
04:07:45 | OK    | env_info.py | ✓ Environment: 4 relevant variables captured
04:07:45 | INFO  | env_info.py |   Serializing environment data...
04:07:45 | INFO  | env_info.py |   File exists, using version 441: environment_v441.json
04:07:45 | INFO  | env_info.py |   File exists, using version 443: requirements_frozen_v443.txt
04:07:45 | INFO  | env_info.py |   Save directory: /home/likun-share/.cache/stable-pretraining
04:07:45 | INFO  | env_info.py |   Writing environment to temp file...
04:07:45 | INFO  | env_info.py |   Moving to: environment_v441.json
04:07:45 | OK    | env_info.py | ✓ Environment file saved (2.3 KB)
04:07:45 | OK    | env_info.py | ✓ Requirements file saved (0.1 KB)
04:07:45 | OK    | env_info.py | ✓ Environment dump thread completed successfully
04:07:45 | INFO  | utils.py    | ── SignalHandlers (after Trainer.fit() returned) ──
04:07:45 | INFO  | manager.py  |   SIGUSR1  → SIG_IGN (ignored)
04:07:45 | INFO  | manager.py  |   SIGUSR2  → SIG_IGN (ignored)
04:07:45 | INFO  | manager.py  |   SIGCONT  → SIG_DFL (default OS action — terminate process)
04:07:45 | INFO  | manager.py  |   SIGTERM  → SIG_DFL (default OS action — terminate process)
