23:45:30 | INFO  | __init__.py | PyTorch version 2.9.1+cu128 available.
23:45:30 | INFO  | __init__.py | JAX version 0.6.2 available.
23:45:34 | INFO  | atomic_chec~| [atomic_save] installed crash-safe checkpoint plugin (write to sibling .tmp + fsync + atomic rename)
[2026-06-05 23:45:46,162][root][INFO] - Cached 'pixels' from '/data1/likun-share/junjxu/.stable_worldmodel/datasets/phyworld_parabola_id1k.h5'
[2026-06-05 23:45:46,164][root][INFO] - Cached 'action' from '/data1/likun-share/junjxu/.stable_worldmodel/datasets/phyworld_parabola_id1k.h5'
[2026-06-05 23:45:46,165][root][INFO] - Cached 'proprio' from '/data1/likun-share/junjxu/.stable_worldmodel/datasets/phyworld_parabola_id1k.h5'
23:45:46 | INFO  | utils.py    | Created ViT-tiny from scratch with config: {'hidden_size': 192, 'num_hidden_layers': 12, 'num_attention_heads': 3, 'intermediate_size': 768, 'image_size': 224, 'patch_size': 14}
[init_from_ckpt] /data1/likun-share/junjxu/.stable_worldmodel/lewm_paper_pusht/weights.pt
[init_from_ckpt] prefixes=('encoder.', 'projector.', 'pred_proj.') loaded=24 unexpected=192 missing=281
[init_from_ckpt] first unexpected: ['encoder.encoder.layer.0.attention.attention.query.weight', 'encoder.encoder.layer.0.attention.attention.query.bias', 'encoder.encoder.layer.0.attention.attention.key.weight']
23:45:47 | INFO  | module.py   | Setting up DataModule
23:45:47 | INFO  | utils.py    | ── Module ────────────────────────────────────────
23:45:47 | WARN  | module.py   | ! No hyperparameters provided - hyperparameter logging is disabled.
23:45:47 | INFO  | module.py   |   Setting custom forward method.
23:45:47 | INFO  | module.py   |   Setting attribute: self.model = <class 'jepa.JEPA'>
23:45:47 | INFO  | module.py   |   Setting attribute: self.sigreg = <class 'module.SIGReg'>
23:45:47 | INFO  | module.py   |   Setting attribute: self.optim = <class 'dict'>
23:45:47 | INFO  | module.py   |   No metrics configuration provided - automatic metric tracking is disabled.
/home/likun-share/junjxu/wm/le-wm/.venv/lib/python3.10/site-packages/lightning/fabric/connector.py:571: `precision=bf16` is supported for historical reasons but its usage is discouraged. Please set your precision to bf16-mixed instead!
Using bfloat16 Automatic Mixed Precision (AMP)
23:45:47 | INFO  | env_info.py |   EnvironmentDumpCallback initialized (filename=environment.json, async=True)
23:45:47 | INFO  | utils.py    | ── HuggingFaceCheckpoint ─────────────────────────
23:45:47 | INFO  | hf_models.py|   save_dir: <cyan>hf_exports</cyan>
23:45:47 | INFO  | hf_models.py|   per_step: <cyan>False</cyan>  (False ⇒ overwrite single 'last/' subdir; True ⇒ keep step_N/)
Adding 14 callbacks from entry point 'stablepretraining_callbacks': PrintProgressBar, ModuleRegistryCallback, LoggingCallback, EnvironmentDumpCallback, TrainerInfo, SklearnCheckpoint, WandbCheckpoint, TrackioCheckpoint, SwanLabCheckpoint, ModuleSummary, SLURMInfo, LogUnusedParametersOnce, HuggingFaceCheckpointCallback, HardwareMonitor
GPU available: True (cuda), used: True
TPU available: False, using: 0 TPU cores
💡 Tip: For seamless cloud logging and experiment tracking, try installing [litlogger](https://pypi.org/project/litlogger/) to enable LitLogger, which logs metrics and artifacts automatically to the Lightning Experiments platform.
23:45:47 | INFO  | utils.py    | ── SIGTERM preempt handler — install ─────────────
23:45:47 | INFO  | manager.py  |   SLURM_JOB_ID         = None
23:45:47 | INFO  | manager.py  |   SLURM_RESTART_COUNT  = '0'
23:45:47 | INFO  | manager.py  |   SLURM_PROCID         = '?'
23:45:47 | INFO  | manager.py  |   SLURM_NODEID         = '?'
23:45:47 | INFO  | manager.py  |   → not under SLURM (SLURM_JOB_ID unset); leaving SIGTERM handler as-is. Forwarding to submitit's USR signal would be a no-op since submitit isn't running upstream.
23:45:47 | WARN  | manager.py  | User didn't specify seed, runs won't be exactly reproducible!
23:45:47 | INFO  | manager.py  |   Manager init: ckpt_path=None, weights_only=True
23:45:47 | INFO  | utils.py    | ── WorkingDirectory ──────────────────────────────
23:45:47 | INFO  | manager.py  |   cwd: /home/likun-share/junjxu/wm/le-wm
23:45:47 | INFO  | utils.py    | ── Seed ──────────────────────────────────────────
23:45:47 | INFO  | manager.py  |   seed: None
/home/likun-share/junjxu/wm/le-wm/.venv/lib/python3.10/site-packages/lightning/fabric/utilities/seed.py:44: No seed found, seed set to 0
Seed set to 0
23:45:47 | INFO  | utils.py    | ── RunDirectory ──────────────────────────────────
23:45:47 | INFO  | manager.py  |   cache_dir = /data1/likun-share/junjxu/.cache_stable-pretraining
23:45:47 | INFO  | manager.py  |   ddp: launch_key=(single-process) rank=0 is_rank_zero=True
23:45:47 | INFO  | utils.py    | ── RunDirectory: requeue probe ───────────────────
23:45:47 | INFO  | manager.py  |   SLURM session key   = (no SLURM)
23:45:47 | INFO  | manager.py  |   SLURM_RESTART_COUNT = 0
23:45:47 | INFO  | manager.py  |   in_requeue          = False
23:45:47 | INFO  | utils.py    | ── RunDirectory: fresh ───────────────────────────
23:45:47 | INFO  | manager.py  |   no user ckpt_path — training from scratch / pretrained backbone.
23:45:47 | INFO  | manager.py  |   created run_dir = /data1/likun-share/junjxu/.cache_stable-pretraining/runs/20260605/234547/83ffff6fb382
23:45:47 | INFO  | manager.py  |   wrote run_meta.json with run_id=83ffff6fb382
23:45:47 | INFO  | manager.py  |   SLURM index = (no SLURM, skipped)
23:45:47 | WARN  | manager.py  | ! cache_dir is set but the Trainer was passed as an already-instantiated object. Cannot override default_root_dir cleanly. Consider passing the trainer as a config dict instead.
23:45:47 | WARN  | manager.py  | ! Hydra run.dir='outputs/2026-06-05/23-45-34' will be ignored for trainer outputs (cache_dir takes precedence).
23:45:47 | WARN  | manager.py  | ! Hydra sweep.dir='multirun/2026-06-05/23-45-34' will be ignored for trainer outputs (cache_dir takes precedence).
23:45:47 | INFO  | logger.py   | [RegistryLogger] run_id=83ffff6fb382 run_dir=/data1/likun-share/junjxu/.cache_stable-pretraining/runs/20260605/234547/83ffff6fb382 — sidecar.json + summary.json + metrics.csv will live here
23:45:47 | INFO  | utils.py    | ── RegistryLogger ────────────────────────────────
23:45:47 | INFO  | manager.py  |   run_dir: /data1/likun-share/junjxu/.cache_stable-pretraining/runs/20260605/234547/83ffff6fb382
23:45:47 | INFO  | manager.py  |   run_id:  83ffff6fb382
23:45:47 | INFO  | utils.py    | ── CSVLogger ─────────────────────────────────────
23:45:47 | INFO  | manager.py  |   root_dir: /data1/likun-share/junjxu/.cache_stable-pretraining/runs/20260605/234547/83ffff6fb382/
23:45:47 | INFO  | manager.py  |   save_dir: /data1/likun-share/junjxu/.cache_stable-pretraining/runs/20260605/234547/83ffff6fb382
23:45:47 | INFO  | manager.py  |   log_dir: /data1/likun-share/junjxu/.cache_stable-pretraining/runs/20260605/234547/83ffff6fb382/
23:45:47 | INFO  | utils.py    | ── SignalHandlers (after submitit setup (spt SIGTERM installed in __init__)) ──
23:45:47 | INFO  | manager.py  |   SIGUSR1  → SIG_DFL (default OS action — terminate process)
23:45:47 | INFO  | manager.py  |   SIGUSR2  → SIG_DFL (default OS action — terminate process)
23:45:47 | INFO  | manager.py  |   SIGCONT  → SIG_DFL (default OS action — terminate process)
23:45:47 | INFO  | manager.py  |   SIGTERM  → SIG_DFL (default OS action — terminate process)
23:45:47 | INFO  | utils.py    | ── Callbacks ─────────────────────────────────────
23:45:47 | INFO  | manager.py  |   count: 19
23:45:47 | INFO  | utils.py    | ── CacheDirCheckpointing ─────────────────────────
23:45:47 | INFO  | manager.py  |   Saving checkpoints to: /data1/likun-share/junjxu/.cache_stable-pretraining/runs/20260605/234547/83ffff6fb382/checkpoints
23:45:47 | WARN  | manager.py  |   Redirecting HuggingFaceCheckpointCallback from 'hf_exports' to '/data1/likun-share/junjxu/.cache_stable-pretraining/runs/20260605/234547/83ffff6fb382/hf_exports' (cache_dir is active — prevents races on a shared cache)
23:45:47 | INFO  | manager.py  |   Added requeue checkpoint (filename='last')
23:45:47 | INFO  | utils.py    | ── LoadPath resolution ───────────────────────────
23:45:47 | INFO  | manager.py  |   in_requeue = False
23:45:47 | INFO  | manager.py  |   user ckpt_path = None
23:45:47 | INFO  | manager.py  |   user weights_only = True
23:45:47 | INFO  | manager.py  |   → no ckpt_path; training from scratch.
23:45:47 | INFO  | utils.py    | ── TrainerFit ────────────────────────────────────
23:45:47 | INFO  | manager.py  |   ckpt_path:     None
23:45:47 | INFO  | manager.py  |   weights_only:  None
23:45:47 | INFO  | utils.py    | ── SignalHandlers (before Trainer.fit() (handler installed in __init__)) ──
23:45:47 | INFO  | manager.py  |   SIGUSR1  → SIG_DFL (default OS action — terminate process)
23:45:47 | INFO  | manager.py  |   SIGUSR2  → SIG_DFL (default OS action — terminate process)
23:45:47 | INFO  | manager.py  |   SIGCONT  → SIG_DFL (default OS action — terminate process)
23:45:47 | INFO  | manager.py  |   SIGTERM  → SIG_DFL (default OS action — terminate process)
23:45:47 | INFO  | manager.py  |   → entering Trainer.fit(); lightning's _SignalConnector will now register its own handlers. SIGTERM will become _HandlersCompose([_sigterm_notifier_fn, _sigterm_handler_fn, spt._handler]); USR-sig binding from submitit is preserved (lightning skips USR registration when one already exists).
💡 Tip: For seamless cloud uploads and versioning, try installing [litmodels](https://pypi.org/project/litmodels/) to enable LitModelCheckpoint, which syncs automatically with the Lightning model registry.
You are using a CUDA device ('NVIDIA A800-SXM4-80GB') that has Tensor Cores. To properly utilize them, you should set `torch.set_float32_matmul_precision('medium' | 'high')` which will trade-off precision for performance. For more details, read https://pytorch.org/docs/stable/generated/torch.set_float32_matmul_precision.html#torch.set_float32_matmul_precision
23:45:51 | OK    | module.py   | ✓ dataset for fit loaded
23:45:51 | INFO  | module.py   |   setup was done by user
23:45:51 | INFO  | utils.py    | ── EnvironmentDump ───────────────────────────────
23:45:51 | INFO  | env_info.py |   log_dir: /home/likun-share/.cache/stable-pretraining
23:45:51 | INFO  | env_info.py |   Running environment dump in background thread (non-blocking)
23:45:51 | INFO  | env_info.py |   Collecting environment information...
23:45:51 | OK    | env_info.py | ✓ Background thread started successfully
23:45:51 | OK    | env_info.py | ✓ Python 3.10.12
23:45:51 | INFO  | trainer_inf~|   linking trainer to DataModule
23:45:51 | OK    | env_info.py | ✓ System: Linux 5.15.0-113-generic (x86_64)
23:45:51 | INFO  | utils.py    | ── Callbacks (in order) ──────────────────────────
23:45:51 | INFO  | env_info.py |   Hostname: 10-116-90-13
23:45:51 | INFO  | utils.py    |     [ 0] ModelObjectCallBack
23:45:51 | INFO  | utils.py    |     [ 1] RichProgressBar
23:45:51 | INFO  | utils.py    |     [ 2] RichModelSummary
23:45:51 | INFO  | utils.py    |     [ 3] PrintProgressBar
23:45:51 | INFO  | utils.py    |     [ 4] ModuleRegistryCallback
23:45:51 | INFO  | utils.py    |     [ 5] LoggingCallback
23:45:51 | INFO  | utils.py    |     [ 6] EnvironmentDumpCallback
23:45:51 | INFO  | utils.py    |     [ 7] TrainerInfo
23:45:51 | INFO  | utils.py    |     [ 8] SklearnCheckpoint
23:45:51 | INFO  | utils.py    |     [ 9] WandbCheckpoint
23:45:51 | INFO  | utils.py    |     [10] TrackioCheckpoint
23:45:51 | INFO  | utils.py    |     [11] SwanLabCheckpoint
23:45:51 | INFO  | utils.py    |     [12] ModuleSummary
23:45:51 | INFO  | utils.py    |     [13] SLURMInfo
23:45:51 | INFO  | utils.py    |     [14] LogUnusedParametersOnce
23:45:51 | INFO  | utils.py    |     [15] HuggingFaceCheckpointCallback
23:45:51 | INFO  | utils.py    |     [16] HardwareMonitor
23:45:51 | INFO  | utils.py    |     [17] ModelCheckpoint
23:45:51 | INFO  | utils.py    |     [18] _RunDirCallback
23:45:51 | INFO  | utils.py    |     [19] ModelCheckpoint
23:45:51 | INFO  | utils.py    |   ⚑ marks order-sensitive callbacks; see AGENTS.md → Callback ordering for the full rules.
23:45:51 | INFO  | utils.py    | ── SklearnCheckpoint ─────────────────────────────
23:45:51 | INFO  | checkpoint_~|   Sklearn Modules:
23:45:51 | INFO  | checkpoint_~| 
┏━━━━━━━━━━┳━━━━━━━━┳━━━━━━━━┓
┃ Module   ┃ Name   ┃ Type   ┃
┣━━━━━━━━━━╋━━━━━━━━╋━━━━━━━━┫
┗━━━━━━━━━━┻━━━━━━━━┻━━━━━━━━┛
23:45:51 | INFO  | utils.py    | ── WandbCheckpoint ───────────────────────────────
23:45:51 | INFO  | utils.py    | ── TrackioCheckpoint ─────────────────────────────
23:45:51 | INFO  | utils.py    | ── SwanLabCheckpoint ─────────────────────────────
23:45:51 | INFO  | utils.py    | ── PyTorch Modules ───────────────────────────────
23:45:51 | WARN  | module.py   | ! You are calling self.parameters which also gives callbacks parameters, to remove them, pass `with_callbacks=False`
23:45:51 | INFO  | trainer_inf~| \n+---------------------------------------------------------+----------------------+--------------------------+--------------------------+---------+
| Module                                                  | Trainable parameters | Non Trainable parameters | Uninitialized parameters | Buffers |
+---------------------------------------------------------+----------------------+--------------------------+--------------------------+---------+
|                                                         |             18037474 |                        0 |                        0 |    8245 |
| callbacks_modules                                       |                    0 |                        0 |                        0 |       0 |
| callbacks_metrics                                       |                    0 |                        0 |                        0 |       0 |
| model                                                   |             18037474 |                        0 |                        0 |    8194 |
| model.encoder                                           |              5501376 |                        0 |                        0 |       0 |
| model.encoder.embeddings                                |               162624 |                        0 |                        0 |       0 |
| model.encoder.embeddings.patch_embeddings               |               113088 |                        0 |                        0 |       0 |
| model.encoder.embeddings.patch_embeddings.projection    |               113088 |                        0 |                        0 |       0 |
| model.encoder.embeddings.dropout                        |                    0 |                        0 |                        0 |       0 |
| model.encoder.layers                                    |              5338368 |                        0 |                        0 |       0 |
| model.encoder.layers.0                                  |               444864 |                        0 |                        0 |       0 |
| model.encoder.layers.0.attention                        |               148224 |                        0 |                        0 |       0 |
| model.encoder.layers.0.attention.q_proj                 |                37056 |                        0 |                        0 |       0 |
| model.encoder.layers.0.attention.k_proj                 |                37056 |                        0 |                        0 |       0 |
| model.encoder.layers.0.attention.v_proj                 |                37056 |                        0 |                        0 |       0 |
| model.encoder.layers.0.attention.o_proj                 |                37056 |                        0 |                        0 |       0 |
| model.encoder.layers.0.layernorm_before                 |                  384 |                        0 |                        0 |       0 |
| model.encoder.layers.0.layernorm_after                  |                  384 |                        0 |                        0 |       0 |
| model.encoder.layers.0.mlp                              |               295872 |                        0 |                        0 |       0 |
| model.encoder.layers.0.mlp.activation_fn                |                    0 |                        0 |                        0 |       0 |
| model.encoder.layers.0.mlp.fc1                          |               148224 |                        0 |                        0 |       0 |
| model.encoder.layers.0.mlp.fc2                          |               147648 |                        0 |                        0 |       0 |
| model.encoder.layers.0.dropout                          |                    0 |                        0 |                        0 |       0 |
| model.encoder.layers.1                                  |               444864 |                        0 |                        0 |       0 |
| model.encoder.layers.1.attention                        |               148224 |                        0 |                        0 |       0 |
| model.encoder.layers.1.attention.q_proj                 |                37056 |                        0 |                        0 |       0 |
| model.encoder.layers.1.attention.k_proj                 |                37056 |                        0 |                        0 |       0 |
| model.encoder.layers.1.attention.v_proj                 |                37056 |                        0 |                        0 |       0 |
| model.encoder.layers.1.attention.o_proj                 |                37056 |                        0 |                        0 |       0 |
| model.encoder.layers.1.layernorm_before                 |                  384 |                        0 |                        0 |       0 |
| model.encoder.layers.1.layernorm_after                  |                  384 |                        0 |                        0 |       0 |
| model.encoder.layers.1.mlp                              |               295872 |                        0 |                        0 |       0 |
| model.encoder.layers.1.mlp.activation_fn                |                    0 |                        0 |                        0 |       0 |
| model.encoder.layers.1.mlp.fc1                          |               148224 |                        0 |                        0 |       0 |
| model.encoder.layers.1.mlp.fc2                          |               147648 |                        0 |                        0 |       0 |
| model.encoder.layers.1.dropout                          |                    0 |                        0 |                        0 |       0 |
| model.encoder.layers.2                                  |               444864 |                        0 |                        0 |       0 |
| model.encoder.layers.2.attention                        |               148224 |                        0 |                        0 |       0 |
| model.encoder.layers.2.attention.q_proj                 |                37056 |                        0 |                        0 |       0 |
| model.encoder.layers.2.attention.k_proj                 |                37056 |                        0 |                        0 |       0 |
| model.encoder.layers.2.attention.v_proj                 |                37056 |                        0 |                        0 |       0 |
| model.encoder.layers.2.attention.o_proj                 |                37056 |                        0 |                        0 |       0 |
| model.encoder.layers.2.layernorm_before                 |                  384 |                        0 |                        0 |       0 |
| model.encoder.layers.2.layernorm_after                  |                  384 |                        0 |                        0 |       0 |
| model.encoder.layers.2.mlp                              |               295872 |                        0 |                        0 |       0 |
| model.encoder.layers.2.mlp.activation_fn                |                    0 |                        0 |                        0 |       0 |
| model.encoder.layers.2.mlp.fc1                          |               148224 |                        0 |                        0 |       0 |
| model.encoder.layers.2.mlp.fc2                          |               147648 |                        0 |                        0 |       0 |
| model.encoder.layers.2.dropout                          |                    0 |                        0 |                        0 |       0 |
| model.encoder.layers.3                                  |               444864 |                        0 |                        0 |       0 |
| model.encoder.layers.3.attention                        |               148224 |                        0 |                        0 |       0 |
| model.encoder.layers.3.attention.q_proj                 |                37056 |                        0 |                        0 |       0 |
| model.encoder.layers.3.attention.k_proj                 |                37056 |                        0 |                        0 |       0 |
| model.encoder.layers.3.attention.v_proj                 |                37056 |                        0 |                        0 |       0 |
| model.encoder.layers.3.attention.o_proj                 |                37056 |                        0 |                        0 |       0 |
| model.encoder.layers.3.layernorm_before                 |                  384 |                        0 |                        0 |       0 |
| model.encoder.layers.3.layernorm_after                  |                  384 |                        0 |                        0 |       0 |
| model.encoder.layers.3.mlp                              |               295872 |                        0 |                        0 |       0 |
| model.encoder.layers.3.mlp.activation_fn                |                    0 |                        0 |                        0 |       0 |
| model.encoder.layers.3.mlp.fc1                          |               148224 |                        0 |                        0 |       0 |
| model.encoder.layers.3.mlp.fc2                          |               147648 |                        0 |                        0 |       0 |
| model.encoder.layers.3.dropout                          |                    0 |                        0 |                        0 |       0 |
| model.encoder.layers.4                                  |               444864 |                        0 |                        0 |       0 |
| model.encoder.layers.4.attention                        |               148224 |                        0 |                        0 |       0 |
| model.encoder.layers.4.attention.q_proj                 |                37056 |                        0 |                        0 |       0 |
| model.encoder.layers.4.attention.k_proj                 |                37056 |                        0 |                        0 |       0 |
| model.encoder.layers.4.attention.v_proj                 |                37056 |                        0 |                        0 |       0 |
| model.encoder.layers.4.attention.o_proj                 |                37056 |                        0 |                        0 |       0 |
| model.encoder.layers.4.layernorm_before                 |                  384 |                        0 |                        0 |       0 |
| model.encoder.layers.4.layernorm_after                  |                  384 |                        0 |                        0 |       0 |
| model.encoder.layers.4.mlp                              |               295872 |                        0 |                        0 |       0 |
| model.encoder.layers.4.mlp.activation_fn                |                    0 |                        0 |                        0 |       0 |
| model.encoder.layers.4.mlp.fc1                          |               148224 |                        0 |                        0 |       0 |
| model.encoder.layers.4.mlp.fc2                          |               147648 |                        0 |                        0 |       0 |
| model.encoder.layers.4.dropout                          |                    0 |                        0 |                        0 |       0 |
| model.encoder.layers.5                                  |               444864 |                        0 |                        0 |       0 |
| model.encoder.layers.5.attention                        |               148224 |                        0 |                        0 |       0 |
| model.encoder.layers.5.attention.q_proj                 |                37056 |                        0 |                        0 |       0 |
| model.encoder.layers.5.attention.k_proj                 |                37056 |                        0 |                        0 |       0 |
| model.encoder.layers.5.attention.v_proj                 |                37056 |                        0 |                        0 |       0 |
| model.encoder.layers.5.attention.o_proj                 |                37056 |                        0 |                        0 |       0 |
| model.encoder.layers.5.layernorm_before                 |                  384 |                        0 |                        0 |       0 |
| model.encoder.layers.5.layernorm_after                  |                  384 |                        0 |                        0 |       0 |
| model.encoder.layers.5.mlp                              |               295872 |                        0 |                        0 |       0 |
| model.encoder.layers.5.mlp.activation_fn                |                    0 |                        0 |                        0 |       0 |
| model.encoder.layers.5.mlp.fc1                          |               148224 |                        0 |                        0 |       0 |
| model.encoder.layers.5.mlp.fc2                          |               147648 |                        0 |                        0 |       0 |
| model.encoder.layers.5.dropout                          |                    0 |                        0 |                        0 |       0 |
| model.encoder.layers.6                                  |               444864 |                        0 |                        0 |       0 |
| model.encoder.layers.6.attention                        |               148224 |                        0 |                        0 |       0 |
| model.encoder.layers.6.attention.q_proj                 |                37056 |                        0 |                        0 |       0 |
| model.encoder.layers.6.attention.k_proj                 |                37056 |                        0 |                        0 |       0 |
| model.encoder.layers.6.attention.v_proj                 |                37056 |                        0 |                        0 |       0 |
| model.encoder.layers.6.attention.o_proj                 |                37056 |                        0 |                        0 |       0 |
| model.encoder.layers.6.layernorm_before                 |                  384 |                        0 |                        0 |       0 |
| model.encoder.layers.6.layernorm_after                  |                  384 |                        0 |                        0 |       0 |
| model.encoder.layers.6.mlp                              |               295872 |                        0 |                        0 |       0 |
| model.encoder.layers.6.mlp.activation_fn                |                    0 |                        0 |                        0 |       0 |
| model.encoder.layers.6.mlp.fc1                          |               148224 |                        0 |                        0 |       0 |
| model.encoder.layers.6.mlp.fc2                          |               147648 |                        0 |                        0 |       0 |
| model.encoder.layers.6.dropout                          |                    0 |                        0 |                        0 |       0 |
| model.encoder.layers.7                                  |               444864 |                        0 |                        0 |       0 |
| model.encoder.layers.7.attention                        |               148224 |                        0 |                        0 |       0 |
| model.encoder.layers.7.attention.q_proj                 |                37056 |                        0 |                        0 |       0 |
| model.encoder.layers.7.attention.k_proj                 |                37056 |                        0 |                        0 |       0 |
| model.encoder.layers.7.attention.v_proj                 |                37056 |                        0 |                        0 |       0 |
| model.encoder.layers.7.attention.o_proj                 |                37056 |                        0 |                        0 |       0 |
| model.encoder.layers.7.layernorm_before                 |                  384 |                        0 |                        0 |       0 |
| model.encoder.layers.7.layernorm_after                  |                  384 |                        0 |                        0 |       0 |
| model.encoder.layers.7.mlp                              |               295872 |                        0 |                        0 |       0 |
| model.encoder.layers.7.mlp.activation_fn                |                    0 |                        0 |                        0 |       0 |
| model.encoder.layers.7.mlp.fc1                          |               148224 |                        0 |                        0 |       0 |
| model.encoder.layers.7.mlp.fc2                          |               147648 |                        0 |                        0 |       0 |
| model.encoder.layers.7.dropout                          |                    0 |                        0 |                        0 |       0 |
| model.encoder.layers.8                                  |               444864 |                        0 |                        0 |       0 |
| model.encoder.layers.8.attention                        |               148224 |                        0 |                        0 |       0 |
| model.encoder.layers.8.attention.q_proj                 |                37056 |                        0 |                        0 |       0 |
| model.encoder.layers.8.attention.k_proj                 |                37056 |                        0 |                        0 |       0 |
| model.encoder.layers.8.attention.v_proj                 |                37056 |                        0 |                        0 |       0 |
| model.encoder.layers.8.attention.o_proj                 |                37056 |                        0 |                        0 |       0 |
| model.encoder.layers.8.layernorm_before                 |                  384 |                        0 |                        0 |       0 |
| model.encoder.layers.8.layernorm_after                  |                  384 |                        0 |                        0 |       0 |
| model.encoder.layers.8.mlp                              |               295872 |                        0 |                        0 |       0 |
| model.encoder.layers.8.mlp.activation_fn                |                    0 |                        0 |                        0 |       0 |
| model.encoder.layers.8.mlp.fc1                          |               148224 |                        0 |                        0 |       0 |
| model.encoder.layers.8.mlp.fc2                          |               147648 |                        0 |                        0 |       0 |
| model.encoder.layers.8.dropout                          |                    0 |                        0 |                        0 |       0 |
| model.encoder.layers.9                                  |               444864 |                        0 |                        0 |       0 |
| model.encoder.layers.9.attention                        |               148224 |                        0 |                        0 |       0 |
| model.encoder.layers.9.attention.q_proj                 |                37056 |                        0 |                        0 |       0 |
| model.encoder.layers.9.attention.k_proj                 |                37056 |                        0 |                        0 |       0 |
| model.encoder.layers.9.attention.v_proj                 |                37056 |                        0 |                        0 |       0 |
| model.encoder.layers.9.attention.o_proj                 |                37056 |                        0 |                        0 |       0 |
| model.encoder.layers.9.layernorm_before                 |                  384 |                        0 |                        0 |       0 |
| model.encoder.layers.9.layernorm_after                  |                  384 |                        0 |                        0 |       0 |
| model.encoder.layers.9.mlp                              |               295872 |                        0 |                        0 |       0 |
| model.encoder.layers.9.mlp.activation_fn                |                    0 |                        0 |                        0 |       0 |
| model.encoder.layers.9.mlp.fc1                          |               148224 |                        0 |                        0 |       0 |
| model.encoder.layers.9.mlp.fc2                          |               147648 |                        0 |                        0 |       0 |
| model.encoder.layers.9.dropout                          |                    0 |                        0 |                        0 |       0 |
| model.encoder.layers.10                                 |               444864 |                        0 |                        0 |       0 |
| model.encoder.layers.10.attention                       |               148224 |                        0 |                        0 |       0 |
| model.encoder.layers.10.attention.q_proj                |                37056 |                        0 |                        0 |       0 |
| model.encoder.layers.10.attention.k_proj                |                37056 |                        0 |                        0 |       0 |
| model.encoder.layers.10.attention.v_proj                |                37056 |                        0 |                        0 |       0 |
| model.encoder.layers.10.attention.o_proj                |                37056 |                        0 |                        0 |       0 |
| model.encoder.layers.10.layernorm_before                |                  384 |                        0 |                        0 |       0 |
| model.encoder.layers.10.layernorm_after                 |                  384 |                        0 |                        0 |       0 |
| model.encoder.layers.10.mlp                             |               295872 |                        0 |                        0 |       0 |
| model.encoder.layers.10.mlp.activation_fn               |                    0 |                        0 |                        0 |       0 |
| model.encoder.layers.10.mlp.fc1                         |               148224 |                        0 |                        0 |       0 |
| model.encoder.layers.10.mlp.fc2                         |               147648 |                        0 |                        0 |       0 |
| model.encoder.layers.10.dropout                         |                    0 |                        0 |                        0 |       0 |
| model.encoder.layers.11                                 |               444864 |                        0 |                        0 |       0 |
| model.encoder.layers.11.attention                       |               148224 |                        0 |                        0 |       0 |
| model.encoder.layers.11.attention.q_proj                |                37056 |                        0 |                        0 |       0 |
| model.encoder.layers.11.attention.k_proj                |                37056 |                        0 |                        0 |       0 |
| model.encoder.layers.11.attention.v_proj                |                37056 |                        0 |                        0 |       0 |
| model.encoder.layers.11.attention.o_proj                |                37056 |                        0 |                        0 |       0 |
| model.encoder.layers.11.layernorm_before                |                  384 |                        0 |                        0 |       0 |
| model.encoder.layers.11.layernorm_after                 |                  384 |                        0 |                        0 |       0 |
| model.encoder.layers.11.mlp                             |               295872 |                        0 |                        0 |       0 |
| model.encoder.layers.11.mlp.activation_fn               |                    0 |                        0 |                        0 |       0 |
| model.encoder.layers.11.mlp.fc1                         |               148224 |                        0 |                        0 |       0 |
| model.encoder.layers.11.mlp.fc2                         |               147648 |                        0 |                        0 |       0 |
| model.encoder.layers.11.dropout                         |                    0 |                        0 |                        0 |       0 |
| model.encoder.layernorm                                 |                  384 |                        0 |                        0 |       0 |
| model.predictor                                         |             10791360 |                        0 |                        0 |       0 |
| model.predictor.dropout                                 |                    0 |                        0 |                        0 |       0 |
| model.predictor.transformer                             |             10790784 |                        0 |                        0 |       0 |
| model.predictor.transformer.norm                        |                  384 |                        0 |                        0 |       0 |
| model.predictor.transformer.layers                      |             10790400 |                        0 |                        0 |       0 |
| model.predictor.transformer.layers.0                    |              1798400 |                        0 |                        0 |       0 |
| model.predictor.transformer.layers.0.attn               |               787008 |                        0 |                        0 |       0 |
| model.predictor.transformer.layers.0.attn.norm          |                  384 |                        0 |                        0 |       0 |
| model.predictor.transformer.layers.0.attn.attend        |                    0 |                        0 |                        0 |       0 |
| model.predictor.transformer.layers.0.attn.to_qkv        |               589824 |                        0 |                        0 |       0 |
| model.predictor.transformer.layers.0.attn.to_out        |               196800 |                        0 |                        0 |       0 |
| model.predictor.transformer.layers.0.attn.to_out.0      |               196800 |                        0 |                        0 |       0 |
| model.predictor.transformer.layers.0.attn.to_out.1      |                    0 |                        0 |                        0 |       0 |
| model.predictor.transformer.layers.0.mlp                |               789056 |                        0 |                        0 |       0 |
| model.predictor.transformer.layers.0.mlp.net            |               789056 |                        0 |                        0 |       0 |
| model.predictor.transformer.layers.0.mlp.net.0          |                  384 |                        0 |                        0 |       0 |
| model.predictor.transformer.layers.0.mlp.net.1          |               395264 |                        0 |                        0 |       0 |
| model.predictor.transformer.layers.0.mlp.net.2          |                    0 |                        0 |                        0 |       0 |
| model.predictor.transformer.layers.0.mlp.net.3          |                    0 |                        0 |                        0 |       0 |
| model.predictor.transformer.layers.0.mlp.net.4          |               393408 |                        0 |                        0 |       0 |
| model.predictor.transformer.layers.0.mlp.net.5          |                    0 |                        0 |                        0 |       0 |
| model.predictor.transformer.layers.0.norm1              |                    0 |                        0 |                        0 |       0 |
| model.predictor.transformer.layers.0.norm2              |                    0 |                        0 |                        0 |       0 |
| model.predictor.transformer.layers.0.adaLN_modulation   |               222336 |                        0 |                        0 |       0 |
| model.predictor.transformer.layers.0.adaLN_modulation.0 |                    0 |                        0 |                        0 |       0 |
| model.predictor.transformer.layers.0.adaLN_modulation.1 |               222336 |                        0 |                        0 |       0 |
| model.predictor.transformer.layers.1                    |              1798400 |                        0 |                        0 |       0 |
| model.predictor.transformer.layers.1.attn               |               787008 |                        0 |                        0 |       0 |
| model.predictor.transformer.layers.1.attn.norm          |                  384 |                        0 |                        0 |       0 |
| model.predictor.transformer.layers.1.attn.attend        |                    0 |                        0 |                        0 |       0 |
| model.predictor.transformer.layers.1.attn.to_qkv        |               589824 |                        0 |                        0 |       0 |
| model.predictor.transformer.layers.1.attn.to_out        |               196800 |                        0 |                        0 |       0 |
| model.predictor.transformer.layers.1.attn.to_out.0      |               196800 |                        0 |                        0 |       0 |
| model.predictor.transformer.layers.1.attn.to_out.1      |                    0 |                        0 |                        0 |       0 |
| model.predictor.transformer.layers.1.mlp                |               789056 |                        0 |                        0 |       0 |
| model.predictor.transformer.layers.1.mlp.net            |               789056 |                        0 |                        0 |       0 |
| model.predictor.transformer.layers.1.mlp.net.0          |                  384 |                        0 |                        0 |       0 |
| model.predictor.transformer.layers.1.mlp.net.1          |               395264 |                        0 |                        0 |       0 |
| model.predictor.transformer.layers.1.mlp.net.2          |                    0 |                        0 |                        0 |       0 |
| model.predictor.transformer.layers.1.mlp.net.3          |                    0 |                        0 |                        0 |       0 |
| model.predictor.transformer.layers.1.mlp.net.4          |               393408 |                        0 |                        0 |       0 |
| model.predictor.transformer.layers.1.mlp.net.5          |                    0 |                        0 |                        0 |       0 |
| model.predictor.transformer.layers.1.norm1              |                    0 |                        0 |                        0 |       0 |
| model.predictor.transformer.layers.1.norm2              |                    0 |                        0 |                        0 |       0 |
| model.predictor.transformer.layers.1.adaLN_modulation   |               222336 |                        0 |                        0 |       0 |
| model.predictor.transformer.layers.1.adaLN_modulation.0 |                    0 |                        0 |                        0 |       0 |
| model.predictor.transformer.layers.1.adaLN_modulation.1 |               222336 |                        0 |                        0 |       0 |
| model.predictor.transformer.layers.2                    |              1798400 |                        0 |                        0 |       0 |
| model.predictor.transformer.layers.2.attn               |               787008 |                        0 |                        0 |       0 |
| model.predictor.transformer.layers.2.attn.norm          |                  384 |                        0 |                        0 |       0 |
| model.predictor.transformer.layers.2.attn.attend        |                    0 |                        0 |                        0 |       0 |
| model.predictor.transformer.layers.2.attn.to_qkv        |               589824 |                        0 |                        0 |       0 |
| model.predictor.transformer.layers.2.attn.to_out        |               196800 |                        0 |                        0 |       0 |
| model.predictor.transformer.layers.2.attn.to_out.0      |               196800 |                        0 |                        0 |       0 |
| model.predictor.transformer.layers.2.attn.to_out.1      |                    0 |                        0 |                        0 |       0 |
| model.predictor.transformer.layers.2.mlp                |               789056 |                        0 |                        0 |       0 |
| model.predictor.transformer.layers.2.mlp.net            |               789056 |                        0 |                        0 |       0 |
| model.predictor.transformer.layers.2.mlp.net.0          |                  384 |                        0 |                        0 |       0 |
| model.predictor.transformer.layers.2.mlp.net.1          |               395264 |                        0 |                        0 |       0 |
| model.predictor.transformer.layers.2.mlp.net.2          |                    0 |                        0 |                        0 |       0 |
| model.predictor.transformer.layers.2.mlp.net.3          |                    0 |                        0 |                        0 |       0 |
| model.predictor.transformer.layers.2.mlp.net.4          |               393408 |                        0 |                        0 |       0 |
| model.predictor.transformer.layers.2.mlp.net.5          |                    0 |                        0 |                        0 |       0 |
| model.predictor.transformer.layers.2.norm1              |                    0 |                        0 |                        0 |       0 |
| model.predictor.transformer.layers.2.norm2              |                    0 |                        0 |                        0 |       0 |
| model.predictor.transformer.layers.2.adaLN_modulation   |               222336 |                        0 |                        0 |       0 |
| model.predictor.transformer.layers.2.adaLN_modulation.0 |                    0 |                        0 |                        0 |       0 |
| model.predictor.transformer.layers.2.adaLN_modulation.1 |               222336 |                        0 |                        0 |       0 |
| model.predictor.transformer.layers.3                    |              1798400 |                        0 |                        0 |       0 |
| model.predictor.transformer.layers.3.attn               |               787008 |                        0 |                        0 |       0 |
| model.predictor.transformer.layers.3.attn.norm          |                  384 |                        0 |                        0 |       0 |
| model.predictor.transformer.layers.3.attn.attend        |                    0 |                        0 |                        0 |       0 |
| model.predictor.transformer.layers.3.attn.to_qkv        |               589824 |                        0 |                        0 |       0 |
| model.predictor.transformer.layers.3.attn.to_out        |               196800 |                        0 |                        0 |       0 |
| model.predictor.transformer.layers.3.attn.to_out.0      |               196800 |                        0 |                        0 |       0 |
| model.predictor.transformer.layers.3.attn.to_out.1      |                    0 |                        0 |                        0 |       0 |
| model.predictor.transformer.layers.3.mlp                |               789056 |                        0 |                        0 |       0 |
| model.predictor.transformer.layers.3.mlp.net            |               789056 |                        0 |                        0 |       0 |
| model.predictor.transformer.layers.3.mlp.net.0          |                  384 |                        0 |                        0 |       0 |
| model.predictor.transformer.layers.3.mlp.net.1          |               395264 |                        0 |                        0 |       0 |
| model.predictor.transformer.layers.3.mlp.net.2          |                    0 |                        0 |                        0 |       0 |
| model.predictor.transformer.layers.3.mlp.net.3          |                    0 |                        0 |                        0 |       0 |
| model.predictor.transformer.layers.3.mlp.net.4          |               393408 |                        0 |                        0 |       0 |
| model.predictor.transformer.layers.3.mlp.net.5          |                    0 |                        0 |                        0 |       0 |
| model.predictor.transformer.layers.3.norm1              |                    0 |                        0 |                        0 |       0 |
| model.predictor.transformer.layers.3.norm2              |                    0 |                        0 |                        0 |       0 |
| model.predictor.transformer.layers.3.adaLN_modulation   |               222336 |                        0 |                        0 |       0 |
| model.predictor.transformer.layers.3.adaLN_modulation.0 |                    0 |                        0 |                        0 |       0 |
| model.predictor.transformer.layers.3.adaLN_modulation.1 |               222336 |                        0 |                        0 |       0 |
| model.predictor.transformer.layers.4                    |              1798400 |                        0 |                        0 |       0 |
| model.predictor.transformer.layers.4.attn               |               787008 |                        0 |                        0 |       0 |
| model.predictor.transformer.layers.4.attn.norm          |                  384 |                        0 |                        0 |       0 |
| model.predictor.transformer.layers.4.attn.attend        |                    0 |                        0 |                        0 |       0 |
| model.predictor.transformer.layers.4.attn.to_qkv        |               589824 |                        0 |                        0 |       0 |
| model.predictor.transformer.layers.4.attn.to_out        |               196800 |                        0 |                        0 |       0 |
| model.predictor.transformer.layers.4.attn.to_out.0      |               196800 |                        0 |                        0 |       0 |
| model.predictor.transformer.layers.4.attn.to_out.1      |                    0 |                        0 |                        0 |       0 |
| model.predictor.transformer.layers.4.mlp                |               789056 |                        0 |                        0 |       0 |
| model.predictor.transformer.layers.4.mlp.net            |               789056 |                        0 |                        0 |       0 |
| model.predictor.transformer.layers.4.mlp.net.0          |                  384 |                        0 |                        0 |       0 |
| model.predictor.transformer.layers.4.mlp.net.1          |               395264 |                        0 |                        0 |       0 |
| model.predictor.transformer.layers.4.mlp.net.2          |                    0 |                        0 |                        0 |       0 |
| model.predictor.transformer.layers.4.mlp.net.3          |                    0 |                        0 |                        0 |       0 |
| model.predictor.transformer.layers.4.mlp.net.4          |               393408 |                        0 |                        0 |       0 |
| model.predictor.transformer.layers.4.mlp.net.5          |                    0 |                        0 |                        0 |       0 |
| model.predictor.transformer.layers.4.norm1              |                    0 |                        0 |                        0 |       0 |
| model.predictor.transformer.layers.4.norm2              |                    0 |                        0 |                        0 |       0 |
| model.predictor.transformer.layers.4.adaLN_modulation   |               222336 |                        0 |                        0 |       0 |
| model.predictor.transformer.layers.4.adaLN_modulation.0 |                    0 |                        0 |                        0 |       0 |
| model.predictor.transformer.layers.4.adaLN_modulation.1 |               222336 |                        0 |                        0 |       0 |
| model.predictor.transformer.layers.5                    |              1798400 |                        0 |                        0 |       0 |
| model.predictor.transformer.layers.5.attn               |               787008 |                        0 |                        0 |       0 |
| model.predictor.transformer.layers.5.attn.norm          |                  384 |                        0 |                        0 |       0 |
| model.predictor.transformer.layers.5.attn.attend        |                    0 |                        0 |                        0 |       0 |
| model.predictor.transformer.layers.5.attn.to_qkv        |               589824 |                        0 |                        0 |       0 |
| model.predictor.transformer.layers.5.attn.to_out        |               196800 |                        0 |                        0 |       0 |
| model.predictor.transformer.layers.5.attn.to_out.0      |               196800 |                        0 |                        0 |       0 |
| model.predictor.transformer.layers.5.attn.to_out.1      |                    0 |                        0 |                        0 |       0 |
| model.predictor.transformer.layers.5.mlp                |               789056 |                        0 |                        0 |       0 |
| model.predictor.transformer.layers.5.mlp.net            |               789056 |                        0 |                        0 |       0 |
| model.predictor.transformer.layers.5.mlp.net.0          |                  384 |                        0 |                        0 |       0 |
| model.predictor.transformer.layers.5.mlp.net.1          |               395264 |                        0 |                        0 |       0 |
| model.predictor.transformer.layers.5.mlp.net.2          |                    0 |                        0 |                        0 |       0 |
| model.predictor.transformer.layers.5.mlp.net.3          |                    0 |                        0 |                        0 |       0 |
| model.predictor.transformer.layers.5.mlp.net.4          |               393408 |                        0 |                        0 |       0 |
| model.predictor.transformer.layers.5.mlp.net.5          |                    0 |                        0 |                        0 |       0 |
| model.predictor.transformer.layers.5.norm1              |                    0 |                        0 |                        0 |       0 |
| model.predictor.transformer.layers.5.norm2              |                    0 |                        0 |                        0 |       0 |
| model.predictor.transformer.layers.5.adaLN_modulation   |               222336 |                        0 |                        0 |       0 |
| model.predictor.transformer.layers.5.adaLN_modulation.0 |                    0 |                        0 |                        0 |       0 |
| model.predictor.transformer.layers.5.adaLN_modulation.1 |               222336 |                        0 |                        0 |       0 |
| model.predictor.transformer.input_proj                  |                    0 |                        0 |                        0 |       0 |
| model.predictor.transformer.cond_proj                   |                    0 |                        0 |                        0 |       0 |
| model.predictor.transformer.output_proj                 |                    0 |                        0 |                        0 |       0 |
| model.action_encoder                                    |               156126 |                        0 |                        0 |       0 |
| model.action_encoder.patch_embed                        |                   30 |                        0 |                        0 |       0 |
| model.action_encoder.embed                              |               156096 |                        0 |                        0 |       0 |
| model.action_encoder.embed.0                            |                 8448 |                        0 |                        0 |       0 |
| model.action_encoder.embed.1                            |                    0 |                        0 |                        0 |       0 |
| model.action_encoder.embed.2                            |               147648 |                        0 |                        0 |       0 |
| model.projector                                         |               792768 |                        0 |                        0 |    4097 |
| model.projector.net                                     |               792768 |                        0 |                        0 |    4097 |
| model.projector.net.0                                   |               395264 |                        0 |                        0 |       0 |
| model.projector.net.1                                   |                 4096 |                        0 |                        0 |    4097 |
| model.projector.net.2                                   |                    0 |                        0 |                        0 |       0 |
| model.projector.net.3                                   |               393408 |                        0 |                        0 |       0 |
| model.pred_proj                                         |               792768 |                        0 |                        0 |    4097 |
| model.pred_proj.net                                     |               792768 |                        0 |                        0 |    4097 |
| model.pred_proj.net.0                                   |               395264 |                        0 |                        0 |       0 |
| model.pred_proj.net.1                                   |                 4096 |                        0 |                        0 |    4097 |
| model.pred_proj.net.2                                   |                    0 |                        0 |                        0 |       0 |
| model.pred_proj.net.3                                   |               393408 |                        0 |                        0 |       0 |
| model.probe_head                                        |                 3076 |                        0 |                        0 |       0 |
| sigreg                                                  |                    0 |                        0 |                        0 |      51 |
+---------------------------------------------------------+----------------------+--------------------------+--------------------------+---------+
23:45:51 | INFO  | utils.py    | ── SLURM ─────────────────────────────────────────
23:45:51 | INFO  | trainer_inf~|   Job ID: N/A
23:45:51 | INFO  | trainer_inf~|   Task ID: N/A
23:45:51 | INFO  | trainer_inf~|   Job Name: N/A
23:45:51 | INFO  | trainer_inf~|   Nodes: N/A
23:45:51 | INFO  | trainer_inf~|   Tasks: N/A
23:45:51 | INFO  | trainer_inf~|   CPUs per node: N/A
23:45:51 | INFO  | trainer_inf~|   CPUs per task: N/A
23:45:51 | INFO  | trainer_inf~|   Memory per node: N/A
23:45:51 | INFO  | trainer_inf~|   Memory per CPU: N/A
23:45:51 | INFO  | trainer_inf~|   Time limit: N/A
23:45:51 | INFO  | trainer_inf~|   Partition: N/A
23:45:51 | INFO  | trainer_inf~|   Node List: N/A
23:45:51 | INFO  | trainer_inf~|   Submit Directory: N/A
23:45:51 | INFO  | utils.py    | ── HardwareMonitor ───────────────────────────────
23:45:51 | INFO  | hardware_mo~|   interval: 10.0s
23:45:51 | INFO  | hardware_mo~|   prefix:   'hardware/'
23:45:51 | INFO  | hardware_mo~|   metrics:  cpu=True ram=True disk=True net=True gpu=True
23:45:51 | INFO  | hardware_mo~|   per-rank: rank 0 only
23:45:51 | WARN  | env_info.py | ! pip freeze failed: Command '['/home/likun-share/junjxu/wm/le-wm/.venv/bin/python', '-m', 'pip', 'freeze']' returned non-zero exit status 1.
23:45:51 | OK    | env_info.py | ✓ Packages: 0 packages collected in 0.02s
LOCAL_RANK: 0 - CUDA_VISIBLE_DEVICES: [2]
23:45:51 | WARN  | hardware_mo~| HardwareMonitor: pynvml unavailable (ModuleNotFoundError("No module named 'pynvml'")); GPU metrics disabled.
23:45:51 | INFO  | utils.py    | ── Optimizers ────────────────────────────────────
23:45:51 | INFO  | module.py   |   Optimizer specified by Dict with keys ['model_opt']
23:45:51 | INFO  | module.py   | 
┏━━━━━━━━━━━━━┳━━━━━━━━━━━┳━━━━━━━━━━━━━━━━━━━┳━━━━━━━━━━━━━━━━━┳━━━━━━━━━━━━━━━━┳━━━━━━━━━━━━━━━━━━━━━━━━┓
┃ Optimizer   ┃ Pattern   ┃   Matched Modules ┃   Param Tensors ┃   Total Params ┃   RequiresGrad Tensors ┃
┣━━━━━━━━━━━━━╋━━━━━━━━━━━╋━━━━━━━━━━━━━━━━━━━╋━━━━━━━━━━━━━━━━━╋━━━━━━━━━━━━━━━━╋━━━━━━━━━━━━━━━━━━━━━━━━┫
┃ model_opt   ┃ model     ┃               317 ┃             299 ┃       18037474 ┃                    299 ┃
┗━━━━━━━━━━━━━┻━━━━━━━━━━━┻━━━━━━━━━━━━━━━━━━━┻━━━━━━━━━━━━━━━━━┻━━━━━━━━━━━━━━━━┻━━━━━━━━━━━━━━━━━━━━━━━━┛
23:45:51 | INFO  | lr_schedule~| 	User provided a dict
Loading `train_dataloader` to estimate number of stepping batches.
/home/likun-share/junjxu/wm/le-wm/.venv/lib/python3.10/site-packages/lance/__init__.py:320: UserWarning: lance is not fork-safe. If you are using multiprocessing, use spawn or forkserver instead.
  warnings.warn(
/usr/lib/python3.10/multiprocessing/popen_fork.py:66: RuntimeWarning: lancedb fork support is experimental: the internal async runtime has been reset in the forked child, but a small chance of deadlock remains if other state was mid-operation at fork time. The 'forkserver' or 'spawn' multiprocessing start method is likely a safer alternative.
  self.pid = os.fork()
/usr/lib/python3.10/multiprocessing/popen_fork.py:66: RuntimeWarning: lancedb fork support is experimental: the internal async runtime has been reset in the forked child, but a small chance of deadlock remains if other state was mid-operation at fork time. The 'forkserver' or 'spawn' multiprocessing start method is likely a safer alternative.
  self.pid = os.fork()
23:45:51 | INFO  | module.py   |   Configured optimizer 'model_opt' (modules=317, param_tensors=299, total_params=18037474) with LinearWarmupCosineAnnealingLR scheduler.
/home/likun-share/junjxu/wm/le-wm/.venv/lib/python3.10/site-packages/lightning/pytorch/utilities/model_summary/model_summary.py:242: Precision bf16-mixed is not supported by the model summary.  Estimated model size in MB will not be accurate. Using 32 bits instead.
┏━━━┳━━━━━━━━━━━━━━━━━━━┳━━━━━━━━━━━━┳━━━━━━━━┳━━━━━━━┳━━━━━━━┓
┃   ┃ Name              ┃ Type       ┃ Params ┃ Mode  ┃ FLOPs ┃
┡━━━╇━━━━━━━━━━━━━━━━━━━╇━━━━━━━━━━━━╇━━━━━━━━╇━━━━━━━╇━━━━━━━┩
│ 0 │ callbacks_modules │ ModuleDict │      0 │ train │     0 │
│ 1 │ callbacks_metrics │ ModuleDict │      0 │ train │     0 │
│ 2 │ model             │ JEPA       │ 18.0 M │ train │     0 │
│ 3 │ sigreg            │ SIGReg     │      0 │ train │     0 │
└───┴───────────────────┴────────────┴────────┴───────┴───────┘
Trainable params: 18.0 M                                                        
Non-trainable params: 0                                                         
Total params: 18.0 M                                                            
Total estimated model params size (MB): 72.150                                  
Modules in train mode: 320                                                      
Modules in eval mode: 0                                                         
Total FLOPs: 0                                                                  
23:45:51 | INFO  | logger.py   | [RegistryLogger] summary.json flushed (0 metrics, step=0, epoch=0) → /data1/likun-share/junjxu/.cache_stable-pretraining/runs/20260605/234547/83ffff6fb382/summary.json
/usr/lib/python3.10/multiprocessing/popen_fork.py:66: RuntimeWarning: lancedb fork support is experimental: the internal async runtime has been reset in the forked child, but a small chance of deadlock remains if other state was mid-operation at fork time. The 'forkserver' or 'spawn' multiprocessing start method is likely a safer alternative.
  self.pid = os.fork()
/usr/lib/python3.10/multiprocessing/popen_fork.py:66: RuntimeWarning: lancedb fork support is experimental: the internal async runtime has been reset in the forked child, but a small chance of deadlock remains if other state was mid-operation at fork time. The 'forkserver' or 'spawn' multiprocessing start method is likely a safer alternative.
  self.pid = os.fork()
23:45:55 | OK    | env_info.py | ✓ NVIDIA Driver: 580.65.06
23:45:55 | OK    | env_info.py | ✓ Git: main @ e17f3b3f
23:45:55 | INFO  | env_info.py |   Remote: git@github.com-xuustc99:XuUSTC99/wm.git
23:45:55 | WARN  | env_info.py | ! Working directory has uncommitted changes
23:45:55 | OK    | env_info.py | ✓ Environment: 4 relevant variables captured
23:45:55 | INFO  | env_info.py |   Serializing environment data...
23:45:55 | INFO  | env_info.py |   File exists, using version 74: environment_v74.json
23:45:55 | INFO  | env_info.py |   File exists, using version 74: requirements_frozen_v74.txt
23:45:55 | INFO  | env_info.py |   Save directory: /home/likun-share/.cache/stable-pretraining
23:45:55 | INFO  | env_info.py |   Writing environment to temp file...
23:45:55 | INFO  | env_info.py |   Moving to: environment_v74.json
23:45:55 | OK    | env_info.py | ✓ Environment file saved (2.9 KB)
23:45:55 | OK    | env_info.py | ✓ Requirements file saved (0.1 KB)
/home/likun-share/junjxu/wm/le-wm/.venv/lib/python3.10/site-packages/lightning/pytorch/utilities/data.py:79: Trying to infer the `batch_size` from an ambiguous collection. The batch size we found is 128. To avoid any miscalculations, use `self.log(..., batch_size=batch_size)`.
23:45:58 | INFO  | trainer_inf~| \n+----------------------------+--------------------+
|           Metric           |       Value        |
+----------------------------+--------------------+
|       [0;34;40mvalidate/loss[0m        | [0;32;40m40.13871383666992[0m  |
|    [0;34;40mvalidate/loss_epoch[0m     | [0;32;40m40.13871383666992[0m  |
|     [0;34;40mvalidate/pred_loss[0m     | [0;32;40m0.509930431842804[0m  |
|  [0;34;40mvalidate/pred_loss_epoch[0m  | [0;32;40m0.509930431842804[0m  |
|    [0;34;40mvalidate/probe_loss[0m     | [0;32;40m1.0792927742004395[0m |
| [0;34;40mvalidate/probe_loss_epoch[0m  | [0;32;40m1.0792927742004395[0m |
|    [0;34;40mvalidate/sigreg_loss[0m    |        [0;32;40m80.5[0m        |
| [0;34;40mvalidate/sigreg_loss_epoch[0m |        [0;32;40m80.5[0m        |
+----------------------------+--------------------+
23:45:58 | WARN  | hf_models.py| ! No Hugging Face (PreTrainedModel) submodules found in LightningModule.
23:45:58 | INFO  | utils.py    | ── Optimizers ────────────────────────────────────
23:45:58 | INFO  | module.py   |   self.optimizers() gave us 1 optimizers
23:45:58 | WARN  | module.py   | ! No clip val found for optimizer default_0
23:45:58 | WARN  | module.py   | ! Will use the Trainer's value of 1.0
23:45:58 | WARN  | module.py   | ! No clip algorithm found for optimizer default_0
23:45:58 | WARN  | module.py   | ! Will use the Trainer's value of None
23:45:58 | OK    | module.py   | ✓ Optimizer check complete:
+------------+-----------+----------------+-----------+-----------+
| Opt. Index | Opt. name |      opt       | clip val. | clip alg. |
+------------+-----------+----------------+-----------+-----------+
|     0      | default_0 | LightningAdamW |    1.0    |    None   |
+------------+-----------+----------------+-----------+-----------+
23:45:58 | INFO  | utils.py    | ── LogUnusedParametersOnce ───────────────────────
23:45:58 | INFO  | unused_para~|   registered hooks on 299 leaf parameters
23:45:58 | OK    | unused_para~| ✓ all tracked parameters received gradients on the first backward pass
23:45:58 | INFO  | unused_para~|   hooks removed, callback disabled
[Epoch 0/20] step 50/203 (2.8 it/s)
[Epoch 0/20] step 100/203 (2.6 it/s)
[Epoch 0/20] step 150/203 (2.6 it/s)
[Epoch 0/20] step 200/203 (2.6 it/s)
/home/likun-share/junjxu/wm/le-wm/.venv/lib/python3.10/site-packages/lightning/pytorch/utilities/data.py:79: Trying to infer the `batch_size` from an ambiguous collection. The batch size we found is 83. To avoid any miscalculations, use `self.log(..., batch_size=batch_size)`.
23:47:26 | INFO  | trainer_inf~| \n+----------------------------+------------------------+
|           Metric           |         Value          |
+----------------------------+------------------------+
|          [0;34;40mfit/loss[0m          |   [0;32;40m5.913208961486816[0m    |
|       [0;34;40mfit/pred_loss[0m        |  [0;32;40m0.06618999689817429[0m   |
|       [0;34;40mfit/probe_loss[0m       |  [0;32;40m0.17016103863716125[0m   |
|      [0;34;40mfit/sigreg_loss[0m       |          [0;32;40m8.25[0m          |
|    [0;34;40mhardware/cpu_percent[0m    |   [0;32;40m63.599998474121094[0m   |
|  [0;34;40mhardware/disk_read_mb_s[0m   |          [0;32;40m0.0[0m           |
|  [0;34;40mhardware/disk_write_mb_s[0m  |   [0;32;40m1.8491668701171875[0m   |
|   [0;34;40mhardware/net_recv_mb_s[0m   |  [0;32;40m0.01645333506166935[0m   |
|   [0;34;40mhardware/net_sent_mb_s[0m   |  [0;32;40m0.05037122964859009[0m   |
|    [0;34;40mhardware/ram_used_gb[0m    |   [0;32;40m297.7799377441406[0m    |
|   [0;34;40mhardware/ram_used_pct[0m    |   [0;32;40m29.600000381469727[0m   |
|    [0;34;40mhparams/lr_default_0[0m    | [0;32;40m4.9797443352872506e-05[0m |
|       [0;34;40mvalidate/loss[0m        |   [0;32;40m124.53203582763672[0m   |
|    [0;34;40mvalidate/loss_epoch[0m     |   [0;32;40m124.53203582763672[0m   |
|     [0;34;40mvalidate/pred_loss[0m     |   [0;32;40m7.680576324462891[0m    |
|  [0;34;40mvalidate/pred_loss_epoch[0m  |   [0;32;40m7.680576324462891[0m    |
|    [0;34;40mvalidate/probe_loss[0m     |   [0;32;40m3.1613247394561768[0m   |
| [0;34;40mvalidate/probe_loss_epoch[0m  |   [0;32;40m3.1613247394561768[0m   |
|    [0;34;40mvalidate/sigreg_loss[0m    |   [0;32;40m244.56881713867188[0m   |
| [0;34;40mvalidate/sigreg_loss_epoch[0m |   [0;32;40m244.56881713867188[0m   |
+----------------------------+------------------------+
[Epoch 0/20] done in 88.4s
23:47:26 | INFO  | checkpoint_~|   Checking for non PyTorch modules to save
23:47:26 | INFO  | atomic_chec~| [atomic_save] → /data1/likun-share/junjxu/.cache_stable-pretraining/runs/20260605/234547/83ffff6fb382/checkpoints/epoch=0-step=203.ckpt
23:47:27 | INFO  | atomic_chec~| [atomic_save] ✓ epoch=0-step=203.ckpt saved (206.8 MiB, serialise=0.48s write=0.38s rename=0.1ms)
23:47:27 | INFO  | checkpoint_~|   Checking for non PyTorch modules to save
23:47:27 | INFO  | atomic_chec~| [atomic_save] → /data1/likun-share/junjxu/.cache_stable-pretraining/runs/20260605/234547/83ffff6fb382/checkpoints/last.ckpt
23:47:28 | INFO  | atomic_chec~| [atomic_save] ✓ last.ckpt saved (206.8 MiB, serialise=0.55s write=0.42s rename=0.1ms)
[Epoch 1/20] step 50/203 (2.5 it/s)
[Epoch 1/20] step 100/203 (2.6 it/s)
[Epoch 1/20] step 150/203 (2.6 it/s)
[Epoch 1/20] step 200/203 (2.5 it/s)
23:49:01 | INFO  | trainer_inf~| \n+----------------------------+-----------------------+
|           Metric           |         Value         |
+----------------------------+-----------------------+
|          [0;34;40mfit/loss[0m          |   [0;32;40m4.040163993835449[0m   |
|       [0;34;40mfit/pred_loss[0m        |  [0;32;40m0.047446027398109436[0m |
|       [0;34;40mfit/probe_loss[0m       |  [0;32;40m0.10978329926729202[0m  |
|      [0;34;40mfit/sigreg_loss[0m       |          [0;32;40m7.75[0m         |
|    [0;34;40mhardware/cpu_percent[0m    |   [0;32;40m64.80000305175781[0m   |
|  [0;34;40mhardware/disk_read_mb_s[0m   |          [0;32;40m0.0[0m          |
|  [0;34;40mhardware/disk_write_mb_s[0m  |   [0;32;40m15.279342651367188[0m  |
|   [0;34;40mhardware/net_recv_mb_s[0m   |  [0;32;40m0.01663718745112419[0m  |
|   [0;34;40mhardware/net_sent_mb_s[0m   |  [0;32;40m0.05042332410812378[0m  |
|    [0;34;40mhardware/ram_used_gb[0m    |   [0;32;40m303.6658020019531[0m   |
|   [0;34;40mhardware/ram_used_pct[0m    |   [0;32;40m30.100000381469727[0m  |
|    [0;34;40mhparams/lr_default_0[0m    | [0;32;40m4.898431870969944e-05[0m |
|       [0;34;40mvalidate/loss[0m        |    [0;32;40m10135.4091796875[0m   |
|    [0;34;40mvalidate/loss_epoch[0m     |    [0;32;40m10135.4091796875[0m   |
|     [0;34;40mvalidate/pred_loss[0m     |   [0;32;40m474.2054443359375[0m   |
|  [0;34;40mvalidate/pred_loss_epoch[0m  |   [0;32;40m474.2054443359375[0m   |
|    [0;34;40mvalidate/probe_loss[0m     |   [0;32;40m321.0532531738281[0m   |
| [0;34;40mvalidate/probe_loss_epoch[0m  |   [0;32;40m321.0532531738281[0m   |
|    [0;34;40mvalidate/sigreg_loss[0m    |   [0;32;40m329.0606994628906[0m   |
| [0;34;40mvalidate/sigreg_loss_epoch[0m |   [0;32;40m329.0606994628906[0m   |
+----------------------------+-----------------------+
[Epoch 1/20] done in 93.1s
23:49:01 | INFO  | checkpoint_~|   Checking for non PyTorch modules to save
23:49:01 | INFO  | atomic_chec~| [atomic_save] → /data1/likun-share/junjxu/.cache_stable-pretraining/runs/20260605/234547/83ffff6fb382/checkpoints/epoch=1-step=406.ckpt
23:49:02 | INFO  | atomic_chec~| [atomic_save] ✓ epoch=1-step=406.ckpt saved (206.8 MiB, serialise=0.48s write=0.29s rename=0.1ms)
23:49:02 | INFO  | checkpoint_~|   Checking for non PyTorch modules to save
23:49:02 | INFO  | atomic_chec~| [atomic_save] → /data1/likun-share/junjxu/.cache_stable-pretraining/runs/20260605/234547/83ffff6fb382/checkpoints/last.ckpt
23:49:03 | INFO  | atomic_chec~| [atomic_save] ✓ last.ckpt saved (206.8 MiB, serialise=0.39s write=0.30s rename=46.3ms)
[Epoch 2/20] step 50/203 (2.5 it/s)
[Epoch 2/20] step 100/203 (2.5 it/s)
[Epoch 2/20] step 150/203 (2.5 it/s)
[Epoch 2/20] step 200/203 (2.5 it/s)
23:50:35 | INFO  | trainer_inf~| \n+----------------------------+-----------------------+
|           Metric           |         Value         |
+----------------------------+-----------------------+
|          [0;34;40mfit/loss[0m          |   [0;32;40m2.867048501968384[0m   |
|       [0;34;40mfit/pred_loss[0m        |  [0;32;40m0.03876503184437752[0m  |
|       [0;34;40mfit/probe_loss[0m       |  [0;32;40m0.07148966193199158[0m  |
|      [0;34;40mfit/sigreg_loss[0m       |        [0;32;40m7.59375[0m        |
|    [0;34;40mhardware/cpu_percent[0m    |   [0;32;40m64.19999694824219[0m   |
|  [0;34;40mhardware/disk_read_mb_s[0m   |  [0;32;40m0.04100608825683594[0m  |
|  [0;34;40mhardware/disk_write_mb_s[0m  |   [0;32;40m2.832934856414795[0m   |
|   [0;34;40mhardware/net_recv_mb_s[0m   |  [0;32;40m0.11426394432783127[0m  |
|   [0;34;40mhardware/net_sent_mb_s[0m   |  [0;32;40m0.31232789158821106[0m  |
|    [0;34;40mhardware/ram_used_gb[0m    |     [0;32;40m305.9970703125[0m    |
|   [0;34;40mhardware/ram_used_pct[0m    |   [0;32;40m30.399999618530273[0m  |
|    [0;34;40mhparams/lr_default_0[0m    | [0;32;40m4.756883572554216e-05[0m |
|       [0;34;40mvalidate/loss[0m        |    [0;32;40m4863.93994140625[0m   |
|    [0;34;40mvalidate/loss_epoch[0m     |    [0;32;40m4863.93994140625[0m   |
|     [0;34;40mvalidate/pred_loss[0m     |   [0;32;40m117.01261138916016[0m  |
|  [0;34;40mvalidate/pred_loss_epoch[0m  |   [0;32;40m117.01261138916016[0m  |
|    [0;34;40mvalidate/probe_loss[0m     |   [0;32;40m157.2382354736328[0m   |
| [0;34;40mvalidate/probe_loss_epoch[0m  |   [0;32;40m157.2382354736328[0m   |
|    [0;34;40mvalidate/sigreg_loss[0m    |   [0;32;40m330.9700012207031[0m   |
| [0;34;40mvalidate/sigreg_loss_epoch[0m |   [0;32;40m330.9700012207031[0m   |
+----------------------------+-----------------------+
[Epoch 2/20] done in 92.8s
23:50:36 | INFO  | checkpoint_~|   Checking for non PyTorch modules to save
23:50:36 | INFO  | atomic_chec~| [atomic_save] → /data1/likun-share/junjxu/.cache_stable-pretraining/runs/20260605/234547/83ffff6fb382/checkpoints/epoch=2-step=609.ckpt
23:50:36 | INFO  | atomic_chec~| [atomic_save] ✓ epoch=2-step=609.ckpt saved (206.8 MiB, serialise=0.57s write=0.30s rename=0.1ms)
23:50:37 | INFO  | checkpoint_~|   Checking for non PyTorch modules to save
23:50:37 | INFO  | atomic_chec~| [atomic_save] → /data1/likun-share/junjxu/.cache_stable-pretraining/runs/20260605/234547/83ffff6fb382/checkpoints/last.ckpt
23:50:37 | INFO  | atomic_chec~| [atomic_save] ✓ last.ckpt saved (206.8 MiB, serialise=0.37s write=0.31s rename=44.0ms)
[Epoch 3/20] step 50/203 (2.6 it/s)
[Epoch 3/20] step 100/203 (2.4 it/s)
[Epoch 3/20] step 150/203 (2.4 it/s)
[Epoch 3/20] step 200/203 (2.5 it/s)
23:52:11 | INFO  | trainer_inf~| \n+----------------------------+-----------------------+
|           Metric           |         Value         |
+----------------------------+-----------------------+
|          [0;34;40mfit/loss[0m          |   [0;32;40m3.3245203495025635[0m  |
|       [0;34;40mfit/pred_loss[0m        |  [0;32;40m0.03775830939412117[0m  |
|       [0;34;40mfit/probe_loss[0m       |  [0;32;40m0.08612123131752014[0m  |
|      [0;34;40mfit/sigreg_loss[0m       |         [0;32;40m7.8125[0m        |
|    [0;34;40mhardware/cpu_percent[0m    |   [0;32;40m63.70000076293945[0m   |
|  [0;34;40mhardware/disk_read_mb_s[0m   |          [0;32;40m0.0[0m          |
|  [0;34;40mhardware/disk_write_mb_s[0m  |   [0;32;40m21.61577796936035[0m   |
|   [0;34;40mhardware/net_recv_mb_s[0m   |  [0;32;40m0.01241352315992117[0m  |
|   [0;34;40mhardware/net_sent_mb_s[0m   |  [0;32;40m0.011800326406955719[0m |
|    [0;34;40mhardware/ram_used_gb[0m    |   [0;32;40m307.6612854003906[0m   |
|   [0;34;40mhardware/ram_used_pct[0m    |          [0;32;40m30.5[0m         |
|    [0;34;40mhparams/lr_default_0[0m    | [0;32;40m4.558654109132476e-05[0m |
|       [0;34;40mvalidate/loss[0m        |    [0;32;40m4308.53955078125[0m   |
|    [0;34;40mvalidate/loss_epoch[0m     |    [0;32;40m4308.53955078125[0m   |
|     [0;34;40mvalidate/pred_loss[0m     |   [0;32;40m42.51262664794922[0m   |
|  [0;34;40mvalidate/pred_loss_epoch[0m  |   [0;32;40m42.51262664794922[0m   |
|    [0;34;40mvalidate/probe_loss[0m     |   [0;32;40m141.3436737060547[0m   |
| [0;34;40mvalidate/probe_loss_epoch[0m  |   [0;32;40m141.3436737060547[0m   |
|    [0;34;40mvalidate/sigreg_loss[0m    |   [0;32;40m285.78131103515625[0m  |
| [0;34;40mvalidate/sigreg_loss_epoch[0m |   [0;32;40m285.78131103515625[0m  |
+----------------------------+-----------------------+
[Epoch 3/20] done in 93.8s
23:52:11 | INFO  | checkpoint_~|   Checking for non PyTorch modules to save
23:52:11 | INFO  | atomic_chec~| [atomic_save] → /data1/likun-share/junjxu/.cache_stable-pretraining/runs/20260605/234547/83ffff6fb382/checkpoints/epoch=3-step=812.ckpt
23:52:12 | INFO  | atomic_chec~| [atomic_save] ✓ epoch=3-step=812.ckpt saved (206.8 MiB, serialise=0.59s write=0.38s rename=0.1ms)
23:52:12 | INFO  | checkpoint_~|   Checking for non PyTorch modules to save
23:52:12 | INFO  | atomic_chec~| [atomic_save] → /data1/likun-share/junjxu/.cache_stable-pretraining/runs/20260605/234547/83ffff6fb382/checkpoints/last.ckpt
23:52:13 | INFO  | atomic_chec~| [atomic_save] ✓ last.ckpt saved (206.8 MiB, serialise=0.50s write=0.28s rename=37.0ms)
[Epoch 4/20] step 50/203 (2.5 it/s)
[Epoch 4/20] step 100/203 (2.5 it/s)
[Epoch 4/20] step 150/203 (2.4 it/s)
[Epoch 4/20] step 200/203 (2.4 it/s)
23:53:47 | INFO  | trainer_inf~| \n+----------------------------+----------------------+
|           Metric           |        Value         |
+----------------------------+----------------------+
|          [0;34;40mfit/loss[0m          |  [0;32;40m4.076544761657715[0m   |
|       [0;34;40mfit/pred_loss[0m        | [0;32;40m0.03879691660404205[0m  |
|       [0;34;40mfit/probe_loss[0m       | [0;32;40m0.11349784582853317[0m  |
|      [0;34;40mfit/sigreg_loss[0m       |       [0;32;40m7.03125[0m        |
|    [0;34;40mhardware/cpu_percent[0m    |  [0;32;40m63.70000076293945[0m   |
|  [0;34;40mhardware/disk_read_mb_s[0m   |         [0;32;40m0.0[0m          |
|  [0;34;40mhardware/disk_write_mb_s[0m  |  [0;32;40m22.174219131469727[0m  |
|   [0;34;40mhardware/net_recv_mb_s[0m   | [0;32;40m0.015744123607873917[0m |
|   [0;34;40mhardware/net_sent_mb_s[0m   | [0;32;40m0.049239616841077805[0m |
|    [0;34;40mhardware/ram_used_gb[0m    |  [0;32;40m309.8450622558594[0m   |
|   [0;34;40mhardware/ram_used_pct[0m    |  [0;32;40m30.799999237060547[0m  |
|    [0;34;40mhparams/lr_default_0[0m    | [0;32;40m4.30872205470223e-05[0m |
|       [0;34;40mvalidate/loss[0m        |   [0;32;40m7069.1533203125[0m    |
|    [0;34;40mvalidate/loss_epoch[0m     |   [0;32;40m7069.1533203125[0m    |
|     [0;34;40mvalidate/pred_loss[0m     |  [0;32;40m298.7341613769531[0m   |
|  [0;34;40mvalidate/pred_loss_epoch[0m  |  [0;32;40m298.7341613769531[0m   |
|    [0;34;40mvalidate/probe_loss[0m     |  [0;32;40m224.72080993652344[0m  |
| [0;34;40mvalidate/probe_loss_epoch[0m  |  [0;32;40m224.72080993652344[0m  |
|    [0;34;40mvalidate/sigreg_loss[0m    |   [0;32;40m320.08935546875[0m    |
| [0;34;40mvalidate/sigreg_loss_epoch[0m |   [0;32;40m320.08935546875[0m    |
+----------------------------+----------------------+
[Epoch 4/20] done in 94.3s
23:53:47 | INFO  | checkpoint_~|   Checking for non PyTorch modules to save
23:53:47 | INFO  | atomic_chec~| [atomic_save] → /data1/likun-share/junjxu/.cache_stable-pretraining/runs/20260605/234547/83ffff6fb382/checkpoints/epoch=4-step=1015.ckpt
23:53:48 | INFO  | atomic_chec~| [atomic_save] ✓ epoch=4-step=1015.ckpt saved (206.8 MiB, serialise=0.48s write=0.32s rename=0.1ms)
23:53:48 | INFO  | checkpoint_~|   Checking for non PyTorch modules to save
23:53:48 | INFO  | atomic_chec~| [atomic_save] → /data1/likun-share/junjxu/.cache_stable-pretraining/runs/20260605/234547/83ffff6fb382/checkpoints/last.ckpt
23:53:49 | INFO  | atomic_chec~| [atomic_save] ✓ last.ckpt saved (206.8 MiB, serialise=0.54s write=0.35s rename=85.4ms)
[Epoch 5/20] step 50/203 (2.8 it/s)
[Epoch 5/20] step 100/203 (2.9 it/s)
[Epoch 5/20] step 150/203 (2.8 it/s)
[Epoch 5/20] step 200/203 (2.7 it/s)
23:55:13 | INFO  | trainer_inf~| \n+----------------------------+------------------------+
|           Metric           |         Value          |
+----------------------------+------------------------+
|          [0;34;40mfit/loss[0m          |   [0;32;40m2.486492395401001[0m    |
|       [0;34;40mfit/pred_loss[0m        |  [0;32;40m0.03286914899945259[0m   |
|       [0;34;40mfit/probe_loss[0m       |  [0;32;40m0.06017285957932472[0m   |
|      [0;34;40mfit/sigreg_loss[0m       |         [0;32;40m7.1875[0m         |
|    [0;34;40mhardware/cpu_percent[0m    |   [0;32;40m62.099998474121094[0m   |
|  [0;34;40mhardware/disk_read_mb_s[0m   |  [0;32;40m0.010934829711914062[0m  |
|  [0;34;40mhardware/disk_write_mb_s[0m  |   [0;32;40m43.22108459472656[0m    |
|   [0;34;40mhardware/net_recv_mb_s[0m   |  [0;32;40m0.015027476474642754[0m  |
|   [0;34;40mhardware/net_sent_mb_s[0m   |   [0;32;40m0.0496600940823555[0m   |
|    [0;34;40mhardware/ram_used_gb[0m    |   [0;32;40m310.64752197265625[0m   |
|   [0;34;40mhardware/ram_used_pct[0m    |   [0;32;40m30.799999237060547[0m   |
|    [0;34;40mhparams/lr_default_0[0m    | [0;32;40m4.0133647416951135e-05[0m |
|       [0;34;40mvalidate/loss[0m        |    [0;32;40m13144.111328125[0m     |
|    [0;34;40mvalidate/loss_epoch[0m     |    [0;32;40m13144.111328125[0m     |
|     [0;34;40mvalidate/pred_loss[0m     |   [0;32;40m145.1651611328125[0m    |
|  [0;34;40mvalidate/pred_loss_epoch[0m  |   [0;32;40m145.1651611328125[0m    |
|    [0;34;40mvalidate/probe_loss[0m     |   [0;32;40m432.3562927246094[0m    |
| [0;34;40mvalidate/probe_loss_epoch[0m  |   [0;32;40m432.3562927246094[0m    |
|    [0;34;40mvalidate/sigreg_loss[0m    |     [0;32;40m313.9365234375[0m     |
| [0;34;40mvalidate/sigreg_loss_epoch[0m |     [0;32;40m313.9365234375[0m     |
+----------------------------+------------------------+
[Epoch 5/20] done in 83.8s
23:55:13 | INFO  | checkpoint_~|   Checking for non PyTorch modules to save
23:55:13 | INFO  | atomic_chec~| [atomic_save] → /data1/likun-share/junjxu/.cache_stable-pretraining/runs/20260605/234547/83ffff6fb382/checkpoints/epoch=5-step=1218.ckpt
23:55:14 | INFO  | atomic_chec~| [atomic_save] ✓ epoch=5-step=1218.ckpt saved (206.8 MiB, serialise=0.52s write=0.28s rename=0.1ms)
23:55:14 | INFO  | checkpoint_~|   Checking for non PyTorch modules to save
23:55:14 | INFO  | atomic_chec~| [atomic_save] → /data1/likun-share/junjxu/.cache_stable-pretraining/runs/20260605/234547/83ffff6fb382/checkpoints/last.ckpt
23:55:15 | INFO  | atomic_chec~| [atomic_save] ✓ last.ckpt saved (206.8 MiB, serialise=0.43s write=0.31s rename=41.1ms)
[Epoch 6/20] step 50/203 (2.5 it/s)
[Epoch 6/20] step 100/203 (2.6 it/s)
[Epoch 6/20] step 150/203 (2.6 it/s)
[Epoch 6/20] step 200/203 (2.6 it/s)
23:56:42 | INFO  | trainer_inf~| \n+----------------------------+-----------------------+
|           Metric           |         Value         |
+----------------------------+-----------------------+
|          [0;34;40mfit/loss[0m          |   [0;32;40m3.1802639961242676[0m  |
|       [0;34;40mfit/pred_loss[0m        |  [0;32;40m0.03365710750222206[0m  |
|       [0;34;40mfit/probe_loss[0m       |  [0;32;40m0.08340252190828323[0m  |
|      [0;34;40mfit/sigreg_loss[0m       |        [0;32;40m7.15625[0m        |
|    [0;34;40mhardware/cpu_percent[0m    |   [0;32;40m60.70000076293945[0m   |
|  [0;34;40mhardware/disk_read_mb_s[0m   |   [0;32;40m0.7044806480407715[0m  |
|  [0;34;40mhardware/disk_write_mb_s[0m  |   [0;32;40m132.82623291015625[0m  |
|   [0;34;40mhardware/net_recv_mb_s[0m   |  [0;32;40m0.01591053046286106[0m  |
|   [0;34;40mhardware/net_sent_mb_s[0m   |  [0;32;40m0.04975908249616623[0m  |
|    [0;34;40mhardware/ram_used_gb[0m    |   [0;32;40m312.16583251953125[0m  |
|   [0;34;40mhardware/ram_used_pct[0m    |          [0;32;40m31.0[0m         |
|    [0;34;40mhparams/lr_default_0[0m    | [0;32;40m3.679999281303026e-05[0m |
|       [0;34;40mvalidate/loss[0m        |    [0;32;40m7931.85498046875[0m   |
|    [0;34;40mvalidate/loss_epoch[0m     |    [0;32;40m7931.85498046875[0m   |
|     [0;34;40mvalidate/pred_loss[0m     |    [0;32;40m179.94287109375[0m    |
|  [0;34;40mvalidate/pred_loss_epoch[0m  |    [0;32;40m179.94287109375[0m    |
|    [0;34;40mvalidate/probe_loss[0m     |   [0;32;40m257.4703674316406[0m   |
| [0;34;40mvalidate/probe_loss_epoch[0m  |   [0;32;40m257.4703674316406[0m   |
|    [0;34;40mvalidate/sigreg_loss[0m    |    [0;32;40m308.819580078125[0m   |
| [0;34;40mvalidate/sigreg_loss_epoch[0m |    [0;32;40m308.819580078125[0m   |
+----------------------------+-----------------------+
[Epoch 6/20] done in 88.2s
23:56:43 | INFO  | checkpoint_~|   Checking for non PyTorch modules to save
23:56:43 | INFO  | atomic_chec~| [atomic_save] → /data1/likun-share/junjxu/.cache_stable-pretraining/runs/20260605/234547/83ffff6fb382/checkpoints/epoch=6-step=1421.ckpt
23:56:44 | INFO  | atomic_chec~| [atomic_save] ✓ epoch=6-step=1421.ckpt saved (206.8 MiB, serialise=0.42s write=0.34s rename=0.1ms)
23:56:44 | INFO  | checkpoint_~|   Checking for non PyTorch modules to save
23:56:44 | INFO  | atomic_chec~| [atomic_save] → /data1/likun-share/junjxu/.cache_stable-pretraining/runs/20260605/234547/83ffff6fb382/checkpoints/last.ckpt
23:56:45 | INFO  | atomic_chec~| [atomic_save] ✓ last.ckpt saved (206.8 MiB, serialise=0.49s write=0.40s rename=67.8ms)
[Epoch 7/20] step 50/203 (2.5 it/s)
[Epoch 7/20] step 100/203 (2.6 it/s)
[Epoch 7/20] step 150/203 (2.6 it/s)
[Epoch 7/20] step 200/203 (2.5 it/s)
23:58:15 | INFO  | trainer_inf~| \n+----------------------------+-----------------------+
|           Metric           |         Value         |
+----------------------------+-----------------------+
|          [0;34;40mfit/loss[0m          |   [0;32;40m3.0628089904785156[0m  |
|       [0;34;40mfit/pred_loss[0m        |   [0;32;40m0.0342949777841568[0m  |
|       [0;34;40mfit/probe_loss[0m       |  [0;32;40m0.08220046758651733[0m  |
|      [0;34;40mfit/sigreg_loss[0m       |          [0;32;40m6.25[0m         |
|    [0;34;40mhardware/cpu_percent[0m    |          [0;32;40m60.5[0m         |
|  [0;34;40mhardware/disk_read_mb_s[0m   |  [0;32;40m0.011714929714798927[0m |
|  [0;34;40mhardware/disk_write_mb_s[0m  |    [0;32;40m85.0531234741211[0m   |
|   [0;34;40mhardware/net_recv_mb_s[0m   |  [0;32;40m0.014869704842567444[0m |
|   [0;34;40mhardware/net_sent_mb_s[0m   |  [0;32;40m0.04950349032878876[0m  |
|    [0;34;40mhardware/ram_used_gb[0m    |   [0;32;40m312.76275634765625[0m  |
|   [0;34;40mhardware/ram_used_pct[0m    |          [0;32;40m31.0[0m         |
|    [0;34;40mhparams/lr_default_0[0m    | [0;32;40m3.316998481750488e-05[0m |
|       [0;34;40mvalidate/loss[0m        |    [0;32;40m9730.4990234375[0m    |
|    [0;34;40mvalidate/loss_epoch[0m     |    [0;32;40m9730.4990234375[0m    |
|     [0;34;40mvalidate/pred_loss[0m     |     [0;32;40m257.9423828125[0m    |
|  [0;34;40mvalidate/pred_loss_epoch[0m  |     [0;32;40m257.9423828125[0m    |
|    [0;34;40mvalidate/probe_loss[0m     |   [0;32;40m314.7857360839844[0m   |
| [0;34;40mvalidate/probe_loss_epoch[0m  |   [0;32;40m314.7857360839844[0m   |
|    [0;34;40mvalidate/sigreg_loss[0m    |   [0;32;40m322.0272521972656[0m   |
| [0;34;40mvalidate/sigreg_loss_epoch[0m |   [0;32;40m322.0272521972656[0m   |
+----------------------------+-----------------------+
[Epoch 7/20] done in 90.4s
23:58:15 | INFO  | checkpoint_~|   Checking for non PyTorch modules to save
23:58:15 | INFO  | atomic_chec~| [atomic_save] → /data1/likun-share/junjxu/.cache_stable-pretraining/runs/20260605/234547/83ffff6fb382/checkpoints/epoch=7-step=1624.ckpt
23:58:16 | INFO  | atomic_chec~| [atomic_save] ✓ epoch=7-step=1624.ckpt saved (206.8 MiB, serialise=0.50s write=0.42s rename=0.1ms)
23:58:16 | INFO  | checkpoint_~|   Checking for non PyTorch modules to save
23:58:16 | INFO  | atomic_chec~| [atomic_save] → /data1/likun-share/junjxu/.cache_stable-pretraining/runs/20260605/234547/83ffff6fb382/checkpoints/last.ckpt
23:58:17 | INFO  | atomic_chec~| [atomic_save] ✓ last.ckpt saved (206.8 MiB, serialise=0.47s write=0.34s rename=48.4ms)
[Epoch 8/20] step 50/203 (2.3 it/s)
[Epoch 8/20] step 100/203 (2.5 it/s)
[Epoch 8/20] step 150/203 (2.5 it/s)
[Epoch 8/20] step 200/203 (2.5 it/s)
23:59:48 | INFO  | trainer_inf~| \n+----------------------------+------------------------+
|           Metric           |         Value          |
+----------------------------+------------------------+
|          [0;34;40mfit/loss[0m          |   [0;32;40m1.9338250160217285[0m   |
|       [0;34;40mfit/pred_loss[0m        |  [0;32;40m0.02905864454805851[0m   |
|       [0;34;40mfit/probe_loss[0m       |   [0;32;40m0.0451328381896019[0m   |
|      [0;34;40mfit/sigreg_loss[0m       |         [0;32;40m6.125[0m          |
|    [0;34;40mhardware/cpu_percent[0m    |   [0;32;40m61.599998474121094[0m   |
|  [0;34;40mhardware/disk_read_mb_s[0m   |          [0;32;40m0.0[0m           |
|  [0;34;40mhardware/disk_write_mb_s[0m  |   [0;32;40m28.878692626953125[0m   |
|   [0;34;40mhardware/net_recv_mb_s[0m   |  [0;32;40m0.014475964941084385[0m  |
|   [0;34;40mhardware/net_sent_mb_s[0m   |  [0;32;40m0.049067236483097076[0m  |
|    [0;34;40mhardware/ram_used_gb[0m    |   [0;32;40m310.9427490234375[0m    |
|   [0;34;40mhardware/ram_used_pct[0m    |   [0;32;40m30.899999618530273[0m   |
|    [0;34;40mhparams/lr_default_0[0m    | [0;32;40m2.9334791179280728e-05[0m |
|       [0;34;40mvalidate/loss[0m        |    [0;32;40m894.67041015625[0m     |
|    [0;34;40mvalidate/loss_epoch[0m     |    [0;32;40m894.67041015625[0m     |
|     [0;34;40mvalidate/pred_loss[0m     |   [0;32;40m30.892745971679688[0m   |
|  [0;34;40mvalidate/pred_loss_epoch[0m  |   [0;32;40m30.892745971679688[0m   |
|    [0;34;40mvalidate/probe_loss[0m     |   [0;32;40m27.929855346679688[0m   |
| [0;34;40mvalidate/probe_loss_epoch[0m  |   [0;32;40m27.929855346679688[0m   |
|    [0;34;40mvalidate/sigreg_loss[0m    |   [0;32;40m287.60711669921875[0m   |
| [0;34;40mvalidate/sigreg_loss_epoch[0m |   [0;32;40m287.60711669921875[0m   |
+----------------------------+------------------------+
[Epoch 8/20] done in 91.3s
23:59:48 | INFO  | checkpoint_~|   Checking for non PyTorch modules to save
23:59:48 | INFO  | atomic_chec~| [atomic_save] → /data1/likun-share/junjxu/.cache_stable-pretraining/runs/20260605/234547/83ffff6fb382/checkpoints/epoch=8-step=1827.ckpt
23:59:49 | INFO  | atomic_chec~| [atomic_save] ✓ epoch=8-step=1827.ckpt saved (206.8 MiB, serialise=0.54s write=0.27s rename=0.1ms)
23:59:49 | INFO  | checkpoint_~|   Checking for non PyTorch modules to save
23:59:49 | INFO  | atomic_chec~| [atomic_save] → /data1/likun-share/junjxu/.cache_stable-pretraining/runs/20260605/234547/83ffff6fb382/checkpoints/last.ckpt
23:59:50 | INFO  | atomic_chec~| [atomic_save] ✓ last.ckpt saved (206.8 MiB, serialise=0.39s write=0.26s rename=38.9ms)
[Epoch 9/20] step 50/203 (2.5 it/s)
[Epoch 9/20] step 100/203 (2.7 it/s)
[Epoch 9/20] step 150/203 (2.7 it/s)
[Epoch 9/20] step 200/203 (2.7 it/s)
00:01:15 | INFO  | trainer_inf~| \n+----------------------------+-----------------------+
|           Metric           |         Value         |
+----------------------------+-----------------------+
|          [0;34;40mfit/loss[0m          |   [0;32;40m2.394761085510254[0m   |
|       [0;34;40mfit/pred_loss[0m        |  [0;32;40m0.026061110198497772[0m |
|       [0;34;40mfit/probe_loss[0m       |  [0;32;40m0.059685833752155304[0m |
|      [0;34;40mfit/sigreg_loss[0m       |         [0;32;40m6.4375[0m        |
|    [0;34;40mhardware/cpu_percent[0m    |   [0;32;40m63.400001525878906[0m  |
|  [0;34;40mhardware/disk_read_mb_s[0m   |          [0;32;40m0.0[0m          |
|  [0;34;40mhardware/disk_write_mb_s[0m  |   [0;32;40m28.780929565429688[0m  |
|   [0;34;40mhardware/net_recv_mb_s[0m   |  [0;32;40m0.014954270794987679[0m |
|   [0;34;40mhardware/net_sent_mb_s[0m   |  [0;32;40m0.049532271921634674[0m |
|    [0;34;40mhardware/ram_used_gb[0m    |   [0;32;40m313.25286865234375[0m  |
|   [0;34;40mhardware/ram_used_pct[0m    |   [0;32;40m31.100000381469727[0m  |
|    [0;34;40mhparams/lr_default_0[0m    | [0;32;40m2.539072920626495e-05[0m |
|       [0;34;40mvalidate/loss[0m        |      [0;32;40m4587.9296875[0m     |
|    [0;34;40mvalidate/loss_epoch[0m     |      [0;32;40m4587.9296875[0m     |
|     [0;34;40mvalidate/pred_loss[0m     |    [0;32;40m112.575927734375[0m   |
|  [0;34;40mvalidate/pred_loss_epoch[0m  |    [0;32;40m112.575927734375[0m   |
|    [0;34;40mvalidate/probe_loss[0m     |   [0;32;40m148.25013732910156[0m  |
| [0;34;40mvalidate/probe_loss_epoch[0m  |   [0;32;40m148.25013732910156[0m  |
|    [0;34;40mvalidate/sigreg_loss[0m    |   [0;32;40m309.46636962890625[0m  |
| [0;34;40mvalidate/sigreg_loss_epoch[0m |   [0;32;40m309.46636962890625[0m  |
+----------------------------+-----------------------+
[Epoch 9/20] done in 85.5s
00:01:15 | INFO  | checkpoint_~|   Checking for non PyTorch modules to save
00:01:15 | INFO  | atomic_chec~| [atomic_save] → /data1/likun-share/junjxu/.cache_stable-pretraining/runs/20260605/234547/83ffff6fb382/checkpoints/epoch=9-step=2030.ckpt
00:01:16 | INFO  | atomic_chec~| [atomic_save] ✓ epoch=9-step=2030.ckpt saved (206.8 MiB, serialise=0.46s write=0.31s rename=0.1ms)
00:01:16 | INFO  | checkpoint_~|   Checking for non PyTorch modules to save
00:01:16 | INFO  | atomic_chec~| [atomic_save] → /data1/likun-share/junjxu/.cache_stable-pretraining/runs/20260605/234547/83ffff6fb382/checkpoints/last.ckpt
00:01:17 | INFO  | atomic_chec~| [atomic_save] ✓ last.ckpt saved (206.8 MiB, serialise=0.42s write=0.32s rename=87.6ms)
[Epoch 10/20] step 50/203 (2.6 it/s)
[Epoch 10/20] step 100/203 (2.8 it/s)
[Epoch 10/20] step 150/203 (2.9 it/s)
[Epoch 10/20] step 200/203 (2.8 it/s)
00:02:40 | INFO  | trainer_inf~| \n+----------------------------+------------------------+
|           Metric           |         Value          |
+----------------------------+------------------------+
|          [0;34;40mfit/loss[0m          |   [0;32;40m3.1578638553619385[0m   |
|       [0;34;40mfit/pred_loss[0m        |  [0;32;40m0.02732592262327671[0m   |
|       [0;34;40mfit/probe_loss[0m       |  [0;32;40m0.08560127019882202[0m   |
|      [0;34;40mfit/sigreg_loss[0m       |          [0;32;40m6.25[0m          |
|    [0;34;40mhardware/cpu_percent[0m    |   [0;32;40m62.79999923706055[0m    |
|  [0;34;40mhardware/disk_read_mb_s[0m   |          [0;32;40m0.0[0m           |
|  [0;34;40mhardware/disk_write_mb_s[0m  |   [0;32;40m42.95120620727539[0m    |
|   [0;34;40mhardware/net_recv_mb_s[0m   |  [0;32;40m0.012879197485744953[0m  |
|   [0;34;40mhardware/net_sent_mb_s[0m   |  [0;32;40m0.01221521571278572[0m   |
|    [0;34;40mhardware/ram_used_gb[0m    |   [0;32;40m311.6636657714844[0m    |
|   [0;34;40mhardware/ram_used_pct[0m    |   [0;32;40m30.899999618530273[0m   |
|    [0;34;40mhparams/lr_default_0[0m    | [0;32;40m2.1436855604406446e-05[0m |
|       [0;34;40mvalidate/loss[0m        |     [0;32;40m4155.701171875[0m     |
|    [0;34;40mvalidate/loss_epoch[0m     |     [0;32;40m4155.701171875[0m     |
|     [0;34;40mvalidate/pred_loss[0m     |   [0;32;40m119.43744659423828[0m   |
|  [0;34;40mvalidate/pred_loss_epoch[0m  |   [0;32;40m119.43744659423828[0m   |
|    [0;34;40mvalidate/probe_loss[0m     |   [0;32;40m133.61192321777344[0m   |
| [0;34;40mvalidate/probe_loss_epoch[0m  |   [0;32;40m133.61192321777344[0m   |
|    [0;34;40mvalidate/sigreg_loss[0m    |   [0;32;40m310.0224304199219[0m    |
| [0;34;40mvalidate/sigreg_loss_epoch[0m |   [0;32;40m310.0224304199219[0m    |
+----------------------------+------------------------+
[Epoch 10/20] done in 82.8s
00:02:40 | INFO  | checkpoint_~|   Checking for non PyTorch modules to save
00:02:40 | INFO  | atomic_chec~| [atomic_save] → /data1/likun-share/junjxu/.cache_stable-pretraining/runs/20260605/234547/83ffff6fb382/checkpoints/epoch=10-step=2233.ckpt
00:02:41 | INFO  | atomic_chec~| [atomic_save] ✓ epoch=10-step=2233.ckpt saved (206.8 MiB, serialise=0.48s write=0.38s rename=0.1ms)
00:02:41 | INFO  | checkpoint_~|   Checking for non PyTorch modules to save
00:02:41 | INFO  | atomic_chec~| [atomic_save] → /data1/likun-share/junjxu/.cache_stable-pretraining/runs/20260605/234547/83ffff6fb382/checkpoints/last.ckpt
00:02:42 | INFO  | atomic_chec~| [atomic_save] ✓ last.ckpt saved (206.8 MiB, serialise=0.50s write=0.31s rename=64.8ms)
[Epoch 11/20] step 50/203 (2.5 it/s)
[Epoch 11/20] step 100/203 (2.7 it/s)
[Epoch 11/20] step 150/203 (2.7 it/s)
[Epoch 11/20] step 200/203 (2.7 it/s)
00:04:07 | INFO  | trainer_inf~| \n+----------------------------+-----------------------+
|           Metric           |         Value         |
+----------------------------+-----------------------+
|          [0;34;40mfit/loss[0m          |   [0;32;40m2.748206615447998[0m   |
|       [0;34;40mfit/pred_loss[0m        |  [0;32;40m0.02828323282301426[0m  |
|       [0;34;40mfit/probe_loss[0m       |  [0;32;40m0.07269535958766937[0m  |
|      [0;34;40mfit/sigreg_loss[0m       |          [0;32;40m6.0[0m          |
|    [0;34;40mhardware/cpu_percent[0m    |   [0;32;40m60.29999923706055[0m   |
|  [0;34;40mhardware/disk_read_mb_s[0m   |  [0;32;40m0.008979741483926773[0m |
|  [0;34;40mhardware/disk_write_mb_s[0m  |   [0;32;40m194.31068420410156[0m  |
|   [0;34;40mhardware/net_recv_mb_s[0m   |  [0;32;40m0.016256527975201607[0m |
|   [0;34;40mhardware/net_sent_mb_s[0m   |  [0;32;40m0.019163353368639946[0m |
|    [0;34;40mhardware/ram_used_gb[0m    |   [0;32;40m312.61053466796875[0m  |
|   [0;34;40mhardware/ram_used_pct[0m    |          [0;32;40m31.0[0m         |
|    [0;34;40mhparams/lr_default_0[0m    | [0;32;40m1.757246718625538e-05[0m |
|       [0;34;40mvalidate/loss[0m        |    [0;32;40m1895.01220703125[0m   |
|    [0;34;40mvalidate/loss_epoch[0m     |    [0;32;40m1895.01220703125[0m   |
|     [0;34;40mvalidate/pred_loss[0m     |   [0;32;40m97.84197998046875[0m   |
|  [0;34;40mvalidate/pred_loss_epoch[0m  |   [0;32;40m97.84197998046875[0m   |
|    [0;34;40mvalidate/probe_loss[0m     |   [0;32;40m58.98649215698242[0m   |
| [0;34;40mvalidate/probe_loss_epoch[0m  |   [0;32;40m58.98649215698242[0m   |
|    [0;34;40mvalidate/sigreg_loss[0m    |   [0;32;40m306.3470153808594[0m   |
| [0;34;40mvalidate/sigreg_loss_epoch[0m |   [0;32;40m306.3470153808594[0m   |
+----------------------------+-----------------------+
[Epoch 11/20] done in 85.8s
00:04:08 | INFO  | checkpoint_~|   Checking for non PyTorch modules to save
00:04:08 | INFO  | atomic_chec~| [atomic_save] → /data1/likun-share/junjxu/.cache_stable-pretraining/runs/20260605/234547/83ffff6fb382/checkpoints/epoch=11-step=2436.ckpt
00:04:08 | INFO  | atomic_chec~| [atomic_save] ✓ epoch=11-step=2436.ckpt saved (206.8 MiB, serialise=0.37s write=0.27s rename=0.1ms)
00:04:08 | INFO  | checkpoint_~|   Checking for non PyTorch modules to save
00:04:08 | INFO  | atomic_chec~| [atomic_save] → /data1/likun-share/junjxu/.cache_stable-pretraining/runs/20260605/234547/83ffff6fb382/checkpoints/last.ckpt
00:04:09 | INFO  | atomic_chec~| [atomic_save] ✓ last.ckpt saved (206.8 MiB, serialise=0.35s write=0.32s rename=37.5ms)
[Epoch 12/20] step 50/203 (2.5 it/s)
[Epoch 12/20] step 100/203 (2.6 it/s)
[Epoch 12/20] step 150/203 (2.7 it/s)
[Epoch 12/20] step 200/203 (2.7 it/s)
00:05:32 | INFO  | trainer_inf~| \n+----------------------------+------------------------+
|           Metric           |         Value          |
+----------------------------+------------------------+
|          [0;34;40mfit/loss[0m          |   [0;32;40m1.906451940536499[0m    |
|       [0;34;40mfit/pred_loss[0m        |  [0;32;40m0.02758466638624668[0m   |
|       [0;34;40mfit/probe_loss[0m       |  [0;32;40m0.04374869912862778[0m   |
|      [0;34;40mfit/sigreg_loss[0m       |         [0;32;40m6.3125[0m         |
|    [0;34;40mhardware/cpu_percent[0m    |   [0;32;40m61.099998474121094[0m   |
|  [0;34;40mhardware/disk_read_mb_s[0m   |          [0;32;40m0.0[0m           |
|  [0;34;40mhardware/disk_write_mb_s[0m  |   [0;32;40m139.6308135986328[0m    |
|   [0;34;40mhardware/net_recv_mb_s[0m   |  [0;32;40m0.013067347928881645[0m  |
|   [0;34;40mhardware/net_sent_mb_s[0m   |  [0;32;40m0.012401011772453785[0m  |
|    [0;34;40mhardware/ram_used_gb[0m    |   [0;32;40m311.7863464355469[0m    |
|   [0;34;40mhardware/ram_used_pct[0m    |          [0;32;40m31.0[0m          |
|    [0;34;40mhparams/lr_default_0[0m    | [0;32;40m1.3894621588406153e-05[0m |
|       [0;34;40mvalidate/loss[0m        |     [0;32;40m4630.78515625[0m      |
|    [0;34;40mvalidate/loss_epoch[0m     |     [0;32;40m4630.78515625[0m      |
|     [0;34;40mvalidate/pred_loss[0m     |   [0;32;40m89.02456665039062[0m    |
|  [0;34;40mvalidate/pred_loss_epoch[0m  |   [0;32;40m89.02456665039062[0m    |
|    [0;34;40mvalidate/probe_loss[0m     |   [0;32;40m150.46755981445312[0m   |
| [0;34;40mvalidate/probe_loss_epoch[0m  |   [0;32;40m150.46755981445312[0m   |
|    [0;34;40mvalidate/sigreg_loss[0m    |   [0;32;40m308.08209228515625[0m   |
| [0;34;40mvalidate/sigreg_loss_epoch[0m |   [0;32;40m308.08209228515625[0m   |
+----------------------------+------------------------+
[Epoch 12/20] done in 83.4s
00:05:33 | INFO  | checkpoint_~|   Checking for non PyTorch modules to save
00:05:33 | INFO  | atomic_chec~| [atomic_save] → /data1/likun-share/junjxu/.cache_stable-pretraining/runs/20260605/234547/83ffff6fb382/checkpoints/epoch=12-step=2639.ckpt
00:05:33 | INFO  | atomic_chec~| [atomic_save] ✓ epoch=12-step=2639.ckpt saved (206.8 MiB, serialise=0.45s write=0.29s rename=0.1ms)
00:05:33 | INFO  | checkpoint_~|   Checking for non PyTorch modules to save
00:05:33 | INFO  | atomic_chec~| [atomic_save] → /data1/likun-share/junjxu/.cache_stable-pretraining/runs/20260605/234547/83ffff6fb382/checkpoints/last.ckpt
00:05:34 | INFO  | atomic_chec~| [atomic_save] ✓ last.ckpt saved (206.8 MiB, serialise=0.35s write=0.37s rename=57.8ms)
[Epoch 13/20] step 50/203 (2.6 it/s)
[Epoch 13/20] step 100/203 (2.6 it/s)
[Epoch 13/20] step 150/203 (2.7 it/s)
[Epoch 13/20] step 200/203 (2.7 it/s)
00:06:59 | INFO  | trainer_inf~| \n+----------------------------+------------------------+
|           Metric           |         Value          |
+----------------------------+------------------------+
|          [0;34;40mfit/loss[0m          |   [0;32;40m2.8610658645629883[0m   |
|       [0;34;40mfit/pred_loss[0m        |  [0;32;40m0.029305139556527138[0m  |
|       [0;34;40mfit/probe_loss[0m       |  [0;32;40m0.07668368518352509[0m   |
|      [0;34;40mfit/sigreg_loss[0m       |        [0;32;40m5.90625[0m         |
|    [0;34;40mhardware/cpu_percent[0m    |          [0;32;40m61.5[0m          |
|  [0;34;40mhardware/disk_read_mb_s[0m   | [0;32;40m0.00039052494685165584[0m |
|  [0;34;40mhardware/disk_write_mb_s[0m  |    [0;32;40m91.4703140258789[0m    |
|   [0;34;40mhardware/net_recv_mb_s[0m   |  [0;32;40m0.016622576862573624[0m  |
|   [0;34;40mhardware/net_sent_mb_s[0m   |  [0;32;40m0.05096951127052307[0m   |
|    [0;34;40mhardware/ram_used_gb[0m    |   [0;32;40m313.1730651855469[0m    |
|   [0;34;40mhardware/ram_used_pct[0m    |   [0;32;40m31.100000381469727[0m   |
|    [0;34;40mhparams/lr_default_0[0m    | [0;32;40m1.0495683454792015e-05[0m |
|       [0;34;40mvalidate/loss[0m        |    [0;32;40m780.35107421875[0m     |
|    [0;34;40mvalidate/loss_epoch[0m     |    [0;32;40m780.35107421875[0m     |
|     [0;34;40mvalidate/pred_loss[0m     |   [0;32;40m10.955721855163574[0m   |
|  [0;34;40mvalidate/pred_loss_epoch[0m  |   [0;32;40m10.955721855163574[0m   |
|    [0;34;40mvalidate/probe_loss[0m     |   [0;32;40m24.88050079345703[0m    |
| [0;34;40mvalidate/probe_loss_epoch[0m  |   [0;32;40m24.88050079345703[0m    |
|    [0;34;40mvalidate/sigreg_loss[0m    |   [0;32;40m255.43394470214844[0m   |
| [0;34;40mvalidate/sigreg_loss_epoch[0m |   [0;32;40m255.43394470214844[0m   |
+----------------------------+------------------------+
[Epoch 13/20] done in 85.4s
00:07:00 | INFO  | checkpoint_~|   Checking for non PyTorch modules to save
00:07:00 | INFO  | atomic_chec~| [atomic_save] → /data1/likun-share/junjxu/.cache_stable-pretraining/runs/20260605/234547/83ffff6fb382/checkpoints/epoch=13-step=2842.ckpt
00:07:00 | INFO  | atomic_chec~| [atomic_save] ✓ epoch=13-step=2842.ckpt saved (206.8 MiB, serialise=0.36s write=0.31s rename=0.1ms)
00:07:00 | INFO  | checkpoint_~|   Checking for non PyTorch modules to save
00:07:00 | INFO  | atomic_chec~| [atomic_save] → /data1/likun-share/junjxu/.cache_stable-pretraining/runs/20260605/234547/83ffff6fb382/checkpoints/last.ckpt
00:07:01 | INFO  | atomic_chec~| [atomic_save] ✓ last.ckpt saved (206.8 MiB, serialise=0.35s write=0.30s rename=34.3ms)
[Epoch 14/20] step 50/203 (2.6 it/s)
[Epoch 14/20] step 100/203 (2.7 it/s)
[Epoch 14/20] step 150/203 (2.8 it/s)
[Epoch 14/20] step 200/203 (2.7 it/s)
00:08:25 | INFO  | trainer_inf~| \n+----------------------------+-----------------------+
|           Metric           |         Value         |
+----------------------------+-----------------------+
|          [0;34;40mfit/loss[0m          |   [0;32;40m2.8821566104888916[0m  |
|       [0;34;40mfit/pred_loss[0m        |  [0;32;40m0.02420782670378685[0m  |
|       [0;34;40mfit/probe_loss[0m       |  [0;32;40m0.07599412649869919[0m  |
|      [0;34;40mfit/sigreg_loss[0m       |        [0;32;40m6.40625[0m        |
|    [0;34;40mhardware/cpu_percent[0m    |   [0;32;40m61.900001525878906[0m  |
|  [0;34;40mhardware/disk_read_mb_s[0m   | [0;32;40m0.0003905015473719686[0m |
|  [0;34;40mhardware/disk_write_mb_s[0m  |   [0;32;40m43.75960159301758[0m   |
|   [0;34;40mhardware/net_recv_mb_s[0m   |  [0;32;40m0.02042849361896515[0m  |
|   [0;34;40mhardware/net_sent_mb_s[0m   |  [0;32;40m0.054394498467445374[0m |
|    [0;34;40mhardware/ram_used_gb[0m    |   [0;32;40m312.43292236328125[0m  |
|   [0;34;40mhardware/ram_used_pct[0m    |          [0;32;40m31.0[0m         |
|    [0;34;40mhparams/lr_default_0[0m    | [0;32;40m7.461018412868725e-06[0m |
|       [0;34;40mvalidate/loss[0m        |    [0;32;40m858.428955078125[0m   |
|    [0;34;40mvalidate/loss_epoch[0m     |    [0;32;40m858.428955078125[0m   |
|     [0;34;40mvalidate/pred_loss[0m     |   [0;32;40m20.366252899169922[0m  |
|  [0;34;40mvalidate/pred_loss_epoch[0m  |   [0;32;40m20.366252899169922[0m  |
|    [0;34;40mvalidate/probe_loss[0m     |   [0;32;40m27.172414779663086[0m  |
| [0;34;40mvalidate/probe_loss_epoch[0m  |   [0;32;40m27.172414779663086[0m  |
|    [0;34;40mvalidate/sigreg_loss[0m    |   [0;32;40m254.40773010253906[0m  |
| [0;34;40mvalidate/sigreg_loss_epoch[0m |   [0;32;40m254.40773010253906[0m  |
+----------------------------+-----------------------+
[Epoch 14/20] done in 84.5s
00:08:26 | INFO  | checkpoint_~|   Checking for non PyTorch modules to save
00:08:26 | INFO  | atomic_chec~| [atomic_save] → /data1/likun-share/junjxu/.cache_stable-pretraining/runs/20260605/234547/83ffff6fb382/checkpoints/epoch=14-step=3045.ckpt
00:08:26 | INFO  | atomic_chec~| [atomic_save] ✓ epoch=14-step=3045.ckpt saved (206.8 MiB, serialise=0.47s write=0.33s rename=0.1ms)
00:08:27 | INFO  | checkpoint_~|   Checking for non PyTorch modules to save
00:08:27 | INFO  | atomic_chec~| [atomic_save] → /data1/likun-share/junjxu/.cache_stable-pretraining/runs/20260605/234547/83ffff6fb382/checkpoints/last.ckpt
00:08:27 | INFO  | atomic_chec~| [atomic_save] ✓ last.ckpt saved (206.8 MiB, serialise=0.48s write=0.27s rename=38.3ms)
[Epoch 15/20] step 50/203 (2.6 it/s)
[Epoch 15/20] step 100/203 (2.7 it/s)
[Epoch 15/20] step 150/203 (2.8 it/s)
[Epoch 15/20] step 200/203 (2.7 it/s)
00:09:51 | INFO  | trainer_inf~| \n+----------------------------+-----------------------+
|           Metric           |         Value         |
+----------------------------+-----------------------+
|          [0;34;40mfit/loss[0m          |   [0;32;40m2.5169363021850586[0m  |
|       [0;34;40mfit/pred_loss[0m        |  [0;32;40m0.023791449144482613[0m |
|       [0;34;40mfit/probe_loss[0m       |  [0;32;40m0.06422462314367294[0m  |
|      [0;34;40mfit/sigreg_loss[0m       |        [0;32;40m6.28125[0m        |
|    [0;34;40mhardware/cpu_percent[0m    |   [0;32;40m62.20000076293945[0m   |
|  [0;34;40mhardware/disk_read_mb_s[0m   |  [0;32;40m0.012496852315962315[0m |
|  [0;34;40mhardware/disk_write_mb_s[0m  |   [0;32;40m125.1544189453125[0m   |
|   [0;34;40mhardware/net_recv_mb_s[0m   |  [0;32;40m0.12734772264957428[0m  |
|   [0;34;40mhardware/net_sent_mb_s[0m   |   [0;32;40m0.3632054328918457[0m  |
|    [0;34;40mhardware/ram_used_gb[0m    |    [0;32;40m311.45849609375[0m    |
|   [0;34;40mhardware/ram_used_pct[0m    |   [0;32;40m30.899999618530273[0m  |
|    [0;34;40mhparams/lr_default_0[0m    | [0;32;40m4.866839390160749e-06[0m |
|       [0;34;40mvalidate/loss[0m        |   [0;32;40m2393.340087890625[0m   |
|    [0;34;40mvalidate/loss_epoch[0m     |   [0;32;40m2393.340087890625[0m   |
|     [0;34;40mvalidate/pred_loss[0m     |   [0;32;40m20.308849334716797[0m  |
|  [0;34;40mvalidate/pred_loss_epoch[0m  |   [0;32;40m20.308849334716797[0m  |
|    [0;34;40mvalidate/probe_loss[0m     |   [0;32;40m78.30408477783203[0m   |
| [0;34;40mvalidate/probe_loss_epoch[0m  |   [0;32;40m78.30408477783203[0m   |
|    [0;34;40mvalidate/sigreg_loss[0m    |   [0;32;40m265.6260681152344[0m   |
| [0;34;40mvalidate/sigreg_loss_epoch[0m |   [0;32;40m265.6260681152344[0m   |
+----------------------------+-----------------------+
[Epoch 15/20] done in 83.5s
00:09:51 | INFO  | checkpoint_~|   Checking for non PyTorch modules to save
00:09:51 | INFO  | atomic_chec~| [atomic_save] → /data1/likun-share/junjxu/.cache_stable-pretraining/runs/20260605/234547/83ffff6fb382/checkpoints/epoch=15-step=3248.ckpt
00:09:52 | INFO  | atomic_chec~| [atomic_save] ✓ epoch=15-step=3248.ckpt saved (206.8 MiB, serialise=0.37s write=0.28s rename=0.1ms)
00:09:52 | INFO  | checkpoint_~|   Checking for non PyTorch modules to save
00:09:52 | INFO  | atomic_chec~| [atomic_save] → /data1/likun-share/junjxu/.cache_stable-pretraining/runs/20260605/234547/83ffff6fb382/checkpoints/last.ckpt
00:09:52 | INFO  | atomic_chec~| [atomic_save] ✓ last.ckpt saved (206.8 MiB, serialise=0.40s write=0.29s rename=39.5ms)
[Epoch 16/20] step 50/203 (2.6 it/s)
[Epoch 16/20] step 100/203 (2.7 it/s)
[Epoch 16/20] step 150/203 (2.6 it/s)
[Epoch 16/20] step 200/203 (2.7 it/s)
00:11:20 | INFO  | trainer_inf~| \n+----------------------------+------------------------+
|           Metric           |         Value          |
+----------------------------+------------------------+
|          [0;34;40mfit/loss[0m          |   [0;32;40m2.644676446914673[0m    |
|       [0;34;40mfit/pred_loss[0m        |  [0;32;40m0.02303311973810196[0m   |
|       [0;34;40mfit/probe_loss[0m       |   [0;32;40m0.0702006071805954[0m   |
|      [0;34;40mfit/sigreg_loss[0m       |        [0;32;40m5.71875[0m         |
|    [0;34;40mhardware/cpu_percent[0m    |   [0;32;40m62.79999923706055[0m    |
|  [0;34;40mhardware/disk_read_mb_s[0m   |  [0;32;40m0.006246968172490597[0m  |
|  [0;34;40mhardware/disk_write_mb_s[0m  |   [0;32;40m111.94176483154297[0m   |
|   [0;34;40mhardware/net_recv_mb_s[0m   |  [0;32;40m0.020790595561265945[0m  |
|   [0;34;40mhardware/net_sent_mb_s[0m   |  [0;32;40m0.05359499529004097[0m   |
|    [0;34;40mhardware/ram_used_gb[0m    |   [0;32;40m312.2570495605469[0m    |
|   [0;34;40mhardware/ram_used_pct[0m    |          [0;32;40m31.0[0m          |
|    [0;34;40mhparams/lr_default_0[0m    | [0;32;40m2.7783000859926688e-06[0m |
|       [0;34;40mvalidate/loss[0m        |   [0;32;40m93.73564147949219[0m    |
|    [0;34;40mvalidate/loss_epoch[0m     |   [0;32;40m93.73564147949219[0m    |
|     [0;34;40mvalidate/pred_loss[0m     |   [0;32;40m2.290675163269043[0m    |
|  [0;34;40mvalidate/pred_loss_epoch[0m  |   [0;32;40m2.290675163269043[0m    |
|    [0;34;40mvalidate/probe_loss[0m     |   [0;32;40m2.4778308868408203[0m   |
| [0;34;40mvalidate/probe_loss_epoch[0m  |   [0;32;40m2.4778308868408203[0m   |
|    [0;34;40mvalidate/sigreg_loss[0m    |   [0;32;40m190.1365966796875[0m    |
| [0;34;40mvalidate/sigreg_loss_epoch[0m |   [0;32;40m190.1365966796875[0m    |
+----------------------------+------------------------+
[Epoch 16/20] done in 87.9s
00:11:20 | INFO  | checkpoint_~|   Checking for non PyTorch modules to save
00:11:20 | INFO  | atomic_chec~| [atomic_save] → /data1/likun-share/junjxu/.cache_stable-pretraining/runs/20260605/234547/83ffff6fb382/checkpoints/epoch=16-step=3451.ckpt
00:11:21 | INFO  | atomic_chec~| [atomic_save] ✓ epoch=16-step=3451.ckpt saved (206.8 MiB, serialise=0.40s write=0.29s rename=0.1ms)
00:11:21 | INFO  | checkpoint_~|   Checking for non PyTorch modules to save
00:11:21 | INFO  | atomic_chec~| [atomic_save] → /data1/likun-share/junjxu/.cache_stable-pretraining/runs/20260605/234547/83ffff6fb382/checkpoints/last.ckpt
00:11:22 | INFO  | atomic_chec~| [atomic_save] ✓ last.ckpt saved (206.8 MiB, serialise=0.44s write=0.28s rename=50.5ms)
[Epoch 17/20] step 50/203 (2.4 it/s)
[Epoch 17/20] step 100/203 (2.6 it/s)
[Epoch 17/20] step 150/203 (2.6 it/s)
[Epoch 17/20] step 200/203 (2.7 it/s)
00:12:48 | INFO  | trainer_inf~| \n+----------------------------+-----------------------+
|           Metric           |         Value         |
+----------------------------+-----------------------+
|          [0;34;40mfit/loss[0m          |   [0;32;40m3.4002113342285156[0m  |
|       [0;34;40mfit/pred_loss[0m        |  [0;32;40m0.019985074177384377[0m |
|       [0;34;40mfit/probe_loss[0m       |  [0;32;40m0.09548670053482056[0m  |
|      [0;34;40mfit/sigreg_loss[0m       |        [0;32;40m5.71875[0m        |
|    [0;34;40mhardware/cpu_percent[0m    |   [0;32;40m62.599998474121094[0m  |
|  [0;34;40mhardware/disk_read_mb_s[0m   |          [0;32;40m0.0[0m          |
|  [0;34;40mhardware/disk_write_mb_s[0m  |   [0;32;40m70.35346221923828[0m   |
|   [0;34;40mhardware/net_recv_mb_s[0m   |  [0;32;40m0.01486726850271225[0m  |
|   [0;34;40mhardware/net_sent_mb_s[0m   |  [0;32;40m0.04926988109946251[0m  |
|    [0;34;40mhardware/ram_used_gb[0m    |   [0;32;40m312.8517761230469[0m   |
|   [0;34;40mhardware/ram_used_pct[0m    |   [0;32;40m31.100000381469727[0m  |
|    [0;34;40mhparams/lr_default_0[0m    | [0;32;40m1.247852651431458e-06[0m |
|       [0;34;40mvalidate/loss[0m        |    [0;32;40m74.2760009765625[0m   |
|    [0;34;40mvalidate/loss_epoch[0m     |    [0;32;40m74.2760009765625[0m   |
|     [0;34;40mvalidate/pred_loss[0m     |   [0;32;40m0.3609990179538727[0m  |
|  [0;34;40mvalidate/pred_loss_epoch[0m  |   [0;32;40m0.3609990179538727[0m  |
|    [0;34;40mvalidate/probe_loss[0m     |   [0;32;40m2.3258962631225586[0m  |
| [0;34;40mvalidate/probe_loss_epoch[0m  |   [0;32;40m2.3258962631225586[0m  |
|    [0;34;40mvalidate/sigreg_loss[0m    |   [0;32;40m45.97240447998047[0m   |
| [0;34;40mvalidate/sigreg_loss_epoch[0m |   [0;32;40m45.97240447998047[0m   |
+----------------------------+-----------------------+
[Epoch 17/20] done in 86.4s
00:12:48 | INFO  | checkpoint_~|   Checking for non PyTorch modules to save
00:12:48 | INFO  | atomic_chec~| [atomic_save] → /data1/likun-share/junjxu/.cache_stable-pretraining/runs/20260605/234547/83ffff6fb382/checkpoints/epoch=17-step=3654.ckpt
00:12:49 | INFO  | atomic_chec~| [atomic_save] ✓ epoch=17-step=3654.ckpt saved (206.8 MiB, serialise=0.46s write=0.32s rename=0.1ms)
00:12:49 | INFO  | checkpoint_~|   Checking for non PyTorch modules to save
00:12:49 | INFO  | atomic_chec~| [atomic_save] → /data1/likun-share/junjxu/.cache_stable-pretraining/runs/20260605/234547/83ffff6fb382/checkpoints/last.ckpt
00:12:50 | INFO  | atomic_chec~| [atomic_save] ✓ last.ckpt saved (206.8 MiB, serialise=0.45s write=0.30s rename=35.9ms)
[Epoch 18/20] step 50/203 (2.5 it/s)
[Epoch 18/20] step 100/203 (2.6 it/s)
[Epoch 18/20] step 150/203 (2.7 it/s)
[Epoch 18/20] step 200/203 (2.7 it/s)
00:14:18 | INFO  | trainer_inf~| \n+----------------------------+------------------------+
|           Metric           |         Value          |
+----------------------------+------------------------+
|          [0;34;40mfit/loss[0m          |   [0;32;40m2.434088706970215[0m    |
|       [0;34;40mfit/pred_loss[0m        |  [0;32;40m0.019584350287914276[0m  |
|       [0;34;40mfit/probe_loss[0m       |   [0;32;40m0.0621241070330143[0m   |
|      [0;34;40mfit/sigreg_loss[0m       |         [0;32;40m6.125[0m          |
|    [0;34;40mhardware/cpu_percent[0m    |   [0;32;40m62.599998474121094[0m   |
|  [0;34;40mhardware/disk_read_mb_s[0m   |          [0;32;40m0.0[0m           |
|  [0;34;40mhardware/disk_write_mb_s[0m  |   [0;32;40m70.34148406982422[0m    |
|   [0;34;40mhardware/net_recv_mb_s[0m   |  [0;32;40m0.015331660397350788[0m  |
|   [0;34;40mhardware/net_sent_mb_s[0m   |  [0;32;40m0.049932271242141724[0m  |
|    [0;34;40mhardware/ram_used_gb[0m    |   [0;32;40m312.0278625488281[0m    |
|   [0;34;40mhardware/ram_used_pct[0m    |          [0;32;40m31.0[0m          |
|    [0;34;40mhparams/lr_default_0[0m    | [0;32;40m3.1393423682857247e-07[0m |
|       [0;34;40mvalidate/loss[0m        |   [0;32;40m4.704834461212158[0m    |
|    [0;34;40mvalidate/loss_epoch[0m     |   [0;32;40m4.704834461212158[0m    |
|     [0;34;40mvalidate/pred_loss[0m     |  [0;32;40m0.05806689336895943[0m   |
|  [0;34;40mvalidate/pred_loss_epoch[0m  |  [0;32;40m0.05806689336895943[0m   |
|    [0;34;40mvalidate/probe_loss[0m     |  [0;32;40m0.12363019585609436[0m   |
| [0;34;40mvalidate/probe_loss_epoch[0m  |  [0;32;40m0.12363019585609436[0m   |
|    [0;34;40mvalidate/sigreg_loss[0m    |   [0;32;40m10.418819427490234[0m   |
| [0;34;40mvalidate/sigreg_loss_epoch[0m |   [0;32;40m10.418819427490234[0m   |
+----------------------------+------------------------+
[Epoch 18/20] done in 88.2s
00:14:18 | INFO  | checkpoint_~|   Checking for non PyTorch modules to save
00:14:18 | INFO  | atomic_chec~| [atomic_save] → /data1/likun-share/junjxu/.cache_stable-pretraining/runs/20260605/234547/83ffff6fb382/checkpoints/epoch=18-step=3857.ckpt
00:14:19 | INFO  | atomic_chec~| [atomic_save] ✓ epoch=18-step=3857.ckpt saved (206.8 MiB, serialise=0.51s write=0.38s rename=0.1ms)
00:14:19 | INFO  | checkpoint_~|   Checking for non PyTorch modules to save
00:14:19 | INFO  | atomic_chec~| [atomic_save] → /data1/likun-share/junjxu/.cache_stable-pretraining/runs/20260605/234547/83ffff6fb382/checkpoints/last.ckpt
00:14:20 | INFO  | atomic_chec~| [atomic_save] ✓ last.ckpt saved (206.8 MiB, serialise=0.39s write=0.27s rename=30.5ms)
[Epoch 19/20] step 50/203 (2.7 it/s)
[Epoch 19/20] step 100/203 (2.7 it/s)
[Epoch 19/20] step 150/203 (2.7 it/s)
[Epoch 19/20] step 200/203 (2.7 it/s)
00:15:44 | INFO  | trainer_inf~| \n+----------------------------+----------------------+
|           Metric           |        Value         |
+----------------------------+----------------------+
|          [0;34;40mfit/loss[0m          |  [0;32;40m1.8471875190734863[0m  |
|       [0;34;40mfit/pred_loss[0m        | [0;32;40m0.020567331463098526[0m |
|       [0;34;40mfit/probe_loss[0m       | [0;32;40m0.04226754605770111[0m  |
|      [0;34;40mfit/sigreg_loss[0m       |       [0;32;40m6.21875[0m        |
|    [0;34;40mhardware/cpu_percent[0m    |  [0;32;40m62.900001525878906[0m  |
|  [0;34;40mhardware/disk_read_mb_s[0m   | [0;32;40m0.007028869818896055[0m |
|  [0;34;40mhardware/disk_write_mb_s[0m  |  [0;32;40m63.83815002441406[0m   |
|   [0;34;40mhardware/net_recv_mb_s[0m   |  [0;32;40m0.0164407379925251[0m  |
|   [0;34;40mhardware/net_sent_mb_s[0m   | [0;32;40m0.05048377439379692[0m  |
|    [0;34;40mhardware/ram_used_gb[0m    |  [0;32;40m312.27947998046875[0m  |
|   [0;34;40mhardware/ram_used_pct[0m    |         [0;32;40m31.0[0m         |
|    [0;34;40mhparams/lr_default_0[0m    |         [0;32;40m0.0[0m          |
|       [0;34;40mvalidate/loss[0m        |  [0;32;40m2.232640027999878[0m   |
|    [0;34;40mvalidate/loss_epoch[0m     |  [0;32;40m2.232640027999878[0m   |
|     [0;34;40mvalidate/pred_loss[0m     | [0;32;40m0.017723295837640762[0m |
|  [0;34;40mvalidate/pred_loss_epoch[0m  | [0;32;40m0.017723295837640762[0m |
|    [0;34;40mvalidate/probe_loss[0m     | [0;32;40m0.05429194122552872[0m  |
| [0;34;40mvalidate/probe_loss_epoch[0m  | [0;32;40m0.05429194122552872[0m  |
|    [0;34;40mvalidate/sigreg_loss[0m    |  [0;32;40m6.510089874267578[0m   |
| [0;34;40mvalidate/sigreg_loss_epoch[0m |  [0;32;40m6.510089874267578[0m   |
+----------------------------+----------------------+
[Epoch 19/20] done in 84.9s
00:15:45 | INFO  | checkpoint_~|   Checking for non PyTorch modules to save
00:15:45 | INFO  | atomic_chec~| [atomic_save] → /data1/likun-share/junjxu/.cache_stable-pretraining/runs/20260605/234547/83ffff6fb382/checkpoints/epoch=19-step=4060.ckpt
00:15:46 | INFO  | atomic_chec~| [atomic_save] ✓ epoch=19-step=4060.ckpt saved (206.8 MiB, serialise=0.56s write=0.34s rename=0.1ms)
00:15:46 | INFO  | checkpoint_~|   Checking for non PyTorch modules to save
00:15:46 | INFO  | atomic_chec~| [atomic_save] → /data1/likun-share/junjxu/.cache_stable-pretraining/runs/20260605/234547/83ffff6fb382/checkpoints/last.ckpt
00:15:47 | INFO  | atomic_chec~| [atomic_save] ✓ last.ckpt saved (206.8 MiB, serialise=0.50s write=0.39s rename=57.0ms)
`Trainer.fit` stopped: `max_epochs=20` reached.
Epoch 19/19 ━━━━━━━━━━━━━━━━━━━━━━━━━━━━━━━ 203/203 0:01:14 • 0:00:00 2.70it/s 
00:15:48 | INFO  | utils.py    | ── SignalHandlers (after Trainer.fit() returned) ──
00:15:48 | INFO  | manager.py  |   SIGUSR1  → SIG_DFL (default OS action — terminate process)
00:15:48 | INFO  | manager.py  |   SIGUSR2  → SIG_DFL (default OS action — terminate process)
00:15:48 | INFO  | manager.py  |   SIGCONT  → SIG_DFL (default OS action — terminate process)
00:15:48 | INFO  | manager.py  |   SIGTERM  → SIG_DFL (default OS action — terminate process)
