22:28:48 | INFO  | __init__.py | PyTorch version 2.9.1+cu128 available.
22:28:48 | INFO  | __init__.py | JAX version 0.6.2 available.
22:28:56 | INFO  | atomic_chec~| [atomic_save] installed crash-safe checkpoint plugin (write to sibling .tmp + fsync + atomic rename)
[2026-06-05 22:29:17,024][root][INFO] - Cached 'pixels' from '/data1/likun-share/junjxu/.stable_worldmodel/datasets/phyworld_collision_id1k.h5'
[2026-06-05 22:29:17,027][root][INFO] - Cached 'action' from '/data1/likun-share/junjxu/.stable_worldmodel/datasets/phyworld_collision_id1k.h5'
[2026-06-05 22:29:17,028][root][INFO] - Cached 'proprio' from '/data1/likun-share/junjxu/.stable_worldmodel/datasets/phyworld_collision_id1k.h5'
[2026-06-05 22:29:17,028][root][INFO] - Cached 'state' from '/data1/likun-share/junjxu/.stable_worldmodel/datasets/phyworld_collision_id1k.h5'
22:29:18 | INFO  | utils.py    | Created ViT-tiny from scratch with config: {'hidden_size': 192, 'num_hidden_layers': 12, 'num_attention_heads': 3, 'intermediate_size': 768, 'image_size': 224, 'patch_size': 14}
[init_from_ckpt] /data1/likun-share/junjxu/.stable_worldmodel/lewm_paper_pusht/weights.pt
[init_from_ckpt] prefixes=('encoder.', 'projector.', 'pred_proj.') loaded=24 unexpected=192 missing=281
[init_from_ckpt] first unexpected: ['encoder.encoder.layer.0.attention.attention.query.weight', 'encoder.encoder.layer.0.attention.attention.query.bias', 'encoder.encoder.layer.0.attention.attention.key.weight']
22:29:19 | INFO  | module.py   | Setting up DataModule
22:29:19 | INFO  | utils.py    | ── Module ────────────────────────────────────────
22:29:19 | WARN  | module.py   | ! No hyperparameters provided - hyperparameter logging is disabled.
22:29:19 | INFO  | module.py   |   Setting custom forward method.
22:29:19 | INFO  | module.py   |   Setting attribute: self.model = <class 'jepa.JEPA'>
22:29:19 | INFO  | module.py   |   Setting attribute: self.sigreg = <class 'module.SIGReg'>
22:29:19 | INFO  | module.py   |   Setting attribute: self.optim = <class 'dict'>
22:29:19 | INFO  | module.py   |   No metrics configuration provided - automatic metric tracking is disabled.
/home/likun-share/junjxu/wm/le-wm/.venv/lib/python3.10/site-packages/lightning/fabric/connector.py:571: `precision=bf16` is supported for historical reasons but its usage is discouraged. Please set your precision to bf16-mixed instead!
Using bfloat16 Automatic Mixed Precision (AMP)
22:29:20 | INFO  | env_info.py |   EnvironmentDumpCallback initialized (filename=environment.json, async=True)
22:29:20 | INFO  | utils.py    | ── HuggingFaceCheckpoint ─────────────────────────
22:29:20 | INFO  | hf_models.py|   save_dir: <cyan>hf_exports</cyan>
22:29:20 | INFO  | hf_models.py|   per_step: <cyan>False</cyan>  (False ⇒ overwrite single 'last/' subdir; True ⇒ keep step_N/)
Adding 14 callbacks from entry point 'stablepretraining_callbacks': PrintProgressBar, ModuleRegistryCallback, LoggingCallback, EnvironmentDumpCallback, TrainerInfo, SklearnCheckpoint, WandbCheckpoint, TrackioCheckpoint, SwanLabCheckpoint, ModuleSummary, SLURMInfo, LogUnusedParametersOnce, HuggingFaceCheckpointCallback, HardwareMonitor
GPU available: True (cuda), used: True
TPU available: False, using: 0 TPU cores
💡 Tip: For seamless cloud logging and experiment tracking, try installing [litlogger](https://pypi.org/project/litlogger/) to enable LitLogger, which logs metrics and artifacts automatically to the Lightning Experiments platform.
22:29:20 | INFO  | utils.py    | ── SIGTERM preempt handler — install ─────────────
22:29:20 | INFO  | manager.py  |   SLURM_JOB_ID         = None
22:29:20 | INFO  | manager.py  |   SLURM_RESTART_COUNT  = '0'
22:29:20 | INFO  | manager.py  |   SLURM_PROCID         = '?'
22:29:20 | INFO  | manager.py  |   SLURM_NODEID         = '?'
22:29:20 | INFO  | manager.py  |   → not under SLURM (SLURM_JOB_ID unset); leaving SIGTERM handler as-is. Forwarding to submitit's USR signal would be a no-op since submitit isn't running upstream.
22:29:20 | WARN  | manager.py  | User didn't specify seed, runs won't be exactly reproducible!
22:29:20 | INFO  | manager.py  |   Manager init: ckpt_path=None, weights_only=True
22:29:20 | INFO  | utils.py    | ── WorkingDirectory ──────────────────────────────
22:29:20 | INFO  | manager.py  |   cwd: /home/likun-share/junjxu/wm/le-wm
22:29:20 | INFO  | utils.py    | ── Seed ──────────────────────────────────────────
22:29:20 | INFO  | manager.py  |   seed: None
/home/likun-share/junjxu/wm/le-wm/.venv/lib/python3.10/site-packages/lightning/fabric/utilities/seed.py:44: No seed found, seed set to 0
Seed set to 0
22:29:20 | INFO  | utils.py    | ── RunDirectory ──────────────────────────────────
22:29:20 | INFO  | manager.py  |   cache_dir = /data1/likun-share/junjxu/.cache_stable-pretraining
22:29:20 | INFO  | manager.py  |   ddp: launch_key=(single-process) rank=0 is_rank_zero=True
22:29:20 | INFO  | utils.py    | ── RunDirectory: requeue probe ───────────────────
22:29:20 | INFO  | manager.py  |   SLURM session key   = (no SLURM)
22:29:20 | INFO  | manager.py  |   SLURM_RESTART_COUNT = 0
22:29:20 | INFO  | manager.py  |   in_requeue          = False
22:29:20 | INFO  | utils.py    | ── RunDirectory: fresh ───────────────────────────
22:29:20 | INFO  | manager.py  |   no user ckpt_path — training from scratch / pretrained backbone.
22:29:20 | INFO  | manager.py  |   created run_dir = /data1/likun-share/junjxu/.cache_stable-pretraining/runs/20260605/222920/b037c2ac7b5d
22:29:20 | INFO  | manager.py  |   wrote run_meta.json with run_id=b037c2ac7b5d
22:29:20 | INFO  | manager.py  |   SLURM index = (no SLURM, skipped)
22:29:20 | WARN  | manager.py  | ! cache_dir is set but the Trainer was passed as an already-instantiated object. Cannot override default_root_dir cleanly. Consider passing the trainer as a config dict instead.
22:29:20 | WARN  | manager.py  | ! Hydra run.dir='outputs/2026-06-05/22-28-57' will be ignored for trainer outputs (cache_dir takes precedence).
22:29:20 | WARN  | manager.py  | ! Hydra sweep.dir='multirun/2026-06-05/22-28-57' will be ignored for trainer outputs (cache_dir takes precedence).
22:29:20 | INFO  | logger.py   | [RegistryLogger] run_id=b037c2ac7b5d run_dir=/data1/likun-share/junjxu/.cache_stable-pretraining/runs/20260605/222920/b037c2ac7b5d — sidecar.json + summary.json + metrics.csv will live here
22:29:20 | INFO  | utils.py    | ── RegistryLogger ────────────────────────────────
22:29:20 | INFO  | manager.py  |   run_dir: /data1/likun-share/junjxu/.cache_stable-pretraining/runs/20260605/222920/b037c2ac7b5d
22:29:20 | INFO  | manager.py  |   run_id:  b037c2ac7b5d
22:29:20 | INFO  | utils.py    | ── CSVLogger ─────────────────────────────────────
22:29:20 | INFO  | manager.py  |   root_dir: /data1/likun-share/junjxu/.cache_stable-pretraining/runs/20260605/222920/b037c2ac7b5d/
22:29:20 | INFO  | manager.py  |   save_dir: /data1/likun-share/junjxu/.cache_stable-pretraining/runs/20260605/222920/b037c2ac7b5d
22:29:20 | INFO  | manager.py  |   log_dir: /data1/likun-share/junjxu/.cache_stable-pretraining/runs/20260605/222920/b037c2ac7b5d/
22:29:20 | INFO  | utils.py    | ── SignalHandlers (after submitit setup (spt SIGTERM installed in __init__)) ──
22:29:20 | INFO  | manager.py  |   SIGUSR1  → SIG_DFL (default OS action — terminate process)
22:29:20 | INFO  | manager.py  |   SIGUSR2  → SIG_DFL (default OS action — terminate process)
22:29:20 | INFO  | manager.py  |   SIGCONT  → SIG_DFL (default OS action — terminate process)
22:29:20 | INFO  | manager.py  |   SIGTERM  → SIG_DFL (default OS action — terminate process)
22:29:20 | INFO  | utils.py    | ── Callbacks ─────────────────────────────────────
22:29:20 | INFO  | manager.py  |   count: 19
22:29:20 | INFO  | utils.py    | ── CacheDirCheckpointing ─────────────────────────
22:29:20 | INFO  | manager.py  |   Saving checkpoints to: /data1/likun-share/junjxu/.cache_stable-pretraining/runs/20260605/222920/b037c2ac7b5d/checkpoints
22:29:20 | WARN  | manager.py  |   Redirecting HuggingFaceCheckpointCallback from 'hf_exports' to '/data1/likun-share/junjxu/.cache_stable-pretraining/runs/20260605/222920/b037c2ac7b5d/hf_exports' (cache_dir is active — prevents races on a shared cache)
22:29:20 | INFO  | manager.py  |   Added requeue checkpoint (filename='last')
22:29:20 | INFO  | utils.py    | ── LoadPath resolution ───────────────────────────
22:29:20 | INFO  | manager.py  |   in_requeue = False
22:29:20 | INFO  | manager.py  |   user ckpt_path = None
22:29:20 | INFO  | manager.py  |   user weights_only = True
22:29:20 | INFO  | manager.py  |   → no ckpt_path; training from scratch.
22:29:20 | INFO  | utils.py    | ── TrainerFit ────────────────────────────────────
22:29:20 | INFO  | manager.py  |   ckpt_path:     None
22:29:20 | INFO  | manager.py  |   weights_only:  None
22:29:20 | INFO  | utils.py    | ── SignalHandlers (before Trainer.fit() (handler installed in __init__)) ──
22:29:20 | INFO  | manager.py  |   SIGUSR1  → SIG_DFL (default OS action — terminate process)
22:29:20 | INFO  | manager.py  |   SIGUSR2  → SIG_DFL (default OS action — terminate process)
22:29:20 | INFO  | manager.py  |   SIGCONT  → SIG_DFL (default OS action — terminate process)
22:29:20 | INFO  | manager.py  |   SIGTERM  → SIG_DFL (default OS action — terminate process)
22:29:20 | INFO  | manager.py  |   → entering Trainer.fit(); lightning's _SignalConnector will now register its own handlers. SIGTERM will become _HandlersCompose([_sigterm_notifier_fn, _sigterm_handler_fn, spt._handler]); USR-sig binding from submitit is preserved (lightning skips USR registration when one already exists).
💡 Tip: For seamless cloud uploads and versioning, try installing [litmodels](https://pypi.org/project/litmodels/) to enable LitModelCheckpoint, which syncs automatically with the Lightning model registry.
You are using a CUDA device ('NVIDIA A800-SXM4-80GB') that has Tensor Cores. To properly utilize them, you should set `torch.set_float32_matmul_precision('medium' | 'high')` which will trade-off precision for performance. For more details, read https://pytorch.org/docs/stable/generated/torch.set_float32_matmul_precision.html#torch.set_float32_matmul_precision
22:29:27 | OK    | module.py   | ✓ dataset for fit loaded
22:29:27 | INFO  | module.py   |   setup was done by user
22:29:27 | INFO  | utils.py    | ── EnvironmentDump ───────────────────────────────
22:29:27 | INFO  | env_info.py |   log_dir: /home/likun-share/.cache/stable-pretraining
22:29:27 | INFO  | env_info.py |   Running environment dump in background thread (non-blocking)
22:29:27 | INFO  | env_info.py |   Collecting environment information...
22:29:27 | OK    | env_info.py | ✓ Background thread started successfully
22:29:27 | OK    | env_info.py | ✓ Python 3.10.12
22:29:27 | INFO  | trainer_inf~|   linking trainer to DataModule
22:29:27 | OK    | env_info.py | ✓ System: Linux 5.15.0-113-generic (x86_64)
22:29:27 | INFO  | utils.py    | ── Callbacks (in order) ──────────────────────────
22:29:27 | INFO  | env_info.py |   Hostname: 10-116-90-13
22:29:27 | INFO  | utils.py    |     [ 0] ModelObjectCallBack
22:29:27 | INFO  | utils.py    |     [ 1] RichProgressBar
22:29:27 | INFO  | utils.py    |     [ 2] RichModelSummary
22:29:27 | INFO  | utils.py    |     [ 3] PrintProgressBar
22:29:27 | INFO  | utils.py    |     [ 4] ModuleRegistryCallback
22:29:27 | INFO  | utils.py    |     [ 5] LoggingCallback
22:29:27 | INFO  | utils.py    |     [ 6] EnvironmentDumpCallback
22:29:27 | INFO  | utils.py    |     [ 7] TrainerInfo
22:29:27 | INFO  | utils.py    |     [ 8] SklearnCheckpoint
22:29:27 | INFO  | utils.py    |     [ 9] WandbCheckpoint
22:29:27 | INFO  | utils.py    |     [10] TrackioCheckpoint
22:29:27 | INFO  | utils.py    |     [11] SwanLabCheckpoint
22:29:27 | INFO  | utils.py    |     [12] ModuleSummary
22:29:27 | INFO  | utils.py    |     [13] SLURMInfo
22:29:27 | INFO  | utils.py    |     [14] LogUnusedParametersOnce
22:29:27 | INFO  | utils.py    |     [15] HuggingFaceCheckpointCallback
22:29:27 | INFO  | utils.py    |     [16] HardwareMonitor
22:29:27 | INFO  | utils.py    |     [17] ModelCheckpoint
22:29:27 | INFO  | utils.py    |     [18] _RunDirCallback
22:29:27 | INFO  | utils.py    |     [19] ModelCheckpoint
22:29:27 | INFO  | utils.py    |   ⚑ marks order-sensitive callbacks; see AGENTS.md → Callback ordering for the full rules.
22:29:27 | INFO  | utils.py    | ── SklearnCheckpoint ─────────────────────────────
22:29:27 | INFO  | checkpoint_~|   Sklearn Modules:
22:29:27 | INFO  | checkpoint_~| 
┏━━━━━━━━━━┳━━━━━━━━┳━━━━━━━━┓
┃ Module   ┃ Name   ┃ Type   ┃
┣━━━━━━━━━━╋━━━━━━━━╋━━━━━━━━┫
┗━━━━━━━━━━┻━━━━━━━━┻━━━━━━━━┛
22:29:27 | INFO  | utils.py    | ── WandbCheckpoint ───────────────────────────────
22:29:27 | INFO  | utils.py    | ── TrackioCheckpoint ─────────────────────────────
22:29:27 | INFO  | utils.py    | ── SwanLabCheckpoint ─────────────────────────────
22:29:27 | INFO  | utils.py    | ── PyTorch Modules ───────────────────────────────
22:29:27 | WARN  | module.py   | ! You are calling self.parameters which also gives callbacks parameters, to remove them, pass `with_callbacks=False`
22:29:27 | WARN  | env_info.py | ! pip freeze failed: Command '['/home/likun-share/junjxu/wm/le-wm/.venv/bin/python', '-m', 'pip', 'freeze']' returned non-zero exit status 1.
22:29:27 | OK    | env_info.py | ✓ Packages: 0 packages collected in 0.12s
22:29:27 | INFO  | trainer_inf~| \n+---------------------------------------------------------+----------------------+--------------------------+--------------------------+---------+
| Module                                                  | Trainable parameters | Non Trainable parameters | Uninitialized parameters | Buffers |
+---------------------------------------------------------+----------------------+--------------------------+--------------------------+---------+
|                                                         |             18040570 |                        0 |                        0 |    8245 |
| callbacks_modules                                       |                    0 |                        0 |                        0 |       0 |
| callbacks_metrics                                       |                    0 |                        0 |                        0 |       0 |
| model                                                   |             18040570 |                        0 |                        0 |    8194 |
| model.encoder                                           |              5501376 |                        0 |                        0 |       0 |
| model.encoder.embeddings                                |               162624 |                        0 |                        0 |       0 |
| model.encoder.embeddings.patch_embeddings               |               113088 |                        0 |                        0 |       0 |
| model.encoder.embeddings.patch_embeddings.projection    |               113088 |                        0 |                        0 |       0 |
| model.encoder.embeddings.dropout                        |                    0 |                        0 |                        0 |       0 |
| model.encoder.layers                                    |              5338368 |                        0 |                        0 |       0 |
| model.encoder.layers.0                                  |               444864 |                        0 |                        0 |       0 |
| model.encoder.layers.0.attention                        |               148224 |                        0 |                        0 |       0 |
| model.encoder.layers.0.attention.q_proj                 |                37056 |                        0 |                        0 |       0 |
| model.encoder.layers.0.attention.k_proj                 |                37056 |                        0 |                        0 |       0 |
| model.encoder.layers.0.attention.v_proj                 |                37056 |                        0 |                        0 |       0 |
| model.encoder.layers.0.attention.o_proj                 |                37056 |                        0 |                        0 |       0 |
| model.encoder.layers.0.layernorm_before                 |                  384 |                        0 |                        0 |       0 |
| model.encoder.layers.0.layernorm_after                  |                  384 |                        0 |                        0 |       0 |
| model.encoder.layers.0.mlp                              |               295872 |                        0 |                        0 |       0 |
| model.encoder.layers.0.mlp.activation_fn                |                    0 |                        0 |                        0 |       0 |
| model.encoder.layers.0.mlp.fc1                          |               148224 |                        0 |                        0 |       0 |
| model.encoder.layers.0.mlp.fc2                          |               147648 |                        0 |                        0 |       0 |
| model.encoder.layers.0.dropout                          |                    0 |                        0 |                        0 |       0 |
| model.encoder.layers.1                                  |               444864 |                        0 |                        0 |       0 |
| model.encoder.layers.1.attention                        |               148224 |                        0 |                        0 |       0 |
| model.encoder.layers.1.attention.q_proj                 |                37056 |                        0 |                        0 |       0 |
| model.encoder.layers.1.attention.k_proj                 |                37056 |                        0 |                        0 |       0 |
| model.encoder.layers.1.attention.v_proj                 |                37056 |                        0 |                        0 |       0 |
| model.encoder.layers.1.attention.o_proj                 |                37056 |                        0 |                        0 |       0 |
| model.encoder.layers.1.layernorm_before                 |                  384 |                        0 |                        0 |       0 |
| model.encoder.layers.1.layernorm_after                  |                  384 |                        0 |                        0 |       0 |
| model.encoder.layers.1.mlp                              |               295872 |                        0 |                        0 |       0 |
| model.encoder.layers.1.mlp.activation_fn                |                    0 |                        0 |                        0 |       0 |
| model.encoder.layers.1.mlp.fc1                          |               148224 |                        0 |                        0 |       0 |
| model.encoder.layers.1.mlp.fc2                          |               147648 |                        0 |                        0 |       0 |
| model.encoder.layers.1.dropout                          |                    0 |                        0 |                        0 |       0 |
| model.encoder.layers.2                                  |               444864 |                        0 |                        0 |       0 |
| model.encoder.layers.2.attention                        |               148224 |                        0 |                        0 |       0 |
| model.encoder.layers.2.attention.q_proj                 |                37056 |                        0 |                        0 |       0 |
| model.encoder.layers.2.attention.k_proj                 |                37056 |                        0 |                        0 |       0 |
| model.encoder.layers.2.attention.v_proj                 |                37056 |                        0 |                        0 |       0 |
| model.encoder.layers.2.attention.o_proj                 |                37056 |                        0 |                        0 |       0 |
| model.encoder.layers.2.layernorm_before                 |                  384 |                        0 |                        0 |       0 |
| model.encoder.layers.2.layernorm_after                  |                  384 |                        0 |                        0 |       0 |
| model.encoder.layers.2.mlp                              |               295872 |                        0 |                        0 |       0 |
| model.encoder.layers.2.mlp.activation_fn                |                    0 |                        0 |                        0 |       0 |
| model.encoder.layers.2.mlp.fc1                          |               148224 |                        0 |                        0 |       0 |
| model.encoder.layers.2.mlp.fc2                          |               147648 |                        0 |                        0 |       0 |
| model.encoder.layers.2.dropout                          |                    0 |                        0 |                        0 |       0 |
| model.encoder.layers.3                                  |               444864 |                        0 |                        0 |       0 |
| model.encoder.layers.3.attention                        |               148224 |                        0 |                        0 |       0 |
| model.encoder.layers.3.attention.q_proj                 |                37056 |                        0 |                        0 |       0 |
| model.encoder.layers.3.attention.k_proj                 |                37056 |                        0 |                        0 |       0 |
| model.encoder.layers.3.attention.v_proj                 |                37056 |                        0 |                        0 |       0 |
| model.encoder.layers.3.attention.o_proj                 |                37056 |                        0 |                        0 |       0 |
| model.encoder.layers.3.layernorm_before                 |                  384 |                        0 |                        0 |       0 |
| model.encoder.layers.3.layernorm_after                  |                  384 |                        0 |                        0 |       0 |
| model.encoder.layers.3.mlp                              |               295872 |                        0 |                        0 |       0 |
| model.encoder.layers.3.mlp.activation_fn                |                    0 |                        0 |                        0 |       0 |
| model.encoder.layers.3.mlp.fc1                          |               148224 |                        0 |                        0 |       0 |
| model.encoder.layers.3.mlp.fc2                          |               147648 |                        0 |                        0 |       0 |
| model.encoder.layers.3.dropout                          |                    0 |                        0 |                        0 |       0 |
| model.encoder.layers.4                                  |               444864 |                        0 |                        0 |       0 |
| model.encoder.layers.4.attention                        |               148224 |                        0 |                        0 |       0 |
| model.encoder.layers.4.attention.q_proj                 |                37056 |                        0 |                        0 |       0 |
| model.encoder.layers.4.attention.k_proj                 |                37056 |                        0 |                        0 |       0 |
| model.encoder.layers.4.attention.v_proj                 |                37056 |                        0 |                        0 |       0 |
| model.encoder.layers.4.attention.o_proj                 |                37056 |                        0 |                        0 |       0 |
| model.encoder.layers.4.layernorm_before                 |                  384 |                        0 |                        0 |       0 |
| model.encoder.layers.4.layernorm_after                  |                  384 |                        0 |                        0 |       0 |
| model.encoder.layers.4.mlp                              |               295872 |                        0 |                        0 |       0 |
| model.encoder.layers.4.mlp.activation_fn                |                    0 |                        0 |                        0 |       0 |
| model.encoder.layers.4.mlp.fc1                          |               148224 |                        0 |                        0 |       0 |
| model.encoder.layers.4.mlp.fc2                          |               147648 |                        0 |                        0 |       0 |
| model.encoder.layers.4.dropout                          |                    0 |                        0 |                        0 |       0 |
| model.encoder.layers.5                                  |               444864 |                        0 |                        0 |       0 |
| model.encoder.layers.5.attention                        |               148224 |                        0 |                        0 |       0 |
| model.encoder.layers.5.attention.q_proj                 |                37056 |                        0 |                        0 |       0 |
| model.encoder.layers.5.attention.k_proj                 |                37056 |                        0 |                        0 |       0 |
| model.encoder.layers.5.attention.v_proj                 |                37056 |                        0 |                        0 |       0 |
| model.encoder.layers.5.attention.o_proj                 |                37056 |                        0 |                        0 |       0 |
| model.encoder.layers.5.layernorm_before                 |                  384 |                        0 |                        0 |       0 |
| model.encoder.layers.5.layernorm_after                  |                  384 |                        0 |                        0 |       0 |
| model.encoder.layers.5.mlp                              |               295872 |                        0 |                        0 |       0 |
| model.encoder.layers.5.mlp.activation_fn                |                    0 |                        0 |                        0 |       0 |
| model.encoder.layers.5.mlp.fc1                          |               148224 |                        0 |                        0 |       0 |
| model.encoder.layers.5.mlp.fc2                          |               147648 |                        0 |                        0 |       0 |
| model.encoder.layers.5.dropout                          |                    0 |                        0 |                        0 |       0 |
| model.encoder.layers.6                                  |               444864 |                        0 |                        0 |       0 |
| model.encoder.layers.6.attention                        |               148224 |                        0 |                        0 |       0 |
| model.encoder.layers.6.attention.q_proj                 |                37056 |                        0 |                        0 |       0 |
| model.encoder.layers.6.attention.k_proj                 |                37056 |                        0 |                        0 |       0 |
| model.encoder.layers.6.attention.v_proj                 |                37056 |                        0 |                        0 |       0 |
| model.encoder.layers.6.attention.o_proj                 |                37056 |                        0 |                        0 |       0 |
| model.encoder.layers.6.layernorm_before                 |                  384 |                        0 |                        0 |       0 |
| model.encoder.layers.6.layernorm_after                  |                  384 |                        0 |                        0 |       0 |
| model.encoder.layers.6.mlp                              |               295872 |                        0 |                        0 |       0 |
| model.encoder.layers.6.mlp.activation_fn                |                    0 |                        0 |                        0 |       0 |
| model.encoder.layers.6.mlp.fc1                          |               148224 |                        0 |                        0 |       0 |
| model.encoder.layers.6.mlp.fc2                          |               147648 |                        0 |                        0 |       0 |
| model.encoder.layers.6.dropout                          |                    0 |                        0 |                        0 |       0 |
| model.encoder.layers.7                                  |               444864 |                        0 |                        0 |       0 |
| model.encoder.layers.7.attention                        |               148224 |                        0 |                        0 |       0 |
| model.encoder.layers.7.attention.q_proj                 |                37056 |                        0 |                        0 |       0 |
| model.encoder.layers.7.attention.k_proj                 |                37056 |                        0 |                        0 |       0 |
| model.encoder.layers.7.attention.v_proj                 |                37056 |                        0 |                        0 |       0 |
| model.encoder.layers.7.attention.o_proj                 |                37056 |                        0 |                        0 |       0 |
| model.encoder.layers.7.layernorm_before                 |                  384 |                        0 |                        0 |       0 |
| model.encoder.layers.7.layernorm_after                  |                  384 |                        0 |                        0 |       0 |
| model.encoder.layers.7.mlp                              |               295872 |                        0 |                        0 |       0 |
| model.encoder.layers.7.mlp.activation_fn                |                    0 |                        0 |                        0 |       0 |
| model.encoder.layers.7.mlp.fc1                          |               148224 |                        0 |                        0 |       0 |
| model.encoder.layers.7.mlp.fc2                          |               147648 |                        0 |                        0 |       0 |
| model.encoder.layers.7.dropout                          |                    0 |                        0 |                        0 |       0 |
| model.encoder.layers.8                                  |               444864 |                        0 |                        0 |       0 |
| model.encoder.layers.8.attention                        |               148224 |                        0 |                        0 |       0 |
| model.encoder.layers.8.attention.q_proj                 |                37056 |                        0 |                        0 |       0 |
| model.encoder.layers.8.attention.k_proj                 |                37056 |                        0 |                        0 |       0 |
| model.encoder.layers.8.attention.v_proj                 |                37056 |                        0 |                        0 |       0 |
| model.encoder.layers.8.attention.o_proj                 |                37056 |                        0 |                        0 |       0 |
| model.encoder.layers.8.layernorm_before                 |                  384 |                        0 |                        0 |       0 |
| model.encoder.layers.8.layernorm_after                  |                  384 |                        0 |                        0 |       0 |
| model.encoder.layers.8.mlp                              |               295872 |                        0 |                        0 |       0 |
| model.encoder.layers.8.mlp.activation_fn                |                    0 |                        0 |                        0 |       0 |
| model.encoder.layers.8.mlp.fc1                          |               148224 |                        0 |                        0 |       0 |
| model.encoder.layers.8.mlp.fc2                          |               147648 |                        0 |                        0 |       0 |
| model.encoder.layers.8.dropout                          |                    0 |                        0 |                        0 |       0 |
| model.encoder.layers.9                                  |               444864 |                        0 |                        0 |       0 |
| model.encoder.layers.9.attention                        |               148224 |                        0 |                        0 |       0 |
| model.encoder.layers.9.attention.q_proj                 |                37056 |                        0 |                        0 |       0 |
| model.encoder.layers.9.attention.k_proj                 |                37056 |                        0 |                        0 |       0 |
| model.encoder.layers.9.attention.v_proj                 |                37056 |                        0 |                        0 |       0 |
| model.encoder.layers.9.attention.o_proj                 |                37056 |                        0 |                        0 |       0 |
| model.encoder.layers.9.layernorm_before                 |                  384 |                        0 |                        0 |       0 |
| model.encoder.layers.9.layernorm_after                  |                  384 |                        0 |                        0 |       0 |
| model.encoder.layers.9.mlp                              |               295872 |                        0 |                        0 |       0 |
| model.encoder.layers.9.mlp.activation_fn                |                    0 |                        0 |                        0 |       0 |
| model.encoder.layers.9.mlp.fc1                          |               148224 |                        0 |                        0 |       0 |
| model.encoder.layers.9.mlp.fc2                          |               147648 |                        0 |                        0 |       0 |
| model.encoder.layers.9.dropout                          |                    0 |                        0 |                        0 |       0 |
| model.encoder.layers.10                                 |               444864 |                        0 |                        0 |       0 |
| model.encoder.layers.10.attention                       |               148224 |                        0 |                        0 |       0 |
| model.encoder.layers.10.attention.q_proj                |                37056 |                        0 |                        0 |       0 |
| model.encoder.layers.10.attention.k_proj                |                37056 |                        0 |                        0 |       0 |
| model.encoder.layers.10.attention.v_proj                |                37056 |                        0 |                        0 |       0 |
| model.encoder.layers.10.attention.o_proj                |                37056 |                        0 |                        0 |       0 |
| model.encoder.layers.10.layernorm_before                |                  384 |                        0 |                        0 |       0 |
| model.encoder.layers.10.layernorm_after                 |                  384 |                        0 |                        0 |       0 |
| model.encoder.layers.10.mlp                             |               295872 |                        0 |                        0 |       0 |
| model.encoder.layers.10.mlp.activation_fn               |                    0 |                        0 |                        0 |       0 |
| model.encoder.layers.10.mlp.fc1                         |               148224 |                        0 |                        0 |       0 |
| model.encoder.layers.10.mlp.fc2                         |               147648 |                        0 |                        0 |       0 |
| model.encoder.layers.10.dropout                         |                    0 |                        0 |                        0 |       0 |
| model.encoder.layers.11                                 |               444864 |                        0 |                        0 |       0 |
| model.encoder.layers.11.attention                       |               148224 |                        0 |                        0 |       0 |
| model.encoder.layers.11.attention.q_proj                |                37056 |                        0 |                        0 |       0 |
| model.encoder.layers.11.attention.k_proj                |                37056 |                        0 |                        0 |       0 |
| model.encoder.layers.11.attention.v_proj                |                37056 |                        0 |                        0 |       0 |
| model.encoder.layers.11.attention.o_proj                |                37056 |                        0 |                        0 |       0 |
| model.encoder.layers.11.layernorm_before                |                  384 |                        0 |                        0 |       0 |
| model.encoder.layers.11.layernorm_after                 |                  384 |                        0 |                        0 |       0 |
| model.encoder.layers.11.mlp                             |               295872 |                        0 |                        0 |       0 |
| model.encoder.layers.11.mlp.activation_fn               |                    0 |                        0 |                        0 |       0 |
| model.encoder.layers.11.mlp.fc1                         |               148224 |                        0 |                        0 |       0 |
| model.encoder.layers.11.mlp.fc2                         |               147648 |                        0 |                        0 |       0 |
| model.encoder.layers.11.dropout                         |                    0 |                        0 |                        0 |       0 |
| model.encoder.layernorm                                 |                  384 |                        0 |                        0 |       0 |
| model.predictor                                         |             10791360 |                        0 |                        0 |       0 |
| model.predictor.dropout                                 |                    0 |                        0 |                        0 |       0 |
| model.predictor.transformer                             |             10790784 |                        0 |                        0 |       0 |
| model.predictor.transformer.norm                        |                  384 |                        0 |                        0 |       0 |
| model.predictor.transformer.layers                      |             10790400 |                        0 |                        0 |       0 |
| model.predictor.transformer.layers.0                    |              1798400 |                        0 |                        0 |       0 |
| model.predictor.transformer.layers.0.attn               |               787008 |                        0 |                        0 |       0 |
| model.predictor.transformer.layers.0.attn.norm          |                  384 |                        0 |                        0 |       0 |
| model.predictor.transformer.layers.0.attn.attend        |                    0 |                        0 |                        0 |       0 |
| model.predictor.transformer.layers.0.attn.to_qkv        |               589824 |                        0 |                        0 |       0 |
| model.predictor.transformer.layers.0.attn.to_out        |               196800 |                        0 |                        0 |       0 |
| model.predictor.transformer.layers.0.attn.to_out.0      |               196800 |                        0 |                        0 |       0 |
| model.predictor.transformer.layers.0.attn.to_out.1      |                    0 |                        0 |                        0 |       0 |
| model.predictor.transformer.layers.0.mlp                |               789056 |                        0 |                        0 |       0 |
| model.predictor.transformer.layers.0.mlp.net            |               789056 |                        0 |                        0 |       0 |
| model.predictor.transformer.layers.0.mlp.net.0          |                  384 |                        0 |                        0 |       0 |
| model.predictor.transformer.layers.0.mlp.net.1          |               395264 |                        0 |                        0 |       0 |
| model.predictor.transformer.layers.0.mlp.net.2          |                    0 |                        0 |                        0 |       0 |
| model.predictor.transformer.layers.0.mlp.net.3          |                    0 |                        0 |                        0 |       0 |
| model.predictor.transformer.layers.0.mlp.net.4          |               393408 |                        0 |                        0 |       0 |
| model.predictor.transformer.layers.0.mlp.net.5          |                    0 |                        0 |                        0 |       0 |
| model.predictor.transformer.layers.0.norm1              |                    0 |                        0 |                        0 |       0 |
| model.predictor.transformer.layers.0.norm2              |                    0 |                        0 |                        0 |       0 |
| model.predictor.transformer.layers.0.adaLN_modulation   |               222336 |                        0 |                        0 |       0 |
| model.predictor.transformer.layers.0.adaLN_modulation.0 |                    0 |                        0 |                        0 |       0 |
| model.predictor.transformer.layers.0.adaLN_modulation.1 |               222336 |                        0 |                        0 |       0 |
| model.predictor.transformer.layers.1                    |              1798400 |                        0 |                        0 |       0 |
| model.predictor.transformer.layers.1.attn               |               787008 |                        0 |                        0 |       0 |
| model.predictor.transformer.layers.1.attn.norm          |                  384 |                        0 |                        0 |       0 |
| model.predictor.transformer.layers.1.attn.attend        |                    0 |                        0 |                        0 |       0 |
| model.predictor.transformer.layers.1.attn.to_qkv        |               589824 |                        0 |                        0 |       0 |
| model.predictor.transformer.layers.1.attn.to_out        |               196800 |                        0 |                        0 |       0 |
| model.predictor.transformer.layers.1.attn.to_out.0      |               196800 |                        0 |                        0 |       0 |
| model.predictor.transformer.layers.1.attn.to_out.1      |                    0 |                        0 |                        0 |       0 |
| model.predictor.transformer.layers.1.mlp                |               789056 |                        0 |                        0 |       0 |
| model.predictor.transformer.layers.1.mlp.net            |               789056 |                        0 |                        0 |       0 |
| model.predictor.transformer.layers.1.mlp.net.0          |                  384 |                        0 |                        0 |       0 |
| model.predictor.transformer.layers.1.mlp.net.1          |               395264 |                        0 |                        0 |       0 |
| model.predictor.transformer.layers.1.mlp.net.2          |                    0 |                        0 |                        0 |       0 |
| model.predictor.transformer.layers.1.mlp.net.3          |                    0 |                        0 |                        0 |       0 |
| model.predictor.transformer.layers.1.mlp.net.4          |               393408 |                        0 |                        0 |       0 |
| model.predictor.transformer.layers.1.mlp.net.5          |                    0 |                        0 |                        0 |       0 |
| model.predictor.transformer.layers.1.norm1              |                    0 |                        0 |                        0 |       0 |
| model.predictor.transformer.layers.1.norm2              |                    0 |                        0 |                        0 |       0 |
| model.predictor.transformer.layers.1.adaLN_modulation   |               222336 |                        0 |                        0 |       0 |
| model.predictor.transformer.layers.1.adaLN_modulation.0 |                    0 |                        0 |                        0 |       0 |
| model.predictor.transformer.layers.1.adaLN_modulation.1 |               222336 |                        0 |                        0 |       0 |
| model.predictor.transformer.layers.2                    |              1798400 |                        0 |                        0 |       0 |
| model.predictor.transformer.layers.2.attn               |               787008 |                        0 |                        0 |       0 |
| model.predictor.transformer.layers.2.attn.norm          |                  384 |                        0 |                        0 |       0 |
| model.predictor.transformer.layers.2.attn.attend        |                    0 |                        0 |                        0 |       0 |
| model.predictor.transformer.layers.2.attn.to_qkv        |               589824 |                        0 |                        0 |       0 |
| model.predictor.transformer.layers.2.attn.to_out        |               196800 |                        0 |                        0 |       0 |
| model.predictor.transformer.layers.2.attn.to_out.0      |               196800 |                        0 |                        0 |       0 |
| model.predictor.transformer.layers.2.attn.to_out.1      |                    0 |                        0 |                        0 |       0 |
| model.predictor.transformer.layers.2.mlp                |               789056 |                        0 |                        0 |       0 |
| model.predictor.transformer.layers.2.mlp.net            |               789056 |                        0 |                        0 |       0 |
| model.predictor.transformer.layers.2.mlp.net.0          |                  384 |                        0 |                        0 |       0 |
| model.predictor.transformer.layers.2.mlp.net.1          |               395264 |                        0 |                        0 |       0 |
| model.predictor.transformer.layers.2.mlp.net.2          |                    0 |                        0 |                        0 |       0 |
| model.predictor.transformer.layers.2.mlp.net.3          |                    0 |                        0 |                        0 |       0 |
| model.predictor.transformer.layers.2.mlp.net.4          |               393408 |                        0 |                        0 |       0 |
| model.predictor.transformer.layers.2.mlp.net.5          |                    0 |                        0 |                        0 |       0 |
| model.predictor.transformer.layers.2.norm1              |                    0 |                        0 |                        0 |       0 |
| model.predictor.transformer.layers.2.norm2              |                    0 |                        0 |                        0 |       0 |
| model.predictor.transformer.layers.2.adaLN_modulation   |               222336 |                        0 |                        0 |       0 |
| model.predictor.transformer.layers.2.adaLN_modulation.0 |                    0 |                        0 |                        0 |       0 |
| model.predictor.transformer.layers.2.adaLN_modulation.1 |               222336 |                        0 |                        0 |       0 |
| model.predictor.transformer.layers.3                    |              1798400 |                        0 |                        0 |       0 |
| model.predictor.transformer.layers.3.attn               |               787008 |                        0 |                        0 |       0 |
| model.predictor.transformer.layers.3.attn.norm          |                  384 |                        0 |                        0 |       0 |
| model.predictor.transformer.layers.3.attn.attend        |                    0 |                        0 |                        0 |       0 |
| model.predictor.transformer.layers.3.attn.to_qkv        |               589824 |                        0 |                        0 |       0 |
| model.predictor.transformer.layers.3.attn.to_out        |               196800 |                        0 |                        0 |       0 |
| model.predictor.transformer.layers.3.attn.to_out.0      |               196800 |                        0 |                        0 |       0 |
| model.predictor.transformer.layers.3.attn.to_out.1      |                    0 |                        0 |                        0 |       0 |
| model.predictor.transformer.layers.3.mlp                |               789056 |                        0 |                        0 |       0 |
| model.predictor.transformer.layers.3.mlp.net            |               789056 |                        0 |                        0 |       0 |
| model.predictor.transformer.layers.3.mlp.net.0          |                  384 |                        0 |                        0 |       0 |
| model.predictor.transformer.layers.3.mlp.net.1          |               395264 |                        0 |                        0 |       0 |
| model.predictor.transformer.layers.3.mlp.net.2          |                    0 |                        0 |                        0 |       0 |
| model.predictor.transformer.layers.3.mlp.net.3          |                    0 |                        0 |                        0 |       0 |
| model.predictor.transformer.layers.3.mlp.net.4          |               393408 |                        0 |                        0 |       0 |
| model.predictor.transformer.layers.3.mlp.net.5          |                    0 |                        0 |                        0 |       0 |
| model.predictor.transformer.layers.3.norm1              |                    0 |                        0 |                        0 |       0 |
| model.predictor.transformer.layers.3.norm2              |                    0 |                        0 |                        0 |       0 |
| model.predictor.transformer.layers.3.adaLN_modulation   |               222336 |                        0 |                        0 |       0 |
| model.predictor.transformer.layers.3.adaLN_modulation.0 |                    0 |                        0 |                        0 |       0 |
| model.predictor.transformer.layers.3.adaLN_modulation.1 |               222336 |                        0 |                        0 |       0 |
| model.predictor.transformer.layers.4                    |              1798400 |                        0 |                        0 |       0 |
| model.predictor.transformer.layers.4.attn               |               787008 |                        0 |                        0 |       0 |
| model.predictor.transformer.layers.4.attn.norm          |                  384 |                        0 |                        0 |       0 |
| model.predictor.transformer.layers.4.attn.attend        |                    0 |                        0 |                        0 |       0 |
| model.predictor.transformer.layers.4.attn.to_qkv        |               589824 |                        0 |                        0 |       0 |
| model.predictor.transformer.layers.4.attn.to_out        |               196800 |                        0 |                        0 |       0 |
| model.predictor.transformer.layers.4.attn.to_out.0      |               196800 |                        0 |                        0 |       0 |
| model.predictor.transformer.layers.4.attn.to_out.1      |                    0 |                        0 |                        0 |       0 |
| model.predictor.transformer.layers.4.mlp                |               789056 |                        0 |                        0 |       0 |
| model.predictor.transformer.layers.4.mlp.net            |               789056 |                        0 |                        0 |       0 |
| model.predictor.transformer.layers.4.mlp.net.0          |                  384 |                        0 |                        0 |       0 |
| model.predictor.transformer.layers.4.mlp.net.1          |               395264 |                        0 |                        0 |       0 |
| model.predictor.transformer.layers.4.mlp.net.2          |                    0 |                        0 |                        0 |       0 |
| model.predictor.transformer.layers.4.mlp.net.3          |                    0 |                        0 |                        0 |       0 |
| model.predictor.transformer.layers.4.mlp.net.4          |               393408 |                        0 |                        0 |       0 |
| model.predictor.transformer.layers.4.mlp.net.5          |                    0 |                        0 |                        0 |       0 |
| model.predictor.transformer.layers.4.norm1              |                    0 |                        0 |                        0 |       0 |
| model.predictor.transformer.layers.4.norm2              |                    0 |                        0 |                        0 |       0 |
| model.predictor.transformer.layers.4.adaLN_modulation   |               222336 |                        0 |                        0 |       0 |
| model.predictor.transformer.layers.4.adaLN_modulation.0 |                    0 |                        0 |                        0 |       0 |
| model.predictor.transformer.layers.4.adaLN_modulation.1 |               222336 |                        0 |                        0 |       0 |
| model.predictor.transformer.layers.5                    |              1798400 |                        0 |                        0 |       0 |
| model.predictor.transformer.layers.5.attn               |               787008 |                        0 |                        0 |       0 |
| model.predictor.transformer.layers.5.attn.norm          |                  384 |                        0 |                        0 |       0 |
| model.predictor.transformer.layers.5.attn.attend        |                    0 |                        0 |                        0 |       0 |
| model.predictor.transformer.layers.5.attn.to_qkv        |               589824 |                        0 |                        0 |       0 |
| model.predictor.transformer.layers.5.attn.to_out        |               196800 |                        0 |                        0 |       0 |
| model.predictor.transformer.layers.5.attn.to_out.0      |               196800 |                        0 |                        0 |       0 |
| model.predictor.transformer.layers.5.attn.to_out.1      |                    0 |                        0 |                        0 |       0 |
| model.predictor.transformer.layers.5.mlp                |               789056 |                        0 |                        0 |       0 |
| model.predictor.transformer.layers.5.mlp.net            |               789056 |                        0 |                        0 |       0 |
| model.predictor.transformer.layers.5.mlp.net.0          |                  384 |                        0 |                        0 |       0 |
| model.predictor.transformer.layers.5.mlp.net.1          |               395264 |                        0 |                        0 |       0 |
| model.predictor.transformer.layers.5.mlp.net.2          |                    0 |                        0 |                        0 |       0 |
| model.predictor.transformer.layers.5.mlp.net.3          |                    0 |                        0 |                        0 |       0 |
| model.predictor.transformer.layers.5.mlp.net.4          |               393408 |                        0 |                        0 |       0 |
| model.predictor.transformer.layers.5.mlp.net.5          |                    0 |                        0 |                        0 |       0 |
| model.predictor.transformer.layers.5.norm1              |                    0 |                        0 |                        0 |       0 |
| model.predictor.transformer.layers.5.norm2              |                    0 |                        0 |                        0 |       0 |
| model.predictor.transformer.layers.5.adaLN_modulation   |               222336 |                        0 |                        0 |       0 |
| model.predictor.transformer.layers.5.adaLN_modulation.0 |                    0 |                        0 |                        0 |       0 |
| model.predictor.transformer.layers.5.adaLN_modulation.1 |               222336 |                        0 |                        0 |       0 |
| model.predictor.transformer.input_proj                  |                    0 |                        0 |                        0 |       0 |
| model.predictor.transformer.cond_proj                   |                    0 |                        0 |                        0 |       0 |
| model.predictor.transformer.output_proj                 |                    0 |                        0 |                        0 |       0 |
| model.action_encoder                                    |               156146 |                        0 |                        0 |       0 |
| model.action_encoder.patch_embed                        |                   50 |                        0 |                        0 |       0 |
| model.action_encoder.embed                              |               156096 |                        0 |                        0 |       0 |
| model.action_encoder.embed.0                            |                 8448 |                        0 |                        0 |       0 |
| model.action_encoder.embed.1                            |                    0 |                        0 |                        0 |       0 |
| model.action_encoder.embed.2                            |               147648 |                        0 |                        0 |       0 |
| model.projector                                         |               792768 |                        0 |                        0 |    4097 |
| model.projector.net                                     |               792768 |                        0 |                        0 |    4097 |
| model.projector.net.0                                   |               395264 |                        0 |                        0 |       0 |
| model.projector.net.1                                   |                 4096 |                        0 |                        0 |    4097 |
| model.projector.net.2                                   |                    0 |                        0 |                        0 |       0 |
| model.projector.net.3                                   |               393408 |                        0 |                        0 |       0 |
| model.pred_proj                                         |               792768 |                        0 |                        0 |    4097 |
| model.pred_proj.net                                     |               792768 |                        0 |                        0 |    4097 |
| model.pred_proj.net.0                                   |               395264 |                        0 |                        0 |       0 |
| model.pred_proj.net.1                                   |                 4096 |                        0 |                        0 |    4097 |
| model.pred_proj.net.2                                   |                    0 |                        0 |                        0 |       0 |
| model.pred_proj.net.3                                   |               393408 |                        0 |                        0 |       0 |
| model.probe_head                                        |                 6152 |                        0 |                        0 |       0 |
| sigreg                                                  |                    0 |                        0 |                        0 |      51 |
+---------------------------------------------------------+----------------------+--------------------------+--------------------------+---------+
22:29:27 | INFO  | utils.py    | ── SLURM ─────────────────────────────────────────
22:29:27 | INFO  | trainer_inf~|   Job ID: N/A
22:29:27 | INFO  | trainer_inf~|   Task ID: N/A
22:29:27 | INFO  | trainer_inf~|   Job Name: N/A
22:29:27 | INFO  | trainer_inf~|   Nodes: N/A
22:29:27 | INFO  | trainer_inf~|   Tasks: N/A
22:29:27 | INFO  | trainer_inf~|   CPUs per node: N/A
22:29:27 | INFO  | trainer_inf~|   CPUs per task: N/A
22:29:27 | INFO  | trainer_inf~|   Memory per node: N/A
22:29:27 | INFO  | trainer_inf~|   Memory per CPU: N/A
22:29:27 | INFO  | trainer_inf~|   Time limit: N/A
22:29:27 | INFO  | trainer_inf~|   Partition: N/A
22:29:27 | INFO  | trainer_inf~|   Node List: N/A
22:29:27 | INFO  | trainer_inf~|   Submit Directory: N/A
22:29:27 | INFO  | utils.py    | ── HardwareMonitor ───────────────────────────────
22:29:27 | INFO  | hardware_mo~|   interval: 10.0s
22:29:27 | INFO  | hardware_mo~|   prefix:   'hardware/'
22:29:27 | INFO  | hardware_mo~|   metrics:  cpu=True ram=True disk=True net=True gpu=True
22:29:27 | INFO  | hardware_mo~|   per-rank: rank 0 only
LOCAL_RANK: 0 - CUDA_VISIBLE_DEVICES: [0]
22:29:27 | WARN  | hardware_mo~| HardwareMonitor: pynvml unavailable (ModuleNotFoundError("No module named 'pynvml'")); GPU metrics disabled.
22:29:28 | INFO  | utils.py    | ── Optimizers ────────────────────────────────────
22:29:28 | INFO  | module.py   |   Optimizer specified by Dict with keys ['model_opt']
22:29:28 | INFO  | module.py   | 
┏━━━━━━━━━━━━━┳━━━━━━━━━━━┳━━━━━━━━━━━━━━━━━━━┳━━━━━━━━━━━━━━━━━┳━━━━━━━━━━━━━━━━┳━━━━━━━━━━━━━━━━━━━━━━━━┓
┃ Optimizer   ┃ Pattern   ┃   Matched Modules ┃   Param Tensors ┃   Total Params ┃   RequiresGrad Tensors ┃
┣━━━━━━━━━━━━━╋━━━━━━━━━━━╋━━━━━━━━━━━━━━━━━━━╋━━━━━━━━━━━━━━━━━╋━━━━━━━━━━━━━━━━╋━━━━━━━━━━━━━━━━━━━━━━━━┫
┃ model_opt   ┃ model     ┃               317 ┃             299 ┃       18040570 ┃                    299 ┃
┗━━━━━━━━━━━━━┻━━━━━━━━━━━┻━━━━━━━━━━━━━━━━━━━┻━━━━━━━━━━━━━━━━━┻━━━━━━━━━━━━━━━━┻━━━━━━━━━━━━━━━━━━━━━━━━┛
22:29:28 | INFO  | lr_schedule~| 	User provided a dict
Loading `train_dataloader` to estimate number of stepping batches.
/home/likun-share/junjxu/wm/le-wm/.venv/lib/python3.10/site-packages/lance/__init__.py:320: UserWarning: lance is not fork-safe. If you are using multiprocessing, use spawn or forkserver instead.
  warnings.warn(
/usr/lib/python3.10/multiprocessing/popen_fork.py:66: RuntimeWarning: lancedb fork support is experimental: the internal async runtime has been reset in the forked child, but a small chance of deadlock remains if other state was mid-operation at fork time. The 'forkserver' or 'spawn' multiprocessing start method is likely a safer alternative.
  self.pid = os.fork()
/home/likun-share/junjxu/wm/le-wm/.venv/lib/python3.10/site-packages/lance/__init__.py:320: UserWarning: lance is not fork-safe. If you are using multiprocessing, use spawn or forkserver instead.
  warnings.warn(
/usr/lib/python3.10/multiprocessing/popen_fork.py:66: RuntimeWarning: lancedb fork support is experimental: the internal async runtime has been reset in the forked child, but a small chance of deadlock remains if other state was mid-operation at fork time. The 'forkserver' or 'spawn' multiprocessing start method is likely a safer alternative.
  self.pid = os.fork()
22:29:29 | OK    | env_info.py | ✓ NVIDIA Driver: 580.65.06
/home/likun-share/junjxu/wm/le-wm/.venv/lib/python3.10/site-packages/lance/__init__.py:320: UserWarning: lance is not fork-safe. If you are using multiprocessing, use spawn or forkserver instead.
  warnings.warn(
/usr/lib/python3.10/multiprocessing/popen_fork.py:66: RuntimeWarning: lancedb fork support is experimental: the internal async runtime has been reset in the forked child, but a small chance of deadlock remains if other state was mid-operation at fork time. The 'forkserver' or 'spawn' multiprocessing start method is likely a safer alternative.
  self.pid = os.fork()
/home/likun-share/junjxu/wm/le-wm/.venv/lib/python3.10/site-packages/lance/__init__.py:320: UserWarning: lance is not fork-safe. If you are using multiprocessing, use spawn or forkserver instead.
  warnings.warn(
/usr/lib/python3.10/multiprocessing/popen_fork.py:66: RuntimeWarning: lancedb fork support is experimental: the internal async runtime has been reset in the forked child, but a small chance of deadlock remains if other state was mid-operation at fork time. The 'forkserver' or 'spawn' multiprocessing start method is likely a safer alternative.
  self.pid = os.fork()
/usr/lib/python3.10/multiprocessing/popen_fork.py:66: RuntimeWarning: lancedb fork support is experimental: the internal async runtime has been reset in the forked child, but a small chance of deadlock remains if other state was mid-operation at fork time. The 'forkserver' or 'spawn' multiprocessing start method is likely a safer alternative.
  self.pid = os.fork()
/usr/lib/python3.10/multiprocessing/popen_fork.py:66: RuntimeWarning: lancedb fork support is experimental: the internal async runtime has been reset in the forked child, but a small chance of deadlock remains if other state was mid-operation at fork time. The 'forkserver' or 'spawn' multiprocessing start method is likely a safer alternative.
  self.pid = os.fork()
22:29:30 | INFO  | module.py   |   Configured optimizer 'model_opt' (modules=317, param_tensors=299, total_params=18040570) with LinearWarmupCosineAnnealingLR scheduler.
/home/likun-share/junjxu/wm/le-wm/.venv/lib/python3.10/site-packages/lightning/pytorch/utilities/model_summary/model_summary.py:242: Precision bf16-mixed is not supported by the model summary.  Estimated model size in MB will not be accurate. Using 32 bits instead.
┏━━━┳━━━━━━━━━━━━━━━━━━━┳━━━━━━━━━━━━┳━━━━━━━━┳━━━━━━━┳━━━━━━━┓
┃   ┃ Name              ┃ Type       ┃ Params ┃ Mode  ┃ FLOPs ┃
┡━━━╇━━━━━━━━━━━━━━━━━━━╇━━━━━━━━━━━━╇━━━━━━━━╇━━━━━━━╇━━━━━━━┩
│ 0 │ callbacks_modules │ ModuleDict │      0 │ train │     0 │
│ 1 │ callbacks_metrics │ ModuleDict │      0 │ train │     0 │
│ 2 │ model             │ JEPA       │ 18.0 M │ train │     0 │
│ 3 │ sigreg            │ SIGReg     │      0 │ train │     0 │
└───┴───────────────────┴────────────┴────────┴───────┴───────┘
Trainable params: 18.0 M                                                        
Non-trainable params: 0                                                         
Total params: 18.0 M                                                            
Total estimated model params size (MB): 72.162                                  
Modules in train mode: 320                                                      
Modules in eval mode: 0                                                         
Total FLOPs: 0                                                                  
22:29:30 | INFO  | logger.py   | [RegistryLogger] summary.json flushed (0 metrics, step=0, epoch=0) → /data1/likun-share/junjxu/.cache_stable-pretraining/runs/20260605/222920/b037c2ac7b5d/summary.json
/usr/lib/python3.10/multiprocessing/popen_fork.py:66: RuntimeWarning: lancedb fork support is experimental: the internal async runtime has been reset in the forked child, but a small chance of deadlock remains if other state was mid-operation at fork time. The 'forkserver' or 'spawn' multiprocessing start method is likely a safer alternative.
  self.pid = os.fork()
/usr/lib/python3.10/multiprocessing/popen_fork.py:66: RuntimeWarning: lancedb fork support is experimental: the internal async runtime has been reset in the forked child, but a small chance of deadlock remains if other state was mid-operation at fork time. The 'forkserver' or 'spawn' multiprocessing start method is likely a safer alternative.
  self.pid = os.fork()
/usr/lib/python3.10/multiprocessing/popen_fork.py:66: RuntimeWarning: lancedb fork support is experimental: the internal async runtime has been reset in the forked child, but a small chance of deadlock remains if other state was mid-operation at fork time. The 'forkserver' or 'spawn' multiprocessing start method is likely a safer alternative.
  self.pid = os.fork()
/usr/lib/python3.10/multiprocessing/popen_fork.py:66: RuntimeWarning: lancedb fork support is experimental: the internal async runtime has been reset in the forked child, but a small chance of deadlock remains if other state was mid-operation at fork time. The 'forkserver' or 'spawn' multiprocessing start method is likely a safer alternative.
  self.pid = os.fork()
/usr/lib/python3.10/multiprocessing/popen_fork.py:66: RuntimeWarning: lancedb fork support is experimental: the internal async runtime has been reset in the forked child, but a small chance of deadlock remains if other state was mid-operation at fork time. The 'forkserver' or 'spawn' multiprocessing start method is likely a safer alternative.
  self.pid = os.fork()
/usr/lib/python3.10/multiprocessing/popen_fork.py:66: RuntimeWarning: lancedb fork support is experimental: the internal async runtime has been reset in the forked child, but a small chance of deadlock remains if other state was mid-operation at fork time. The 'forkserver' or 'spawn' multiprocessing start method is likely a safer alternative.
  self.pid = os.fork()
/home/likun-share/junjxu/wm/le-wm/.venv/lib/python3.10/site-packages/lightning/pytorch/utilities/data.py:79: Trying to infer the `batch_size` from an ambiguous collection. The batch size we found is 128. To avoid any miscalculations, use `self.log(..., batch_size=batch_size)`.
22:30:19 | INFO  | trainer_inf~| \n+----------------------------+--------------------+
|           Metric           |       Value        |
+----------------------------+--------------------+
|       [0;34;40mvalidate/loss[0m        | [0;32;40m14.765562057495117[0m |
|    [0;34;40mvalidate/loss_epoch[0m     | [0;32;40m14.765562057495117[0m |
|     [0;34;40mvalidate/pred_loss[0m     | [0;32;40m0.4276570975780487[0m |
|  [0;34;40mvalidate/pred_loss_epoch[0m  | [0;32;40m0.4276570975780487[0m |
|    [0;34;40mvalidate/probe_loss[0m     | [0;32;40m0.7369154691696167[0m |
| [0;34;40mvalidate/probe_loss_epoch[0m  | [0;32;40m0.7369154691696167[0m |
|    [0;34;40mvalidate/sigreg_loss[0m    |        [0;32;40m77.5[0m        |
| [0;34;40mvalidate/sigreg_loss_epoch[0m |        [0;32;40m77.5[0m        |
+----------------------------+--------------------+
22:30:19 | WARN  | hf_models.py| ! No Hugging Face (PreTrainedModel) submodules found in LightningModule.
22:30:19 | INFO  | utils.py    | ── Optimizers ────────────────────────────────────
22:30:19 | INFO  | module.py   |   self.optimizers() gave us 1 optimizers
22:30:19 | WARN  | module.py   | ! No clip val found for optimizer default_0
22:30:19 | WARN  | module.py   | ! Will use the Trainer's value of 1.0
22:30:19 | WARN  | module.py   | ! No clip algorithm found for optimizer default_0
22:30:19 | WARN  | module.py   | ! Will use the Trainer's value of None
22:30:19 | OK    | module.py   | ✓ Optimizer check complete:
+------------+-----------+----------------+-----------+-----------+
| Opt. Index | Opt. name |      opt       | clip val. | clip alg. |
+------------+-----------+----------------+-----------+-----------+
|     0      | default_0 | LightningAdamW |    1.0    |    None   |
+------------+-----------+----------------+-----------+-----------+
22:30:20 | INFO  | utils.py    | ── LogUnusedParametersOnce ───────────────────────
22:30:20 | INFO  | unused_para~|   registered hooks on 299 leaf parameters
22:30:32 | ERROR | contextlib.~| 
================================================================================
💥 EXCEPTION CAUGHT
================================================================================
Type: OutOfMemoryError
Message: CUDA out of memory. Tried to allocate 194.00 MiB. GPU 0 has a total capacity of 79.25 GiB of which 153.88 MiB is free. Process 476569 has 13.81 GiB memory in use. Process 476555 has 13.81 GiB memory in use. Process 480993 has 13.81 GiB memory in use. Process 480979 has 11.55 GiB memory in use. Including non-PyTorch memory, this process has 12.89 GiB memory in use. Process 480964 has 13.10 GiB memory in use. Of the allocated memory 12.05 GiB is allocated by PyTorch, and 334.02 MiB is reserved by PyTorch but unallocated. If reserved but unallocated memory is large try setting PYTORCH_CUDA_ALLOC_CONF=expandable_segments:True to avoid fragmentation.  See documentation for Memory Management  (https://pytorch.org/docs/stable/notes/cuda.html#environment-variables)
================================================================================
TRACEBACK:
Traceback (most recent call last):
  File "/home/likun-share/junjxu/wm/le-wm/.venv/lib/python3.10/site-packages/stable_pretraining/utils/error_handling.py", line 30, in catch_errors
    yield
  File "/home/likun-share/junjxu/wm/le-wm/.venv/lib/python3.10/site-packages/stable_pretraining/utils/error_handling.py", line 72, in wrapper
    return func(*args, **kwargs)
  File "/home/likun-share/junjxu/wm/le-wm/.venv/lib/python3.10/site-packages/stable_pretraining/module.py", line 320, in training_step
    self.manual_backward(state["loss"])
  File "/home/likun-share/junjxu/wm/le-wm/.venv/lib/python3.10/site-packages/lightning/pytorch/core/module.py", line 1118, in manual_backward
    self.trainer.strategy.backward(loss, None, *args, **kwargs)
  File "/home/likun-share/junjxu/wm/le-wm/.venv/lib/python3.10/site-packages/lightning/pytorch/strategies/strategy.py", line 213, in backward
    self.precision_plugin.backward(closure_loss, self.lightning_module, optimizer, *args, **kwargs)
  File "/home/likun-share/junjxu/wm/le-wm/.venv/lib/python3.10/site-packages/lightning/pytorch/plugins/precision/precision.py", line 73, in backward
    model.backward(tensor, *args, **kwargs)
  File "/home/likun-share/junjxu/wm/le-wm/.venv/lib/python3.10/site-packages/lightning/pytorch/core/module.py", line 1137, in backward
    loss.backward(*args, **kwargs)
  File "/home/likun-share/junjxu/wm/le-wm/.venv/lib/python3.10/site-packages/torch/_tensor.py", line 625, in backward
    torch.autograd.backward(
  File "/home/likun-share/junjxu/wm/le-wm/.venv/lib/python3.10/site-packages/torch/autograd/__init__.py", line 354, in backward
    _engine_run_backward(
  File "/home/likun-share/junjxu/wm/le-wm/.venv/lib/python3.10/site-packages/torch/autograd/graph.py", line 841, in _engine_run_backward
    return Variable._execution_engine.run_backward(  # Calls into the C++ engine to run the backward pass
torch.OutOfMemoryError: CUDA out of memory. Tried to allocate 194.00 MiB. GPU 0 has a total capacity of 79.25 GiB of which 153.88 MiB is free. Process 476569 has 13.81 GiB memory in use. Process 476555 has 13.81 GiB memory in use. Process 480993 has 13.81 GiB memory in use. Process 480979 has 11.55 GiB memory in use. Including non-PyTorch memory, this process has 12.89 GiB memory in use. Process 480964 has 13.10 GiB memory in use. Of the allocated memory 12.05 GiB is allocated by PyTorch, and 334.02 MiB is reserved by PyTorch but unallocated. If reserved but unallocated memory is large try setting PYTORCH_CUDA_ALLOC_CONF=expandable_segments:True to avoid fragmentation.  See documentation for Memory Management  (https://pytorch.org/docs/stable/notes/cuda.html#environment-variables)
================================================================================


================================================================================
💥 EXCEPTION CAUGHT
================================================================================
Type: OutOfMemoryError
Message: CUDA out of memory. Tried to allocate 194.00 MiB. GPU 0 has a total capacity of 79.25 GiB of which 153.88 MiB is free. Process 476569 has 13.81 GiB memory in use. Process 476555 has 13.81 GiB memory in use. Process 480993 has 13.81 GiB memory in use. Process 480979 has 11.55 GiB memory in use. Including non-PyTorch memory, this process has 12.89 GiB memory in use. Process 480964 has 13.10 GiB memory in use. Of the allocated memory 12.05 GiB is allocated by PyTorch, and 334.02 MiB is reserved by PyTorch but unallocated. If reserved but unallocated memory is large try setting PYTORCH_CUDA_ALLOC_CONF=expandable_segments:True to avoid fragmentation.  See documentation for Memory Management  (https://pytorch.org/docs/stable/notes/cuda.html#environment-variables)
================================================================================
TRACEBACK:
Traceback (most recent call last):
  File "/home/likun-share/junjxu/wm/le-wm/.venv/lib/python3.10/site-packages/stable_pretraining/utils/error_handling.py", line 30, in catch_errors
    yield
  File "/home/likun-share/junjxu/wm/le-wm/.venv/lib/python3.10/site-packages/stable_pretraining/utils/error_handling.py", line 72, in wrapper
    return func(*args, **kwargs)
  File "/home/likun-share/junjxu/wm/le-wm/.venv/lib/python3.10/site-packages/stable_pretraining/module.py", line 320, in training_step
    self.manual_backward(state["loss"])
  File "/home/likun-share/junjxu/wm/le-wm/.venv/lib/python3.10/site-packages/lightning/pytorch/core/module.py", line 1118, in manual_backward
    self.trainer.strategy.backward(loss, None, *args, **kwargs)
  File "/home/likun-share/junjxu/wm/le-wm/.venv/lib/python3.10/site-packages/lightning/pytorch/strategies/strategy.py", line 213, in backward
    self.precision_plugin.backward(closure_loss, self.lightning_module, optimizer, *args, **kwargs)
  File "/home/likun-share/junjxu/wm/le-wm/.venv/lib/python3.10/site-packages/lightning/pytorch/plugins/precision/precision.py", line 73, in backward
    model.backward(tensor, *args, **kwargs)
  File "/home/likun-share/junjxu/wm/le-wm/.venv/lib/python3.10/site-packages/lightning/pytorch/core/module.py", line 1137, in backward
    loss.backward(*args, **kwargs)
  File "/home/likun-share/junjxu/wm/le-wm/.venv/lib/python3.10/site-packages/torch/_tensor.py", line 625, in backward
    torch.autograd.backward(
  File "/home/likun-share/junjxu/wm/le-wm/.venv/lib/python3.10/site-packages/torch/autograd/__init__.py", line 354, in backward
    _engine_run_backward(
  File "/home/likun-share/junjxu/wm/le-wm/.venv/lib/python3.10/site-packages/torch/autograd/graph.py", line 841, in _engine_run_backward
    return Variable._execution_engine.run_backward(  # Calls into the C++ engine to run the backward pass
torch.OutOfMemoryError: CUDA out of memory. Tried to allocate 194.00 MiB. GPU 0 has a total capacity of 79.25 GiB of which 153.88 MiB is free. Process 476569 has 13.81 GiB memory in use. Process 476555 has 13.81 GiB memory in use. Process 480993 has 13.81 GiB memory in use. Process 480979 has 11.55 GiB memory in use. Including non-PyTorch memory, this process has 12.89 GiB memory in use. Process 480964 has 13.10 GiB memory in use. Of the allocated memory 12.05 GiB is allocated by PyTorch, and 334.02 MiB is reserved by PyTorch but unallocated. If reserved but unallocated memory is large try setting PYTORCH_CUDA_ALLOC_CONF=expandable_segments:True to avoid fragmentation.  See documentation for Memory Management  (https://pytorch.org/docs/stable/notes/cuda.html#environment-variables)
================================================================================


================================================================================
💥 EXCEPTION CAUGHT
================================================================================
Type: OutOfMemoryError
Message: CUDA out of memory. Tried to allocate 194.00 MiB. GPU 0 has a total capacity of 79.25 GiB of which 153.88 MiB is free. Process 476569 has 13.81 GiB memory in use. Process 476555 has 13.81 GiB memory in use. Process 480993 has 13.81 GiB memory in use. Process 480979 has 11.55 GiB memory in use. Including non-PyTorch memory, this process has 12.89 GiB memory in use. Process 480964 has 13.10 GiB memory in use. Of the allocated memory 12.05 GiB is allocated by PyTorch, and 334.02 MiB is reserved by PyTorch but unallocated. If reserved but unallocated memory is large try setting PYTORCH_CUDA_ALLOC_CONF=expandable_segments:True to avoid fragmentation.  See documentation for Memory Management  (https://pytorch.org/docs/stable/notes/cuda.html#environment-variables)
================================================================================
TRACEBACK:
Traceback (most recent call last):
  File "/home/likun-share/junjxu/wm/le-wm/.venv/lib/python3.10/site-packages/stable_pretraining/utils/error_handling.py", line 30, in catch_errors
    yield
  File "/home/likun-share/junjxu/wm/le-wm/.venv/lib/python3.10/site-packages/stable_pretraining/utils/error_handling.py", line 72, in wrapper
    return func(*args, **kwargs)
  File "/home/likun-share/junjxu/wm/le-wm/.venv/lib/python3.10/site-packages/stable_pretraining/module.py", line 320, in training_step
    self.manual_backward(state["loss"])
  File "/home/likun-share/junjxu/wm/le-wm/.venv/lib/python3.10/site-packages/lightning/pytorch/core/module.py", line 1118, in manual_backward
    self.trainer.strategy.backward(loss, None, *args, **kwargs)
  File "/home/likun-share/junjxu/wm/le-wm/.venv/lib/python3.10/site-packages/lightning/pytorch/strategies/strategy.py", line 213, in backward
    self.precision_plugin.backward(closure_loss, self.lightning_module, optimizer, *args, **kwargs)
  File "/home/likun-share/junjxu/wm/le-wm/.venv/lib/python3.10/site-packages/lightning/pytorch/plugins/precision/precision.py", line 73, in backward
    model.backward(tensor, *args, **kwargs)
  File "/home/likun-share/junjxu/wm/le-wm/.venv/lib/python3.10/site-packages/lightning/pytorch/core/module.py", line 1137, in backward
    loss.backward(*args, **kwargs)
  File "/home/likun-share/junjxu/wm/le-wm/.venv/lib/python3.10/site-packages/torch/_tensor.py", line 625, in backward
    torch.autograd.backward(
  File "/home/likun-share/junjxu/wm/le-wm/.venv/lib/python3.10/site-packages/torch/autograd/__init__.py", line 354, in backward
    _engine_run_backward(
  File "/home/likun-share/junjxu/wm/le-wm/.venv/lib/python3.10/site-packages/torch/autograd/graph.py", line 841, in _engine_run_backward
    return Variable._execution_engine.run_backward(  # Calls into the C++ engine to run the backward pass
torch.OutOfMemoryError: CUDA out of memory. Tried to allocate 194.00 MiB. GPU 0 has a total capacity of 79.25 GiB of which 153.88 MiB is free. Process 476569 has 13.81 GiB memory in use. Process 476555 has 13.81 GiB memory in use. Process 480993 has 13.81 GiB memory in use. Process 480979 has 11.55 GiB memory in use. Including non-PyTorch memory, this process has 12.89 GiB memory in use. Process 480964 has 13.10 GiB memory in use. Of the allocated memory 12.05 GiB is allocated by PyTorch, and 334.02 MiB is reserved by PyTorch but unallocated. If reserved but unallocated memory is large try setting PYTORCH_CUDA_ALLOC_CONF=expandable_segments:True to avoid fragmentation.  See documentation for Memory Management  (https://pytorch.org/docs/stable/notes/cuda.html#environment-variables)
================================================================================

Epoch 0/19                                    0/203 0:00:12 • -:--:-- 0.00it/s 
22:30:37 | OK    | env_info.py | ✓ Git: main @ e17f3b3f
22:30:37 | INFO  | env_info.py |   Remote: git@github.com-xuustc99:XuUSTC99/wm.git
22:30:37 | WARN  | env_info.py | ! Working directory has uncommitted changes
22:30:37 | OK    | env_info.py | ✓ Environment: 4 relevant variables captured
22:30:37 | INFO  | env_info.py |   Serializing environment data...
22:30:37 | INFO  | env_info.py |   File exists, using version 43: environment_v43.json
22:30:37 | INFO  | env_info.py |   File exists, using version 43: requirements_frozen_v43.txt
22:30:37 | INFO  | env_info.py |   Save directory: /home/likun-share/.cache/stable-pretraining
22:30:37 | INFO  | env_info.py |   Writing environment to temp file...
22:30:37 | INFO  | env_info.py |   Moving to: environment_v43.json
22:30:37 | OK    | env_info.py | ✓ Environment file saved (2.7 KB)
22:30:37 | OK    | env_info.py | ✓ Requirements file saved (0.1 KB)

!!! TRAINER FIT FAILED — OutOfMemoryError: CUDA out of memory. Tried to allocate 194.00 MiB. GPU 0 has a total capacity of 79.25 GiB of which 153.88 MiB is free. Process 476569 has 13.81 GiB memory in use. Process 476555 has 13.81 GiB memory in use. Process 480993 has 13.81 GiB memory in use. Process 480979 has 11.55 GiB memory in use. Including non-PyTorch memory, this process has 12.89 GiB memory in use. Process 480964 has 13.10 GiB memory in use. Of the allocated memory 12.05 GiB is allocated by PyTorch, and 334.02 MiB is reserved by PyTorch but unallocated. If reserved but unallocated memory is large try setting PYTORCH_CUDA_ALLOC_CONF=expandable_segments:True to avoid fragmentation.  See documentation for Memory Management  (https://pytorch.org/docs/stable/notes/cuda.html#environment-variables)
    epoch=0/20, global_step=0

Traceback (most recent call last):
  File "/home/likun-share/junjxu/wm/le-wm/.venv/lib/python3.10/site-packages/stable_pretraining/manager.py", line 1761, in __call__
    self._trainer.fit(
  File "/home/likun-share/junjxu/wm/le-wm/.venv/lib/python3.10/site-packages/lightning/pytorch/trainer/trainer.py", line 584, in fit
    call._call_and_handle_interrupt(
  File "/home/likun-share/junjxu/wm/le-wm/.venv/lib/python3.10/site-packages/lightning/pytorch/trainer/call.py", line 49, in _call_and_handle_interrupt
    return trainer_fn(*args, **kwargs)
  File "/home/likun-share/junjxu/wm/le-wm/.venv/lib/python3.10/site-packages/lightning/pytorch/trainer/trainer.py", line 630, in _fit_impl
    self._run(model, ckpt_path=ckpt_path, weights_only=weights_only)
  File "/home/likun-share/junjxu/wm/le-wm/.venv/lib/python3.10/site-packages/lightning/pytorch/trainer/trainer.py", line 1079, in _run
    results = self._run_stage()
  File "/home/likun-share/junjxu/wm/le-wm/.venv/lib/python3.10/site-packages/lightning/pytorch/trainer/trainer.py", line 1123, in _run_stage
    self.fit_loop.run()
  File "/home/likun-share/junjxu/wm/le-wm/.venv/lib/python3.10/site-packages/lightning/pytorch/loops/fit_loop.py", line 217, in run
    self.advance()
  File "/home/likun-share/junjxu/wm/le-wm/.venv/lib/python3.10/site-packages/lightning/pytorch/loops/fit_loop.py", line 469, in advance
    self.epoch_loop.run(self._data_fetcher)
  File "/home/likun-share/junjxu/wm/le-wm/.venv/lib/python3.10/site-packages/lightning/pytorch/loops/training_epoch_loop.py", line 153, in run
    self.advance(data_fetcher)
  File "/home/likun-share/junjxu/wm/le-wm/.venv/lib/python3.10/site-packages/lightning/pytorch/loops/training_epoch_loop.py", line 354, in advance
    batch_output = self.manual_optimization.run(kwargs)
  File "/home/likun-share/junjxu/wm/le-wm/.venv/lib/python3.10/site-packages/lightning/pytorch/loops/optimization/manual.py", line 95, in run
    self.advance(kwargs)
  File "/home/likun-share/junjxu/wm/le-wm/.venv/lib/python3.10/site-packages/lightning/pytorch/loops/optimization/manual.py", line 115, in advance
    training_step_output = call._call_strategy_hook(trainer, "training_step", *kwargs.values())
  File "/home/likun-share/junjxu/wm/le-wm/.venv/lib/python3.10/site-packages/lightning/pytorch/trainer/call.py", line 329, in _call_strategy_hook
    output = fn(*args, **kwargs)
  File "/home/likun-share/junjxu/wm/le-wm/.venv/lib/python3.10/site-packages/lightning/pytorch/strategies/strategy.py", line 391, in training_step
    return self.lightning_module.training_step(*args, **kwargs)
  File "/home/likun-share/junjxu/wm/le-wm/.venv/lib/python3.10/site-packages/stable_pretraining/utils/error_handling.py", line 72, in wrapper
    return func(*args, **kwargs)
  File "/home/likun-share/junjxu/wm/le-wm/.venv/lib/python3.10/site-packages/stable_pretraining/module.py", line 320, in training_step
    self.manual_backward(state["loss"])
  File "/home/likun-share/junjxu/wm/le-wm/.venv/lib/python3.10/site-packages/lightning/pytorch/core/module.py", line 1118, in manual_backward
    self.trainer.strategy.backward(loss, None, *args, **kwargs)
  File "/home/likun-share/junjxu/wm/le-wm/.venv/lib/python3.10/site-packages/lightning/pytorch/strategies/strategy.py", line 213, in backward
    self.precision_plugin.backward(closure_loss, self.lightning_module, optimizer, *args, **kwargs)
  File "/home/likun-share/junjxu/wm/le-wm/.venv/lib/python3.10/site-packages/lightning/pytorch/plugins/precision/precision.py", line 73, in backward
    model.backward(tensor, *args, **kwargs)
  File "/home/likun-share/junjxu/wm/le-wm/.venv/lib/python3.10/site-packages/lightning/pytorch/core/module.py", line 1137, in backward
    loss.backward(*args, **kwargs)
  File "/home/likun-share/junjxu/wm/le-wm/.venv/lib/python3.10/site-packages/torch/_tensor.py", line 625, in backward
    torch.autograd.backward(
  File "/home/likun-share/junjxu/wm/le-wm/.venv/lib/python3.10/site-packages/torch/autograd/__init__.py", line 354, in backward
    _engine_run_backward(
  File "/home/likun-share/junjxu/wm/le-wm/.venv/lib/python3.10/site-packages/torch/autograd/graph.py", line 841, in _engine_run_backward
    return Variable._execution_engine.run_backward(  # Calls into the C++ engine to run the backward pass
torch.OutOfMemoryError: CUDA out of memory. Tried to allocate 194.00 MiB. GPU 0 has a total capacity of 79.25 GiB of which 153.88 MiB is free. Process 476569 has 13.81 GiB memory in use. Process 476555 has 13.81 GiB memory in use. Process 480993 has 13.81 GiB memory in use. Process 480979 has 11.55 GiB memory in use. Including non-PyTorch memory, this process has 12.89 GiB memory in use. Process 480964 has 13.10 GiB memory in use. Of the allocated memory 12.05 GiB is allocated by PyTorch, and 334.02 MiB is reserved by PyTorch but unallocated. If reserved but unallocated memory is large try setting PYTORCH_CUDA_ALLOC_CONF=expandable_segments:True to avoid fragmentation.  See documentation for Memory Management  (https://pytorch.org/docs/stable/notes/cuda.html#environment-variables)


!!! TRAINER FIT FAILED — OutOfMemoryError: CUDA out of memory. Tried to allocate 194.00 MiB. GPU 0 has a total capacity of 79.25 GiB of which 153.88 MiB is free. Process 476569 has 13.81 GiB memory in use. Process 476555 has 13.81 GiB memory in use. Process 480993 has 13.81 GiB memory in use. Process 480979 has 11.55 GiB memory in use. Including non-PyTorch memory, this process has 12.89 GiB memory in use. Process 480964 has 13.10 GiB memory in use. Of the allocated memory 12.05 GiB is allocated by PyTorch, and 334.02 MiB is reserved by PyTorch but unallocated. If reserved but unallocated memory is large try setting PYTORCH_CUDA_ALLOC_CONF=expandable_segments:True to avoid fragmentation.  See documentation for Memory Management  (https://pytorch.org/docs/stable/notes/cuda.html#environment-variables)
    epoch=0/20, global_step=0
Traceback (most recent call last):
  File "/home/likun-share/junjxu/wm/le-wm/.venv/lib/python3.10/site-packages/stable_pretraining/manager.py", line 1761, in __call__
    self._trainer.fit(
  File "/home/likun-share/junjxu/wm/le-wm/.venv/lib/python3.10/site-packages/lightning/pytorch/trainer/trainer.py", line 584, in fit
    call._call_and_handle_interrupt(
  File "/home/likun-share/junjxu/wm/le-wm/.venv/lib/python3.10/site-packages/lightning/pytorch/trainer/call.py", line 49, in _call_and_handle_interrupt
    return trainer_fn(*args, **kwargs)
  File "/home/likun-share/junjxu/wm/le-wm/.venv/lib/python3.10/site-packages/lightning/pytorch/trainer/trainer.py", line 630, in _fit_impl
    self._run(model, ckpt_path=ckpt_path, weights_only=weights_only)
  File "/home/likun-share/junjxu/wm/le-wm/.venv/lib/python3.10/site-packages/lightning/pytorch/trainer/trainer.py", line 1079, in _run
    results = self._run_stage()
  File "/home/likun-share/junjxu/wm/le-wm/.venv/lib/python3.10/site-packages/lightning/pytorch/trainer/trainer.py", line 1123, in _run_stage
    self.fit_loop.run()
  File "/home/likun-share/junjxu/wm/le-wm/.venv/lib/python3.10/site-packages/lightning/pytorch/loops/fit_loop.py", line 217, in run
    self.advance()
  File "/home/likun-share/junjxu/wm/le-wm/.venv/lib/python3.10/site-packages/lightning/pytorch/loops/fit_loop.py", line 469, in advance
    self.epoch_loop.run(self._data_fetcher)
  File "/home/likun-share/junjxu/wm/le-wm/.venv/lib/python3.10/site-packages/lightning/pytorch/loops/training_epoch_loop.py", line 153, in run
    self.advance(data_fetcher)
  File "/home/likun-share/junjxu/wm/le-wm/.venv/lib/python3.10/site-packages/lightning/pytorch/loops/training_epoch_loop.py", line 354, in advance
    batch_output = self.manual_optimization.run(kwargs)
  File "/home/likun-share/junjxu/wm/le-wm/.venv/lib/python3.10/site-packages/lightning/pytorch/loops/optimization/manual.py", line 95, in run
    self.advance(kwargs)
  File "/home/likun-share/junjxu/wm/le-wm/.venv/lib/python3.10/site-packages/lightning/pytorch/loops/optimization/manual.py", line 115, in advance
    training_step_output = call._call_strategy_hook(trainer, "training_step", *kwargs.values())
  File "/home/likun-share/junjxu/wm/le-wm/.venv/lib/python3.10/site-packages/lightning/pytorch/trainer/call.py", line 329, in _call_strategy_hook
    output = fn(*args, **kwargs)
  File "/home/likun-share/junjxu/wm/le-wm/.venv/lib/python3.10/site-packages/lightning/pytorch/strategies/strategy.py", line 391, in training_step
    return self.lightning_module.training_step(*args, **kwargs)
  File "/home/likun-share/junjxu/wm/le-wm/.venv/lib/python3.10/site-packages/stable_pretraining/utils/error_handling.py", line 72, in wrapper
    return func(*args, **kwargs)
  File "/home/likun-share/junjxu/wm/le-wm/.venv/lib/python3.10/site-packages/stable_pretraining/module.py", line 320, in training_step
    self.manual_backward(state["loss"])
  File "/home/likun-share/junjxu/wm/le-wm/.venv/lib/python3.10/site-packages/lightning/pytorch/core/module.py", line 1118, in manual_backward
    self.trainer.strategy.backward(loss, None, *args, **kwargs)
  File "/home/likun-share/junjxu/wm/le-wm/.venv/lib/python3.10/site-packages/lightning/pytorch/strategies/strategy.py", line 213, in backward
    self.precision_plugin.backward(closure_loss, self.lightning_module, optimizer, *args, **kwargs)
  File "/home/likun-share/junjxu/wm/le-wm/.venv/lib/python3.10/site-packages/lightning/pytorch/plugins/precision/precision.py", line 73, in backward
    model.backward(tensor, *args, **kwargs)
  File "/home/likun-share/junjxu/wm/le-wm/.venv/lib/python3.10/site-packages/lightning/pytorch/core/module.py", line 1137, in backward
    loss.backward(*args, **kwargs)
  File "/home/likun-share/junjxu/wm/le-wm/.venv/lib/python3.10/site-packages/torch/_tensor.py", line 625, in backward
    torch.autograd.backward(
  File "/home/likun-share/junjxu/wm/le-wm/.venv/lib/python3.10/site-packages/torch/autograd/__init__.py", line 354, in backward
    _engine_run_backward(
  File "/home/likun-share/junjxu/wm/le-wm/.venv/lib/python3.10/site-packages/torch/autograd/graph.py", line 841, in _engine_run_backward
    return Variable._execution_engine.run_backward(  # Calls into the C++ engine to run the backward pass
torch.OutOfMemoryError: CUDA out of memory. Tried to allocate 194.00 MiB. GPU 0 has a total capacity of 79.25 GiB of which 153.88 MiB is free. Process 476569 has 13.81 GiB memory in use. Process 476555 has 13.81 GiB memory in use. Process 480993 has 13.81 GiB memory in use. Process 480979 has 11.55 GiB memory in use. Including non-PyTorch memory, this process has 12.89 GiB memory in use. Process 480964 has 13.10 GiB memory in use. Of the allocated memory 12.05 GiB is allocated by PyTorch, and 334.02 MiB is reserved by PyTorch but unallocated. If reserved but unallocated memory is large try setting PYTORCH_CUDA_ALLOC_CONF=expandable_segments:True to avoid fragmentation.  See documentation for Memory Management  (https://pytorch.org/docs/stable/notes/cuda.html#environment-variables)
22:30:40 | ERROR | manager.py  | Trainer.fit raised — re-raising after loud log
Traceback (most recent call last):

  File "/home/likun-share/junjxu/wm/le-wm/train.py", line 243, in <module>
    run()
    └ <function run at 0x7f5698720ee0>

  File "/home/likun-share/junjxu/wm/le-wm/.venv/lib/python3.10/site-packages/hydra/main.py", line 94, in decorated_main
    _run_hydra(
    └ <function _run_hydra at 0x7f5d69374af0>
  File "/home/likun-share/junjxu/wm/le-wm/.venv/lib/python3.10/site-packages/hydra/_internal/utils.py", line 394, in _run_hydra
    _run_app(
    └ <function _run_app at 0x7f5d69374b80>
  File "/home/likun-share/junjxu/wm/le-wm/.venv/lib/python3.10/site-packages/hydra/_internal/utils.py", line 457, in _run_app
    run_and_report(
    └ <function run_and_report at 0x7f5d69374a60>
  File "/home/likun-share/junjxu/wm/le-wm/.venv/lib/python3.10/site-packages/hydra/_internal/utils.py", line 220, in run_and_report
    return func()
           └ <function _run_app.<locals>.<lambda> at 0x7f569856dea0>
  File "/home/likun-share/junjxu/wm/le-wm/.venv/lib/python3.10/site-packages/hydra/_internal/utils.py", line 458, in <lambda>
    lambda: hydra.run(
            │     └ <function Hydra.run at 0x7f5d69246dd0>
            └ <hydra._internal.hydra.Hydra object at 0x7f56987175e0>
  File "/home/likun-share/junjxu/wm/le-wm/.venv/lib/python3.10/site-packages/hydra/_internal/hydra.py", line 119, in run
    ret = run_job(
          └ <function run_job at 0x7f5d69517be0>
  File "/home/likun-share/junjxu/wm/le-wm/.venv/lib/python3.10/site-packages/hydra/core/utils.py", line 186, in run_job
    ret.return_value = task_function(task_cfg)
    │   │              │             └ {'output_model_name': 'collision_sw_w10p0_f4_id1k', 'subdir': 'collision_sw_w10p0_f4_id1k', 'num_workers': 6, 'train_split': ...
    │   │              └ <function run at 0x7f5698720e50>
    │   └ <property object at 0x7f5d694af6f0>
    └ JobReturn(overrides=['data=phyworld_collision_id1k_st', 'output_model_name=collision_sw_w10p0_f4_id1k', 'subdir=collision_sw_...

  File "/home/likun-share/junjxu/wm/le-wm/train.py", line 238, in run
    manager()
    └ <stable_pretraining.manager.Manager object at 0x7f554ee9f670>

> File "/home/likun-share/junjxu/wm/le-wm/.venv/lib/python3.10/site-packages/stable_pretraining/manager.py", line 1761, in __call__
    self._trainer.fit(
    │    │        └ <function Trainer.fit at 0x7f5ad23f44c0>
    │    └ <lightning.pytorch.trainer.trainer.Trainer object at 0x7f554ee9d5d0>
    └ <stable_pretraining.manager.Manager object at 0x7f554ee9f670>
  File "/home/likun-share/junjxu/wm/le-wm/.venv/lib/python3.10/site-packages/lightning/pytorch/trainer/trainer.py", line 584, in fit
    call._call_and_handle_interrupt(
    │    └ <function _call_and_handle_interrupt at 0x7f5ad26b2290>
    └ <module 'lightning.pytorch.trainer.call' from '/home/likun-share/junjxu/wm/le-wm/.venv/lib/python3.10/site-packages/lightning...
  File "/home/likun-share/junjxu/wm/le-wm/.venv/lib/python3.10/site-packages/lightning/pytorch/trainer/call.py", line 49, in _call_and_handle_interrupt
    return trainer_fn(*args, **kwargs)
           │           │       └ {}
           │           └ (Module(
           │               (callbacks_modules): ModuleDict()
           │               (callbacks_metrics): ModuleDict()
           │               (model): JEPA(
           │                 (encoder): ViTModel(
           │               ...
           └ <bound method Trainer._fit_impl of <lightning.pytorch.trainer.trainer.Trainer object at 0x7f554ee9d5d0>>
  File "/home/likun-share/junjxu/wm/le-wm/.venv/lib/python3.10/site-packages/lightning/pytorch/trainer/trainer.py", line 630, in _fit_impl
    self._run(model, ckpt_path=ckpt_path, weights_only=weights_only)
    │    │    │                │                       └ None
    │    │    │                └ None
    │    │    └ Module(
    │    │        (callbacks_modules): ModuleDict()
    │    │        (callbacks_metrics): ModuleDict()
    │    │        (model): JEPA(
    │    │          (encoder): ViTModel(
    │    │         ...
    │    └ <function Trainer._run at 0x7f5ad23f4940>
    └ <lightning.pytorch.trainer.trainer.Trainer object at 0x7f554ee9d5d0>
  File "/home/likun-share/junjxu/wm/le-wm/.venv/lib/python3.10/site-packages/lightning/pytorch/trainer/trainer.py", line 1079, in _run
    results = self._run_stage()
              │    └ <function Trainer._run_stage at 0x7f5ad23f4a60>
              └ <lightning.pytorch.trainer.trainer.Trainer object at 0x7f554ee9d5d0>
  File "/home/likun-share/junjxu/wm/le-wm/.venv/lib/python3.10/site-packages/lightning/pytorch/trainer/trainer.py", line 1123, in _run_stage
    self.fit_loop.run()
    │    │        └ <function _FitLoop.run at 0x7f5ad25bc040>
    │    └ <lightning.pytorch.loops.fit_loop._FitLoop object at 0x7f554ee9da20>
    └ <lightning.pytorch.trainer.trainer.Trainer object at 0x7f554ee9d5d0>
  File "/home/likun-share/junjxu/wm/le-wm/.venv/lib/python3.10/site-packages/lightning/pytorch/loops/fit_loop.py", line 217, in run
    self.advance()
    │    └ <function _FitLoop.advance at 0x7f5ad25bc670>
    └ <lightning.pytorch.loops.fit_loop._FitLoop object at 0x7f554ee9da20>
  File "/home/likun-share/junjxu/wm/le-wm/.venv/lib/python3.10/site-packages/lightning/pytorch/loops/fit_loop.py", line 469, in advance
    self.epoch_loop.run(self._data_fetcher)
    │    │          │   │    └ None
    │    │          │   └ <lightning.pytorch.loops.fit_loop._FitLoop object at 0x7f554ee9da20>
    │    │          └ <function _TrainingEpochLoop.run at 0x7f5ad25928c0>
    │    └ <lightning.pytorch.loops.training_epoch_loop._TrainingEpochLoop object at 0x7f554ee9dbd0>
    └ <lightning.pytorch.loops.fit_loop._FitLoop object at 0x7f554ee9da20>
  File "/home/likun-share/junjxu/wm/le-wm/.venv/lib/python3.10/site-packages/lightning/pytorch/loops/training_epoch_loop.py", line 153, in run
    self.advance(data_fetcher)
    │    │       └ <lightning.pytorch.loops.fetchers._PrefetchDataFetcher object at 0x7f554d18dfc0>
    │    └ <function _TrainingEpochLoop.advance at 0x7f5ad2592e60>
    └ <lightning.pytorch.loops.training_epoch_loop._TrainingEpochLoop object at 0x7f554ee9dbd0>
  File "/home/likun-share/junjxu/wm/le-wm/.venv/lib/python3.10/site-packages/lightning/pytorch/loops/training_epoch_loop.py", line 354, in advance
    batch_output = self.manual_optimization.run(kwargs)
                   │    │                   │   └ OrderedDict([('batch', {'pixels': tensor([[[[[2.2489, 2.2489, 2.2489,  ..., 2.2489, 2.2489, 2.2489],
                   │    │                   │                [2.2489, 2.24...
                   │    │                   └ <function _ManualOptimization.run at 0x7f5ad2592050>
                   │    └ <lightning.pytorch.loops.optimization.manual._ManualOptimization object at 0x7f554ee9edd0>
                   └ <lightning.pytorch.loops.training_epoch_loop._TrainingEpochLoop object at 0x7f554ee9dbd0>
  File "/home/likun-share/junjxu/wm/le-wm/.venv/lib/python3.10/site-packages/lightning/pytorch/loops/optimization/manual.py", line 95, in run
    self.advance(kwargs)
    │    │       └ OrderedDict([('batch', {'pixels': tensor([[[[[2.2489, 2.2489, 2.2489,  ..., 2.2489, 2.2489, 2.2489],
    │    │                    [2.2489, 2.24...
    │    └ <function _ManualOptimization.advance at 0x7f5ad2592170>
    └ <lightning.pytorch.loops.optimization.manual._ManualOptimization object at 0x7f554ee9edd0>
  File "/home/likun-share/junjxu/wm/le-wm/.venv/lib/python3.10/site-packages/lightning/pytorch/loops/optimization/manual.py", line 115, in advance
    training_step_output = call._call_strategy_hook(trainer, "training_step", *kwargs.values())
                           │    │                   │                          │      └ <method 'values' of 'collections.OrderedDict' objects>
                           │    │                   │                          └ OrderedDict([('batch', {'pixels': tensor([[[[[2.2489, 2.2489, 2.2489,  ..., 2.2489, 2.2489, 2.2489],
                           │    │                   │                                       [2.2489, 2.24...
                           │    │                   └ <lightning.pytorch.trainer.trainer.Trainer object at 0x7f554ee9d5d0>
                           │    └ <function _call_strategy_hook at 0x7f5ad2500820>
                           └ <module 'lightning.pytorch.trainer.call' from '/home/likun-share/junjxu/wm/le-wm/.venv/lib/python3.10/site-packages/lightning...
  File "/home/likun-share/junjxu/wm/le-wm/.venv/lib/python3.10/site-packages/lightning/pytorch/trainer/call.py", line 329, in _call_strategy_hook
    output = fn(*args, **kwargs)
             │   │       └ {}
             │   └ ({'pixels': tensor([[[[[2.2489, 2.2489, 2.2489,  ..., 2.2489, 2.2489, 2.2489],
             │                [2.2489, 2.2489, 2.2489,  ..., 2.24...
             └ <bound method Strategy.training_step of <lightning.pytorch.strategies.single_device.SingleDeviceStrategy object at 0x7f554ee9...
  File "/home/likun-share/junjxu/wm/le-wm/.venv/lib/python3.10/site-packages/lightning/pytorch/strategies/strategy.py", line 391, in training_step
    return self.lightning_module.training_step(*args, **kwargs)
           │    │                               │       └ {}
           │    │                               └ ({'pixels': tensor([[[[[2.2489, 2.2489, 2.2489,  ..., 2.2489, 2.2489, 2.2489],
           │    │                                            [2.2489, 2.2489, 2.2489,  ..., 2.24...
           │    └ <property object at 0x7f5ad26f7c40>
           └ <lightning.pytorch.strategies.single_device.SingleDeviceStrategy object at 0x7f554ee9d9c0>
  File "/home/likun-share/junjxu/wm/le-wm/.venv/lib/python3.10/site-packages/stable_pretraining/utils/error_handling.py", line 72, in wrapper
    return func(*args, **kwargs)
           │     │       └ {}
           │     └ (Module(
           │         (callbacks_modules): ModuleDict()
           │         (callbacks_metrics): ModuleDict()
           │         (model): JEPA(
           │           (encoder): ViTModel(
           │         ...
           └ <function Module.training_step at 0x7f554eeae8c0>
  File "/home/likun-share/junjxu/wm/le-wm/.venv/lib/python3.10/site-packages/stable_pretraining/module.py", line 320, in training_step
    self.manual_backward(state["loss"])
    │    │               └ {'pixels': tensor([[[[[2.2489, 2.2489, 2.2489,  ..., 2.2489, 2.2489, 2.2489],
    │    │                            [2.2489, 2.2489, 2.2489,  ..., 2.248...
    │    └ <function LightningModule.manual_backward at 0x7f5ad2404dc0>
    └ Module(
        (callbacks_modules): ModuleDict()
        (callbacks_metrics): ModuleDict()
        (model): JEPA(
          (encoder): ViTModel(
         ...
  File "/home/likun-share/junjxu/wm/le-wm/.venv/lib/python3.10/site-packages/lightning/pytorch/core/module.py", line 1118, in manual_backward
    self.trainer.strategy.backward(loss, None, *args, **kwargs)
    │    │                         │            │       └ {}
    │    │                         │            └ ()
    │    │                         └ tensor(12.0441, device='cuda:0', grad_fn=<AddBackward0>)
    │    └ <property object at 0x7f5ad23fa4d0>
    └ Module(
        (callbacks_modules): ModuleDict()
        (callbacks_metrics): ModuleDict()
        (model): JEPA(
          (encoder): ViTModel(
         ...
  File "/home/likun-share/junjxu/wm/le-wm/.venv/lib/python3.10/site-packages/lightning/pytorch/strategies/strategy.py", line 213, in backward
    self.precision_plugin.backward(closure_loss, self.lightning_module, optimizer, *args, **kwargs)
    │    │                         │             │    │                 │           │       └ {}
    │    │                         │             │    │                 │           └ ()
    │    │                         │             │    │                 └ None
    │    │                         │             │    └ <property object at 0x7f5ad26f7c40>
    │    │                         │             └ <lightning.pytorch.strategies.single_device.SingleDeviceStrategy object at 0x7f554ee9d9c0>
    │    │                         └ tensor(12.0441, device='cuda:0', grad_fn=<AddBackward0>)
    │    └ <property object at 0x7f5ad2516480>
    └ <lightning.pytorch.strategies.single_device.SingleDeviceStrategy object at 0x7f554ee9d9c0>
  File "/home/likun-share/junjxu/wm/le-wm/.venv/lib/python3.10/site-packages/lightning/pytorch/plugins/precision/precision.py", line 73, in backward
    model.backward(tensor, *args, **kwargs)
    │     │        │        │       └ {}
    │     │        │        └ ()
    │     │        └ tensor(12.0441, device='cuda:0', grad_fn=<AddBackward0>)
    │     └ <function LightningModule.backward at 0x7f5ad2404e50>
    └ Module(
        (callbacks_modules): ModuleDict()
        (callbacks_metrics): ModuleDict()
        (model): JEPA(
          (encoder): ViTModel(
         ...
  File "/home/likun-share/junjxu/wm/le-wm/.venv/lib/python3.10/site-packages/lightning/pytorch/core/module.py", line 1137, in backward
    loss.backward(*args, **kwargs)
    │    │         │       └ {}
    │    │         └ ()
    │    └ <function Tensor.backward at 0x7f5c58389c60>
    └ tensor(12.0441, device='cuda:0', grad_fn=<AddBackward0>)
  File "/home/likun-share/junjxu/wm/le-wm/.venv/lib/python3.10/site-packages/torch/_tensor.py", line 625, in backward
    torch.autograd.backward(
    │     │        └ <function backward at 0x7f5ba76ec0d0>
    │     └ <module 'torch.autograd' from '/home/likun-share/junjxu/wm/le-wm/.venv/lib/python3.10/site-packages/torch/autograd/__init__.py'>
    └ <module 'torch' from '/home/likun-share/junjxu/wm/le-wm/.venv/lib/python3.10/site-packages/torch/__init__.py'>
  File "/home/likun-share/junjxu/wm/le-wm/.venv/lib/python3.10/site-packages/torch/autograd/__init__.py", line 354, in backward
    _engine_run_backward(
    └ <function _engine_run_backward at 0x7f5ba7837010>
  File "/home/likun-share/junjxu/wm/le-wm/.venv/lib/python3.10/site-packages/torch/autograd/graph.py", line 841, in _engine_run_backward
    return Variable._execution_engine.run_backward(  # Calls into the C++ engine to run the backward pass
           │        │                 └ <method 'run_backward' of 'torch._C._EngineBase' objects>
           │        └ <torch._C._EngineBase object at 0x7f5c583a8dd0>
           └ <class 'torch.autograd.variable.Variable'>

torch.OutOfMemoryError: CUDA out of memory. Tried to allocate 194.00 MiB. GPU 0 has a total capacity of 79.25 GiB of which 153.88 MiB is free. Process 476569 has 13.81 GiB memory in use. Process 476555 has 13.81 GiB memory in use. Process 480993 has 13.81 GiB memory in use. Process 480979 has 11.55 GiB memory in use. Including non-PyTorch memory, this process has 12.89 GiB memory in use. Process 480964 has 13.10 GiB memory in use. Of the allocated memory 12.05 GiB is allocated by PyTorch, and 334.02 MiB is reserved by PyTorch but unallocated. If reserved but unallocated memory is large try setting PYTORCH_CUDA_ALLOC_CONF=expandable_segments:True to avoid fragmentation.  See documentation for Memory Management  (https://pytorch.org/docs/stable/notes/cuda.html#environment-variables)
22:30:45 | INFO  | utils.py    | ── SignalHandlers (after Trainer.fit() raised) ───
22:30:45 | INFO  | manager.py  |   SIGUSR1  → SIG_DFL (default OS action — terminate process)
22:30:45 | INFO  | manager.py  |   SIGUSR2  → SIG_DFL (default OS action — terminate process)
22:30:45 | INFO  | manager.py  |   SIGCONT  → SIG_DFL (default OS action — terminate process)
22:30:45 | INFO  | manager.py  |   SIGTERM  → SIG_DFL (default OS action — terminate process)
Error executing job with overrides: ['data=phyworld_collision_id1k_st', 'output_model_name=collision_sw_w10p0_f4_id1k', 'subdir=collision_sw_w10p0_f4_id1k', 'wandb.enabled=False', 'trainer.max_epochs=20', 'loss.probe.weight=10.0', 'loss.probe.target=[proprio,state]', 'loss.probe.frames=4', 'data.dataset.keys_to_cache=[pixels,action,proprio,state]', '+init_from_ckpt=/data1/likun-share/junjxu/.stable_worldmodel/lewm_paper_pusht/weights.pt']
22:30:45 | ERROR | richuru.py  | Exception:
Traceback (most recent call last):

> File "/home/likun-share/junjxu/wm/le-wm/train.py", line 243, in <module>
    run()
    └ <function run at 0x7f5698720ee0>

  File "/home/likun-share/junjxu/wm/le-wm/.venv/lib/python3.10/site-packages/hydra/main.py", line 94, in decorated_main
    _run_hydra(
    └ <function _run_hydra at 0x7f5d69374af0>
  File "/home/likun-share/junjxu/wm/le-wm/.venv/lib/python3.10/site-packages/hydra/_internal/utils.py", line 394, in _run_hydra
    _run_app(
    └ <function _run_app at 0x7f5d69374b80>
  File "/home/likun-share/junjxu/wm/le-wm/.venv/lib/python3.10/site-packages/hydra/_internal/utils.py", line 457, in _run_app
    run_and_report(
    └ <function run_and_report at 0x7f5d69374a60>
  File "/home/likun-share/junjxu/wm/le-wm/.venv/lib/python3.10/site-packages/hydra/_internal/utils.py", line 223, in run_and_report
    raise ex
  File "/home/likun-share/junjxu/wm/le-wm/.venv/lib/python3.10/site-packages/hydra/_internal/utils.py", line 220, in run_and_report
    return func()
           └ <function _run_app.<locals>.<lambda> at 0x7f569856dea0>
  File "/home/likun-share/junjxu/wm/le-wm/.venv/lib/python3.10/site-packages/hydra/_internal/utils.py", line 458, in <lambda>
    lambda: hydra.run(
            │     └ <function Hydra.run at 0x7f5d69246dd0>
            └ <hydra._internal.hydra.Hydra object at 0x7f56987175e0>
  File "/home/likun-share/junjxu/wm/le-wm/.venv/lib/python3.10/site-packages/hydra/_internal/hydra.py", line 132, in run
    _ = ret.return_value
        │   └ <property object at 0x7f5d694af6f0>
        └ JobReturn(overrides=['data=phyworld_collision_id1k_st', 'output_model_name=collision_sw_w10p0_f4_id1k', 'subdir=collision_sw_...
  File "/home/likun-share/junjxu/wm/le-wm/.venv/lib/python3.10/site-packages/hydra/core/utils.py", line 260, in return_value
    raise self._return_value
          │    └ OutOfMemoryError('CUDA out of memory. Tried to allocate 194.00 MiB. GPU 0 has a total capacity of 79.25 GiB of which 153.88 M...
          └ JobReturn(overrides=['data=phyworld_collision_id1k_st', 'output_model_name=collision_sw_w10p0_f4_id1k', 'subdir=collision_sw_...
  File "/home/likun-share/junjxu/wm/le-wm/.venv/lib/python3.10/site-packages/hydra/core/utils.py", line 186, in run_job
    ret.return_value = task_function(task_cfg)
    │   │              │             └ {'output_model_name': 'collision_sw_w10p0_f4_id1k', 'subdir': 'collision_sw_w10p0_f4_id1k', 'num_workers': 6, 'train_split': ...
    │   │              └ <function run at 0x7f5698720e50>
    │   └ <property object at 0x7f5d694af6f0>
    └ JobReturn(overrides=['data=phyworld_collision_id1k_st', 'output_model_name=collision_sw_w10p0_f4_id1k', 'subdir=collision_sw_...

  File "/home/likun-share/junjxu/wm/le-wm/train.py", line 238, in run
    manager()
    └ <stable_pretraining.manager.Manager object at 0x7f554ee9f670>

  File "/home/likun-share/junjxu/wm/le-wm/.venv/lib/python3.10/site-packages/stable_pretraining/manager.py", line 1761, in __call__
    self._trainer.fit(
    │    │        └ <function Trainer.fit at 0x7f5ad23f44c0>
    │    └ <lightning.pytorch.trainer.trainer.Trainer object at 0x7f554ee9d5d0>
    └ <stable_pretraining.manager.Manager object at 0x7f554ee9f670>
  File "/home/likun-share/junjxu/wm/le-wm/.venv/lib/python3.10/site-packages/lightning/pytorch/trainer/trainer.py", line 584, in fit
    call._call_and_handle_interrupt(
    │    └ <function _call_and_handle_interrupt at 0x7f5ad26b2290>
    └ <module 'lightning.pytorch.trainer.call' from '/home/likun-share/junjxu/wm/le-wm/.venv/lib/python3.10/site-packages/lightning...
  File "/home/likun-share/junjxu/wm/le-wm/.venv/lib/python3.10/site-packages/lightning/pytorch/trainer/call.py", line 49, in _call_and_handle_interrupt
    return trainer_fn(*args, **kwargs)
           │           │       └ {}
           │           └ (Module(
           │               (callbacks_modules): ModuleDict()
           │               (callbacks_metrics): ModuleDict()
           │               (model): JEPA(
           │                 (encoder): ViTModel(
           │               ...
           └ <bound method Trainer._fit_impl of <lightning.pytorch.trainer.trainer.Trainer object at 0x7f554ee9d5d0>>
  File "/home/likun-share/junjxu/wm/le-wm/.venv/lib/python3.10/site-packages/lightning/pytorch/trainer/trainer.py", line 630, in _fit_impl
    self._run(model, ckpt_path=ckpt_path, weights_only=weights_only)
    │    │    │                │                       └ None
    │    │    │                └ None
    │    │    └ Module(
    │    │        (callbacks_modules): ModuleDict()
    │    │        (callbacks_metrics): ModuleDict()
    │    │        (model): JEPA(
    │    │          (encoder): ViTModel(
    │    │         ...
    │    └ <function Trainer._run at 0x7f5ad23f4940>
    └ <lightning.pytorch.trainer.trainer.Trainer object at 0x7f554ee9d5d0>
  File "/home/likun-share/junjxu/wm/le-wm/.venv/lib/python3.10/site-packages/lightning/pytorch/trainer/trainer.py", line 1079, in _run
    results = self._run_stage()
              │    └ <function Trainer._run_stage at 0x7f5ad23f4a60>
              └ <lightning.pytorch.trainer.trainer.Trainer object at 0x7f554ee9d5d0>
  File "/home/likun-share/junjxu/wm/le-wm/.venv/lib/python3.10/site-packages/lightning/pytorch/trainer/trainer.py", line 1123, in _run_stage
    self.fit_loop.run()
    │    │        └ <function _FitLoop.run at 0x7f5ad25bc040>
    │    └ <lightning.pytorch.loops.fit_loop._FitLoop object at 0x7f554ee9da20>
    └ <lightning.pytorch.trainer.trainer.Trainer object at 0x7f554ee9d5d0>
  File "/home/likun-share/junjxu/wm/le-wm/.venv/lib/python3.10/site-packages/lightning/pytorch/loops/fit_loop.py", line 217, in run
    self.advance()
    │    └ <function _FitLoop.advance at 0x7f5ad25bc670>
    └ <lightning.pytorch.loops.fit_loop._FitLoop object at 0x7f554ee9da20>
  File "/home/likun-share/junjxu/wm/le-wm/.venv/lib/python3.10/site-packages/lightning/pytorch/loops/fit_loop.py", line 469, in advance
    self.epoch_loop.run(self._data_fetcher)
    │    │          │   │    └ None
    │    │          │   └ <lightning.pytorch.loops.fit_loop._FitLoop object at 0x7f554ee9da20>
    │    │          └ <function _TrainingEpochLoop.run at 0x7f5ad25928c0>
    │    └ <lightning.pytorch.loops.training_epoch_loop._TrainingEpochLoop object at 0x7f554ee9dbd0>
    └ <lightning.pytorch.loops.fit_loop._FitLoop object at 0x7f554ee9da20>
  File "/home/likun-share/junjxu/wm/le-wm/.venv/lib/python3.10/site-packages/lightning/pytorch/loops/training_epoch_loop.py", line 153, in run
    self.advance(data_fetcher)
    │    │       └ <lightning.pytorch.loops.fetchers._PrefetchDataFetcher object at 0x7f554d18dfc0>
    │    └ <function _TrainingEpochLoop.advance at 0x7f5ad2592e60>
    └ <lightning.pytorch.loops.training_epoch_loop._TrainingEpochLoop object at 0x7f554ee9dbd0>
  File "/home/likun-share/junjxu/wm/le-wm/.venv/lib/python3.10/site-packages/lightning/pytorch/loops/training_epoch_loop.py", line 354, in advance
    batch_output = self.manual_optimization.run(kwargs)
                   │    │                   │   └ OrderedDict([('batch', {'pixels': tensor([[[[[2.2489, 2.2489, 2.2489,  ..., 2.2489, 2.2489, 2.2489],
                   │    │                   │                [2.2489, 2.24...
                   │    │                   └ <function _ManualOptimization.run at 0x7f5ad2592050>
                   │    └ <lightning.pytorch.loops.optimization.manual._ManualOptimization object at 0x7f554ee9edd0>
                   └ <lightning.pytorch.loops.training_epoch_loop._TrainingEpochLoop object at 0x7f554ee9dbd0>
  File "/home/likun-share/junjxu/wm/le-wm/.venv/lib/python3.10/site-packages/lightning/pytorch/loops/optimization/manual.py", line 95, in run
    self.advance(kwargs)
    │    │       └ OrderedDict([('batch', {'pixels': tensor([[[[[2.2489, 2.2489, 2.2489,  ..., 2.2489, 2.2489, 2.2489],
    │    │                    [2.2489, 2.24...
    │    └ <function _ManualOptimization.advance at 0x7f5ad2592170>
    └ <lightning.pytorch.loops.optimization.manual._ManualOptimization object at 0x7f554ee9edd0>
  File "/home/likun-share/junjxu/wm/le-wm/.venv/lib/python3.10/site-packages/lightning/pytorch/loops/optimization/manual.py", line 115, in advance
    training_step_output = call._call_strategy_hook(trainer, "training_step", *kwargs.values())
                           │    │                   │                          │      └ <method 'values' of 'collections.OrderedDict' objects>
                           │    │                   │                          └ OrderedDict([('batch', {'pixels': tensor([[[[[2.2489, 2.2489, 2.2489,  ..., 2.2489, 2.2489, 2.2489],
                           │    │                   │                                       [2.2489, 2.24...
                           │    │                   └ <lightning.pytorch.trainer.trainer.Trainer object at 0x7f554ee9d5d0>
                           │    └ <function _call_strategy_hook at 0x7f5ad2500820>
                           └ <module 'lightning.pytorch.trainer.call' from '/home/likun-share/junjxu/wm/le-wm/.venv/lib/python3.10/site-packages/lightning...
  File "/home/likun-share/junjxu/wm/le-wm/.venv/lib/python3.10/site-packages/lightning/pytorch/trainer/call.py", line 329, in _call_strategy_hook
    output = fn(*args, **kwargs)
             │   │       └ {}
             │   └ ({'pixels': tensor([[[[[2.2489, 2.2489, 2.2489,  ..., 2.2489, 2.2489, 2.2489],
             │                [2.2489, 2.2489, 2.2489,  ..., 2.24...
             └ <bound method Strategy.training_step of <lightning.pytorch.strategies.single_device.SingleDeviceStrategy object at 0x7f554ee9...
  File "/home/likun-share/junjxu/wm/le-wm/.venv/lib/python3.10/site-packages/lightning/pytorch/strategies/strategy.py", line 391, in training_step
    return self.lightning_module.training_step(*args, **kwargs)
           │    │                               │       └ {}
           │    │                               └ ({'pixels': tensor([[[[[2.2489, 2.2489, 2.2489,  ..., 2.2489, 2.2489, 2.2489],
           │    │                                            [2.2489, 2.2489, 2.2489,  ..., 2.24...
           │    └ <property object at 0x7f5ad26f7c40>
           └ <lightning.pytorch.strategies.single_device.SingleDeviceStrategy object at 0x7f554ee9d9c0>
  File "/home/likun-share/junjxu/wm/le-wm/.venv/lib/python3.10/site-packages/stable_pretraining/utils/error_handling.py", line 72, in wrapper
    return func(*args, **kwargs)
           │     │       └ {}
           │     └ (Module(
           │         (callbacks_modules): ModuleDict()
           │         (callbacks_metrics): ModuleDict()
           │         (model): JEPA(
           │           (encoder): ViTModel(
           │         ...
           └ <function Module.training_step at 0x7f554eeae8c0>
  File "/home/likun-share/junjxu/wm/le-wm/.venv/lib/python3.10/site-packages/stable_pretraining/module.py", line 320, in training_step
    self.manual_backward(state["loss"])
    │    │               └ {'pixels': tensor([[[[[2.2489, 2.2489, 2.2489,  ..., 2.2489, 2.2489, 2.2489],
    │    │                            [2.2489, 2.2489, 2.2489,  ..., 2.248...
    │    └ <function LightningModule.manual_backward at 0x7f5ad2404dc0>
    └ Module(
        (callbacks_modules): ModuleDict()
        (callbacks_metrics): ModuleDict()
        (model): JEPA(
          (encoder): ViTModel(
         ...
  File "/home/likun-share/junjxu/wm/le-wm/.venv/lib/python3.10/site-packages/lightning/pytorch/core/module.py", line 1118, in manual_backward
    self.trainer.strategy.backward(loss, None, *args, **kwargs)
    │    │                         │            │       └ {}
    │    │                         │            └ ()
    │    │                         └ tensor(12.0441, device='cuda:0', grad_fn=<AddBackward0>)
    │    └ <property object at 0x7f5ad23fa4d0>
    └ Module(
        (callbacks_modules): ModuleDict()
        (callbacks_metrics): ModuleDict()
        (model): JEPA(
          (encoder): ViTModel(
         ...
  File "/home/likun-share/junjxu/wm/le-wm/.venv/lib/python3.10/site-packages/lightning/pytorch/strategies/strategy.py", line 213, in backward
    self.precision_plugin.backward(closure_loss, self.lightning_module, optimizer, *args, **kwargs)
    │    │                         │             │    │                 │           │       └ {}
    │    │                         │             │    │                 │           └ ()
    │    │                         │             │    │                 └ None
    │    │                         │             │    └ <property object at 0x7f5ad26f7c40>
    │    │                         │             └ <lightning.pytorch.strategies.single_device.SingleDeviceStrategy object at 0x7f554ee9d9c0>
    │    │                         └ tensor(12.0441, device='cuda:0', grad_fn=<AddBackward0>)
    │    └ <property object at 0x7f5ad2516480>
    └ <lightning.pytorch.strategies.single_device.SingleDeviceStrategy object at 0x7f554ee9d9c0>
  File "/home/likun-share/junjxu/wm/le-wm/.venv/lib/python3.10/site-packages/lightning/pytorch/plugins/precision/precision.py", line 73, in backward
    model.backward(tensor, *args, **kwargs)
    │     │        │        │       └ {}
    │     │        │        └ ()
    │     │        └ tensor(12.0441, device='cuda:0', grad_fn=<AddBackward0>)
    │     └ <function LightningModule.backward at 0x7f5ad2404e50>
    └ Module(
        (callbacks_modules): ModuleDict()
        (callbacks_metrics): ModuleDict()
        (model): JEPA(
          (encoder): ViTModel(
         ...
  File "/home/likun-share/junjxu/wm/le-wm/.venv/lib/python3.10/site-packages/lightning/pytorch/core/module.py", line 1137, in backward
    loss.backward(*args, **kwargs)
    │    │         │       └ {}
    │    │         └ ()
    │    └ <function Tensor.backward at 0x7f5c58389c60>
    └ tensor(12.0441, device='cuda:0', grad_fn=<AddBackward0>)
  File "/home/likun-share/junjxu/wm/le-wm/.venv/lib/python3.10/site-packages/torch/_tensor.py", line 625, in backward
    torch.autograd.backward(
    │     │        └ <function backward at 0x7f5ba76ec0d0>
    │     └ <module 'torch.autograd' from '/home/likun-share/junjxu/wm/le-wm/.venv/lib/python3.10/site-packages/torch/autograd/__init__.py'>
    └ <module 'torch' from '/home/likun-share/junjxu/wm/le-wm/.venv/lib/python3.10/site-packages/torch/__init__.py'>
  File "/home/likun-share/junjxu/wm/le-wm/.venv/lib/python3.10/site-packages/torch/autograd/__init__.py", line 354, in backward
    _engine_run_backward(
    └ <function _engine_run_backward at 0x7f5ba7837010>
  File "/home/likun-share/junjxu/wm/le-wm/.venv/lib/python3.10/site-packages/torch/autograd/graph.py", line 841, in _engine_run_backward
    return Variable._execution_engine.run_backward(  # Calls into the C++ engine to run the backward pass
           │        │                 └ <method 'run_backward' of 'torch._C._EngineBase' objects>
           │        └ <torch._C._EngineBase object at 0x7f5c583a8dd0>
           └ <class 'torch.autograd.variable.Variable'>

torch.OutOfMemoryError: CUDA out of memory. Tried to allocate 194.00 MiB. GPU 0 has a total capacity of 79.25 GiB of which 153.88 MiB is free. Process 476569 has 13.81 GiB memory in use. Process 476555 has 13.81 GiB memory in use. Process 480993 has 13.81 GiB memory in use. Process 480979 has 11.55 GiB memory in use. Including non-PyTorch memory, this process has 12.89 GiB memory in use. Process 480964 has 13.10 GiB memory in use. Of the allocated memory 12.05 GiB is allocated by PyTorch, and 334.02 MiB is reserved by PyTorch but unallocated. If reserved but unallocated memory is large try setting PYTORCH_CUDA_ALLOC_CONF=expandable_segments:True to avoid fragmentation.  See documentation for Memory Management  (https://pytorch.org/docs/stable/notes/cuda.html#environment-variables)
