01:12:27 | INFO  | __init__.py | PyTorch version 2.9.1+cu128 available.
01:12:27 | INFO  | __init__.py | JAX version 0.6.2 available.
01:12:30 | INFO  | atomic_chec~| [atomic_save] installed crash-safe checkpoint plugin (write to sibling .tmp + fsync + atomic rename)
[2026-06-08 01:12:42,994][root][INFO] - Cached 'pixels' from '/data1/likun-share/junjxu/.stable_worldmodel/datasets/phyworld_parabola_id1k.h5'
[2026-06-08 01:12:42,996][root][INFO] - Cached 'action' from '/data1/likun-share/junjxu/.stable_worldmodel/datasets/phyworld_parabola_id1k.h5'
[2026-06-08 01:12:42,996][root][INFO] - Cached 'proprio' from '/data1/likun-share/junjxu/.stable_worldmodel/datasets/phyworld_parabola_id1k.h5'
01:12:43 | INFO  | utils.py    | Created ViT-tiny from scratch with config: {'hidden_size': 192, 'num_hidden_layers': 12, 'num_attention_heads': 3, 'intermediate_size': 768, 'image_size': 224, 'patch_size': 14}
[init_from_ckpt] /data1/likun-share/junjxu/.stable_worldmodel/lewm_paper_pusht/weights.pt
[init_from_ckpt] prefixes=('encoder.', 'projector.', 'pred_proj.') loaded=216 unexpected=0 missing=89
01:12:43 | INFO  | module.py   | Setting up DataModule
01:12:43 | INFO  | utils.py    | ── Module ────────────────────────────────────────
01:12:43 | WARN  | module.py   | ! No hyperparameters provided - hyperparameter logging is disabled.
01:12:43 | INFO  | module.py   |   Setting custom forward method.
01:12:43 | INFO  | module.py   |   Setting attribute: self.model = <class 'jepa.JEPA'>
01:12:43 | INFO  | module.py   |   Setting attribute: self.sigreg = <class 'module.SIGReg'>
01:12:43 | INFO  | module.py   |   Setting attribute: self.optim = <class 'dict'>
01:12:43 | INFO  | module.py   |   No metrics configuration provided - automatic metric tracking is disabled.
/home/likun-share/junjxu/wm/le-wm/.venv/lib/python3.10/site-packages/lightning/fabric/connector.py:571: `precision=bf16` is supported for historical reasons but its usage is discouraged. Please set your precision to bf16-mixed instead!
Using bfloat16 Automatic Mixed Precision (AMP)
01:12:43 | INFO  | env_info.py |   EnvironmentDumpCallback initialized (filename=environment.json, async=True)
01:12:43 | INFO  | utils.py    | ── HuggingFaceCheckpoint ─────────────────────────
01:12:43 | INFO  | hf_models.py|   save_dir: <cyan>hf_exports</cyan>
01:12:43 | INFO  | hf_models.py|   per_step: <cyan>False</cyan>  (False ⇒ overwrite single 'last/' subdir; True ⇒ keep step_N/)
Adding 14 callbacks from entry point 'stablepretraining_callbacks': PrintProgressBar, ModuleRegistryCallback, LoggingCallback, EnvironmentDumpCallback, TrainerInfo, SklearnCheckpoint, WandbCheckpoint, TrackioCheckpoint, SwanLabCheckpoint, ModuleSummary, SLURMInfo, LogUnusedParametersOnce, HuggingFaceCheckpointCallback, HardwareMonitor
GPU available: True (cuda), used: True
TPU available: False, using: 0 TPU cores
💡 Tip: For seamless cloud logging and experiment tracking, try installing [litlogger](https://pypi.org/project/litlogger/) to enable LitLogger, which logs metrics and artifacts automatically to the Lightning Experiments platform.
01:12:43 | INFO  | utils.py    | ── SIGTERM preempt handler — install ─────────────
01:12:43 | INFO  | manager.py  |   SLURM_JOB_ID         = None
01:12:43 | INFO  | manager.py  |   SLURM_RESTART_COUNT  = '0'
01:12:43 | INFO  | manager.py  |   SLURM_PROCID         = '?'
01:12:43 | INFO  | manager.py  |   SLURM_NODEID         = '?'
01:12:43 | INFO  | manager.py  |   → not under SLURM (SLURM_JOB_ID unset); leaving SIGTERM handler as-is. Forwarding to submitit's USR signal would be a no-op since submitit isn't running upstream.
01:12:43 | WARN  | manager.py  | User didn't specify seed, runs won't be exactly reproducible!
01:12:43 | INFO  | manager.py  |   Manager init: ckpt_path=None, weights_only=True
01:12:43 | INFO  | utils.py    | ── WorkingDirectory ──────────────────────────────
01:12:43 | INFO  | manager.py  |   cwd: /home/likun-share/junjxu/wm/le-wm
01:12:43 | INFO  | utils.py    | ── Seed ──────────────────────────────────────────
01:12:43 | INFO  | manager.py  |   seed: None
/home/likun-share/junjxu/wm/le-wm/.venv/lib/python3.10/site-packages/lightning/fabric/utilities/seed.py:44: No seed found, seed set to 0
Seed set to 0
01:12:43 | INFO  | utils.py    | ── RunDirectory ──────────────────────────────────
01:12:43 | INFO  | manager.py  |   cache_dir = /data1/likun-share/junjxu/.cache_stable-pretraining
01:12:43 | INFO  | manager.py  |   ddp: launch_key=(single-process) rank=0 is_rank_zero=True
01:12:43 | INFO  | utils.py    | ── RunDirectory: requeue probe ───────────────────
01:12:43 | INFO  | manager.py  |   SLURM session key   = (no SLURM)
01:12:43 | INFO  | manager.py  |   SLURM_RESTART_COUNT = 0
01:12:43 | INFO  | manager.py  |   in_requeue          = False
01:12:43 | INFO  | utils.py    | ── RunDirectory: fresh ───────────────────────────
01:12:43 | INFO  | manager.py  |   no user ckpt_path — training from scratch / pretrained backbone.
01:12:43 | INFO  | manager.py  |   created run_dir = /data1/likun-share/junjxu/.cache_stable-pretraining/runs/20260608/011243/0ba18d550cf6
01:12:43 | INFO  | manager.py  |   wrote run_meta.json with run_id=0ba18d550cf6
01:12:43 | INFO  | manager.py  |   SLURM index = (no SLURM, skipped)
01:12:43 | WARN  | manager.py  | ! cache_dir is set but the Trainer was passed as an already-instantiated object. Cannot override default_root_dir cleanly. Consider passing the trainer as a config dict instead.
01:12:43 | WARN  | manager.py  | ! Hydra run.dir='outputs/2026-06-08/01-12-30' will be ignored for trainer outputs (cache_dir takes precedence).
01:12:43 | WARN  | manager.py  | ! Hydra sweep.dir='multirun/2026-06-08/01-12-30' will be ignored for trainer outputs (cache_dir takes precedence).
01:12:43 | INFO  | logger.py   | [RegistryLogger] run_id=0ba18d550cf6 run_dir=/data1/likun-share/junjxu/.cache_stable-pretraining/runs/20260608/011243/0ba18d550cf6 — sidecar.json + summary.json + metrics.csv will live here
01:12:43 | INFO  | utils.py    | ── RegistryLogger ────────────────────────────────
01:12:43 | INFO  | manager.py  |   run_dir: /data1/likun-share/junjxu/.cache_stable-pretraining/runs/20260608/011243/0ba18d550cf6
01:12:43 | INFO  | manager.py  |   run_id:  0ba18d550cf6
01:12:43 | INFO  | utils.py    | ── CSVLogger ─────────────────────────────────────
01:12:43 | INFO  | manager.py  |   root_dir: /data1/likun-share/junjxu/.cache_stable-pretraining/runs/20260608/011243/0ba18d550cf6/
01:12:43 | INFO  | manager.py  |   save_dir: /data1/likun-share/junjxu/.cache_stable-pretraining/runs/20260608/011243/0ba18d550cf6
01:12:43 | INFO  | manager.py  |   log_dir: /data1/likun-share/junjxu/.cache_stable-pretraining/runs/20260608/011243/0ba18d550cf6/
01:12:43 | INFO  | utils.py    | ── SignalHandlers (after submitit setup (spt SIGTERM installed in __init__)) ──
01:12:43 | INFO  | manager.py  |   SIGUSR1  → SIG_DFL (default OS action — terminate process)
01:12:43 | INFO  | manager.py  |   SIGUSR2  → SIG_DFL (default OS action — terminate process)
01:12:43 | INFO  | manager.py  |   SIGCONT  → SIG_DFL (default OS action — terminate process)
01:12:43 | INFO  | manager.py  |   SIGTERM  → SIG_DFL (default OS action — terminate process)
01:12:43 | INFO  | utils.py    | ── Callbacks ─────────────────────────────────────
01:12:43 | INFO  | manager.py  |   count: 19
01:12:43 | INFO  | utils.py    | ── CacheDirCheckpointing ─────────────────────────
01:12:43 | INFO  | manager.py  |   Saving checkpoints to: /data1/likun-share/junjxu/.cache_stable-pretraining/runs/20260608/011243/0ba18d550cf6/checkpoints
01:12:43 | WARN  | manager.py  |   Redirecting HuggingFaceCheckpointCallback from 'hf_exports' to '/data1/likun-share/junjxu/.cache_stable-pretraining/runs/20260608/011243/0ba18d550cf6/hf_exports' (cache_dir is active — prevents races on a shared cache)
01:12:43 | INFO  | manager.py  |   Added requeue checkpoint (filename='last')
01:12:43 | INFO  | utils.py    | ── LoadPath resolution ───────────────────────────
01:12:43 | INFO  | manager.py  |   in_requeue = False
01:12:43 | INFO  | manager.py  |   user ckpt_path = None
01:12:43 | INFO  | manager.py  |   user weights_only = True
01:12:43 | INFO  | manager.py  |   → no ckpt_path; training from scratch.
01:12:43 | INFO  | utils.py    | ── TrainerFit ────────────────────────────────────
01:12:43 | INFO  | manager.py  |   ckpt_path:     None
01:12:43 | INFO  | manager.py  |   weights_only:  None
01:12:43 | INFO  | utils.py    | ── SignalHandlers (before Trainer.fit() (handler installed in __init__)) ──
01:12:43 | INFO  | manager.py  |   SIGUSR1  → SIG_DFL (default OS action — terminate process)
01:12:43 | INFO  | manager.py  |   SIGUSR2  → SIG_DFL (default OS action — terminate process)
01:12:43 | INFO  | manager.py  |   SIGCONT  → SIG_DFL (default OS action — terminate process)
01:12:43 | INFO  | manager.py  |   SIGTERM  → SIG_DFL (default OS action — terminate process)
01:12:43 | INFO  | manager.py  |   → entering Trainer.fit(); lightning's _SignalConnector will now register its own handlers. SIGTERM will become _HandlersCompose([_sigterm_notifier_fn, _sigterm_handler_fn, spt._handler]); USR-sig binding from submitit is preserved (lightning skips USR registration when one already exists).
💡 Tip: For seamless cloud uploads and versioning, try installing [litmodels](https://pypi.org/project/litmodels/) to enable LitModelCheckpoint, which syncs automatically with the Lightning model registry.
You are using a CUDA device ('NVIDIA A800-SXM4-80GB') that has Tensor Cores. To properly utilize them, you should set `torch.set_float32_matmul_precision('medium' | 'high')` which will trade-off precision for performance. For more details, read https://pytorch.org/docs/stable/generated/torch.set_float32_matmul_precision.html#torch.set_float32_matmul_precision
01:12:48 | OK    | module.py   | ✓ dataset for fit loaded
01:12:48 | INFO  | module.py   |   setup was done by user
01:12:48 | INFO  | utils.py    | ── EnvironmentDump ───────────────────────────────
01:12:48 | INFO  | env_info.py |   log_dir: /home/likun-share/.cache/stable-pretraining
01:12:48 | INFO  | env_info.py |   Running environment dump in background thread (non-blocking)
01:12:48 | INFO  | env_info.py |   Collecting environment information...
01:12:48 | OK    | env_info.py | ✓ Python 3.10.12
01:12:48 | OK    | env_info.py | ✓ System: Linux 5.15.0-113-generic (x86_64)
01:12:48 | INFO  | env_info.py |   Hostname: 10-116-90-13
01:12:48 | OK    | env_info.py | ✓ Background thread started successfully
01:12:48 | INFO  | trainer_inf~|   linking trainer to DataModule
01:12:48 | INFO  | utils.py    | ── Callbacks (in order) ──────────────────────────
01:12:48 | INFO  | utils.py    |     [ 0] ModelObjectCallBack
01:12:48 | INFO  | utils.py    |     [ 1] RichProgressBar
01:12:48 | INFO  | utils.py    |     [ 2] RichModelSummary
01:12:48 | INFO  | utils.py    |     [ 3] PrintProgressBar
01:12:48 | INFO  | utils.py    |     [ 4] ModuleRegistryCallback
01:12:48 | INFO  | utils.py    |     [ 5] LoggingCallback
01:12:48 | INFO  | utils.py    |     [ 6] EnvironmentDumpCallback
01:12:48 | INFO  | utils.py    |     [ 7] TrainerInfo
01:12:48 | INFO  | utils.py    |     [ 8] SklearnCheckpoint
01:12:48 | INFO  | utils.py    |     [ 9] WandbCheckpoint
01:12:48 | INFO  | utils.py    |     [10] TrackioCheckpoint
01:12:48 | INFO  | utils.py    |     [11] SwanLabCheckpoint
01:12:48 | INFO  | utils.py    |     [12] ModuleSummary
01:12:48 | INFO  | utils.py    |     [13] SLURMInfo
01:12:48 | INFO  | utils.py    |     [14] LogUnusedParametersOnce
01:12:48 | INFO  | utils.py    |     [15] HuggingFaceCheckpointCallback
01:12:48 | INFO  | utils.py    |     [16] HardwareMonitor
01:12:48 | INFO  | utils.py    |     [17] ModelCheckpoint
01:12:48 | INFO  | utils.py    |     [18] _RunDirCallback
01:12:48 | INFO  | utils.py    |     [19] ModelCheckpoint
01:12:48 | INFO  | utils.py    |   ⚑ marks order-sensitive callbacks; see AGENTS.md → Callback ordering for the full rules.
01:12:48 | INFO  | utils.py    | ── SklearnCheckpoint ─────────────────────────────
01:12:48 | INFO  | checkpoint_~|   Sklearn Modules:
01:12:48 | INFO  | checkpoint_~| 
┏━━━━━━━━━━┳━━━━━━━━┳━━━━━━━━┓
┃ Module   ┃ Name   ┃ Type   ┃
┣━━━━━━━━━━╋━━━━━━━━╋━━━━━━━━┫
┗━━━━━━━━━━┻━━━━━━━━┻━━━━━━━━┛
01:12:48 | INFO  | utils.py    | ── WandbCheckpoint ───────────────────────────────
01:12:48 | INFO  | utils.py    | ── TrackioCheckpoint ─────────────────────────────
01:12:48 | INFO  | utils.py    | ── SwanLabCheckpoint ─────────────────────────────
01:12:48 | INFO  | utils.py    | ── PyTorch Modules ───────────────────────────────
01:12:48 | WARN  | module.py   | ! You are calling self.parameters which also gives callbacks parameters, to remove them, pass `with_callbacks=False`
01:12:48 | WARN  | env_info.py | ! pip freeze failed: Command '['/home/likun-share/junjxu/wm/le-wm/.venv/bin/python', '-m', 'pip', 'freeze']' returned non-zero exit status 1.
01:12:48 | OK    | env_info.py | ✓ Packages: 0 packages collected in 0.03s
01:12:48 | INFO  | trainer_inf~| \n+---------------------------------------------------------+----------------------+--------------------------+--------------------------+---------+
| Module                                                  | Trainable parameters | Non Trainable parameters | Uninitialized parameters | Buffers |
+---------------------------------------------------------+----------------------+--------------------------+--------------------------+---------+
|                                                         |             18035938 |                        0 |                        0 |    8245 |
| callbacks_modules                                       |                    0 |                        0 |                        0 |       0 |
| callbacks_metrics                                       |                    0 |                        0 |                        0 |       0 |
| model                                                   |             18035938 |                        0 |                        0 |    8194 |
| model.encoder                                           |              5501376 |                        0 |                        0 |       0 |
| model.encoder.embeddings                                |               162624 |                        0 |                        0 |       0 |
| model.encoder.embeddings.patch_embeddings               |               113088 |                        0 |                        0 |       0 |
| model.encoder.embeddings.patch_embeddings.projection    |               113088 |                        0 |                        0 |       0 |
| model.encoder.embeddings.dropout                        |                    0 |                        0 |                        0 |       0 |
| model.encoder.layers                                    |              5338368 |                        0 |                        0 |       0 |
| model.encoder.layers.0                                  |               444864 |                        0 |                        0 |       0 |
| model.encoder.layers.0.attention                        |               148224 |                        0 |                        0 |       0 |
| model.encoder.layers.0.attention.q_proj                 |                37056 |                        0 |                        0 |       0 |
| model.encoder.layers.0.attention.k_proj                 |                37056 |                        0 |                        0 |       0 |
| model.encoder.layers.0.attention.v_proj                 |                37056 |                        0 |                        0 |       0 |
| model.encoder.layers.0.attention.o_proj                 |                37056 |                        0 |                        0 |       0 |
| model.encoder.layers.0.layernorm_before                 |                  384 |                        0 |                        0 |       0 |
| model.encoder.layers.0.layernorm_after                  |                  384 |                        0 |                        0 |       0 |
| model.encoder.layers.0.mlp                              |               295872 |                        0 |                        0 |       0 |
| model.encoder.layers.0.mlp.activation_fn                |                    0 |                        0 |                        0 |       0 |
| model.encoder.layers.0.mlp.fc1                          |               148224 |                        0 |                        0 |       0 |
| model.encoder.layers.0.mlp.fc2                          |               147648 |                        0 |                        0 |       0 |
| model.encoder.layers.0.dropout                          |                    0 |                        0 |                        0 |       0 |
| model.encoder.layers.1                                  |               444864 |                        0 |                        0 |       0 |
| model.encoder.layers.1.attention                        |               148224 |                        0 |                        0 |       0 |
| model.encoder.layers.1.attention.q_proj                 |                37056 |                        0 |                        0 |       0 |
| model.encoder.layers.1.attention.k_proj                 |                37056 |                        0 |                        0 |       0 |
| model.encoder.layers.1.attention.v_proj                 |                37056 |                        0 |                        0 |       0 |
| model.encoder.layers.1.attention.o_proj                 |                37056 |                        0 |                        0 |       0 |
| model.encoder.layers.1.layernorm_before                 |                  384 |                        0 |                        0 |       0 |
| model.encoder.layers.1.layernorm_after                  |                  384 |                        0 |                        0 |       0 |
| model.encoder.layers.1.mlp                              |               295872 |                        0 |                        0 |       0 |
| model.encoder.layers.1.mlp.activation_fn                |                    0 |                        0 |                        0 |       0 |
| model.encoder.layers.1.mlp.fc1                          |               148224 |                        0 |                        0 |       0 |
| model.encoder.layers.1.mlp.fc2                          |               147648 |                        0 |                        0 |       0 |
| model.encoder.layers.1.dropout                          |                    0 |                        0 |                        0 |       0 |
| model.encoder.layers.2                                  |               444864 |                        0 |                        0 |       0 |
| model.encoder.layers.2.attention                        |               148224 |                        0 |                        0 |       0 |
| model.encoder.layers.2.attention.q_proj                 |                37056 |                        0 |                        0 |       0 |
| model.encoder.layers.2.attention.k_proj                 |                37056 |                        0 |                        0 |       0 |
| model.encoder.layers.2.attention.v_proj                 |                37056 |                        0 |                        0 |       0 |
| model.encoder.layers.2.attention.o_proj                 |                37056 |                        0 |                        0 |       0 |
| model.encoder.layers.2.layernorm_before                 |                  384 |                        0 |                        0 |       0 |
| model.encoder.layers.2.layernorm_after                  |                  384 |                        0 |                        0 |       0 |
| model.encoder.layers.2.mlp                              |               295872 |                        0 |                        0 |       0 |
| model.encoder.layers.2.mlp.activation_fn                |                    0 |                        0 |                        0 |       0 |
| model.encoder.layers.2.mlp.fc1                          |               148224 |                        0 |                        0 |       0 |
| model.encoder.layers.2.mlp.fc2                          |               147648 |                        0 |                        0 |       0 |
| model.encoder.layers.2.dropout                          |                    0 |                        0 |                        0 |       0 |
| model.encoder.layers.3                                  |               444864 |                        0 |                        0 |       0 |
| model.encoder.layers.3.attention                        |               148224 |                        0 |                        0 |       0 |
| model.encoder.layers.3.attention.q_proj                 |                37056 |                        0 |                        0 |       0 |
| model.encoder.layers.3.attention.k_proj                 |                37056 |                        0 |                        0 |       0 |
| model.encoder.layers.3.attention.v_proj                 |                37056 |                        0 |                        0 |       0 |
| model.encoder.layers.3.attention.o_proj                 |                37056 |                        0 |                        0 |       0 |
| model.encoder.layers.3.layernorm_before                 |                  384 |                        0 |                        0 |       0 |
| model.encoder.layers.3.layernorm_after                  |                  384 |                        0 |                        0 |       0 |
| model.encoder.layers.3.mlp                              |               295872 |                        0 |                        0 |       0 |
| model.encoder.layers.3.mlp.activation_fn                |                    0 |                        0 |                        0 |       0 |
| model.encoder.layers.3.mlp.fc1                          |               148224 |                        0 |                        0 |       0 |
| model.encoder.layers.3.mlp.fc2                          |               147648 |                        0 |                        0 |       0 |
| model.encoder.layers.3.dropout                          |                    0 |                        0 |                        0 |       0 |
| model.encoder.layers.4                                  |               444864 |                        0 |                        0 |       0 |
| model.encoder.layers.4.attention                        |               148224 |                        0 |                        0 |       0 |
| model.encoder.layers.4.attention.q_proj                 |                37056 |                        0 |                        0 |       0 |
| model.encoder.layers.4.attention.k_proj                 |                37056 |                        0 |                        0 |       0 |
| model.encoder.layers.4.attention.v_proj                 |                37056 |                        0 |                        0 |       0 |
| model.encoder.layers.4.attention.o_proj                 |                37056 |                        0 |                        0 |       0 |
| model.encoder.layers.4.layernorm_before                 |                  384 |                        0 |                        0 |       0 |
| model.encoder.layers.4.layernorm_after                  |                  384 |                        0 |                        0 |       0 |
| model.encoder.layers.4.mlp                              |               295872 |                        0 |                        0 |       0 |
| model.encoder.layers.4.mlp.activation_fn                |                    0 |                        0 |                        0 |       0 |
| model.encoder.layers.4.mlp.fc1                          |               148224 |                        0 |                        0 |       0 |
| model.encoder.layers.4.mlp.fc2                          |               147648 |                        0 |                        0 |       0 |
| model.encoder.layers.4.dropout                          |                    0 |                        0 |                        0 |       0 |
| model.encoder.layers.5                                  |               444864 |                        0 |                        0 |       0 |
| model.encoder.layers.5.attention                        |               148224 |                        0 |                        0 |       0 |
| model.encoder.layers.5.attention.q_proj                 |                37056 |                        0 |                        0 |       0 |
| model.encoder.layers.5.attention.k_proj                 |                37056 |                        0 |                        0 |       0 |
| model.encoder.layers.5.attention.v_proj                 |                37056 |                        0 |                        0 |       0 |
| model.encoder.layers.5.attention.o_proj                 |                37056 |                        0 |                        0 |       0 |
| model.encoder.layers.5.layernorm_before                 |                  384 |                        0 |                        0 |       0 |
| model.encoder.layers.5.layernorm_after                  |                  384 |                        0 |                        0 |       0 |
| model.encoder.layers.5.mlp                              |               295872 |                        0 |                        0 |       0 |
| model.encoder.layers.5.mlp.activation_fn                |                    0 |                        0 |                        0 |       0 |
| model.encoder.layers.5.mlp.fc1                          |               148224 |                        0 |                        0 |       0 |
| model.encoder.layers.5.mlp.fc2                          |               147648 |                        0 |                        0 |       0 |
| model.encoder.layers.5.dropout                          |                    0 |                        0 |                        0 |       0 |
| model.encoder.layers.6                                  |               444864 |                        0 |                        0 |       0 |
| model.encoder.layers.6.attention                        |               148224 |                        0 |                        0 |       0 |
| model.encoder.layers.6.attention.q_proj                 |                37056 |                        0 |                        0 |       0 |
| model.encoder.layers.6.attention.k_proj                 |                37056 |                        0 |                        0 |       0 |
| model.encoder.layers.6.attention.v_proj                 |                37056 |                        0 |                        0 |       0 |
| model.encoder.layers.6.attention.o_proj                 |                37056 |                        0 |                        0 |       0 |
| model.encoder.layers.6.layernorm_before                 |                  384 |                        0 |                        0 |       0 |
| model.encoder.layers.6.layernorm_after                  |                  384 |                        0 |                        0 |       0 |
| model.encoder.layers.6.mlp                              |               295872 |                        0 |                        0 |       0 |
| model.encoder.layers.6.mlp.activation_fn                |                    0 |                        0 |                        0 |       0 |
| model.encoder.layers.6.mlp.fc1                          |               148224 |                        0 |                        0 |       0 |
| model.encoder.layers.6.mlp.fc2                          |               147648 |                        0 |                        0 |       0 |
| model.encoder.layers.6.dropout                          |                    0 |                        0 |                        0 |       0 |
| model.encoder.layers.7                                  |               444864 |                        0 |                        0 |       0 |
| model.encoder.layers.7.attention                        |               148224 |                        0 |                        0 |       0 |
| model.encoder.layers.7.attention.q_proj                 |                37056 |                        0 |                        0 |       0 |
| model.encoder.layers.7.attention.k_proj                 |                37056 |                        0 |                        0 |       0 |
| model.encoder.layers.7.attention.v_proj                 |                37056 |                        0 |                        0 |       0 |
| model.encoder.layers.7.attention.o_proj                 |                37056 |                        0 |                        0 |       0 |
| model.encoder.layers.7.layernorm_before                 |                  384 |                        0 |                        0 |       0 |
| model.encoder.layers.7.layernorm_after                  |                  384 |                        0 |                        0 |       0 |
| model.encoder.layers.7.mlp                              |               295872 |                        0 |                        0 |       0 |
| model.encoder.layers.7.mlp.activation_fn                |                    0 |                        0 |                        0 |       0 |
| model.encoder.layers.7.mlp.fc1                          |               148224 |                        0 |                        0 |       0 |
| model.encoder.layers.7.mlp.fc2                          |               147648 |                        0 |                        0 |       0 |
| model.encoder.layers.7.dropout                          |                    0 |                        0 |                        0 |       0 |
| model.encoder.layers.8                                  |               444864 |                        0 |                        0 |       0 |
| model.encoder.layers.8.attention                        |               148224 |                        0 |                        0 |       0 |
| model.encoder.layers.8.attention.q_proj                 |                37056 |                        0 |                        0 |       0 |
| model.encoder.layers.8.attention.k_proj                 |                37056 |                        0 |                        0 |       0 |
| model.encoder.layers.8.attention.v_proj                 |                37056 |                        0 |                        0 |       0 |
| model.encoder.layers.8.attention.o_proj                 |                37056 |                        0 |                        0 |       0 |
| model.encoder.layers.8.layernorm_before                 |                  384 |                        0 |                        0 |       0 |
| model.encoder.layers.8.layernorm_after                  |                  384 |                        0 |                        0 |       0 |
| model.encoder.layers.8.mlp                              |               295872 |                        0 |                        0 |       0 |
| model.encoder.layers.8.mlp.activation_fn                |                    0 |                        0 |                        0 |       0 |
| model.encoder.layers.8.mlp.fc1                          |               148224 |                        0 |                        0 |       0 |
| model.encoder.layers.8.mlp.fc2                          |               147648 |                        0 |                        0 |       0 |
| model.encoder.layers.8.dropout                          |                    0 |                        0 |                        0 |       0 |
| model.encoder.layers.9                                  |               444864 |                        0 |                        0 |       0 |
| model.encoder.layers.9.attention                        |               148224 |                        0 |                        0 |       0 |
| model.encoder.layers.9.attention.q_proj                 |                37056 |                        0 |                        0 |       0 |
| model.encoder.layers.9.attention.k_proj                 |                37056 |                        0 |                        0 |       0 |
| model.encoder.layers.9.attention.v_proj                 |                37056 |                        0 |                        0 |       0 |
| model.encoder.layers.9.attention.o_proj                 |                37056 |                        0 |                        0 |       0 |
| model.encoder.layers.9.layernorm_before                 |                  384 |                        0 |                        0 |       0 |
| model.encoder.layers.9.layernorm_after                  |                  384 |                        0 |                        0 |       0 |
| model.encoder.layers.9.mlp                              |               295872 |                        0 |                        0 |       0 |
| model.encoder.layers.9.mlp.activation_fn                |                    0 |                        0 |                        0 |       0 |
| model.encoder.layers.9.mlp.fc1                          |               148224 |                        0 |                        0 |       0 |
| model.encoder.layers.9.mlp.fc2                          |               147648 |                        0 |                        0 |       0 |
| model.encoder.layers.9.dropout                          |                    0 |                        0 |                        0 |       0 |
| model.encoder.layers.10                                 |               444864 |                        0 |                        0 |       0 |
| model.encoder.layers.10.attention                       |               148224 |                        0 |                        0 |       0 |
| model.encoder.layers.10.attention.q_proj                |                37056 |                        0 |                        0 |       0 |
| model.encoder.layers.10.attention.k_proj                |                37056 |                        0 |                        0 |       0 |
| model.encoder.layers.10.attention.v_proj                |                37056 |                        0 |                        0 |       0 |
| model.encoder.layers.10.attention.o_proj                |                37056 |                        0 |                        0 |       0 |
| model.encoder.layers.10.layernorm_before                |                  384 |                        0 |                        0 |       0 |
| model.encoder.layers.10.layernorm_after                 |                  384 |                        0 |                        0 |       0 |
| model.encoder.layers.10.mlp                             |               295872 |                        0 |                        0 |       0 |
| model.encoder.layers.10.mlp.activation_fn               |                    0 |                        0 |                        0 |       0 |
| model.encoder.layers.10.mlp.fc1                         |               148224 |                        0 |                        0 |       0 |
| model.encoder.layers.10.mlp.fc2                         |               147648 |                        0 |                        0 |       0 |
| model.encoder.layers.10.dropout                         |                    0 |                        0 |                        0 |       0 |
| model.encoder.layers.11                                 |               444864 |                        0 |                        0 |       0 |
| model.encoder.layers.11.attention                       |               148224 |                        0 |                        0 |       0 |
| model.encoder.layers.11.attention.q_proj                |                37056 |                        0 |                        0 |       0 |
| model.encoder.layers.11.attention.k_proj                |                37056 |                        0 |                        0 |       0 |
| model.encoder.layers.11.attention.v_proj                |                37056 |                        0 |                        0 |       0 |
| model.encoder.layers.11.attention.o_proj                |                37056 |                        0 |                        0 |       0 |
| model.encoder.layers.11.layernorm_before                |                  384 |                        0 |                        0 |       0 |
| model.encoder.layers.11.layernorm_after                 |                  384 |                        0 |                        0 |       0 |
| model.encoder.layers.11.mlp                             |               295872 |                        0 |                        0 |       0 |
| model.encoder.layers.11.mlp.activation_fn               |                    0 |                        0 |                        0 |       0 |
| model.encoder.layers.11.mlp.fc1                         |               148224 |                        0 |                        0 |       0 |
| model.encoder.layers.11.mlp.fc2                         |               147648 |                        0 |                        0 |       0 |
| model.encoder.layers.11.dropout                         |                    0 |                        0 |                        0 |       0 |
| model.encoder.layernorm                                 |                  384 |                        0 |                        0 |       0 |
| model.predictor                                         |             10791360 |                        0 |                        0 |       0 |
| model.predictor.dropout                                 |                    0 |                        0 |                        0 |       0 |
| model.predictor.transformer                             |             10790784 |                        0 |                        0 |       0 |
| model.predictor.transformer.norm                        |                  384 |                        0 |                        0 |       0 |
| model.predictor.transformer.layers                      |             10790400 |                        0 |                        0 |       0 |
| model.predictor.transformer.layers.0                    |              1798400 |                        0 |                        0 |       0 |
| model.predictor.transformer.layers.0.attn               |               787008 |                        0 |                        0 |       0 |
| model.predictor.transformer.layers.0.attn.norm          |                  384 |                        0 |                        0 |       0 |
| model.predictor.transformer.layers.0.attn.attend        |                    0 |                        0 |                        0 |       0 |
| model.predictor.transformer.layers.0.attn.to_qkv        |               589824 |                        0 |                        0 |       0 |
| model.predictor.transformer.layers.0.attn.to_out        |               196800 |                        0 |                        0 |       0 |
| model.predictor.transformer.layers.0.attn.to_out.0      |               196800 |                        0 |                        0 |       0 |
| model.predictor.transformer.layers.0.attn.to_out.1      |                    0 |                        0 |                        0 |       0 |
| model.predictor.transformer.layers.0.mlp                |               789056 |                        0 |                        0 |       0 |
| model.predictor.transformer.layers.0.mlp.net            |               789056 |                        0 |                        0 |       0 |
| model.predictor.transformer.layers.0.mlp.net.0          |                  384 |                        0 |                        0 |       0 |
| model.predictor.transformer.layers.0.mlp.net.1          |               395264 |                        0 |                        0 |       0 |
| model.predictor.transformer.layers.0.mlp.net.2          |                    0 |                        0 |                        0 |       0 |
| model.predictor.transformer.layers.0.mlp.net.3          |                    0 |                        0 |                        0 |       0 |
| model.predictor.transformer.layers.0.mlp.net.4          |               393408 |                        0 |                        0 |       0 |
| model.predictor.transformer.layers.0.mlp.net.5          |                    0 |                        0 |                        0 |       0 |
| model.predictor.transformer.layers.0.norm1              |                    0 |                        0 |                        0 |       0 |
| model.predictor.transformer.layers.0.norm2              |                    0 |                        0 |                        0 |       0 |
| model.predictor.transformer.layers.0.adaLN_modulation   |               222336 |                        0 |                        0 |       0 |
| model.predictor.transformer.layers.0.adaLN_modulation.0 |                    0 |                        0 |                        0 |       0 |
| model.predictor.transformer.layers.0.adaLN_modulation.1 |               222336 |                        0 |                        0 |       0 |
| model.predictor.transformer.layers.1                    |              1798400 |                        0 |                        0 |       0 |
| model.predictor.transformer.layers.1.attn               |               787008 |                        0 |                        0 |       0 |
| model.predictor.transformer.layers.1.attn.norm          |                  384 |                        0 |                        0 |       0 |
| model.predictor.transformer.layers.1.attn.attend        |                    0 |                        0 |                        0 |       0 |
| model.predictor.transformer.layers.1.attn.to_qkv        |               589824 |                        0 |                        0 |       0 |
| model.predictor.transformer.layers.1.attn.to_out        |               196800 |                        0 |                        0 |       0 |
| model.predictor.transformer.layers.1.attn.to_out.0      |               196800 |                        0 |                        0 |       0 |
| model.predictor.transformer.layers.1.attn.to_out.1      |                    0 |                        0 |                        0 |       0 |
| model.predictor.transformer.layers.1.mlp                |               789056 |                        0 |                        0 |       0 |
| model.predictor.transformer.layers.1.mlp.net            |               789056 |                        0 |                        0 |       0 |
| model.predictor.transformer.layers.1.mlp.net.0          |                  384 |                        0 |                        0 |       0 |
| model.predictor.transformer.layers.1.mlp.net.1          |               395264 |                        0 |                        0 |       0 |
| model.predictor.transformer.layers.1.mlp.net.2          |                    0 |                        0 |                        0 |       0 |
| model.predictor.transformer.layers.1.mlp.net.3          |                    0 |                        0 |                        0 |       0 |
| model.predictor.transformer.layers.1.mlp.net.4          |               393408 |                        0 |                        0 |       0 |
| model.predictor.transformer.layers.1.mlp.net.5          |                    0 |                        0 |                        0 |       0 |
| model.predictor.transformer.layers.1.norm1              |                    0 |                        0 |                        0 |       0 |
| model.predictor.transformer.layers.1.norm2              |                    0 |                        0 |                        0 |       0 |
| model.predictor.transformer.layers.1.adaLN_modulation   |               222336 |                        0 |                        0 |       0 |
| model.predictor.transformer.layers.1.adaLN_modulation.0 |                    0 |                        0 |                        0 |       0 |
| model.predictor.transformer.layers.1.adaLN_modulation.1 |               222336 |                        0 |                        0 |       0 |
| model.predictor.transformer.layers.2                    |              1798400 |                        0 |                        0 |       0 |
| model.predictor.transformer.layers.2.attn               |               787008 |                        0 |                        0 |       0 |
| model.predictor.transformer.layers.2.attn.norm          |                  384 |                        0 |                        0 |       0 |
| model.predictor.transformer.layers.2.attn.attend        |                    0 |                        0 |                        0 |       0 |
| model.predictor.transformer.layers.2.attn.to_qkv        |               589824 |                        0 |                        0 |       0 |
| model.predictor.transformer.layers.2.attn.to_out        |               196800 |                        0 |                        0 |       0 |
| model.predictor.transformer.layers.2.attn.to_out.0      |               196800 |                        0 |                        0 |       0 |
| model.predictor.transformer.layers.2.attn.to_out.1      |                    0 |                        0 |                        0 |       0 |
| model.predictor.transformer.layers.2.mlp                |               789056 |                        0 |                        0 |       0 |
| model.predictor.transformer.layers.2.mlp.net            |               789056 |                        0 |                        0 |       0 |
| model.predictor.transformer.layers.2.mlp.net.0          |                  384 |                        0 |                        0 |       0 |
| model.predictor.transformer.layers.2.mlp.net.1          |               395264 |                        0 |                        0 |       0 |
| model.predictor.transformer.layers.2.mlp.net.2          |                    0 |                        0 |                        0 |       0 |
| model.predictor.transformer.layers.2.mlp.net.3          |                    0 |                        0 |                        0 |       0 |
| model.predictor.transformer.layers.2.mlp.net.4          |               393408 |                        0 |                        0 |       0 |
| model.predictor.transformer.layers.2.mlp.net.5          |                    0 |                        0 |                        0 |       0 |
| model.predictor.transformer.layers.2.norm1              |                    0 |                        0 |                        0 |       0 |
| model.predictor.transformer.layers.2.norm2              |                    0 |                        0 |                        0 |       0 |
| model.predictor.transformer.layers.2.adaLN_modulation   |               222336 |                        0 |                        0 |       0 |
| model.predictor.transformer.layers.2.adaLN_modulation.0 |                    0 |                        0 |                        0 |       0 |
| model.predictor.transformer.layers.2.adaLN_modulation.1 |               222336 |                        0 |                        0 |       0 |
| model.predictor.transformer.layers.3                    |              1798400 |                        0 |                        0 |       0 |
| model.predictor.transformer.layers.3.attn               |               787008 |                        0 |                        0 |       0 |
| model.predictor.transformer.layers.3.attn.norm          |                  384 |                        0 |                        0 |       0 |
| model.predictor.transformer.layers.3.attn.attend        |                    0 |                        0 |                        0 |       0 |
| model.predictor.transformer.layers.3.attn.to_qkv        |               589824 |                        0 |                        0 |       0 |
| model.predictor.transformer.layers.3.attn.to_out        |               196800 |                        0 |                        0 |       0 |
| model.predictor.transformer.layers.3.attn.to_out.0      |               196800 |                        0 |                        0 |       0 |
| model.predictor.transformer.layers.3.attn.to_out.1      |                    0 |                        0 |                        0 |       0 |
| model.predictor.transformer.layers.3.mlp                |               789056 |                        0 |                        0 |       0 |
| model.predictor.transformer.layers.3.mlp.net            |               789056 |                        0 |                        0 |       0 |
| model.predictor.transformer.layers.3.mlp.net.0          |                  384 |                        0 |                        0 |       0 |
| model.predictor.transformer.layers.3.mlp.net.1          |               395264 |                        0 |                        0 |       0 |
| model.predictor.transformer.layers.3.mlp.net.2          |                    0 |                        0 |                        0 |       0 |
| model.predictor.transformer.layers.3.mlp.net.3          |                    0 |                        0 |                        0 |       0 |
| model.predictor.transformer.layers.3.mlp.net.4          |               393408 |                        0 |                        0 |       0 |
| model.predictor.transformer.layers.3.mlp.net.5          |                    0 |                        0 |                        0 |       0 |
| model.predictor.transformer.layers.3.norm1              |                    0 |                        0 |                        0 |       0 |
| model.predictor.transformer.layers.3.norm2              |                    0 |                        0 |                        0 |       0 |
| model.predictor.transformer.layers.3.adaLN_modulation   |               222336 |                        0 |                        0 |       0 |
| model.predictor.transformer.layers.3.adaLN_modulation.0 |                    0 |                        0 |                        0 |       0 |
| model.predictor.transformer.layers.3.adaLN_modulation.1 |               222336 |                        0 |                        0 |       0 |
| model.predictor.transformer.layers.4                    |              1798400 |                        0 |                        0 |       0 |
| model.predictor.transformer.layers.4.attn               |               787008 |                        0 |                        0 |       0 |
| model.predictor.transformer.layers.4.attn.norm          |                  384 |                        0 |                        0 |       0 |
| model.predictor.transformer.layers.4.attn.attend        |                    0 |                        0 |                        0 |       0 |
| model.predictor.transformer.layers.4.attn.to_qkv        |               589824 |                        0 |                        0 |       0 |
| model.predictor.transformer.layers.4.attn.to_out        |               196800 |                        0 |                        0 |       0 |
| model.predictor.transformer.layers.4.attn.to_out.0      |               196800 |                        0 |                        0 |       0 |
| model.predictor.transformer.layers.4.attn.to_out.1      |                    0 |                        0 |                        0 |       0 |
| model.predictor.transformer.layers.4.mlp                |               789056 |                        0 |                        0 |       0 |
| model.predictor.transformer.layers.4.mlp.net            |               789056 |                        0 |                        0 |       0 |
| model.predictor.transformer.layers.4.mlp.net.0          |                  384 |                        0 |                        0 |       0 |
| model.predictor.transformer.layers.4.mlp.net.1          |               395264 |                        0 |                        0 |       0 |
| model.predictor.transformer.layers.4.mlp.net.2          |                    0 |                        0 |                        0 |       0 |
| model.predictor.transformer.layers.4.mlp.net.3          |                    0 |                        0 |                        0 |       0 |
| model.predictor.transformer.layers.4.mlp.net.4          |               393408 |                        0 |                        0 |       0 |
| model.predictor.transformer.layers.4.mlp.net.5          |                    0 |                        0 |                        0 |       0 |
| model.predictor.transformer.layers.4.norm1              |                    0 |                        0 |                        0 |       0 |
| model.predictor.transformer.layers.4.norm2              |                    0 |                        0 |                        0 |       0 |
| model.predictor.transformer.layers.4.adaLN_modulation   |               222336 |                        0 |                        0 |       0 |
| model.predictor.transformer.layers.4.adaLN_modulation.0 |                    0 |                        0 |                        0 |       0 |
| model.predictor.transformer.layers.4.adaLN_modulation.1 |               222336 |                        0 |                        0 |       0 |
| model.predictor.transformer.layers.5                    |              1798400 |                        0 |                        0 |       0 |
| model.predictor.transformer.layers.5.attn               |               787008 |                        0 |                        0 |       0 |
| model.predictor.transformer.layers.5.attn.norm          |                  384 |                        0 |                        0 |       0 |
| model.predictor.transformer.layers.5.attn.attend        |                    0 |                        0 |                        0 |       0 |
| model.predictor.transformer.layers.5.attn.to_qkv        |               589824 |                        0 |                        0 |       0 |
| model.predictor.transformer.layers.5.attn.to_out        |               196800 |                        0 |                        0 |       0 |
| model.predictor.transformer.layers.5.attn.to_out.0      |               196800 |                        0 |                        0 |       0 |
| model.predictor.transformer.layers.5.attn.to_out.1      |                    0 |                        0 |                        0 |       0 |
| model.predictor.transformer.layers.5.mlp                |               789056 |                        0 |                        0 |       0 |
| model.predictor.transformer.layers.5.mlp.net            |               789056 |                        0 |                        0 |       0 |
| model.predictor.transformer.layers.5.mlp.net.0          |                  384 |                        0 |                        0 |       0 |
| model.predictor.transformer.layers.5.mlp.net.1          |               395264 |                        0 |                        0 |       0 |
| model.predictor.transformer.layers.5.mlp.net.2          |                    0 |                        0 |                        0 |       0 |
| model.predictor.transformer.layers.5.mlp.net.3          |                    0 |                        0 |                        0 |       0 |
| model.predictor.transformer.layers.5.mlp.net.4          |               393408 |                        0 |                        0 |       0 |
| model.predictor.transformer.layers.5.mlp.net.5          |                    0 |                        0 |                        0 |       0 |
| model.predictor.transformer.layers.5.norm1              |                    0 |                        0 |                        0 |       0 |
| model.predictor.transformer.layers.5.norm2              |                    0 |                        0 |                        0 |       0 |
| model.predictor.transformer.layers.5.adaLN_modulation   |               222336 |                        0 |                        0 |       0 |
| model.predictor.transformer.layers.5.adaLN_modulation.0 |                    0 |                        0 |                        0 |       0 |
| model.predictor.transformer.layers.5.adaLN_modulation.1 |               222336 |                        0 |                        0 |       0 |
| model.predictor.transformer.input_proj                  |                    0 |                        0 |                        0 |       0 |
| model.predictor.transformer.cond_proj                   |                    0 |                        0 |                        0 |       0 |
| model.predictor.transformer.output_proj                 |                    0 |                        0 |                        0 |       0 |
| model.action_encoder                                    |               156126 |                        0 |                        0 |       0 |
| model.action_encoder.patch_embed                        |                   30 |                        0 |                        0 |       0 |
| model.action_encoder.embed                              |               156096 |                        0 |                        0 |       0 |
| model.action_encoder.embed.0                            |                 8448 |                        0 |                        0 |       0 |
| model.action_encoder.embed.1                            |                    0 |                        0 |                        0 |       0 |
| model.action_encoder.embed.2                            |               147648 |                        0 |                        0 |       0 |
| model.projector                                         |               792768 |                        0 |                        0 |    4097 |
| model.projector.net                                     |               792768 |                        0 |                        0 |    4097 |
| model.projector.net.0                                   |               395264 |                        0 |                        0 |       0 |
| model.projector.net.1                                   |                 4096 |                        0 |                        0 |    4097 |
| model.projector.net.2                                   |                    0 |                        0 |                        0 |       0 |
| model.projector.net.3                                   |               393408 |                        0 |                        0 |       0 |
| model.pred_proj                                         |               792768 |                        0 |                        0 |    4097 |
| model.pred_proj.net                                     |               792768 |                        0 |                        0 |    4097 |
| model.pred_proj.net.0                                   |               395264 |                        0 |                        0 |       0 |
| model.pred_proj.net.1                                   |                 4096 |                        0 |                        0 |    4097 |
| model.pred_proj.net.2                                   |                    0 |                        0 |                        0 |       0 |
| model.pred_proj.net.3                                   |               393408 |                        0 |                        0 |       0 |
| model.probe_head                                        |                 1540 |                        0 |                        0 |       0 |
| sigreg                                                  |                    0 |                        0 |                        0 |      51 |
+---------------------------------------------------------+----------------------+--------------------------+--------------------------+---------+
01:12:48 | INFO  | utils.py    | ── SLURM ─────────────────────────────────────────
01:12:48 | INFO  | trainer_inf~|   Job ID: N/A
01:12:48 | INFO  | trainer_inf~|   Task ID: N/A
01:12:48 | INFO  | trainer_inf~|   Job Name: N/A
01:12:48 | INFO  | trainer_inf~|   Nodes: N/A
01:12:48 | INFO  | trainer_inf~|   Tasks: N/A
01:12:48 | INFO  | trainer_inf~|   CPUs per node: N/A
01:12:48 | INFO  | trainer_inf~|   CPUs per task: N/A
01:12:48 | INFO  | trainer_inf~|   Memory per node: N/A
01:12:48 | INFO  | trainer_inf~|   Memory per CPU: N/A
01:12:48 | INFO  | trainer_inf~|   Time limit: N/A
01:12:48 | INFO  | trainer_inf~|   Partition: N/A
01:12:48 | INFO  | trainer_inf~|   Node List: N/A
01:12:48 | INFO  | trainer_inf~|   Submit Directory: N/A
01:12:48 | INFO  | utils.py    | ── HardwareMonitor ───────────────────────────────
01:12:48 | INFO  | hardware_mo~|   interval: 10.0s
01:12:48 | INFO  | hardware_mo~|   prefix:   'hardware/'
01:12:48 | INFO  | hardware_mo~|   metrics:  cpu=True ram=True disk=True net=True gpu=True
01:12:48 | INFO  | hardware_mo~|   per-rank: rank 0 only
LOCAL_RANK: 0 - CUDA_VISIBLE_DEVICES: [5]
01:12:48 | WARN  | hardware_mo~| HardwareMonitor: pynvml unavailable (ModuleNotFoundError("No module named 'pynvml'")); GPU metrics disabled.
01:12:48 | INFO  | utils.py    | ── Optimizers ────────────────────────────────────
01:12:48 | INFO  | module.py   |   Optimizer specified by Dict with keys ['model_opt']
01:12:48 | INFO  | module.py   | 
┏━━━━━━━━━━━━━┳━━━━━━━━━━━┳━━━━━━━━━━━━━━━━━━━┳━━━━━━━━━━━━━━━━━┳━━━━━━━━━━━━━━━━┳━━━━━━━━━━━━━━━━━━━━━━━━┓
┃ Optimizer   ┃ Pattern   ┃   Matched Modules ┃   Param Tensors ┃   Total Params ┃   RequiresGrad Tensors ┃
┣━━━━━━━━━━━━━╋━━━━━━━━━━━╋━━━━━━━━━━━━━━━━━━━╋━━━━━━━━━━━━━━━━━╋━━━━━━━━━━━━━━━━╋━━━━━━━━━━━━━━━━━━━━━━━━┫
┃ model_opt   ┃ model     ┃               317 ┃             299 ┃       18035938 ┃                    299 ┃
┗━━━━━━━━━━━━━┻━━━━━━━━━━━┻━━━━━━━━━━━━━━━━━━━┻━━━━━━━━━━━━━━━━━┻━━━━━━━━━━━━━━━━┻━━━━━━━━━━━━━━━━━━━━━━━━┛
01:12:48 | INFO  | lr_schedule~| 	User provided a dict
Loading `train_dataloader` to estimate number of stepping batches.
/home/likun-share/junjxu/wm/le-wm/.venv/lib/python3.10/site-packages/lance/__init__.py:320: UserWarning: lance is not fork-safe. If you are using multiprocessing, use spawn or forkserver instead.
  warnings.warn(
/home/likun-share/junjxu/wm/le-wm/.venv/lib/python3.10/site-packages/lance/__init__.py:320: UserWarning: lance is not fork-safe. If you are using multiprocessing, use spawn or forkserver instead.
  warnings.warn(
/usr/lib/python3.10/multiprocessing/popen_fork.py:66: RuntimeWarning: lancedb fork support is experimental: the internal async runtime has been reset in the forked child, but a small chance of deadlock remains if other state was mid-operation at fork time. The 'forkserver' or 'spawn' multiprocessing start method is likely a safer alternative.
  self.pid = os.fork()
/usr/lib/python3.10/multiprocessing/popen_fork.py:66: RuntimeWarning: lancedb fork support is experimental: the internal async runtime has been reset in the forked child, but a small chance of deadlock remains if other state was mid-operation at fork time. The 'forkserver' or 'spawn' multiprocessing start method is likely a safer alternative.
  self.pid = os.fork()
01:12:48 | INFO  | module.py   |   Configured optimizer 'model_opt' (modules=317, param_tensors=299, total_params=18035938) with LinearWarmupCosineAnnealingLR scheduler.
/home/likun-share/junjxu/wm/le-wm/.venv/lib/python3.10/site-packages/lightning/pytorch/utilities/model_summary/model_summary.py:242: Precision bf16-mixed is not supported by the model summary.  Estimated model size in MB will not be accurate. Using 32 bits instead.
┏━━━┳━━━━━━━━━━━━━━━━━━━┳━━━━━━━━━━━━┳━━━━━━━━┳━━━━━━━┳━━━━━━━┓
┃   ┃ Name              ┃ Type       ┃ Params ┃ Mode  ┃ FLOPs ┃
┡━━━╇━━━━━━━━━━━━━━━━━━━╇━━━━━━━━━━━━╇━━━━━━━━╇━━━━━━━╇━━━━━━━┩
│ 0 │ callbacks_modules │ ModuleDict │      0 │ train │     0 │
│ 1 │ callbacks_metrics │ ModuleDict │      0 │ train │     0 │
│ 2 │ model             │ JEPA       │ 18.0 M │ train │     0 │
│ 3 │ sigreg            │ SIGReg     │      0 │ train │     0 │
└───┴───────────────────┴────────────┴────────┴───────┴───────┘
Trainable params: 18.0 M                                                        
Non-trainable params: 0                                                         
Total params: 18.0 M                                                            
Total estimated model params size (MB): 72.144                                  
Modules in train mode: 320                                                      
Modules in eval mode: 0                                                         
Total FLOPs: 0                                                                  
01:12:48 | INFO  | logger.py   | [RegistryLogger] summary.json flushed (0 metrics, step=0, epoch=0) → /data1/likun-share/junjxu/.cache_stable-pretraining/runs/20260608/011243/0ba18d550cf6/summary.json
/usr/lib/python3.10/multiprocessing/popen_fork.py:66: RuntimeWarning: lancedb fork support is experimental: the internal async runtime has been reset in the forked child, but a small chance of deadlock remains if other state was mid-operation at fork time. The 'forkserver' or 'spawn' multiprocessing start method is likely a safer alternative.
  self.pid = os.fork()
/usr/lib/python3.10/multiprocessing/popen_fork.py:66: RuntimeWarning: lancedb fork support is experimental: the internal async runtime has been reset in the forked child, but a small chance of deadlock remains if other state was mid-operation at fork time. The 'forkserver' or 'spawn' multiprocessing start method is likely a safer alternative.
  self.pid = os.fork()
01:12:49 | OK    | env_info.py | ✓ NVIDIA Driver: 580.65.06
01:12:49 | OK    | env_info.py | ✓ Git: main @ e17f3b3f
01:12:49 | INFO  | env_info.py |   Remote: git@github.com-xuustc99:XuUSTC99/wm.git
01:12:49 | WARN  | env_info.py | ! Working directory has uncommitted changes
01:12:49 | OK    | env_info.py | ✓ Environment: 4 relevant variables captured
01:12:49 | INFO  | env_info.py |   Serializing environment data...
01:12:49 | INFO  | env_info.py |   File exists, using version 109: environment_v109.json
01:12:49 | INFO  | env_info.py |   File exists, using version 109: requirements_frozen_v109.txt
01:12:49 | INFO  | env_info.py |   Save directory: /home/likun-share/.cache/stable-pretraining
01:12:49 | INFO  | env_info.py |   Writing environment to temp file...
01:12:49 | INFO  | env_info.py |   Moving to: environment_v109.json
01:12:49 | OK    | env_info.py | ✓ Environment file saved (3.1 KB)
01:12:49 | OK    | env_info.py | ✓ Requirements file saved (0.1 KB)
/home/likun-share/junjxu/wm/le-wm/.venv/lib/python3.10/site-packages/lightning/pytorch/utilities/data.py:79: Trying to infer the `batch_size` from an ambiguous collection. The batch size we found is 128. To avoid any miscalculations, use `self.log(..., batch_size=batch_size)`.
01:12:54 | INFO  | trainer_inf~| \n+----------------------------+--------------------+
|           Metric           |       Value        |
+----------------------------+--------------------+
|       [0;34;40mvalidate/loss[0m        | [0;32;40m106.47581481933594[0m |
|    [0;34;40mvalidate/loss_epoch[0m     | [0;32;40m106.47581481933594[0m |
|     [0;34;40mvalidate/pred_loss[0m     | [0;32;40m0.3755751848220825[0m |
|  [0;34;40mvalidate/pred_loss_epoch[0m  | [0;32;40m0.3755751848220825[0m |
|    [0;34;40mvalidate/probe_loss[0m     | [0;32;40m1.9507548809051514[0m |
| [0;34;40mvalidate/probe_loss_epoch[0m  | [0;32;40m1.9507548809051514[0m |
|    [0;34;40mvalidate/sigreg_loss[0m    |        [0;32;40m95.0[0m        |
| [0;34;40mvalidate/sigreg_loss_epoch[0m |        [0;32;40m95.0[0m        |
+----------------------------+--------------------+
01:12:54 | WARN  | hf_models.py| ! No Hugging Face (PreTrainedModel) submodules found in LightningModule.
01:12:54 | INFO  | utils.py    | ── Optimizers ────────────────────────────────────
01:12:54 | INFO  | module.py   |   self.optimizers() gave us 1 optimizers
01:12:54 | WARN  | module.py   | ! No clip val found for optimizer default_0
01:12:54 | WARN  | module.py   | ! Will use the Trainer's value of 1.0
01:12:54 | WARN  | module.py   | ! No clip algorithm found for optimizer default_0
01:12:54 | WARN  | module.py   | ! Will use the Trainer's value of None
01:12:54 | OK    | module.py   | ✓ Optimizer check complete:
+------------+-----------+----------------+-----------+-----------+
| Opt. Index | Opt. name |      opt       | clip val. | clip alg. |
+------------+-----------+----------------+-----------+-----------+
|     0      | default_0 | LightningAdamW |    1.0    |    None   |
+------------+-----------+----------------+-----------+-----------+
01:12:54 | INFO  | utils.py    | ── LogUnusedParametersOnce ───────────────────────
01:12:54 | INFO  | unused_para~|   registered hooks on 299 leaf parameters
01:12:54 | OK    | unused_para~| ✓ all tracked parameters received gradients on the first backward pass
01:12:54 | INFO  | unused_para~|   hooks removed, callback disabled
[Epoch 0/20] step 50/203 (1.9 it/s)
[Epoch 0/20] step 100/203 (1.8 it/s)
[Epoch 0/20] step 150/203 (1.8 it/s)
[Epoch 0/20] step 200/203 (1.8 it/s)
/home/likun-share/junjxu/wm/le-wm/.venv/lib/python3.10/site-packages/lightning/pytorch/utilities/data.py:79: Trying to infer the `batch_size` from an ambiguous collection. The batch size we found is 83. To avoid any miscalculations, use `self.log(..., batch_size=batch_size)`.
01:14:55 | INFO  | trainer_inf~| \n+----------------------------+------------------------+
|           Metric           |         Value          |
+----------------------------+------------------------+
|          [0;34;40mfit/loss[0m          |   [0;32;40m10.583175659179688[0m   |
|       [0;34;40mfit/pred_loss[0m        |  [0;32;40m0.04624584689736366[0m   |
|       [0;34;40mfit/probe_loss[0m       |   [0;32;40m0.196676105260849[0m    |
|      [0;34;40mfit/sigreg_loss[0m       |         [0;32;40m7.8125[0m         |
|    [0;34;40mhardware/cpu_percent[0m    |    [0;32;40m72.9000015258789[0m    |
|  [0;34;40mhardware/disk_read_mb_s[0m   |  [0;32;40m0.17222005128860474[0m   |
|  [0;34;40mhardware/disk_write_mb_s[0m  |   [0;32;40m68.58536529541016[0m    |
|   [0;34;40mhardware/net_recv_mb_s[0m   |   [0;32;40m0.6706615686416626[0m   |
|   [0;34;40mhardware/net_sent_mb_s[0m   |  [0;32;40m0.15153145790100098[0m   |
|    [0;34;40mhardware/ram_used_gb[0m    |   [0;32;40m399.81988525390625[0m   |
|   [0;34;40mhardware/ram_used_pct[0m    |   [0;32;40m39.70000076293945[0m    |
|    [0;34;40mhparams/lr_default_0[0m    | [0;32;40m4.9797443352872506e-05[0m |
|       [0;34;40mvalidate/loss[0m        |   [0;32;40m15.197002410888672[0m   |
|    [0;34;40mvalidate/loss_epoch[0m     |   [0;32;40m15.197002410888672[0m   |
|     [0;34;40mvalidate/pred_loss[0m     |  [0;32;40m0.09296151250600815[0m   |
|  [0;34;40mvalidate/pred_loss_epoch[0m  |  [0;32;40m0.09296151250600815[0m   |
|    [0;34;40mvalidate/probe_loss[0m     |  [0;32;40m0.27629607915878296[0m   |
| [0;34;40mvalidate/probe_loss_epoch[0m  |  [0;32;40m0.27629607915878296[0m   |
|    [0;34;40mvalidate/sigreg_loss[0m    |   [0;32;40m14.316057205200195[0m   |
| [0;34;40mvalidate/sigreg_loss_epoch[0m |   [0;32;40m14.316057205200195[0m   |
+----------------------------+------------------------+
[Epoch 0/20] done in 122.0s
01:14:56 | INFO  | checkpoint_~|   Checking for non PyTorch modules to save
01:14:56 | INFO  | atomic_chec~| [atomic_save] → /data1/likun-share/junjxu/.cache_stable-pretraining/runs/20260608/011243/0ba18d550cf6/checkpoints/epoch=0-step=203.ckpt
01:14:56 | INFO  | atomic_chec~| [atomic_save] ✓ epoch=0-step=203.ckpt saved (206.8 MiB, serialise=0.44s write=0.28s rename=0.1ms)
01:14:56 | INFO  | checkpoint_~|   Checking for non PyTorch modules to save
01:14:56 | INFO  | atomic_chec~| [atomic_save] → /data1/likun-share/junjxu/.cache_stable-pretraining/runs/20260608/011243/0ba18d550cf6/checkpoints/last.ckpt
01:14:57 | INFO  | atomic_chec~| [atomic_save] ✓ last.ckpt saved (206.8 MiB, serialise=0.44s write=0.27s rename=0.1ms)
[Epoch 1/20] step 50/203 (2.1 it/s)
[Epoch 1/20] step 100/203 (1.9 it/s)
[Epoch 1/20] step 150/203 (1.8 it/s)
[Epoch 1/20] step 200/203 (1.8 it/s)
01:17:00 | INFO  | trainer_inf~| \n+----------------------------+-----------------------+
|           Metric           |         Value         |
+----------------------------+-----------------------+
|          [0;34;40mfit/loss[0m          |   [0;32;40m8.612532615661621[0m   |
|       [0;34;40mfit/pred_loss[0m        |  [0;32;40m0.02897934801876545[0m  |
|       [0;34;40mfit/probe_loss[0m       |  [0;32;40m0.15831167995929718[0m  |
|      [0;34;40mfit/sigreg_loss[0m       |         [0;32;40m7.4375[0m        |
|    [0;34;40mhardware/cpu_percent[0m    |   [0;32;40m55.70000076293945[0m   |
|  [0;34;40mhardware/disk_read_mb_s[0m   | [0;32;40m0.0003905140038114041[0m |
|  [0;34;40mhardware/disk_write_mb_s[0m  |   [0;32;40m42.246978759765625[0m  |
|   [0;34;40mhardware/net_recv_mb_s[0m   |  [0;32;40m0.02220514602959156[0m  |
|   [0;34;40mhardware/net_sent_mb_s[0m   |  [0;32;40m0.023499105125665665[0m |
|    [0;34;40mhardware/ram_used_gb[0m    |   [0;32;40m401.9246826171875[0m   |
|   [0;34;40mhardware/ram_used_pct[0m    |   [0;32;40m39.900001525878906[0m  |
|    [0;34;40mhparams/lr_default_0[0m    | [0;32;40m4.898431870969944e-05[0m |
|       [0;34;40mvalidate/loss[0m        |   [0;32;40m12.423212051391602[0m  |
|    [0;34;40mvalidate/loss_epoch[0m     |   [0;32;40m12.423212051391602[0m  |
|     [0;34;40mvalidate/pred_loss[0m     |  [0;32;40m0.05866275355219841[0m  |
|  [0;34;40mvalidate/pred_loss_epoch[0m  |  [0;32;40m0.05866275355219841[0m  |
|    [0;34;40mvalidate/probe_loss[0m     |  [0;32;40m0.22560831904411316[0m  |
| [0;34;40mvalidate/probe_loss_epoch[0m  |  [0;32;40m0.22560831904411316[0m  |
|    [0;34;40mvalidate/sigreg_loss[0m    |   [0;32;40m12.04426097869873[0m   |
| [0;34;40mvalidate/sigreg_loss_epoch[0m |   [0;32;40m12.04426097869873[0m   |
+----------------------------+-----------------------+
[Epoch 1/20] done in 123.1s
01:17:00 | INFO  | checkpoint_~|   Checking for non PyTorch modules to save
01:17:00 | INFO  | atomic_chec~| [atomic_save] → /data1/likun-share/junjxu/.cache_stable-pretraining/runs/20260608/011243/0ba18d550cf6/checkpoints/epoch=1-step=406.ckpt
01:17:01 | INFO  | atomic_chec~| [atomic_save] ✓ epoch=1-step=406.ckpt saved (206.8 MiB, serialise=0.39s write=0.24s rename=0.1ms)
01:17:01 | INFO  | checkpoint_~|   Checking for non PyTorch modules to save
01:17:01 | INFO  | atomic_chec~| [atomic_save] → /data1/likun-share/junjxu/.cache_stable-pretraining/runs/20260608/011243/0ba18d550cf6/checkpoints/last.ckpt
01:17:02 | INFO  | atomic_chec~| [atomic_save] ✓ last.ckpt saved (206.8 MiB, serialise=0.38s write=0.29s rename=54.3ms)
[Epoch 2/20] step 50/203 (2.5 it/s)
[Epoch 2/20] step 100/203 (2.0 it/s)
[Epoch 2/20] step 150/203 (1.9 it/s)
[Epoch 2/20] step 200/203 (1.8 it/s)
01:19:11 | INFO  | trainer_inf~| \n+----------------------------+------------------------+
|           Metric           |         Value          |
+----------------------------+------------------------+
|          [0;34;40mfit/loss[0m          |   [0;32;40m5.8066558837890625[0m   |
|       [0;34;40mfit/pred_loss[0m        |  [0;32;40m0.03282651677727699[0m   |
|       [0;34;40mfit/probe_loss[0m       |  [0;32;40m0.10094533860683441[0m   |
|      [0;34;40mfit/sigreg_loss[0m       |         [0;32;40m8.0625[0m         |
|    [0;34;40mhardware/cpu_percent[0m    |   [0;32;40m55.79999923706055[0m    |
|  [0;34;40mhardware/disk_read_mb_s[0m   | [0;32;40m0.00039054505759850144[0m |
|  [0;34;40mhardware/disk_write_mb_s[0m  |   [0;32;40m39.31812286376953[0m    |
|   [0;34;40mhardware/net_recv_mb_s[0m   |  [0;32;40m0.022144172340631485[0m  |
|   [0;34;40mhardware/net_sent_mb_s[0m   |  [0;32;40m0.021261250600218773[0m  |
|    [0;34;40mhardware/ram_used_gb[0m    |   [0;32;40m397.3403015136719[0m    |
|   [0;34;40mhardware/ram_used_pct[0m    |   [0;32;40m39.400001525878906[0m   |
|    [0;34;40mhparams/lr_default_0[0m    | [0;32;40m4.756883572554216e-05[0m  |
|       [0;34;40mvalidate/loss[0m        |   [0;32;40m8.664560317993164[0m    |
|    [0;34;40mvalidate/loss_epoch[0m     |   [0;32;40m8.664560317993164[0m    |
|     [0;34;40mvalidate/pred_loss[0m     |  [0;32;40m0.04123403877019882[0m   |
|  [0;34;40mvalidate/pred_loss_epoch[0m  |  [0;32;40m0.04123403877019882[0m   |
|    [0;34;40mvalidate/probe_loss[0m     |  [0;32;40m0.15288691222667694[0m   |
| [0;34;40mvalidate/probe_loss_epoch[0m  |  [0;32;40m0.15288691222667694[0m   |
|    [0;34;40mvalidate/sigreg_loss[0m    |   [0;32;40m10.882189750671387[0m   |
| [0;34;40mvalidate/sigreg_loss_epoch[0m |   [0;32;40m10.882189750671387[0m   |
+----------------------------+------------------------+
[Epoch 2/20] done in 129.1s
01:19:11 | INFO  | checkpoint_~|   Checking for non PyTorch modules to save
01:19:11 | INFO  | atomic_chec~| [atomic_save] → /data1/likun-share/junjxu/.cache_stable-pretraining/runs/20260608/011243/0ba18d550cf6/checkpoints/epoch=2-step=609.ckpt
01:19:12 | INFO  | atomic_chec~| [atomic_save] ✓ epoch=2-step=609.ckpt saved (206.8 MiB, serialise=0.56s write=0.47s rename=0.1ms)
01:19:12 | INFO  | checkpoint_~|   Checking for non PyTorch modules to save
01:19:12 | INFO  | atomic_chec~| [atomic_save] → /data1/likun-share/junjxu/.cache_stable-pretraining/runs/20260608/011243/0ba18d550cf6/checkpoints/last.ckpt
01:19:13 | INFO  | atomic_chec~| [atomic_save] ✓ last.ckpt saved (206.8 MiB, serialise=0.64s write=0.50s rename=160.3ms)
[Epoch 3/20] step 50/203 (1.5 it/s)
[Epoch 3/20] step 100/203 (1.6 it/s)
[Epoch 3/20] step 150/203 (1.6 it/s)
[Epoch 3/20] step 200/203 (1.6 it/s)
01:21:27 | INFO  | trainer_inf~| \n+----------------------------+------------------------+
|           Metric           |         Value          |
+----------------------------+------------------------+
|          [0;34;40mfit/loss[0m          |   [0;32;40m5.424569606781006[0m    |
|       [0;34;40mfit/pred_loss[0m        |  [0;32;40m0.026079317554831505[0m  |
|       [0;34;40mfit/probe_loss[0m       |  [0;32;40m0.09179793298244476[0m   |
|      [0;34;40mfit/sigreg_loss[0m       |          [0;32;40m9.0[0m           |
|    [0;34;40mhardware/cpu_percent[0m    |   [0;32;40m52.900001525878906[0m   |
|  [0;34;40mhardware/disk_read_mb_s[0m   | [0;32;40m0.00039054342778399587[0m |
|  [0;34;40mhardware/disk_write_mb_s[0m  |   [0;32;40m34.633392333984375[0m   |
|   [0;34;40mhardware/net_recv_mb_s[0m   |  [0;32;40m0.037357062101364136[0m  |
|   [0;34;40mhardware/net_sent_mb_s[0m   |  [0;32;40m0.026765286922454834[0m  |
|    [0;34;40mhardware/ram_used_gb[0m    |   [0;32;40m406.2397155761719[0m    |
|   [0;34;40mhardware/ram_used_pct[0m    |   [0;32;40m40.29999923706055[0m    |
|    [0;34;40mhparams/lr_default_0[0m    | [0;32;40m4.558654109132476e-05[0m  |
|       [0;34;40mvalidate/loss[0m        |   [0;32;40m6.765766620635986[0m    |
|    [0;34;40mvalidate/loss_epoch[0m     |   [0;32;40m6.765766620635986[0m    |
|     [0;34;40mvalidate/pred_loss[0m     |   [0;32;40m0.0196396391838789[0m   |
|  [0;34;40mvalidate/pred_loss_epoch[0m  |   [0;32;40m0.0196396391838789[0m   |
|    [0;34;40mvalidate/probe_loss[0m     |  [0;32;40m0.11769378185272217[0m   |
| [0;34;40mvalidate/probe_loss_epoch[0m  |  [0;32;40m0.11769378185272217[0m   |
|    [0;34;40mvalidate/sigreg_loss[0m    |    [0;32;40m9.57326889038086[0m    |
| [0;34;40mvalidate/sigreg_loss_epoch[0m |    [0;32;40m9.57326889038086[0m    |
+----------------------------+------------------------+
[Epoch 3/20] done in 134.0s
01:21:27 | INFO  | checkpoint_~|   Checking for non PyTorch modules to save
01:21:27 | INFO  | atomic_chec~| [atomic_save] → /data1/likun-share/junjxu/.cache_stable-pretraining/runs/20260608/011243/0ba18d550cf6/checkpoints/epoch=3-step=812.ckpt
01:21:28 | INFO  | atomic_chec~| [atomic_save] ✓ epoch=3-step=812.ckpt saved (206.8 MiB, serialise=0.34s write=0.31s rename=0.1ms)
01:21:28 | INFO  | checkpoint_~|   Checking for non PyTorch modules to save
01:21:28 | INFO  | atomic_chec~| [atomic_save] → /data1/likun-share/junjxu/.cache_stable-pretraining/runs/20260608/011243/0ba18d550cf6/checkpoints/last.ckpt
01:21:29 | INFO  | atomic_chec~| [atomic_save] ✓ last.ckpt saved (206.8 MiB, serialise=0.32s write=0.31s rename=32.8ms)
[Epoch 4/20] step 50/203 (1.9 it/s)
[Epoch 4/20] step 100/203 (2.0 it/s)
[Epoch 4/20] step 150/203 (1.9 it/s)
[Epoch 4/20] step 200/203 (1.8 it/s)
01:23:29 | INFO  | trainer_inf~| \n+----------------------------+----------------------+
|           Metric           |        Value         |
+----------------------------+----------------------+
|          [0;34;40mfit/loss[0m          |  [0;32;40m5.425970077514648[0m   |
|       [0;34;40mfit/pred_loss[0m        | [0;32;40m0.01738354191184044[0m  |
|       [0;34;40mfit/probe_loss[0m       | [0;32;40m0.09137485176324844[0m  |
|      [0;34;40mfit/sigreg_loss[0m       |        [0;32;40m9.3125[0m        |
|    [0;34;40mhardware/cpu_percent[0m    |  [0;32;40m53.29999923706055[0m   |
|  [0;34;40mhardware/disk_read_mb_s[0m   |         [0;32;40m0.0[0m          |
|  [0;34;40mhardware/disk_write_mb_s[0m  |  [0;32;40m36.90165710449219[0m   |
|   [0;34;40mhardware/net_recv_mb_s[0m   | [0;32;40m0.022570990025997162[0m |
|   [0;34;40mhardware/net_sent_mb_s[0m   | [0;32;40m0.020011944696307182[0m |
|    [0;34;40mhardware/ram_used_gb[0m    |  [0;32;40m405.6814880371094[0m   |
|   [0;34;40mhardware/ram_used_pct[0m    |  [0;32;40m40.29999923706055[0m   |
|    [0;34;40mhparams/lr_default_0[0m    | [0;32;40m4.30872205470223e-05[0m |
|       [0;34;40mvalidate/loss[0m        |  [0;32;40m5.723663330078125[0m   |
|    [0;34;40mvalidate/loss_epoch[0m     |  [0;32;40m5.723663330078125[0m   |
|     [0;34;40mvalidate/pred_loss[0m     | [0;32;40m0.01745656132698059[0m  |
|  [0;34;40mvalidate/pred_loss_epoch[0m  | [0;32;40m0.01745656132698059[0m  |
|    [0;34;40mvalidate/probe_loss[0m     | [0;32;40m0.09509187936782837[0m  |
| [0;34;40mvalidate/probe_loss_epoch[0m  | [0;32;40m0.09509187936782837[0m  |
|    [0;34;40mvalidate/sigreg_loss[0m    |  [0;32;40m10.575586318969727[0m  |
| [0;34;40mvalidate/sigreg_loss_epoch[0m |  [0;32;40m10.575586318969727[0m  |
+----------------------------+----------------------+
[Epoch 4/20] done in 120.4s
01:23:29 | INFO  | checkpoint_~|   Checking for non PyTorch modules to save
01:23:29 | INFO  | atomic_chec~| [atomic_save] → /data1/likun-share/junjxu/.cache_stable-pretraining/runs/20260608/011243/0ba18d550cf6/checkpoints/epoch=4-step=1015.ckpt
01:23:30 | INFO  | atomic_chec~| [atomic_save] ✓ epoch=4-step=1015.ckpt saved (206.8 MiB, serialise=0.38s write=0.25s rename=0.1ms)
01:23:30 | INFO  | checkpoint_~|   Checking for non PyTorch modules to save
01:23:30 | INFO  | atomic_chec~| [atomic_save] → /data1/likun-share/junjxu/.cache_stable-pretraining/runs/20260608/011243/0ba18d550cf6/checkpoints/last.ckpt
01:23:31 | INFO  | atomic_chec~| [atomic_save] ✓ last.ckpt saved (206.8 MiB, serialise=0.40s write=0.29s rename=50.0ms)
[Epoch 5/20] step 50/203 (1.7 it/s)
[Epoch 5/20] step 100/203 (2.0 it/s)
[Epoch 5/20] step 150/203 (1.9 it/s)
[Epoch 5/20] step 200/203 (1.8 it/s)
01:25:30 | INFO  | trainer_inf~| \n+----------------------------+------------------------+
|           Metric           |         Value          |
+----------------------------+------------------------+
|          [0;34;40mfit/loss[0m          |    [0;32;40m4.60842227935791[0m    |
|       [0;34;40mfit/pred_loss[0m        |  [0;32;40m0.01896355301141739[0m   |
|       [0;34;40mfit/probe_loss[0m       |   [0;32;40m0.0746016800403595[0m   |
|      [0;34;40mfit/sigreg_loss[0m       |         [0;32;40m9.5625[0m         |
|    [0;34;40mhardware/cpu_percent[0m    |   [0;32;40m53.29999923706055[0m    |
|  [0;34;40mhardware/disk_read_mb_s[0m   |          [0;32;40m0.0[0m           |
|  [0;34;40mhardware/disk_write_mb_s[0m  |   [0;32;40m47.94816970825195[0m    |
|   [0;34;40mhardware/net_recv_mb_s[0m   |  [0;32;40m0.04001861810684204[0m   |
|   [0;34;40mhardware/net_sent_mb_s[0m   |  [0;32;40m0.03693734481930733[0m   |
|    [0;34;40mhardware/ram_used_gb[0m    |   [0;32;40m408.1968994140625[0m    |
|   [0;34;40mhardware/ram_used_pct[0m    |          [0;32;40m40.5[0m          |
|    [0;34;40mhparams/lr_default_0[0m    | [0;32;40m4.0133647416951135e-05[0m |
|       [0;34;40mvalidate/loss[0m        |   [0;32;40m6.052399635314941[0m    |
|    [0;34;40mvalidate/loss_epoch[0m     |   [0;32;40m6.052399635314941[0m    |
|     [0;34;40mvalidate/pred_loss[0m     |  [0;32;40m0.01664458028972149[0m   |
|  [0;34;40mvalidate/pred_loss_epoch[0m  |  [0;32;40m0.01664458028972149[0m   |
|    [0;34;40mvalidate/probe_loss[0m     |  [0;32;40m0.10198453813791275[0m   |
| [0;34;40mvalidate/probe_loss_epoch[0m  |  [0;32;40m0.10198453813791275[0m   |
|    [0;34;40mvalidate/sigreg_loss[0m    |   [0;32;40m10.404266357421875[0m   |
| [0;34;40mvalidate/sigreg_loss_epoch[0m |   [0;32;40m10.404266357421875[0m   |
+----------------------------+------------------------+
[Epoch 5/20] done in 120.0s
01:25:31 | INFO  | checkpoint_~|   Checking for non PyTorch modules to save
01:25:31 | INFO  | atomic_chec~| [atomic_save] → /data1/likun-share/junjxu/.cache_stable-pretraining/runs/20260608/011243/0ba18d550cf6/checkpoints/epoch=5-step=1218.ckpt
01:25:31 | INFO  | atomic_chec~| [atomic_save] ✓ epoch=5-step=1218.ckpt saved (206.8 MiB, serialise=0.30s write=0.26s rename=0.1ms)
01:25:31 | INFO  | checkpoint_~|   Checking for non PyTorch modules to save
01:25:31 | INFO  | atomic_chec~| [atomic_save] → /data1/likun-share/junjxu/.cache_stable-pretraining/runs/20260608/011243/0ba18d550cf6/checkpoints/last.ckpt
01:25:32 | INFO  | atomic_chec~| [atomic_save] ✓ last.ckpt saved (206.8 MiB, serialise=0.33s write=0.26s rename=38.8ms)
[Epoch 6/20] step 50/203 (1.6 it/s)
[Epoch 6/20] step 100/203 (1.9 it/s)
[Epoch 6/20] step 150/203 (1.9 it/s)
[Epoch 6/20] step 200/203 (1.8 it/s)
01:27:32 | INFO  | trainer_inf~| \n+----------------------------+-----------------------+
|           Metric           |         Value         |
+----------------------------+-----------------------+
|          [0;34;40mfit/loss[0m          |    [0;32;40m5.37489128112793[0m   |
|       [0;34;40mfit/pred_loss[0m        |  [0;32;40m0.015127141959965229[0m |
|       [0;34;40mfit/probe_loss[0m       |  [0;32;40m0.08985152840614319[0m  |
|      [0;34;40mfit/sigreg_loss[0m       |         [0;32;40m9.625[0m         |
|    [0;34;40mhardware/cpu_percent[0m    |   [0;32;40m52.900001525878906[0m  |
|  [0;34;40mhardware/disk_read_mb_s[0m   |          [0;32;40m0.0[0m          |
|  [0;34;40mhardware/disk_write_mb_s[0m  |   [0;32;40m67.82794952392578[0m   |
|   [0;34;40mhardware/net_recv_mb_s[0m   |  [0;32;40m0.022215280681848526[0m |
|   [0;34;40mhardware/net_sent_mb_s[0m   |  [0;32;40m0.01835828647017479[0m  |
|    [0;34;40mhardware/ram_used_gb[0m    |   [0;32;40m408.5032043457031[0m   |
|   [0;34;40mhardware/ram_used_pct[0m    |   [0;32;40m40.599998474121094[0m  |
|    [0;34;40mhparams/lr_default_0[0m    | [0;32;40m3.679999281303026e-05[0m |
|       [0;34;40mvalidate/loss[0m        |   [0;32;40m5.902908802032471[0m   |
|    [0;34;40mvalidate/loss_epoch[0m     |   [0;32;40m5.902908802032471[0m   |
|     [0;34;40mvalidate/pred_loss[0m     |  [0;32;40m0.011926578357815742[0m |
|  [0;34;40mvalidate/pred_loss_epoch[0m  |  [0;32;40m0.011926578357815742[0m |
|    [0;34;40mvalidate/probe_loss[0m     |  [0;32;40m0.09947627037763596[0m  |
| [0;34;40mvalidate/probe_loss_epoch[0m  |  [0;32;40m0.09947627037763596[0m  |
|    [0;34;40mvalidate/sigreg_loss[0m    |   [0;32;40m10.193795204162598[0m  |
| [0;34;40mvalidate/sigreg_loss_epoch[0m |   [0;32;40m10.193795204162598[0m  |
+----------------------------+-----------------------+
[Epoch 6/20] done in 120.6s
01:27:33 | INFO  | checkpoint_~|   Checking for non PyTorch modules to save
01:27:33 | INFO  | atomic_chec~| [atomic_save] → /data1/likun-share/junjxu/.cache_stable-pretraining/runs/20260608/011243/0ba18d550cf6/checkpoints/epoch=6-step=1421.ckpt
01:27:33 | INFO  | atomic_chec~| [atomic_save] ✓ epoch=6-step=1421.ckpt saved (206.8 MiB, serialise=0.41s write=0.30s rename=0.1ms)
01:27:33 | INFO  | checkpoint_~|   Checking for non PyTorch modules to save
01:27:33 | INFO  | atomic_chec~| [atomic_save] → /data1/likun-share/junjxu/.cache_stable-pretraining/runs/20260608/011243/0ba18d550cf6/checkpoints/last.ckpt
01:27:34 | INFO  | atomic_chec~| [atomic_save] ✓ last.ckpt saved (206.8 MiB, serialise=0.42s write=0.26s rename=36.2ms)
[Epoch 7/20] step 50/203 (1.6 it/s)
[Epoch 7/20] step 100/203 (1.8 it/s)
[Epoch 7/20] step 150/203 (1.8 it/s)
[Epoch 7/20] step 200/203 (1.8 it/s)
01:29:35 | INFO  | trainer_inf~| \n+----------------------------+-----------------------+
|           Metric           |         Value         |
+----------------------------+-----------------------+
|          [0;34;40mfit/loss[0m          |    [0;32;40m5.10681676864624[0m   |
|       [0;34;40mfit/pred_loss[0m        |  [0;32;40m0.01795194484293461[0m  |
|       [0;34;40mfit/probe_loss[0m       |  [0;32;40m0.08560542017221451[0m  |
|      [0;34;40mfit/sigreg_loss[0m       |          [0;32;40m9.0[0m          |
|    [0;34;40mhardware/cpu_percent[0m    |   [0;32;40m53.099998474121094[0m  |
|  [0;34;40mhardware/disk_read_mb_s[0m   |          [0;32;40m0.0[0m          |
|  [0;34;40mhardware/disk_write_mb_s[0m  |   [0;32;40m61.31551742553711[0m   |
|   [0;34;40mhardware/net_recv_mb_s[0m   |  [0;32;40m0.020398421213030815[0m |
|   [0;34;40mhardware/net_sent_mb_s[0m   |  [0;32;40m0.016948280856013298[0m |
|    [0;34;40mhardware/ram_used_gb[0m    |   [0;32;40m408.6958923339844[0m   |
|   [0;34;40mhardware/ram_used_pct[0m    |   [0;32;40m40.599998474121094[0m  |
|    [0;34;40mhparams/lr_default_0[0m    | [0;32;40m3.316998481750488e-05[0m |
|       [0;34;40mvalidate/loss[0m        |   [0;32;40m6.069277763366699[0m   |
|    [0;34;40mvalidate/loss_epoch[0m     |   [0;32;40m6.069277763366699[0m   |
|     [0;34;40mvalidate/pred_loss[0m     |  [0;32;40m0.020420264452695847[0m |
|  [0;34;40mvalidate/pred_loss_epoch[0m  |  [0;32;40m0.020420264452695847[0m |
|    [0;34;40mvalidate/probe_loss[0m     |  [0;32;40m0.09607759863138199[0m  |
| [0;34;40mvalidate/probe_loss_epoch[0m  |  [0;32;40m0.09607759863138199[0m  |
|    [0;34;40mvalidate/sigreg_loss[0m    |   [0;32;40m13.830135345458984[0m  |
| [0;34;40mvalidate/sigreg_loss_epoch[0m |   [0;32;40m13.830135345458984[0m  |
+----------------------------+-----------------------+
[Epoch 7/20] done in 120.9s
01:29:35 | INFO  | checkpoint_~|   Checking for non PyTorch modules to save
01:29:35 | INFO  | atomic_chec~| [atomic_save] → /data1/likun-share/junjxu/.cache_stable-pretraining/runs/20260608/011243/0ba18d550cf6/checkpoints/epoch=7-step=1624.ckpt
01:29:35 | INFO  | atomic_chec~| [atomic_save] ✓ epoch=7-step=1624.ckpt saved (206.8 MiB, serialise=0.31s write=0.24s rename=0.1ms)
01:29:36 | INFO  | checkpoint_~|   Checking for non PyTorch modules to save
01:29:36 | INFO  | atomic_chec~| [atomic_save] → /data1/likun-share/junjxu/.cache_stable-pretraining/runs/20260608/011243/0ba18d550cf6/checkpoints/last.ckpt
01:29:36 | INFO  | atomic_chec~| [atomic_save] ✓ last.ckpt saved (206.8 MiB, serialise=0.30s write=0.29s rename=29.1ms)
[Epoch 8/20] step 50/203 (1.6 it/s)
[Epoch 8/20] step 100/203 (1.8 it/s)
[Epoch 8/20] step 150/203 (1.8 it/s)
[Epoch 8/20] step 200/203 (1.8 it/s)
01:31:39 | INFO  | trainer_inf~| \n+----------------------------+------------------------+
|           Metric           |         Value          |
+----------------------------+------------------------+
|          [0;34;40mfit/loss[0m          |   [0;32;40m3.875356674194336[0m    |
|       [0;34;40mfit/pred_loss[0m        |  [0;32;40m0.013187100179493427[0m  |
|       [0;34;40mfit/probe_loss[0m       |  [0;32;40m0.05755589157342911[0m   |
|      [0;34;40mfit/sigreg_loss[0m       |        [0;32;40m10.9375[0m         |
|    [0;34;40mhardware/cpu_percent[0m    |          [0;32;40m52.0[0m          |
|  [0;34;40mhardware/disk_read_mb_s[0m   |          [0;32;40m0.0[0m           |
|  [0;34;40mhardware/disk_write_mb_s[0m  |    [0;32;40m65.047119140625[0m     |
|   [0;34;40mhardware/net_recv_mb_s[0m   |  [0;32;40m0.021277224645018578[0m  |
|   [0;34;40mhardware/net_sent_mb_s[0m   |  [0;32;40m0.05143866315484047[0m   |
|    [0;34;40mhardware/ram_used_gb[0m    |   [0;32;40m408.34808349609375[0m   |
|   [0;34;40mhardware/ram_used_pct[0m    |          [0;32;40m40.5[0m          |
|    [0;34;40mhparams/lr_default_0[0m    | [0;32;40m2.9334791179280728e-05[0m |
|       [0;34;40mvalidate/loss[0m        |   [0;32;40m4.502132415771484[0m    |
|    [0;34;40mvalidate/loss_epoch[0m     |   [0;32;40m4.502132415771484[0m    |
|     [0;34;40mvalidate/pred_loss[0m     |  [0;32;40m0.012016394175589085[0m  |
|  [0;34;40mvalidate/pred_loss_epoch[0m  |  [0;32;40m0.012016394175589085[0m  |
|    [0;34;40mvalidate/probe_loss[0m     |  [0;32;40m0.07029078155755997[0m   |
| [0;34;40mvalidate/probe_loss_epoch[0m  |  [0;32;40m0.07029078155755997[0m   |
|    [0;34;40mvalidate/sigreg_loss[0m    |   [0;32;40m10.83767032623291[0m    |
| [0;34;40mvalidate/sigreg_loss_epoch[0m |   [0;32;40m10.83767032623291[0m    |
+----------------------------+------------------------+
[Epoch 8/20] done in 123.1s
01:31:39 | INFO  | checkpoint_~|   Checking for non PyTorch modules to save
01:31:39 | INFO  | atomic_chec~| [atomic_save] → /data1/likun-share/junjxu/.cache_stable-pretraining/runs/20260608/011243/0ba18d550cf6/checkpoints/epoch=8-step=1827.ckpt
01:31:40 | INFO  | atomic_chec~| [atomic_save] ✓ epoch=8-step=1827.ckpt saved (206.8 MiB, serialise=0.30s write=0.25s rename=0.1ms)
01:31:40 | INFO  | checkpoint_~|   Checking for non PyTorch modules to save
01:31:40 | INFO  | atomic_chec~| [atomic_save] → /data1/likun-share/junjxu/.cache_stable-pretraining/runs/20260608/011243/0ba18d550cf6/checkpoints/last.ckpt
01:31:41 | INFO  | atomic_chec~| [atomic_save] ✓ last.ckpt saved (206.8 MiB, serialise=0.37s write=0.30s rename=52.1ms)
[Epoch 9/20] step 50/203 (1.6 it/s)
[Epoch 9/20] step 100/203 (1.7 it/s)
[Epoch 9/20] step 150/203 (1.8 it/s)
[Epoch 9/20] step 200/203 (1.8 it/s)
01:33:44 | INFO  | trainer_inf~| \n+----------------------------+-----------------------+
|           Metric           |         Value         |
+----------------------------+-----------------------+
|          [0;34;40mfit/loss[0m          |   [0;32;40m4.178340435028076[0m   |
|       [0;34;40mfit/pred_loss[0m        |  [0;32;40m0.01396567840129137[0m  |
|       [0;34;40mfit/probe_loss[0m       |  [0;32;40m0.061412494629621506[0m |
|      [0;34;40mfit/sigreg_loss[0m       |         [0;32;40m12.125[0m        |
|    [0;34;40mhardware/cpu_percent[0m    |   [0;32;40m50.599998474121094[0m  |
|  [0;34;40mhardware/disk_read_mb_s[0m   |          [0;32;40m0.0[0m          |
|  [0;34;40mhardware/disk_write_mb_s[0m  |   [0;32;40m56.009212493896484[0m  |
|   [0;34;40mhardware/net_recv_mb_s[0m   |  [0;32;40m0.016841132193803787[0m |
|   [0;34;40mhardware/net_sent_mb_s[0m   |  [0;32;40m0.04875568673014641[0m  |
|    [0;34;40mhardware/ram_used_gb[0m    |   [0;32;40m384.7101745605469[0m   |
|   [0;34;40mhardware/ram_used_pct[0m    |   [0;32;40m38.20000076293945[0m   |
|    [0;34;40mhparams/lr_default_0[0m    | [0;32;40m2.539072920626495e-05[0m |
|       [0;34;40mvalidate/loss[0m        |    [0;32;40m5.18687629699707[0m   |
|    [0;34;40mvalidate/loss_epoch[0m     |    [0;32;40m5.18687629699707[0m   |
|     [0;34;40mvalidate/pred_loss[0m     |  [0;32;40m0.016003889963030815[0m |
|  [0;34;40mvalidate/pred_loss_epoch[0m  |  [0;32;40m0.016003889963030815[0m |
|    [0;34;40mvalidate/probe_loss[0m     |   [0;32;40m0.0816684365272522[0m  |
| [0;34;40mvalidate/probe_loss_epoch[0m  |   [0;32;40m0.0816684365272522[0m  |
|    [0;34;40mvalidate/sigreg_loss[0m    |   [0;32;40m12.079984664916992[0m  |
| [0;34;40mvalidate/sigreg_loss_epoch[0m |   [0;32;40m12.079984664916992[0m  |
+----------------------------+-----------------------+
[Epoch 9/20] done in 123.4s
01:33:44 | INFO  | checkpoint_~|   Checking for non PyTorch modules to save
01:33:44 | INFO  | atomic_chec~| [atomic_save] → /data1/likun-share/junjxu/.cache_stable-pretraining/runs/20260608/011243/0ba18d550cf6/checkpoints/epoch=9-step=2030.ckpt
01:33:45 | INFO  | atomic_chec~| [atomic_save] ✓ epoch=9-step=2030.ckpt saved (206.8 MiB, serialise=0.31s write=0.25s rename=0.1ms)
01:33:45 | INFO  | checkpoint_~|   Checking for non PyTorch modules to save
01:33:45 | INFO  | atomic_chec~| [atomic_save] → /data1/likun-share/junjxu/.cache_stable-pretraining/runs/20260608/011243/0ba18d550cf6/checkpoints/last.ckpt
01:33:45 | INFO  | atomic_chec~| [atomic_save] ✓ last.ckpt saved (206.8 MiB, serialise=0.30s write=0.25s rename=28.0ms)
[Epoch 10/20] step 50/203 (1.6 it/s)
[Epoch 10/20] step 100/203 (1.7 it/s)
[Epoch 10/20] step 150/203 (1.8 it/s)
[Epoch 10/20] step 200/203 (1.8 it/s)
01:35:48 | INFO  | trainer_inf~| \n+----------------------------+------------------------+
|           Metric           |         Value          |
+----------------------------+------------------------+
|          [0;34;40mfit/loss[0m          |   [0;32;40m5.083682537078857[0m    |
|       [0;34;40mfit/pred_loss[0m        |  [0;32;40m0.012317567132413387[0m  |
|       [0;34;40mfit/probe_loss[0m       |  [0;32;40m0.08283354341983795[0m   |
|      [0;34;40mfit/sigreg_loss[0m       |        [0;32;40m10.3125[0m         |
|    [0;34;40mhardware/cpu_percent[0m    |   [0;32;40m49.29999923706055[0m    |
|  [0;34;40mhardware/disk_read_mb_s[0m   |          [0;32;40m0.0[0m           |
|  [0;34;40mhardware/disk_write_mb_s[0m  |    [0;32;40m184.968017578125[0m    |
|   [0;34;40mhardware/net_recv_mb_s[0m   |  [0;32;40m0.014895417727530003[0m  |
|   [0;34;40mhardware/net_sent_mb_s[0m   |  [0;32;40m0.048392850905656815[0m  |
|    [0;34;40mhardware/ram_used_gb[0m    |   [0;32;40m385.0062561035156[0m    |
|   [0;34;40mhardware/ram_used_pct[0m    |   [0;32;40m38.20000076293945[0m    |
|    [0;34;40mhparams/lr_default_0[0m    | [0;32;40m2.1436855604406446e-05[0m |
|       [0;34;40mvalidate/loss[0m        |   [0;32;40m4.411840438842773[0m    |
|    [0;34;40mvalidate/loss_epoch[0m     |   [0;32;40m4.411840438842773[0m    |
|     [0;34;40mvalidate/pred_loss[0m     |  [0;32;40m0.011947774328291416[0m  |
|  [0;34;40mvalidate/pred_loss_epoch[0m  |  [0;32;40m0.011947774328291416[0m  |
|    [0;34;40mvalidate/probe_loss[0m     |  [0;32;40m0.06749697774648666[0m   |
| [0;34;40mvalidate/probe_loss_epoch[0m  |  [0;32;40m0.06749697774648666[0m   |
|    [0;34;40mvalidate/sigreg_loss[0m    |   [0;32;40m11.390393257141113[0m   |
| [0;34;40mvalidate/sigreg_loss_epoch[0m |   [0;32;40m11.390393257141113[0m   |
+----------------------------+------------------------+
[Epoch 10/20] done in 123.2s
01:35:48 | INFO  | checkpoint_~|   Checking for non PyTorch modules to save
01:35:48 | INFO  | atomic_chec~| [atomic_save] → /data1/likun-share/junjxu/.cache_stable-pretraining/runs/20260608/011243/0ba18d550cf6/checkpoints/epoch=10-step=2233.ckpt
01:35:49 | INFO  | atomic_chec~| [atomic_save] ✓ epoch=10-step=2233.ckpt saved (206.8 MiB, serialise=0.35s write=0.34s rename=0.1ms)
01:35:49 | INFO  | checkpoint_~|   Checking for non PyTorch modules to save
01:35:49 | INFO  | atomic_chec~| [atomic_save] → /data1/likun-share/junjxu/.cache_stable-pretraining/runs/20260608/011243/0ba18d550cf6/checkpoints/last.ckpt
01:35:50 | INFO  | atomic_chec~| [atomic_save] ✓ last.ckpt saved (206.8 MiB, serialise=0.44s write=0.25s rename=49.0ms)
[Epoch 11/20] step 50/203 (1.6 it/s)
[Epoch 11/20] step 100/203 (1.6 it/s)
[Epoch 11/20] step 150/203 (1.7 it/s)
[Epoch 11/20] step 200/203 (1.7 it/s)
01:37:55 | INFO  | trainer_inf~| \n+----------------------------+-----------------------+
|           Metric           |         Value         |
+----------------------------+-----------------------+
|          [0;34;40mfit/loss[0m          |   [0;32;40m4.2549028396606445[0m  |
|       [0;34;40mfit/pred_loss[0m        |  [0;32;40m0.012058872729539871[0m |
|       [0;34;40mfit/probe_loss[0m       |  [0;32;40m0.06766938418149948[0m  |
|      [0;34;40mfit/sigreg_loss[0m       |         [0;32;40m9.5625[0m        |
|    [0;34;40mhardware/cpu_percent[0m    |   [0;32;40m49.599998474121094[0m  |
|  [0;34;40mhardware/disk_read_mb_s[0m   |          [0;32;40m0.0[0m          |
|  [0;34;40mhardware/disk_write_mb_s[0m  |   [0;32;40m93.90409851074219[0m   |
|   [0;34;40mhardware/net_recv_mb_s[0m   |  [0;32;40m0.016273124143481255[0m |
|   [0;34;40mhardware/net_sent_mb_s[0m   |  [0;32;40m0.04994939640164375[0m  |
|    [0;34;40mhardware/ram_used_gb[0m    |   [0;32;40m385.42193603515625[0m  |
|   [0;34;40mhardware/ram_used_pct[0m    |   [0;32;40m38.29999923706055[0m   |
|    [0;34;40mhparams/lr_default_0[0m    | [0;32;40m1.757246718625538e-05[0m |
|       [0;34;40mvalidate/loss[0m        |   [0;32;40m4.094666957855225[0m   |
|    [0;34;40mvalidate/loss_epoch[0m     |   [0;32;40m4.094666957855225[0m   |
|     [0;34;40mvalidate/pred_loss[0m     |  [0;32;40m0.007373074069619179[0m |
|  [0;34;40mvalidate/pred_loss_epoch[0m  |  [0;32;40m0.007373074069619179[0m |
|    [0;34;40mvalidate/probe_loss[0m     |  [0;32;40m0.06382601708173752[0m  |
| [0;34;40mvalidate/probe_loss_epoch[0m  |  [0;32;40m0.06382601708173752[0m  |
|    [0;34;40mvalidate/sigreg_loss[0m    |   [0;32;40m9.955954551696777[0m   |
| [0;34;40mvalidate/sigreg_loss_epoch[0m |   [0;32;40m9.955954551696777[0m   |
+----------------------------+-----------------------+
[Epoch 11/20] done in 124.8s
01:37:55 | INFO  | checkpoint_~|   Checking for non PyTorch modules to save
01:37:55 | INFO  | atomic_chec~| [atomic_save] → /data1/likun-share/junjxu/.cache_stable-pretraining/runs/20260608/011243/0ba18d550cf6/checkpoints/epoch=11-step=2436.ckpt
01:37:55 | INFO  | atomic_chec~| [atomic_save] ✓ epoch=11-step=2436.ckpt saved (206.8 MiB, serialise=0.35s write=0.29s rename=0.1ms)
01:37:56 | INFO  | checkpoint_~|   Checking for non PyTorch modules to save
01:37:56 | INFO  | atomic_chec~| [atomic_save] → /data1/likun-share/junjxu/.cache_stable-pretraining/runs/20260608/011243/0ba18d550cf6/checkpoints/last.ckpt
01:37:56 | INFO  | atomic_chec~| [atomic_save] ✓ last.ckpt saved (206.8 MiB, serialise=0.46s write=0.34s rename=45.8ms)
[Epoch 12/20] step 50/203 (1.6 it/s)
[Epoch 12/20] step 100/203 (1.7 it/s)
[Epoch 12/20] step 150/203 (1.7 it/s)
[Epoch 12/20] step 200/203 (1.7 it/s)
01:40:04 | INFO  | trainer_inf~| \n+----------------------------+------------------------+
|           Metric           |         Value          |
+----------------------------+------------------------+
|          [0;34;40mfit/loss[0m          |   [0;32;40m3.1497669219970703[0m   |
|       [0;34;40mfit/pred_loss[0m        |  [0;32;40m0.011537293903529644[0m  |
|       [0;34;40mfit/probe_loss[0m       |  [0;32;40m0.04588959366083145[0m   |
|      [0;34;40mfit/sigreg_loss[0m       |         [0;32;40m9.375[0m          |
|    [0;34;40mhardware/cpu_percent[0m    |          [0;32;40m49.5[0m          |
|  [0;34;40mhardware/disk_read_mb_s[0m   |          [0;32;40m0.0[0m           |
|  [0;34;40mhardware/disk_write_mb_s[0m  |     [0;32;40m85.01220703125[0m     |
|   [0;34;40mhardware/net_recv_mb_s[0m   |  [0;32;40m0.01184436958283186[0m   |
|   [0;34;40mhardware/net_sent_mb_s[0m   |  [0;32;40m0.010228998959064484[0m  |
|    [0;34;40mhardware/ram_used_gb[0m    |   [0;32;40m384.6390380859375[0m    |
|   [0;34;40mhardware/ram_used_pct[0m    |   [0;32;40m38.20000076293945[0m    |
|    [0;34;40mhparams/lr_default_0[0m    | [0;32;40m1.3894621588406153e-05[0m |
|       [0;34;40mvalidate/loss[0m        |   [0;32;40m4.2517266273498535[0m   |
|    [0;34;40mvalidate/loss_epoch[0m     |   [0;32;40m4.2517266273498535[0m   |
|     [0;34;40mvalidate/pred_loss[0m     |  [0;32;40m0.00966064166277647[0m   |
|  [0;34;40mvalidate/pred_loss_epoch[0m  |  [0;32;40m0.00966064166277647[0m   |
|    [0;34;40mvalidate/probe_loss[0m     |  [0;32;40m0.06486351788043976[0m   |
| [0;34;40mvalidate/probe_loss_epoch[0m  |  [0;32;40m0.06486351788043976[0m   |
|    [0;34;40mvalidate/sigreg_loss[0m    |   [0;32;40m11.100131034851074[0m   |
| [0;34;40mvalidate/sigreg_loss_epoch[0m |   [0;32;40m11.100131034851074[0m   |
+----------------------------+------------------------+
[Epoch 12/20] done in 128.0s
01:40:04 | INFO  | checkpoint_~|   Checking for non PyTorch modules to save
01:40:04 | INFO  | atomic_chec~| [atomic_save] → /data1/likun-share/junjxu/.cache_stable-pretraining/runs/20260608/011243/0ba18d550cf6/checkpoints/epoch=12-step=2639.ckpt
01:40:05 | INFO  | atomic_chec~| [atomic_save] ✓ epoch=12-step=2639.ckpt saved (206.8 MiB, serialise=0.44s write=0.31s rename=0.1ms)
01:40:05 | INFO  | checkpoint_~|   Checking for non PyTorch modules to save
01:40:05 | INFO  | atomic_chec~| [atomic_save] → /data1/likun-share/junjxu/.cache_stable-pretraining/runs/20260608/011243/0ba18d550cf6/checkpoints/last.ckpt
01:40:06 | INFO  | atomic_chec~| [atomic_save] ✓ last.ckpt saved (206.8 MiB, serialise=0.42s write=0.28s rename=44.5ms)
[Epoch 13/20] step 50/203 (1.6 it/s)
[Epoch 13/20] step 100/203 (1.7 it/s)
[Epoch 13/20] step 150/203 (1.7 it/s)
[Epoch 13/20] step 200/203 (1.7 it/s)
01:42:13 | INFO  | trainer_inf~| \n+----------------------------+------------------------+
|           Metric           |         Value          |
+----------------------------+------------------------+
|          [0;34;40mfit/loss[0m          |   [0;32;40m4.077160835266113[0m    |
|       [0;34;40mfit/pred_loss[0m        |  [0;32;40m0.015412582084536552[0m  |
|       [0;34;40mfit/probe_loss[0m       |   [0;32;40m0.0651412084698677[0m   |
|      [0;34;40mfit/sigreg_loss[0m       |         [0;32;40m8.9375[0m         |
|    [0;34;40mhardware/cpu_percent[0m    |   [0;32;40m49.599998474121094[0m   |
|  [0;34;40mhardware/disk_read_mb_s[0m   |          [0;32;40m0.0[0m           |
|  [0;34;40mhardware/disk_write_mb_s[0m  |   [0;32;40m92.49554443359375[0m    |
|   [0;34;40mhardware/net_recv_mb_s[0m   |  [0;32;40m0.013997992500662804[0m  |
|   [0;34;40mhardware/net_sent_mb_s[0m   |  [0;32;40m0.04707254469394684[0m   |
|    [0;34;40mhardware/ram_used_gb[0m    |   [0;32;40m384.8704528808594[0m    |
|   [0;34;40mhardware/ram_used_pct[0m    |   [0;32;40m38.20000076293945[0m    |
|    [0;34;40mhparams/lr_default_0[0m    | [0;32;40m1.0495683454792015e-05[0m |
|       [0;34;40mvalidate/loss[0m        |   [0;32;40m3.9380452632904053[0m   |
|    [0;34;40mvalidate/loss_epoch[0m     |   [0;32;40m3.9380452632904053[0m   |
|     [0;34;40mvalidate/pred_loss[0m     |  [0;32;40m0.006128451321274042[0m  |
|  [0;34;40mvalidate/pred_loss_epoch[0m  |  [0;32;40m0.006128451321274042[0m  |
|    [0;34;40mvalidate/probe_loss[0m     |  [0;32;40m0.05947423353791237[0m   |
| [0;34;40mvalidate/probe_loss_epoch[0m  |  [0;32;40m0.05947423353791237[0m   |
|    [0;34;40mvalidate/sigreg_loss[0m    |   [0;32;40m10.645923614501953[0m   |
| [0;34;40mvalidate/sigreg_loss_epoch[0m |   [0;32;40m10.645923614501953[0m   |
+----------------------------+------------------------+
[Epoch 13/20] done in 127.0s
01:42:13 | INFO  | checkpoint_~|   Checking for non PyTorch modules to save
01:42:13 | INFO  | atomic_chec~| [atomic_save] → /data1/likun-share/junjxu/.cache_stable-pretraining/runs/20260608/011243/0ba18d550cf6/checkpoints/epoch=13-step=2842.ckpt
01:42:14 | INFO  | atomic_chec~| [atomic_save] ✓ epoch=13-step=2842.ckpt saved (206.8 MiB, serialise=0.39s write=0.27s rename=0.1ms)
01:42:14 | INFO  | checkpoint_~|   Checking for non PyTorch modules to save
01:42:14 | INFO  | atomic_chec~| [atomic_save] → /data1/likun-share/junjxu/.cache_stable-pretraining/runs/20260608/011243/0ba18d550cf6/checkpoints/last.ckpt
01:42:14 | INFO  | atomic_chec~| [atomic_save] ✓ last.ckpt saved (206.8 MiB, serialise=0.40s write=0.28s rename=39.5ms)
[Epoch 14/20] step 50/203 (1.6 it/s)
[Epoch 14/20] step 100/203 (1.7 it/s)
[Epoch 14/20] step 150/203 (1.7 it/s)
[Epoch 14/20] step 200/203 (1.8 it/s)
01:44:17 | INFO  | trainer_inf~| \n+----------------------------+-----------------------+
|           Metric           |         Value         |
+----------------------------+-----------------------+
|          [0;34;40mfit/loss[0m          |   [0;32;40m4.107742786407471[0m   |
|       [0;34;40mfit/pred_loss[0m        |  [0;32;40m0.008206048980355263[0m |
|       [0;34;40mfit/probe_loss[0m       |  [0;32;40m0.06253761053085327[0m  |
|      [0;34;40mfit/sigreg_loss[0m       |        [0;32;40m10.8125[0m        |
|    [0;34;40mhardware/cpu_percent[0m    |          [0;32;40m50.5[0m         |
|  [0;34;40mhardware/disk_read_mb_s[0m   |          [0;32;40m0.0[0m          |
|  [0;34;40mhardware/disk_write_mb_s[0m  |   [0;32;40m98.94730377197266[0m   |
|   [0;34;40mhardware/net_recv_mb_s[0m   |  [0;32;40m0.01758555695414543[0m  |
|   [0;34;40mhardware/net_sent_mb_s[0m   |  [0;32;40m0.04893086850643158[0m  |
|    [0;34;40mhardware/ram_used_gb[0m    |   [0;32;40m383.5442199707031[0m   |
|   [0;34;40mhardware/ram_used_pct[0m    |   [0;32;40m38.099998474121094[0m  |
|    [0;34;40mhparams/lr_default_0[0m    | [0;32;40m7.461018412868725e-06[0m |
|       [0;34;40mvalidate/loss[0m        |   [0;32;40m3.952518939971924[0m   |
|    [0;34;40mvalidate/loss_epoch[0m     |   [0;32;40m3.952518939971924[0m   |
|     [0;34;40mvalidate/pred_loss[0m     |  [0;32;40m0.005797708872705698[0m |
|  [0;34;40mvalidate/pred_loss_epoch[0m  |  [0;32;40m0.005797708872705698[0m |
|    [0;34;40mvalidate/probe_loss[0m     |  [0;32;40m0.05997543781995773[0m  |
| [0;34;40mvalidate/probe_loss_epoch[0m  |  [0;32;40m0.05997543781995773[0m  |
|    [0;34;40mvalidate/sigreg_loss[0m    |   [0;32;40m10.529794692993164[0m  |
| [0;34;40mvalidate/sigreg_loss_epoch[0m |   [0;32;40m10.529794692993164[0m  |
+----------------------------+-----------------------+
[Epoch 14/20] done in 122.9s
01:44:17 | INFO  | checkpoint_~|   Checking for non PyTorch modules to save
01:44:17 | INFO  | atomic_chec~| [atomic_save] → /data1/likun-share/junjxu/.cache_stable-pretraining/runs/20260608/011243/0ba18d550cf6/checkpoints/epoch=14-step=3045.ckpt
01:44:18 | INFO  | atomic_chec~| [atomic_save] ✓ epoch=14-step=3045.ckpt saved (206.8 MiB, serialise=0.40s write=0.33s rename=0.1ms)
01:44:18 | INFO  | checkpoint_~|   Checking for non PyTorch modules to save
01:44:18 | INFO  | atomic_chec~| [atomic_save] → /data1/likun-share/junjxu/.cache_stable-pretraining/runs/20260608/011243/0ba18d550cf6/checkpoints/last.ckpt
01:44:19 | INFO  | atomic_chec~| [atomic_save] ✓ last.ckpt saved (206.8 MiB, serialise=0.43s write=0.34s rename=68.7ms)
[Epoch 15/20] step 50/203 (1.6 it/s)
[Epoch 15/20] step 100/203 (1.7 it/s)
[Epoch 15/20] step 150/203 (1.7 it/s)
[Epoch 15/20] step 200/203 (1.7 it/s)
01:46:26 | INFO  | trainer_inf~| \n+----------------------------+-----------------------+
|           Metric           |         Value         |
+----------------------------+-----------------------+
|          [0;34;40mfit/loss[0m          |   [0;32;40m3.6473352909088135[0m  |
|       [0;34;40mfit/pred_loss[0m        |  [0;32;40m0.008281285874545574[0m |
|       [0;34;40mfit/probe_loss[0m       |  [0;32;40m0.05496858060359955[0m  |
|      [0;34;40mfit/sigreg_loss[0m       |         [0;32;40m9.875[0m         |
|    [0;34;40mhardware/cpu_percent[0m    |   [0;32;40m50.20000076293945[0m   |
|  [0;34;40mhardware/disk_read_mb_s[0m   |          [0;32;40m0.0[0m          |
|  [0;34;40mhardware/disk_write_mb_s[0m  |   [0;32;40m123.63472747802734[0m  |
|   [0;34;40mhardware/net_recv_mb_s[0m   |  [0;32;40m0.014586836099624634[0m |
|   [0;34;40mhardware/net_sent_mb_s[0m   |  [0;32;40m0.04717223346233368[0m  |
|    [0;34;40mhardware/ram_used_gb[0m    |   [0;32;40m383.8924560546875[0m   |
|   [0;34;40mhardware/ram_used_pct[0m    |   [0;32;40m38.099998474121094[0m  |
|    [0;34;40mhparams/lr_default_0[0m    | [0;32;40m4.866839390160749e-06[0m |
|       [0;34;40mvalidate/loss[0m        |   [0;32;40m3.820841073989868[0m   |
|    [0;34;40mvalidate/loss_epoch[0m     |   [0;32;40m3.820841073989868[0m   |
|     [0;34;40mvalidate/pred_loss[0m     |  [0;32;40m0.006467162631452084[0m |
|  [0;34;40mvalidate/pred_loss_epoch[0m  |  [0;32;40m0.006467162631452084[0m |
|    [0;34;40mvalidate/probe_loss[0m     |  [0;32;40m0.056705914437770844[0m |
| [0;34;40mvalidate/probe_loss_epoch[0m  |  [0;32;40m0.056705914437770844[0m |
|    [0;34;40mvalidate/sigreg_loss[0m    |   [0;32;40m10.88174819946289[0m   |
| [0;34;40mvalidate/sigreg_loss_epoch[0m |   [0;32;40m10.88174819946289[0m   |
+----------------------------+-----------------------+
[Epoch 15/20] done in 126.7s
01:46:26 | INFO  | checkpoint_~|   Checking for non PyTorch modules to save
01:46:26 | INFO  | atomic_chec~| [atomic_save] → /data1/likun-share/junjxu/.cache_stable-pretraining/runs/20260608/011243/0ba18d550cf6/checkpoints/epoch=15-step=3248.ckpt
01:46:26 | INFO  | atomic_chec~| [atomic_save] ✓ epoch=15-step=3248.ckpt saved (206.8 MiB, serialise=0.34s write=0.27s rename=0.0ms)
01:46:26 | INFO  | checkpoint_~|   Checking for non PyTorch modules to save
01:46:26 | INFO  | atomic_chec~| [atomic_save] → /data1/likun-share/junjxu/.cache_stable-pretraining/runs/20260608/011243/0ba18d550cf6/checkpoints/last.ckpt
01:46:27 | INFO  | atomic_chec~| [atomic_save] ✓ last.ckpt saved (206.8 MiB, serialise=0.34s write=0.25s rename=35.6ms)
[Epoch 16/20] step 50/203 (1.6 it/s)
[Epoch 16/20] step 100/203 (1.7 it/s)
[Epoch 16/20] step 150/203 (1.7 it/s)
[Epoch 16/20] step 200/203 (1.7 it/s)
01:48:35 | INFO  | trainer_inf~| \n+----------------------------+------------------------+
|           Metric           |         Value          |
+----------------------------+------------------------+
|          [0;34;40mfit/loss[0m          |   [0;32;40m4.473056793212891[0m    |
|       [0;34;40mfit/pred_loss[0m        |  [0;32;40m0.010904560796916485[0m  |
|       [0;34;40mfit/probe_loss[0m       |  [0;32;40m0.07189929485321045[0m   |
|      [0;34;40mfit/sigreg_loss[0m       |         [0;32;40m9.625[0m          |
|    [0;34;40mhardware/cpu_percent[0m    |   [0;32;40m50.599998474121094[0m   |
|  [0;34;40mhardware/disk_read_mb_s[0m   |          [0;32;40m0.0[0m           |
|  [0;34;40mhardware/disk_write_mb_s[0m  |   [0;32;40m133.44163513183594[0m   |
|   [0;34;40mhardware/net_recv_mb_s[0m   |  [0;32;40m0.028152892366051674[0m  |
|   [0;34;40mhardware/net_sent_mb_s[0m   |  [0;32;40m0.017207760363817215[0m  |
|    [0;34;40mhardware/ram_used_gb[0m    |   [0;32;40m383.7768249511719[0m    |
|   [0;34;40mhardware/ram_used_pct[0m    |   [0;32;40m38.099998474121094[0m   |
|    [0;34;40mhparams/lr_default_0[0m    | [0;32;40m2.7783000859926688e-06[0m |
|       [0;34;40mvalidate/loss[0m        |   [0;32;40m3.718693971633911[0m    |
|    [0;34;40mvalidate/loss_epoch[0m     |   [0;32;40m3.718693971633911[0m    |
|     [0;34;40mvalidate/pred_loss[0m     |   [0;32;40m0.0052975551225245[0m   |
|  [0;34;40mvalidate/pred_loss_epoch[0m  |   [0;32;40m0.0052975551225245[0m   |
|    [0;34;40mvalidate/probe_loss[0m     |  [0;32;40m0.054836567491292953[0m  |
| [0;34;40mvalidate/probe_loss_epoch[0m  |  [0;32;40m0.054836567491292953[0m  |
|    [0;34;40mvalidate/sigreg_loss[0m    |   [0;32;40m10.790908813476562[0m   |
| [0;34;40mvalidate/sigreg_loss_epoch[0m |   [0;32;40m10.790908813476562[0m   |
+----------------------------+------------------------+
[Epoch 16/20] done in 127.7s
01:48:35 | INFO  | checkpoint_~|   Checking for non PyTorch modules to save
01:48:35 | INFO  | atomic_chec~| [atomic_save] → /data1/likun-share/junjxu/.cache_stable-pretraining/runs/20260608/011243/0ba18d550cf6/checkpoints/epoch=16-step=3451.ckpt
01:48:35 | INFO  | atomic_chec~| [atomic_save] ✓ epoch=16-step=3451.ckpt saved (206.8 MiB, serialise=0.37s write=0.28s rename=0.1ms)
01:48:35 | INFO  | checkpoint_~|   Checking for non PyTorch modules to save
01:48:35 | INFO  | atomic_chec~| [atomic_save] → /data1/likun-share/junjxu/.cache_stable-pretraining/runs/20260608/011243/0ba18d550cf6/checkpoints/last.ckpt
01:48:36 | INFO  | atomic_chec~| [atomic_save] ✓ last.ckpt saved (206.8 MiB, serialise=0.33s write=0.28s rename=32.9ms)
[Epoch 17/20] step 50/203 (1.6 it/s)
[Epoch 17/20] step 100/203 (1.7 it/s)
[Epoch 17/20] step 150/203 (1.7 it/s)
[Epoch 17/20] step 200/203 (1.7 it/s)
01:50:43 | INFO  | trainer_inf~| \n+----------------------------+-----------------------+
|           Metric           |         Value         |
+----------------------------+-----------------------+
|          [0;34;40mfit/loss[0m          |   [0;32;40m5.415560245513916[0m   |
|       [0;34;40mfit/pred_loss[0m        |   [0;32;40m0.0088807987049222[0m  |
|       [0;34;40mfit/probe_loss[0m       |  [0;32;40m0.09071172028779984[0m  |
|      [0;34;40mfit/sigreg_loss[0m       |         [0;32;40m9.6875[0m        |
|    [0;34;40mhardware/cpu_percent[0m    |   [0;32;40m51.900001525878906[0m  |
|  [0;34;40mhardware/disk_read_mb_s[0m   |          [0;32;40m0.0[0m          |
|  [0;34;40mhardware/disk_write_mb_s[0m  |    [0;32;40m133.66943359375[0m    |
|   [0;34;40mhardware/net_recv_mb_s[0m   |  [0;32;40m0.015125609934329987[0m |
|   [0;34;40mhardware/net_sent_mb_s[0m   |  [0;32;40m0.046759363263845444[0m |
|    [0;34;40mhardware/ram_used_gb[0m    |   [0;32;40m383.32269287109375[0m  |
|   [0;34;40mhardware/ram_used_pct[0m    |   [0;32;40m38.099998474121094[0m  |
|    [0;34;40mhparams/lr_default_0[0m    | [0;32;40m1.247852651431458e-06[0m |
|       [0;34;40mvalidate/loss[0m        |   [0;32;40m3.7612905502319336[0m  |
|    [0;34;40mvalidate/loss_epoch[0m     |   [0;32;40m3.7612905502319336[0m  |
|     [0;34;40mvalidate/pred_loss[0m     | [0;32;40m0.0055441479198634624[0m |
|  [0;34;40mvalidate/pred_loss_epoch[0m  | [0;32;40m0.0055441479198634624[0m |
|    [0;34;40mvalidate/probe_loss[0m     |  [0;32;40m0.05602075159549713[0m  |
| [0;34;40mvalidate/probe_loss_epoch[0m  |  [0;32;40m0.05602075159549713[0m  |
|    [0;34;40mvalidate/sigreg_loss[0m    |   [0;32;40m10.60952091217041[0m   |
| [0;34;40mvalidate/sigreg_loss_epoch[0m |   [0;32;40m10.60952091217041[0m   |
+----------------------------+-----------------------+
[Epoch 17/20] done in 127.2s
01:50:43 | INFO  | checkpoint_~|   Checking for non PyTorch modules to save
01:50:43 | INFO  | atomic_chec~| [atomic_save] → /data1/likun-share/junjxu/.cache_stable-pretraining/runs/20260608/011243/0ba18d550cf6/checkpoints/epoch=17-step=3654.ckpt
01:50:44 | INFO  | atomic_chec~| [atomic_save] ✓ epoch=17-step=3654.ckpt saved (206.8 MiB, serialise=0.38s write=0.27s rename=0.1ms)
01:50:44 | INFO  | checkpoint_~|   Checking for non PyTorch modules to save
01:50:44 | INFO  | atomic_chec~| [atomic_save] → /data1/likun-share/junjxu/.cache_stable-pretraining/runs/20260608/011243/0ba18d550cf6/checkpoints/last.ckpt
01:50:45 | INFO  | atomic_chec~| [atomic_save] ✓ last.ckpt saved (206.8 MiB, serialise=0.31s write=0.33s rename=51.2ms)
[Epoch 18/20] step 50/203 (1.6 it/s)
[Epoch 18/20] step 100/203 (1.7 it/s)
[Epoch 18/20] step 150/203 (1.7 it/s)
[Epoch 18/20] step 200/203 (1.7 it/s)
01:52:51 | INFO  | trainer_inf~| \n+----------------------------+------------------------+
|           Metric           |         Value          |
+----------------------------+------------------------+
|          [0;34;40mfit/loss[0m          |   [0;32;40m3.879079818725586[0m    |
|       [0;34;40mfit/pred_loss[0m        |  [0;32;40m0.00859775673598051[0m   |
|       [0;34;40mfit/probe_loss[0m       |  [0;32;40m0.059284646064043045[0m  |
|      [0;34;40mfit/sigreg_loss[0m       |        [0;32;40m10.0625[0m         |
|    [0;34;40mhardware/cpu_percent[0m    |          [0;32;40m51.0[0m          |
|  [0;34;40mhardware/disk_read_mb_s[0m   |          [0;32;40m0.0[0m           |
|  [0;34;40mhardware/disk_write_mb_s[0m  |   [0;32;40m95.29181671142578[0m    |
|   [0;34;40mhardware/net_recv_mb_s[0m   |  [0;32;40m0.014160905964672565[0m  |
|   [0;34;40mhardware/net_sent_mb_s[0m   |  [0;32;40m0.046813324093818665[0m  |
|    [0;34;40mhardware/ram_used_gb[0m    |   [0;32;40m382.6373596191406[0m    |
|   [0;34;40mhardware/ram_used_pct[0m    |          [0;32;40m38.0[0m          |
|    [0;34;40mhparams/lr_default_0[0m    | [0;32;40m3.1393423682857247e-07[0m |
|       [0;34;40mvalidate/loss[0m        |   [0;32;40m3.6942338943481445[0m   |
|    [0;34;40mvalidate/loss_epoch[0m     |   [0;32;40m3.6942338943481445[0m   |
|     [0;34;40mvalidate/pred_loss[0m     |  [0;32;40m0.005051686428487301[0m  |
|  [0;34;40mvalidate/pred_loss_epoch[0m  |  [0;32;40m0.005051686428487301[0m  |
|    [0;34;40mvalidate/probe_loss[0m     |  [0;32;40m0.05479099974036217[0m   |
| [0;34;40mvalidate/probe_loss_epoch[0m  |  [0;32;40m0.05479099974036217[0m   |
|    [0;34;40mvalidate/sigreg_loss[0m    |   [0;32;40m10.548367500305176[0m   |
| [0;34;40mvalidate/sigreg_loss_epoch[0m |   [0;32;40m10.548367500305176[0m   |
+----------------------------+------------------------+
[Epoch 18/20] done in 126.9s
01:52:52 | INFO  | checkpoint_~|   Checking for non PyTorch modules to save
01:52:52 | INFO  | atomic_chec~| [atomic_save] → /data1/likun-share/junjxu/.cache_stable-pretraining/runs/20260608/011243/0ba18d550cf6/checkpoints/epoch=18-step=3857.ckpt
01:52:52 | INFO  | atomic_chec~| [atomic_save] ✓ epoch=18-step=3857.ckpt saved (206.8 MiB, serialise=0.38s write=0.25s rename=0.1ms)
01:52:52 | INFO  | checkpoint_~|   Checking for non PyTorch modules to save
01:52:52 | INFO  | atomic_chec~| [atomic_save] → /data1/likun-share/junjxu/.cache_stable-pretraining/runs/20260608/011243/0ba18d550cf6/checkpoints/last.ckpt
01:52:53 | INFO  | atomic_chec~| [atomic_save] ✓ last.ckpt saved (206.8 MiB, serialise=0.37s write=0.28s rename=52.8ms)
[Epoch 19/20] step 50/203 (1.6 it/s)
[Epoch 19/20] step 100/203 (1.7 it/s)
[Epoch 19/20] step 150/203 (1.7 it/s)
[Epoch 19/20] step 200/203 (1.7 it/s)
01:54:59 | INFO  | trainer_inf~| \n+----------------------------+----------------------+
|           Metric           |        Value         |
+----------------------------+----------------------+
|          [0;34;40mfit/loss[0m          |  [0;32;40m3.080923557281494[0m   |
|       [0;34;40mfit/pred_loss[0m        | [0;32;40m0.007646734360605478[0m |
|       [0;34;40mfit/probe_loss[0m       | [0;32;40m0.04232490807771683[0m  |
|      [0;34;40mfit/sigreg_loss[0m       |        [0;32;40m10.625[0m        |
|    [0;34;40mhardware/cpu_percent[0m    |  [0;32;40m50.099998474121094[0m  |
|  [0;34;40mhardware/disk_read_mb_s[0m   |         [0;32;40m0.0[0m          |
|  [0;34;40mhardware/disk_write_mb_s[0m  |  [0;32;40m128.86073303222656[0m  |
|   [0;34;40mhardware/net_recv_mb_s[0m   | [0;32;40m0.014044594019651413[0m |
|   [0;34;40mhardware/net_sent_mb_s[0m   | [0;32;40m0.010731705464422703[0m |
|    [0;34;40mhardware/ram_used_gb[0m    |   [0;32;40m381.83154296875[0m    |
|   [0;34;40mhardware/ram_used_pct[0m    |  [0;32;40m37.900001525878906[0m  |
|    [0;34;40mhparams/lr_default_0[0m    |         [0;32;40m0.0[0m          |
|       [0;34;40mvalidate/loss[0m        |  [0;32;40m3.726409673690796[0m   |
|    [0;34;40mvalidate/loss_epoch[0m     |  [0;32;40m3.726409673690796[0m   |
|     [0;34;40mvalidate/pred_loss[0m     | [0;32;40m0.005208820104598999[0m |
|  [0;34;40mvalidate/pred_loss_epoch[0m  | [0;32;40m0.005208820104598999[0m |
|    [0;34;40mvalidate/probe_loss[0m     | [0;32;40m0.05532257258892059[0m  |
| [0;34;40mvalidate/probe_loss_epoch[0m  | [0;32;40m0.05532257258892059[0m  |
|    [0;34;40mvalidate/sigreg_loss[0m    |  [0;32;40m10.606986999511719[0m  |
| [0;34;40mvalidate/sigreg_loss_epoch[0m |  [0;32;40m10.606986999511719[0m  |
+----------------------------+----------------------+
[Epoch 19/20] done in 126.2s
01:54:59 | INFO  | checkpoint_~|   Checking for non PyTorch modules to save
01:54:59 | INFO  | atomic_chec~| [atomic_save] → /data1/likun-share/junjxu/.cache_stable-pretraining/runs/20260608/011243/0ba18d550cf6/checkpoints/epoch=19-step=4060.ckpt
01:55:00 | INFO  | atomic_chec~| [atomic_save] ✓ epoch=19-step=4060.ckpt saved (206.8 MiB, serialise=0.35s write=0.27s rename=0.0ms)
01:55:00 | INFO  | checkpoint_~|   Checking for non PyTorch modules to save
01:55:00 | INFO  | atomic_chec~| [atomic_save] → /data1/likun-share/junjxu/.cache_stable-pretraining/runs/20260608/011243/0ba18d550cf6/checkpoints/last.ckpt
01:55:01 | INFO  | atomic_chec~| [atomic_save] ✓ last.ckpt saved (206.8 MiB, serialise=0.31s write=0.25s rename=36.4ms)
`Trainer.fit` stopped: `max_epochs=20` reached.
Epoch 19/19 ━━━━━━━━━━━━━━━━━━━━━━━━━━━━━━━ 203/203 0:01:58 • 0:00:00 1.75it/s 
01:55:01 | INFO  | utils.py    | ── SignalHandlers (after Trainer.fit() returned) ──
01:55:01 | INFO  | manager.py  |   SIGUSR1  → SIG_DFL (default OS action — terminate process)
01:55:01 | INFO  | manager.py  |   SIGUSR2  → SIG_DFL (default OS action — terminate process)
01:55:01 | INFO  | manager.py  |   SIGCONT  → SIG_DFL (default OS action — terminate process)
01:55:01 | INFO  | manager.py  |   SIGTERM  → SIG_DFL (default OS action — terminate process)
