01:58:45 | INFO  | __init__.py | PyTorch version 2.9.1+cu128 available.
01:58:45 | INFO  | __init__.py | JAX version 0.6.2 available.
01:58:49 | INFO  | atomic_chec~| [atomic_save] installed crash-safe checkpoint plugin (write to sibling .tmp + fsync + atomic rename)
[2026-06-08 01:59:02,243][root][INFO] - Cached 'pixels' from '/data1/likun-share/junjxu/.stable_worldmodel/datasets/phyworld_uniform_motion_id1k.h5'
[2026-06-08 01:59:02,245][root][INFO] - Cached 'action' from '/data1/likun-share/junjxu/.stable_worldmodel/datasets/phyworld_uniform_motion_id1k.h5'
[2026-06-08 01:59:02,245][root][INFO] - Cached 'proprio' from '/data1/likun-share/junjxu/.stable_worldmodel/datasets/phyworld_uniform_motion_id1k.h5'
01:59:02 | INFO  | utils.py    | Created ViT-tiny from scratch with config: {'hidden_size': 192, 'num_hidden_layers': 12, 'num_attention_heads': 3, 'intermediate_size': 768, 'image_size': 224, 'patch_size': 14}
[init_from_ckpt] /data1/likun-share/junjxu/.stable_worldmodel/lewm_paper_pusht/weights.pt
[init_from_ckpt] prefixes=('encoder.', 'projector.', 'pred_proj.') loaded=216 unexpected=0 missing=89
01:59:02 | INFO  | module.py   | Setting up DataModule
01:59:02 | INFO  | utils.py    | ── Module ────────────────────────────────────────
01:59:02 | WARN  | module.py   | ! No hyperparameters provided - hyperparameter logging is disabled.
01:59:02 | INFO  | module.py   |   Setting custom forward method.
01:59:02 | INFO  | module.py   |   Setting attribute: self.model = <class 'jepa.JEPA'>
01:59:02 | INFO  | module.py   |   Setting attribute: self.sigreg = <class 'module.SIGReg'>
01:59:02 | INFO  | module.py   |   Setting attribute: self.optim = <class 'dict'>
01:59:02 | INFO  | module.py   |   No metrics configuration provided - automatic metric tracking is disabled.
/home/likun-share/junjxu/wm/le-wm/.venv/lib/python3.10/site-packages/lightning/fabric/connector.py:571: `precision=bf16` is supported for historical reasons but its usage is discouraged. Please set your precision to bf16-mixed instead!
Using bfloat16 Automatic Mixed Precision (AMP)
01:59:02 | INFO  | env_info.py |   EnvironmentDumpCallback initialized (filename=environment.json, async=True)
01:59:02 | INFO  | utils.py    | ── HuggingFaceCheckpoint ─────────────────────────
01:59:02 | INFO  | hf_models.py|   save_dir: <cyan>hf_exports</cyan>
01:59:02 | INFO  | hf_models.py|   per_step: <cyan>False</cyan>  (False ⇒ overwrite single 'last/' subdir; True ⇒ keep step_N/)
Adding 14 callbacks from entry point 'stablepretraining_callbacks': PrintProgressBar, ModuleRegistryCallback, LoggingCallback, EnvironmentDumpCallback, TrainerInfo, SklearnCheckpoint, WandbCheckpoint, TrackioCheckpoint, SwanLabCheckpoint, ModuleSummary, SLURMInfo, LogUnusedParametersOnce, HuggingFaceCheckpointCallback, HardwareMonitor
GPU available: True (cuda), used: True
TPU available: False, using: 0 TPU cores
💡 Tip: For seamless cloud logging and experiment tracking, try installing [litlogger](https://pypi.org/project/litlogger/) to enable LitLogger, which logs metrics and artifacts automatically to the Lightning Experiments platform.
01:59:03 | INFO  | utils.py    | ── SIGTERM preempt handler — install ─────────────
01:59:03 | INFO  | manager.py  |   SLURM_JOB_ID         = None
01:59:03 | INFO  | manager.py  |   SLURM_RESTART_COUNT  = '0'
01:59:03 | INFO  | manager.py  |   SLURM_PROCID         = '?'
01:59:03 | INFO  | manager.py  |   SLURM_NODEID         = '?'
01:59:03 | INFO  | manager.py  |   → not under SLURM (SLURM_JOB_ID unset); leaving SIGTERM handler as-is. Forwarding to submitit's USR signal would be a no-op since submitit isn't running upstream.
01:59:03 | WARN  | manager.py  | User didn't specify seed, runs won't be exactly reproducible!
01:59:03 | INFO  | manager.py  |   Manager init: ckpt_path=None, weights_only=True
01:59:03 | INFO  | utils.py    | ── WorkingDirectory ──────────────────────────────
01:59:03 | INFO  | manager.py  |   cwd: /home/likun-share/junjxu/wm/le-wm
01:59:03 | INFO  | utils.py    | ── Seed ──────────────────────────────────────────
01:59:03 | INFO  | manager.py  |   seed: None
/home/likun-share/junjxu/wm/le-wm/.venv/lib/python3.10/site-packages/lightning/fabric/utilities/seed.py:44: No seed found, seed set to 0
Seed set to 0
01:59:03 | INFO  | utils.py    | ── RunDirectory ──────────────────────────────────
01:59:03 | INFO  | manager.py  |   cache_dir = /data1/likun-share/junjxu/.cache_stable-pretraining
01:59:03 | INFO  | manager.py  |   ddp: launch_key=(single-process) rank=0 is_rank_zero=True
01:59:03 | INFO  | utils.py    | ── RunDirectory: requeue probe ───────────────────
01:59:03 | INFO  | manager.py  |   SLURM session key   = (no SLURM)
01:59:03 | INFO  | manager.py  |   SLURM_RESTART_COUNT = 0
01:59:03 | INFO  | manager.py  |   in_requeue          = False
01:59:03 | INFO  | utils.py    | ── RunDirectory: fresh ───────────────────────────
01:59:03 | INFO  | manager.py  |   no user ckpt_path — training from scratch / pretrained backbone.
01:59:03 | INFO  | manager.py  |   created run_dir = /data1/likun-share/junjxu/.cache_stable-pretraining/runs/20260608/015903/8e71e6adcf61
01:59:03 | INFO  | manager.py  |   wrote run_meta.json with run_id=8e71e6adcf61
01:59:03 | INFO  | manager.py  |   SLURM index = (no SLURM, skipped)
01:59:03 | WARN  | manager.py  | ! cache_dir is set but the Trainer was passed as an already-instantiated object. Cannot override default_root_dir cleanly. Consider passing the trainer as a config dict instead.
01:59:03 | WARN  | manager.py  | ! Hydra run.dir='outputs/2026-06-08/01-58-50' will be ignored for trainer outputs (cache_dir takes precedence).
01:59:03 | WARN  | manager.py  | ! Hydra sweep.dir='multirun/2026-06-08/01-58-50' will be ignored for trainer outputs (cache_dir takes precedence).
01:59:03 | INFO  | logger.py   | [RegistryLogger] run_id=8e71e6adcf61 run_dir=/data1/likun-share/junjxu/.cache_stable-pretraining/runs/20260608/015903/8e71e6adcf61 — sidecar.json + summary.json + metrics.csv will live here
01:59:03 | INFO  | utils.py    | ── RegistryLogger ────────────────────────────────
01:59:03 | INFO  | manager.py  |   run_dir: /data1/likun-share/junjxu/.cache_stable-pretraining/runs/20260608/015903/8e71e6adcf61
01:59:03 | INFO  | manager.py  |   run_id:  8e71e6adcf61
01:59:03 | INFO  | utils.py    | ── CSVLogger ─────────────────────────────────────
01:59:03 | INFO  | manager.py  |   root_dir: /data1/likun-share/junjxu/.cache_stable-pretraining/runs/20260608/015903/8e71e6adcf61/
01:59:03 | INFO  | manager.py  |   save_dir: /data1/likun-share/junjxu/.cache_stable-pretraining/runs/20260608/015903/8e71e6adcf61
01:59:03 | INFO  | manager.py  |   log_dir: /data1/likun-share/junjxu/.cache_stable-pretraining/runs/20260608/015903/8e71e6adcf61/
01:59:03 | INFO  | utils.py    | ── SignalHandlers (after submitit setup (spt SIGTERM installed in __init__)) ──
01:59:03 | INFO  | manager.py  |   SIGUSR1  → SIG_DFL (default OS action — terminate process)
01:59:03 | INFO  | manager.py  |   SIGUSR2  → SIG_DFL (default OS action — terminate process)
01:59:03 | INFO  | manager.py  |   SIGCONT  → SIG_DFL (default OS action — terminate process)
01:59:03 | INFO  | manager.py  |   SIGTERM  → SIG_DFL (default OS action — terminate process)
01:59:03 | INFO  | utils.py    | ── Callbacks ─────────────────────────────────────
01:59:03 | INFO  | manager.py  |   count: 19
01:59:03 | INFO  | utils.py    | ── CacheDirCheckpointing ─────────────────────────
01:59:03 | INFO  | manager.py  |   Saving checkpoints to: /data1/likun-share/junjxu/.cache_stable-pretraining/runs/20260608/015903/8e71e6adcf61/checkpoints
01:59:03 | WARN  | manager.py  |   Redirecting HuggingFaceCheckpointCallback from 'hf_exports' to '/data1/likun-share/junjxu/.cache_stable-pretraining/runs/20260608/015903/8e71e6adcf61/hf_exports' (cache_dir is active — prevents races on a shared cache)
01:59:03 | INFO  | manager.py  |   Added requeue checkpoint (filename='last')
01:59:03 | INFO  | utils.py    | ── LoadPath resolution ───────────────────────────
01:59:03 | INFO  | manager.py  |   in_requeue = False
01:59:03 | INFO  | manager.py  |   user ckpt_path = None
01:59:03 | INFO  | manager.py  |   user weights_only = True
01:59:03 | INFO  | manager.py  |   → no ckpt_path; training from scratch.
01:59:03 | INFO  | utils.py    | ── TrainerFit ────────────────────────────────────
01:59:03 | INFO  | manager.py  |   ckpt_path:     None
01:59:03 | INFO  | manager.py  |   weights_only:  None
01:59:03 | INFO  | utils.py    | ── SignalHandlers (before Trainer.fit() (handler installed in __init__)) ──
01:59:03 | INFO  | manager.py  |   SIGUSR1  → SIG_DFL (default OS action — terminate process)
01:59:03 | INFO  | manager.py  |   SIGUSR2  → SIG_DFL (default OS action — terminate process)
01:59:03 | INFO  | manager.py  |   SIGCONT  → SIG_DFL (default OS action — terminate process)
01:59:03 | INFO  | manager.py  |   SIGTERM  → SIG_DFL (default OS action — terminate process)
01:59:03 | INFO  | manager.py  |   → entering Trainer.fit(); lightning's _SignalConnector will now register its own handlers. SIGTERM will become _HandlersCompose([_sigterm_notifier_fn, _sigterm_handler_fn, spt._handler]); USR-sig binding from submitit is preserved (lightning skips USR registration when one already exists).
💡 Tip: For seamless cloud uploads and versioning, try installing [litmodels](https://pypi.org/project/litmodels/) to enable LitModelCheckpoint, which syncs automatically with the Lightning model registry.
You are using a CUDA device ('NVIDIA A800-SXM4-80GB') that has Tensor Cores. To properly utilize them, you should set `torch.set_float32_matmul_precision('medium' | 'high')` which will trade-off precision for performance. For more details, read https://pytorch.org/docs/stable/generated/torch.set_float32_matmul_precision.html#torch.set_float32_matmul_precision
01:59:05 | OK    | module.py   | ✓ dataset for fit loaded
01:59:05 | INFO  | module.py   |   setup was done by user
01:59:05 | INFO  | utils.py    | ── EnvironmentDump ───────────────────────────────
01:59:05 | INFO  | env_info.py |   log_dir: /home/likun-share/.cache/stable-pretraining
01:59:05 | INFO  | env_info.py |   Running environment dump in background thread (non-blocking)
01:59:05 | INFO  | env_info.py |   Collecting environment information...
01:59:05 | OK    | env_info.py | ✓ Python 3.10.12
01:59:05 | OK    | env_info.py | ✓ System: Linux 5.15.0-113-generic (x86_64)
01:59:05 | INFO  | env_info.py |   Hostname: 10-116-90-13
01:59:05 | OK    | env_info.py | ✓ Background thread started successfully
01:59:05 | INFO  | trainer_inf~|   linking trainer to DataModule
01:59:05 | INFO  | utils.py    | ── Callbacks (in order) ──────────────────────────
01:59:05 | INFO  | utils.py    |     [ 0] ModelObjectCallBack
01:59:05 | INFO  | utils.py    |     [ 1] RichProgressBar
01:59:05 | INFO  | utils.py    |     [ 2] RichModelSummary
01:59:05 | INFO  | utils.py    |     [ 3] PrintProgressBar
01:59:05 | INFO  | utils.py    |     [ 4] ModuleRegistryCallback
01:59:05 | INFO  | utils.py    |     [ 5] LoggingCallback
01:59:05 | INFO  | utils.py    |     [ 6] EnvironmentDumpCallback
01:59:05 | INFO  | utils.py    |     [ 7] TrainerInfo
01:59:05 | INFO  | utils.py    |     [ 8] SklearnCheckpoint
01:59:05 | INFO  | utils.py    |     [ 9] WandbCheckpoint
01:59:05 | INFO  | utils.py    |     [10] TrackioCheckpoint
01:59:05 | INFO  | utils.py    |     [11] SwanLabCheckpoint
01:59:05 | INFO  | utils.py    |     [12] ModuleSummary
01:59:05 | INFO  | utils.py    |     [13] SLURMInfo
01:59:05 | INFO  | utils.py    |     [14] LogUnusedParametersOnce
01:59:05 | INFO  | utils.py    |     [15] HuggingFaceCheckpointCallback
01:59:05 | INFO  | utils.py    |     [16] HardwareMonitor
01:59:05 | INFO  | utils.py    |     [17] ModelCheckpoint
01:59:05 | INFO  | utils.py    |     [18] _RunDirCallback
01:59:05 | INFO  | utils.py    |     [19] ModelCheckpoint
01:59:05 | INFO  | utils.py    |   ⚑ marks order-sensitive callbacks; see AGENTS.md → Callback ordering for the full rules.
01:59:05 | INFO  | utils.py    | ── SklearnCheckpoint ─────────────────────────────
01:59:05 | INFO  | checkpoint_~|   Sklearn Modules:
01:59:05 | INFO  | checkpoint_~| 
┏━━━━━━━━━━┳━━━━━━━━┳━━━━━━━━┓
┃ Module   ┃ Name   ┃ Type   ┃
┣━━━━━━━━━━╋━━━━━━━━╋━━━━━━━━┫
┗━━━━━━━━━━┻━━━━━━━━┻━━━━━━━━┛
01:59:05 | INFO  | utils.py    | ── WandbCheckpoint ───────────────────────────────
01:59:05 | INFO  | utils.py    | ── TrackioCheckpoint ─────────────────────────────
01:59:05 | INFO  | utils.py    | ── SwanLabCheckpoint ─────────────────────────────
01:59:05 | INFO  | utils.py    | ── PyTorch Modules ───────────────────────────────
01:59:05 | WARN  | module.py   | ! You are calling self.parameters which also gives callbacks parameters, to remove them, pass `with_callbacks=False`
01:59:05 | INFO  | trainer_inf~| \n+---------------------------------------------------------+----------------------+--------------------------+--------------------------+---------+
| Module                                                  | Trainable parameters | Non Trainable parameters | Uninitialized parameters | Buffers |
+---------------------------------------------------------+----------------------+--------------------------+--------------------------+---------+
|                                                         |             18035170 |                        0 |                        0 |    8245 |
| callbacks_modules                                       |                    0 |                        0 |                        0 |       0 |
| callbacks_metrics                                       |                    0 |                        0 |                        0 |       0 |
| model                                                   |             18035170 |                        0 |                        0 |    8194 |
| model.encoder                                           |              5501376 |                        0 |                        0 |       0 |
| model.encoder.embeddings                                |               162624 |                        0 |                        0 |       0 |
| model.encoder.embeddings.patch_embeddings               |               113088 |                        0 |                        0 |       0 |
| model.encoder.embeddings.patch_embeddings.projection    |               113088 |                        0 |                        0 |       0 |
| model.encoder.embeddings.dropout                        |                    0 |                        0 |                        0 |       0 |
| model.encoder.layers                                    |              5338368 |                        0 |                        0 |       0 |
| model.encoder.layers.0                                  |               444864 |                        0 |                        0 |       0 |
| model.encoder.layers.0.attention                        |               148224 |                        0 |                        0 |       0 |
| model.encoder.layers.0.attention.q_proj                 |                37056 |                        0 |                        0 |       0 |
| model.encoder.layers.0.attention.k_proj                 |                37056 |                        0 |                        0 |       0 |
| model.encoder.layers.0.attention.v_proj                 |                37056 |                        0 |                        0 |       0 |
| model.encoder.layers.0.attention.o_proj                 |                37056 |                        0 |                        0 |       0 |
| model.encoder.layers.0.layernorm_before                 |                  384 |                        0 |                        0 |       0 |
| model.encoder.layers.0.layernorm_after                  |                  384 |                        0 |                        0 |       0 |
| model.encoder.layers.0.mlp                              |               295872 |                        0 |                        0 |       0 |
| model.encoder.layers.0.mlp.activation_fn                |                    0 |                        0 |                        0 |       0 |
| model.encoder.layers.0.mlp.fc1                          |               148224 |                        0 |                        0 |       0 |
| model.encoder.layers.0.mlp.fc2                          |               147648 |                        0 |                        0 |       0 |
| model.encoder.layers.0.dropout                          |                    0 |                        0 |                        0 |       0 |
| model.encoder.layers.1                                  |               444864 |                        0 |                        0 |       0 |
| model.encoder.layers.1.attention                        |               148224 |                        0 |                        0 |       0 |
| model.encoder.layers.1.attention.q_proj                 |                37056 |                        0 |                        0 |       0 |
| model.encoder.layers.1.attention.k_proj                 |                37056 |                        0 |                        0 |       0 |
| model.encoder.layers.1.attention.v_proj                 |                37056 |                        0 |                        0 |       0 |
| model.encoder.layers.1.attention.o_proj                 |                37056 |                        0 |                        0 |       0 |
| model.encoder.layers.1.layernorm_before                 |                  384 |                        0 |                        0 |       0 |
| model.encoder.layers.1.layernorm_after                  |                  384 |                        0 |                        0 |       0 |
| model.encoder.layers.1.mlp                              |               295872 |                        0 |                        0 |       0 |
| model.encoder.layers.1.mlp.activation_fn                |                    0 |                        0 |                        0 |       0 |
| model.encoder.layers.1.mlp.fc1                          |               148224 |                        0 |                        0 |       0 |
| model.encoder.layers.1.mlp.fc2                          |               147648 |                        0 |                        0 |       0 |
| model.encoder.layers.1.dropout                          |                    0 |                        0 |                        0 |       0 |
| model.encoder.layers.2                                  |               444864 |                        0 |                        0 |       0 |
| model.encoder.layers.2.attention                        |               148224 |                        0 |                        0 |       0 |
| model.encoder.layers.2.attention.q_proj                 |                37056 |                        0 |                        0 |       0 |
| model.encoder.layers.2.attention.k_proj                 |                37056 |                        0 |                        0 |       0 |
| model.encoder.layers.2.attention.v_proj                 |                37056 |                        0 |                        0 |       0 |
| model.encoder.layers.2.attention.o_proj                 |                37056 |                        0 |                        0 |       0 |
| model.encoder.layers.2.layernorm_before                 |                  384 |                        0 |                        0 |       0 |
| model.encoder.layers.2.layernorm_after                  |                  384 |                        0 |                        0 |       0 |
| model.encoder.layers.2.mlp                              |               295872 |                        0 |                        0 |       0 |
| model.encoder.layers.2.mlp.activation_fn                |                    0 |                        0 |                        0 |       0 |
| model.encoder.layers.2.mlp.fc1                          |               148224 |                        0 |                        0 |       0 |
| model.encoder.layers.2.mlp.fc2                          |               147648 |                        0 |                        0 |       0 |
| model.encoder.layers.2.dropout                          |                    0 |                        0 |                        0 |       0 |
| model.encoder.layers.3                                  |               444864 |                        0 |                        0 |       0 |
| model.encoder.layers.3.attention                        |               148224 |                        0 |                        0 |       0 |
| model.encoder.layers.3.attention.q_proj                 |                37056 |                        0 |                        0 |       0 |
| model.encoder.layers.3.attention.k_proj                 |                37056 |                        0 |                        0 |       0 |
| model.encoder.layers.3.attention.v_proj                 |                37056 |                        0 |                        0 |       0 |
| model.encoder.layers.3.attention.o_proj                 |                37056 |                        0 |                        0 |       0 |
| model.encoder.layers.3.layernorm_before                 |                  384 |                        0 |                        0 |       0 |
| model.encoder.layers.3.layernorm_after                  |                  384 |                        0 |                        0 |       0 |
| model.encoder.layers.3.mlp                              |               295872 |                        0 |                        0 |       0 |
| model.encoder.layers.3.mlp.activation_fn                |                    0 |                        0 |                        0 |       0 |
| model.encoder.layers.3.mlp.fc1                          |               148224 |                        0 |                        0 |       0 |
| model.encoder.layers.3.mlp.fc2                          |               147648 |                        0 |                        0 |       0 |
| model.encoder.layers.3.dropout                          |                    0 |                        0 |                        0 |       0 |
| model.encoder.layers.4                                  |               444864 |                        0 |                        0 |       0 |
| model.encoder.layers.4.attention                        |               148224 |                        0 |                        0 |       0 |
| model.encoder.layers.4.attention.q_proj                 |                37056 |                        0 |                        0 |       0 |
| model.encoder.layers.4.attention.k_proj                 |                37056 |                        0 |                        0 |       0 |
| model.encoder.layers.4.attention.v_proj                 |                37056 |                        0 |                        0 |       0 |
| model.encoder.layers.4.attention.o_proj                 |                37056 |                        0 |                        0 |       0 |
| model.encoder.layers.4.layernorm_before                 |                  384 |                        0 |                        0 |       0 |
| model.encoder.layers.4.layernorm_after                  |                  384 |                        0 |                        0 |       0 |
| model.encoder.layers.4.mlp                              |               295872 |                        0 |                        0 |       0 |
| model.encoder.layers.4.mlp.activation_fn                |                    0 |                        0 |                        0 |       0 |
| model.encoder.layers.4.mlp.fc1                          |               148224 |                        0 |                        0 |       0 |
| model.encoder.layers.4.mlp.fc2                          |               147648 |                        0 |                        0 |       0 |
| model.encoder.layers.4.dropout                          |                    0 |                        0 |                        0 |       0 |
| model.encoder.layers.5                                  |               444864 |                        0 |                        0 |       0 |
| model.encoder.layers.5.attention                        |               148224 |                        0 |                        0 |       0 |
| model.encoder.layers.5.attention.q_proj                 |                37056 |                        0 |                        0 |       0 |
| model.encoder.layers.5.attention.k_proj                 |                37056 |                        0 |                        0 |       0 |
| model.encoder.layers.5.attention.v_proj                 |                37056 |                        0 |                        0 |       0 |
| model.encoder.layers.5.attention.o_proj                 |                37056 |                        0 |                        0 |       0 |
| model.encoder.layers.5.layernorm_before                 |                  384 |                        0 |                        0 |       0 |
| model.encoder.layers.5.layernorm_after                  |                  384 |                        0 |                        0 |       0 |
| model.encoder.layers.5.mlp                              |               295872 |                        0 |                        0 |       0 |
| model.encoder.layers.5.mlp.activation_fn                |                    0 |                        0 |                        0 |       0 |
| model.encoder.layers.5.mlp.fc1                          |               148224 |                        0 |                        0 |       0 |
| model.encoder.layers.5.mlp.fc2                          |               147648 |                        0 |                        0 |       0 |
| model.encoder.layers.5.dropout                          |                    0 |                        0 |                        0 |       0 |
| model.encoder.layers.6                                  |               444864 |                        0 |                        0 |       0 |
| model.encoder.layers.6.attention                        |               148224 |                        0 |                        0 |       0 |
| model.encoder.layers.6.attention.q_proj                 |                37056 |                        0 |                        0 |       0 |
| model.encoder.layers.6.attention.k_proj                 |                37056 |                        0 |                        0 |       0 |
| model.encoder.layers.6.attention.v_proj                 |                37056 |                        0 |                        0 |       0 |
| model.encoder.layers.6.attention.o_proj                 |                37056 |                        0 |                        0 |       0 |
| model.encoder.layers.6.layernorm_before                 |                  384 |                        0 |                        0 |       0 |
| model.encoder.layers.6.layernorm_after                  |                  384 |                        0 |                        0 |       0 |
| model.encoder.layers.6.mlp                              |               295872 |                        0 |                        0 |       0 |
| model.encoder.layers.6.mlp.activation_fn                |                    0 |                        0 |                        0 |       0 |
| model.encoder.layers.6.mlp.fc1                          |               148224 |                        0 |                        0 |       0 |
| model.encoder.layers.6.mlp.fc2                          |               147648 |                        0 |                        0 |       0 |
| model.encoder.layers.6.dropout                          |                    0 |                        0 |                        0 |       0 |
| model.encoder.layers.7                                  |               444864 |                        0 |                        0 |       0 |
| model.encoder.layers.7.attention                        |               148224 |                        0 |                        0 |       0 |
| model.encoder.layers.7.attention.q_proj                 |                37056 |                        0 |                        0 |       0 |
| model.encoder.layers.7.attention.k_proj                 |                37056 |                        0 |                        0 |       0 |
| model.encoder.layers.7.attention.v_proj                 |                37056 |                        0 |                        0 |       0 |
| model.encoder.layers.7.attention.o_proj                 |                37056 |                        0 |                        0 |       0 |
| model.encoder.layers.7.layernorm_before                 |                  384 |                        0 |                        0 |       0 |
| model.encoder.layers.7.layernorm_after                  |                  384 |                        0 |                        0 |       0 |
| model.encoder.layers.7.mlp                              |               295872 |                        0 |                        0 |       0 |
| model.encoder.layers.7.mlp.activation_fn                |                    0 |                        0 |                        0 |       0 |
| model.encoder.layers.7.mlp.fc1                          |               148224 |                        0 |                        0 |       0 |
| model.encoder.layers.7.mlp.fc2                          |               147648 |                        0 |                        0 |       0 |
| model.encoder.layers.7.dropout                          |                    0 |                        0 |                        0 |       0 |
| model.encoder.layers.8                                  |               444864 |                        0 |                        0 |       0 |
| model.encoder.layers.8.attention                        |               148224 |                        0 |                        0 |       0 |
| model.encoder.layers.8.attention.q_proj                 |                37056 |                        0 |                        0 |       0 |
| model.encoder.layers.8.attention.k_proj                 |                37056 |                        0 |                        0 |       0 |
| model.encoder.layers.8.attention.v_proj                 |                37056 |                        0 |                        0 |       0 |
| model.encoder.layers.8.attention.o_proj                 |                37056 |                        0 |                        0 |       0 |
| model.encoder.layers.8.layernorm_before                 |                  384 |                        0 |                        0 |       0 |
| model.encoder.layers.8.layernorm_after                  |                  384 |                        0 |                        0 |       0 |
| model.encoder.layers.8.mlp                              |               295872 |                        0 |                        0 |       0 |
| model.encoder.layers.8.mlp.activation_fn                |                    0 |                        0 |                        0 |       0 |
| model.encoder.layers.8.mlp.fc1                          |               148224 |                        0 |                        0 |       0 |
| model.encoder.layers.8.mlp.fc2                          |               147648 |                        0 |                        0 |       0 |
| model.encoder.layers.8.dropout                          |                    0 |                        0 |                        0 |       0 |
| model.encoder.layers.9                                  |               444864 |                        0 |                        0 |       0 |
| model.encoder.layers.9.attention                        |               148224 |                        0 |                        0 |       0 |
| model.encoder.layers.9.attention.q_proj                 |                37056 |                        0 |                        0 |       0 |
| model.encoder.layers.9.attention.k_proj                 |                37056 |                        0 |                        0 |       0 |
| model.encoder.layers.9.attention.v_proj                 |                37056 |                        0 |                        0 |       0 |
| model.encoder.layers.9.attention.o_proj                 |                37056 |                        0 |                        0 |       0 |
| model.encoder.layers.9.layernorm_before                 |                  384 |                        0 |                        0 |       0 |
| model.encoder.layers.9.layernorm_after                  |                  384 |                        0 |                        0 |       0 |
| model.encoder.layers.9.mlp                              |               295872 |                        0 |                        0 |       0 |
| model.encoder.layers.9.mlp.activation_fn                |                    0 |                        0 |                        0 |       0 |
| model.encoder.layers.9.mlp.fc1                          |               148224 |                        0 |                        0 |       0 |
| model.encoder.layers.9.mlp.fc2                          |               147648 |                        0 |                        0 |       0 |
| model.encoder.layers.9.dropout                          |                    0 |                        0 |                        0 |       0 |
| model.encoder.layers.10                                 |               444864 |                        0 |                        0 |       0 |
| model.encoder.layers.10.attention                       |               148224 |                        0 |                        0 |       0 |
| model.encoder.layers.10.attention.q_proj                |                37056 |                        0 |                        0 |       0 |
| model.encoder.layers.10.attention.k_proj                |                37056 |                        0 |                        0 |       0 |
| model.encoder.layers.10.attention.v_proj                |                37056 |                        0 |                        0 |       0 |
| model.encoder.layers.10.attention.o_proj                |                37056 |                        0 |                        0 |       0 |
| model.encoder.layers.10.layernorm_before                |                  384 |                        0 |                        0 |       0 |
| model.encoder.layers.10.layernorm_after                 |                  384 |                        0 |                        0 |       0 |
| model.encoder.layers.10.mlp                             |               295872 |                        0 |                        0 |       0 |
| model.encoder.layers.10.mlp.activation_fn               |                    0 |                        0 |                        0 |       0 |
| model.encoder.layers.10.mlp.fc1                         |               148224 |                        0 |                        0 |       0 |
| model.encoder.layers.10.mlp.fc2                         |               147648 |                        0 |                        0 |       0 |
| model.encoder.layers.10.dropout                         |                    0 |                        0 |                        0 |       0 |
| model.encoder.layers.11                                 |               444864 |                        0 |                        0 |       0 |
| model.encoder.layers.11.attention                       |               148224 |                        0 |                        0 |       0 |
| model.encoder.layers.11.attention.q_proj                |                37056 |                        0 |                        0 |       0 |
| model.encoder.layers.11.attention.k_proj                |                37056 |                        0 |                        0 |       0 |
| model.encoder.layers.11.attention.v_proj                |                37056 |                        0 |                        0 |       0 |
| model.encoder.layers.11.attention.o_proj                |                37056 |                        0 |                        0 |       0 |
| model.encoder.layers.11.layernorm_before                |                  384 |                        0 |                        0 |       0 |
| model.encoder.layers.11.layernorm_after                 |                  384 |                        0 |                        0 |       0 |
| model.encoder.layers.11.mlp                             |               295872 |                        0 |                        0 |       0 |
| model.encoder.layers.11.mlp.activation_fn               |                    0 |                        0 |                        0 |       0 |
| model.encoder.layers.11.mlp.fc1                         |               148224 |                        0 |                        0 |       0 |
| model.encoder.layers.11.mlp.fc2                         |               147648 |                        0 |                        0 |       0 |
| model.encoder.layers.11.dropout                         |                    0 |                        0 |                        0 |       0 |
| model.encoder.layernorm                                 |                  384 |                        0 |                        0 |       0 |
| model.predictor                                         |             10791360 |                        0 |                        0 |       0 |
| model.predictor.dropout                                 |                    0 |                        0 |                        0 |       0 |
| model.predictor.transformer                             |             10790784 |                        0 |                        0 |       0 |
| model.predictor.transformer.norm                        |                  384 |                        0 |                        0 |       0 |
| model.predictor.transformer.layers                      |             10790400 |                        0 |                        0 |       0 |
| model.predictor.transformer.layers.0                    |              1798400 |                        0 |                        0 |       0 |
| model.predictor.transformer.layers.0.attn               |               787008 |                        0 |                        0 |       0 |
| model.predictor.transformer.layers.0.attn.norm          |                  384 |                        0 |                        0 |       0 |
| model.predictor.transformer.layers.0.attn.attend        |                    0 |                        0 |                        0 |       0 |
| model.predictor.transformer.layers.0.attn.to_qkv        |               589824 |                        0 |                        0 |       0 |
| model.predictor.transformer.layers.0.attn.to_out        |               196800 |                        0 |                        0 |       0 |
| model.predictor.transformer.layers.0.attn.to_out.0      |               196800 |                        0 |                        0 |       0 |
| model.predictor.transformer.layers.0.attn.to_out.1      |                    0 |                        0 |                        0 |       0 |
| model.predictor.transformer.layers.0.mlp                |               789056 |                        0 |                        0 |       0 |
| model.predictor.transformer.layers.0.mlp.net            |               789056 |                        0 |                        0 |       0 |
| model.predictor.transformer.layers.0.mlp.net.0          |                  384 |                        0 |                        0 |       0 |
| model.predictor.transformer.layers.0.mlp.net.1          |               395264 |                        0 |                        0 |       0 |
| model.predictor.transformer.layers.0.mlp.net.2          |                    0 |                        0 |                        0 |       0 |
| model.predictor.transformer.layers.0.mlp.net.3          |                    0 |                        0 |                        0 |       0 |
| model.predictor.transformer.layers.0.mlp.net.4          |               393408 |                        0 |                        0 |       0 |
| model.predictor.transformer.layers.0.mlp.net.5          |                    0 |                        0 |                        0 |       0 |
| model.predictor.transformer.layers.0.norm1              |                    0 |                        0 |                        0 |       0 |
| model.predictor.transformer.layers.0.norm2              |                    0 |                        0 |                        0 |       0 |
| model.predictor.transformer.layers.0.adaLN_modulation   |               222336 |                        0 |                        0 |       0 |
| model.predictor.transformer.layers.0.adaLN_modulation.0 |                    0 |                        0 |                        0 |       0 |
| model.predictor.transformer.layers.0.adaLN_modulation.1 |               222336 |                        0 |                        0 |       0 |
| model.predictor.transformer.layers.1                    |              1798400 |                        0 |                        0 |       0 |
| model.predictor.transformer.layers.1.attn               |               787008 |                        0 |                        0 |       0 |
| model.predictor.transformer.layers.1.attn.norm          |                  384 |                        0 |                        0 |       0 |
| model.predictor.transformer.layers.1.attn.attend        |                    0 |                        0 |                        0 |       0 |
| model.predictor.transformer.layers.1.attn.to_qkv        |               589824 |                        0 |                        0 |       0 |
| model.predictor.transformer.layers.1.attn.to_out        |               196800 |                        0 |                        0 |       0 |
| model.predictor.transformer.layers.1.attn.to_out.0      |               196800 |                        0 |                        0 |       0 |
| model.predictor.transformer.layers.1.attn.to_out.1      |                    0 |                        0 |                        0 |       0 |
| model.predictor.transformer.layers.1.mlp                |               789056 |                        0 |                        0 |       0 |
| model.predictor.transformer.layers.1.mlp.net            |               789056 |                        0 |                        0 |       0 |
| model.predictor.transformer.layers.1.mlp.net.0          |                  384 |                        0 |                        0 |       0 |
| model.predictor.transformer.layers.1.mlp.net.1          |               395264 |                        0 |                        0 |       0 |
| model.predictor.transformer.layers.1.mlp.net.2          |                    0 |                        0 |                        0 |       0 |
| model.predictor.transformer.layers.1.mlp.net.3          |                    0 |                        0 |                        0 |       0 |
| model.predictor.transformer.layers.1.mlp.net.4          |               393408 |                        0 |                        0 |       0 |
| model.predictor.transformer.layers.1.mlp.net.5          |                    0 |                        0 |                        0 |       0 |
| model.predictor.transformer.layers.1.norm1              |                    0 |                        0 |                        0 |       0 |
| model.predictor.transformer.layers.1.norm2              |                    0 |                        0 |                        0 |       0 |
| model.predictor.transformer.layers.1.adaLN_modulation   |               222336 |                        0 |                        0 |       0 |
| model.predictor.transformer.layers.1.adaLN_modulation.0 |                    0 |                        0 |                        0 |       0 |
| model.predictor.transformer.layers.1.adaLN_modulation.1 |               222336 |                        0 |                        0 |       0 |
| model.predictor.transformer.layers.2                    |              1798400 |                        0 |                        0 |       0 |
| model.predictor.transformer.layers.2.attn               |               787008 |                        0 |                        0 |       0 |
| model.predictor.transformer.layers.2.attn.norm          |                  384 |                        0 |                        0 |       0 |
| model.predictor.transformer.layers.2.attn.attend        |                    0 |                        0 |                        0 |       0 |
| model.predictor.transformer.layers.2.attn.to_qkv        |               589824 |                        0 |                        0 |       0 |
| model.predictor.transformer.layers.2.attn.to_out        |               196800 |                        0 |                        0 |       0 |
| model.predictor.transformer.layers.2.attn.to_out.0      |               196800 |                        0 |                        0 |       0 |
| model.predictor.transformer.layers.2.attn.to_out.1      |                    0 |                        0 |                        0 |       0 |
| model.predictor.transformer.layers.2.mlp                |               789056 |                        0 |                        0 |       0 |
| model.predictor.transformer.layers.2.mlp.net            |               789056 |                        0 |                        0 |       0 |
| model.predictor.transformer.layers.2.mlp.net.0          |                  384 |                        0 |                        0 |       0 |
| model.predictor.transformer.layers.2.mlp.net.1          |               395264 |                        0 |                        0 |       0 |
| model.predictor.transformer.layers.2.mlp.net.2          |                    0 |                        0 |                        0 |       0 |
| model.predictor.transformer.layers.2.mlp.net.3          |                    0 |                        0 |                        0 |       0 |
| model.predictor.transformer.layers.2.mlp.net.4          |               393408 |                        0 |                        0 |       0 |
| model.predictor.transformer.layers.2.mlp.net.5          |                    0 |                        0 |                        0 |       0 |
| model.predictor.transformer.layers.2.norm1              |                    0 |                        0 |                        0 |       0 |
| model.predictor.transformer.layers.2.norm2              |                    0 |                        0 |                        0 |       0 |
| model.predictor.transformer.layers.2.adaLN_modulation   |               222336 |                        0 |                        0 |       0 |
| model.predictor.transformer.layers.2.adaLN_modulation.0 |                    0 |                        0 |                        0 |       0 |
| model.predictor.transformer.layers.2.adaLN_modulation.1 |               222336 |                        0 |                        0 |       0 |
| model.predictor.transformer.layers.3                    |              1798400 |                        0 |                        0 |       0 |
| model.predictor.transformer.layers.3.attn               |               787008 |                        0 |                        0 |       0 |
| model.predictor.transformer.layers.3.attn.norm          |                  384 |                        0 |                        0 |       0 |
| model.predictor.transformer.layers.3.attn.attend        |                    0 |                        0 |                        0 |       0 |
| model.predictor.transformer.layers.3.attn.to_qkv        |               589824 |                        0 |                        0 |       0 |
| model.predictor.transformer.layers.3.attn.to_out        |               196800 |                        0 |                        0 |       0 |
| model.predictor.transformer.layers.3.attn.to_out.0      |               196800 |                        0 |                        0 |       0 |
| model.predictor.transformer.layers.3.attn.to_out.1      |                    0 |                        0 |                        0 |       0 |
| model.predictor.transformer.layers.3.mlp                |               789056 |                        0 |                        0 |       0 |
| model.predictor.transformer.layers.3.mlp.net            |               789056 |                        0 |                        0 |       0 |
| model.predictor.transformer.layers.3.mlp.net.0          |                  384 |                        0 |                        0 |       0 |
| model.predictor.transformer.layers.3.mlp.net.1          |               395264 |                        0 |                        0 |       0 |
| model.predictor.transformer.layers.3.mlp.net.2          |                    0 |                        0 |                        0 |       0 |
| model.predictor.transformer.layers.3.mlp.net.3          |                    0 |                        0 |                        0 |       0 |
| model.predictor.transformer.layers.3.mlp.net.4          |               393408 |                        0 |                        0 |       0 |
| model.predictor.transformer.layers.3.mlp.net.5          |                    0 |                        0 |                        0 |       0 |
| model.predictor.transformer.layers.3.norm1              |                    0 |                        0 |                        0 |       0 |
| model.predictor.transformer.layers.3.norm2              |                    0 |                        0 |                        0 |       0 |
| model.predictor.transformer.layers.3.adaLN_modulation   |               222336 |                        0 |                        0 |       0 |
| model.predictor.transformer.layers.3.adaLN_modulation.0 |                    0 |                        0 |                        0 |       0 |
| model.predictor.transformer.layers.3.adaLN_modulation.1 |               222336 |                        0 |                        0 |       0 |
| model.predictor.transformer.layers.4                    |              1798400 |                        0 |                        0 |       0 |
| model.predictor.transformer.layers.4.attn               |               787008 |                        0 |                        0 |       0 |
| model.predictor.transformer.layers.4.attn.norm          |                  384 |                        0 |                        0 |       0 |
| model.predictor.transformer.layers.4.attn.attend        |                    0 |                        0 |                        0 |       0 |
| model.predictor.transformer.layers.4.attn.to_qkv        |               589824 |                        0 |                        0 |       0 |
| model.predictor.transformer.layers.4.attn.to_out        |               196800 |                        0 |                        0 |       0 |
| model.predictor.transformer.layers.4.attn.to_out.0      |               196800 |                        0 |                        0 |       0 |
| model.predictor.transformer.layers.4.attn.to_out.1      |                    0 |                        0 |                        0 |       0 |
| model.predictor.transformer.layers.4.mlp                |               789056 |                        0 |                        0 |       0 |
| model.predictor.transformer.layers.4.mlp.net            |               789056 |                        0 |                        0 |       0 |
| model.predictor.transformer.layers.4.mlp.net.0          |                  384 |                        0 |                        0 |       0 |
| model.predictor.transformer.layers.4.mlp.net.1          |               395264 |                        0 |                        0 |       0 |
| model.predictor.transformer.layers.4.mlp.net.2          |                    0 |                        0 |                        0 |       0 |
| model.predictor.transformer.layers.4.mlp.net.3          |                    0 |                        0 |                        0 |       0 |
| model.predictor.transformer.layers.4.mlp.net.4          |               393408 |                        0 |                        0 |       0 |
| model.predictor.transformer.layers.4.mlp.net.5          |                    0 |                        0 |                        0 |       0 |
| model.predictor.transformer.layers.4.norm1              |                    0 |                        0 |                        0 |       0 |
| model.predictor.transformer.layers.4.norm2              |                    0 |                        0 |                        0 |       0 |
| model.predictor.transformer.layers.4.adaLN_modulation   |               222336 |                        0 |                        0 |       0 |
| model.predictor.transformer.layers.4.adaLN_modulation.0 |                    0 |                        0 |                        0 |       0 |
| model.predictor.transformer.layers.4.adaLN_modulation.1 |               222336 |                        0 |                        0 |       0 |
| model.predictor.transformer.layers.5                    |              1798400 |                        0 |                        0 |       0 |
| model.predictor.transformer.layers.5.attn               |               787008 |                        0 |                        0 |       0 |
| model.predictor.transformer.layers.5.attn.norm          |                  384 |                        0 |                        0 |       0 |
| model.predictor.transformer.layers.5.attn.attend        |                    0 |                        0 |                        0 |       0 |
| model.predictor.transformer.layers.5.attn.to_qkv        |               589824 |                        0 |                        0 |       0 |
| model.predictor.transformer.layers.5.attn.to_out        |               196800 |                        0 |                        0 |       0 |
| model.predictor.transformer.layers.5.attn.to_out.0      |               196800 |                        0 |                        0 |       0 |
| model.predictor.transformer.layers.5.attn.to_out.1      |                    0 |                        0 |                        0 |       0 |
| model.predictor.transformer.layers.5.mlp                |               789056 |                        0 |                        0 |       0 |
| model.predictor.transformer.layers.5.mlp.net            |               789056 |                        0 |                        0 |       0 |
| model.predictor.transformer.layers.5.mlp.net.0          |                  384 |                        0 |                        0 |       0 |
| model.predictor.transformer.layers.5.mlp.net.1          |               395264 |                        0 |                        0 |       0 |
| model.predictor.transformer.layers.5.mlp.net.2          |                    0 |                        0 |                        0 |       0 |
| model.predictor.transformer.layers.5.mlp.net.3          |                    0 |                        0 |                        0 |       0 |
| model.predictor.transformer.layers.5.mlp.net.4          |               393408 |                        0 |                        0 |       0 |
| model.predictor.transformer.layers.5.mlp.net.5          |                    0 |                        0 |                        0 |       0 |
| model.predictor.transformer.layers.5.norm1              |                    0 |                        0 |                        0 |       0 |
| model.predictor.transformer.layers.5.norm2              |                    0 |                        0 |                        0 |       0 |
| model.predictor.transformer.layers.5.adaLN_modulation   |               222336 |                        0 |                        0 |       0 |
| model.predictor.transformer.layers.5.adaLN_modulation.0 |                    0 |                        0 |                        0 |       0 |
| model.predictor.transformer.layers.5.adaLN_modulation.1 |               222336 |                        0 |                        0 |       0 |
| model.predictor.transformer.input_proj                  |                    0 |                        0 |                        0 |       0 |
| model.predictor.transformer.cond_proj                   |                    0 |                        0 |                        0 |       0 |
| model.predictor.transformer.output_proj                 |                    0 |                        0 |                        0 |       0 |
| model.action_encoder                                    |               156126 |                        0 |                        0 |       0 |
| model.action_encoder.patch_embed                        |                   30 |                        0 |                        0 |       0 |
| model.action_encoder.embed                              |               156096 |                        0 |                        0 |       0 |
| model.action_encoder.embed.0                            |                 8448 |                        0 |                        0 |       0 |
| model.action_encoder.embed.1                            |                    0 |                        0 |                        0 |       0 |
| model.action_encoder.embed.2                            |               147648 |                        0 |                        0 |       0 |
| model.projector                                         |               792768 |                        0 |                        0 |    4097 |
| model.projector.net                                     |               792768 |                        0 |                        0 |    4097 |
| model.projector.net.0                                   |               395264 |                        0 |                        0 |       0 |
| model.projector.net.1                                   |                 4096 |                        0 |                        0 |    4097 |
| model.projector.net.2                                   |                    0 |                        0 |                        0 |       0 |
| model.projector.net.3                                   |               393408 |                        0 |                        0 |       0 |
| model.pred_proj                                         |               792768 |                        0 |                        0 |    4097 |
| model.pred_proj.net                                     |               792768 |                        0 |                        0 |    4097 |
| model.pred_proj.net.0                                   |               395264 |                        0 |                        0 |       0 |
| model.pred_proj.net.1                                   |                 4096 |                        0 |                        0 |    4097 |
| model.pred_proj.net.2                                   |                    0 |                        0 |                        0 |       0 |
| model.pred_proj.net.3                                   |               393408 |                        0 |                        0 |       0 |
| model.probe_head                                        |                  772 |                        0 |                        0 |       0 |
| sigreg                                                  |                    0 |                        0 |                        0 |      51 |
+---------------------------------------------------------+----------------------+--------------------------+--------------------------+---------+
01:59:05 | INFO  | utils.py    | ── SLURM ─────────────────────────────────────────
01:59:05 | INFO  | trainer_inf~|   Job ID: N/A
01:59:05 | INFO  | trainer_inf~|   Task ID: N/A
01:59:05 | INFO  | trainer_inf~|   Job Name: N/A
01:59:05 | INFO  | trainer_inf~|   Nodes: N/A
01:59:05 | INFO  | trainer_inf~|   Tasks: N/A
01:59:05 | INFO  | trainer_inf~|   CPUs per node: N/A
01:59:05 | INFO  | trainer_inf~|   CPUs per task: N/A
01:59:05 | INFO  | trainer_inf~|   Memory per node: N/A
01:59:05 | INFO  | trainer_inf~|   Memory per CPU: N/A
01:59:05 | INFO  | trainer_inf~|   Time limit: N/A
01:59:05 | INFO  | trainer_inf~|   Partition: N/A
01:59:05 | INFO  | trainer_inf~|   Node List: N/A
01:59:05 | INFO  | trainer_inf~|   Submit Directory: N/A
01:59:05 | WARN  | env_info.py | ! pip freeze failed: Command '['/home/likun-share/junjxu/wm/le-wm/.venv/bin/python', '-m', 'pip', 'freeze']' returned non-zero exit status 1.
01:59:05 | OK    | env_info.py | ✓ Packages: 0 packages collected in 0.08s
01:59:05 | INFO  | utils.py    | ── HardwareMonitor ───────────────────────────────
01:59:05 | INFO  | hardware_mo~|   interval: 10.0s
01:59:05 | INFO  | hardware_mo~|   prefix:   'hardware/'
01:59:05 | INFO  | hardware_mo~|   metrics:  cpu=True ram=True disk=True net=True gpu=True
01:59:05 | INFO  | hardware_mo~|   per-rank: rank 0 only
LOCAL_RANK: 0 - CUDA_VISIBLE_DEVICES: [6]
01:59:05 | WARN  | hardware_mo~| HardwareMonitor: pynvml unavailable (ModuleNotFoundError("No module named 'pynvml'")); GPU metrics disabled.
01:59:05 | INFO  | utils.py    | ── Optimizers ────────────────────────────────────
01:59:05 | INFO  | module.py   |   Optimizer specified by Dict with keys ['model_opt']
01:59:05 | INFO  | module.py   | 
┏━━━━━━━━━━━━━┳━━━━━━━━━━━┳━━━━━━━━━━━━━━━━━━━┳━━━━━━━━━━━━━━━━━┳━━━━━━━━━━━━━━━━┳━━━━━━━━━━━━━━━━━━━━━━━━┓
┃ Optimizer   ┃ Pattern   ┃   Matched Modules ┃   Param Tensors ┃   Total Params ┃   RequiresGrad Tensors ┃
┣━━━━━━━━━━━━━╋━━━━━━━━━━━╋━━━━━━━━━━━━━━━━━━━╋━━━━━━━━━━━━━━━━━╋━━━━━━━━━━━━━━━━╋━━━━━━━━━━━━━━━━━━━━━━━━┫
┃ model_opt   ┃ model     ┃               317 ┃             299 ┃       18035170 ┃                    299 ┃
┗━━━━━━━━━━━━━┻━━━━━━━━━━━┻━━━━━━━━━━━━━━━━━━━┻━━━━━━━━━━━━━━━━━┻━━━━━━━━━━━━━━━━┻━━━━━━━━━━━━━━━━━━━━━━━━┛
01:59:05 | INFO  | lr_schedule~| 	User provided a dict
Loading `train_dataloader` to estimate number of stepping batches.
/home/likun-share/junjxu/wm/le-wm/.venv/lib/python3.10/site-packages/lance/__init__.py:320: UserWarning: lance is not fork-safe. If you are using multiprocessing, use spawn or forkserver instead.
  warnings.warn(
/usr/lib/python3.10/multiprocessing/popen_fork.py:66: RuntimeWarning: lancedb fork support is experimental: the internal async runtime has been reset in the forked child, but a small chance of deadlock remains if other state was mid-operation at fork time. The 'forkserver' or 'spawn' multiprocessing start method is likely a safer alternative.
  self.pid = os.fork()
/usr/lib/python3.10/multiprocessing/popen_fork.py:66: RuntimeWarning: lancedb fork support is experimental: the internal async runtime has been reset in the forked child, but a small chance of deadlock remains if other state was mid-operation at fork time. The 'forkserver' or 'spawn' multiprocessing start method is likely a safer alternative.
  self.pid = os.fork()
01:59:06 | INFO  | module.py   |   Configured optimizer 'model_opt' (modules=317, param_tensors=299, total_params=18035170) with LinearWarmupCosineAnnealingLR scheduler.
/home/likun-share/junjxu/wm/le-wm/.venv/lib/python3.10/site-packages/lightning/pytorch/utilities/model_summary/model_summary.py:242: Precision bf16-mixed is not supported by the model summary.  Estimated model size in MB will not be accurate. Using 32 bits instead.
┏━━━┳━━━━━━━━━━━━━━━━━━━┳━━━━━━━━━━━━┳━━━━━━━━┳━━━━━━━┳━━━━━━━┓
┃   ┃ Name              ┃ Type       ┃ Params ┃ Mode  ┃ FLOPs ┃
┡━━━╇━━━━━━━━━━━━━━━━━━━╇━━━━━━━━━━━━╇━━━━━━━━╇━━━━━━━╇━━━━━━━┩
│ 0 │ callbacks_modules │ ModuleDict │      0 │ train │     0 │
│ 1 │ callbacks_metrics │ ModuleDict │      0 │ train │     0 │
│ 2 │ model             │ JEPA       │ 18.0 M │ train │     0 │
│ 3 │ sigreg            │ SIGReg     │      0 │ train │     0 │
└───┴───────────────────┴────────────┴────────┴───────┴───────┘
Trainable params: 18.0 M                                                        
Non-trainable params: 0                                                         
Total params: 18.0 M                                                            
Total estimated model params size (MB): 72.141                                  
Modules in train mode: 320                                                      
Modules in eval mode: 0                                                         
Total FLOPs: 0                                                                  
01:59:06 | INFO  | logger.py   | [RegistryLogger] summary.json flushed (0 metrics, step=0, epoch=0) → /data1/likun-share/junjxu/.cache_stable-pretraining/runs/20260608/015903/8e71e6adcf61/summary.json
/home/likun-share/junjxu/wm/le-wm/.venv/lib/python3.10/site-packages/lance/__init__.py:320: UserWarning: lance is not fork-safe. If you are using multiprocessing, use spawn or forkserver instead.
  warnings.warn(
/usr/lib/python3.10/multiprocessing/popen_fork.py:66: RuntimeWarning: lancedb fork support is experimental: the internal async runtime has been reset in the forked child, but a small chance of deadlock remains if other state was mid-operation at fork time. The 'forkserver' or 'spawn' multiprocessing start method is likely a safer alternative.
  self.pid = os.fork()
01:59:06 | OK    | env_info.py | ✓ NVIDIA Driver: 580.65.06
/usr/lib/python3.10/multiprocessing/popen_fork.py:66: RuntimeWarning: lancedb fork support is experimental: the internal async runtime has been reset in the forked child, but a small chance of deadlock remains if other state was mid-operation at fork time. The 'forkserver' or 'spawn' multiprocessing start method is likely a safer alternative.
  self.pid = os.fork()
01:59:06 | OK    | env_info.py | ✓ Git: main @ 1b3f371a
01:59:06 | INFO  | env_info.py |   Remote: git@github.com-xuustc99:XuUSTC99/wm.git
01:59:06 | OK    | env_info.py | ✓ Environment: 4 relevant variables captured
01:59:06 | INFO  | env_info.py |   Serializing environment data...
01:59:06 | INFO  | env_info.py |   File exists, using version 125: environment_v125.json
01:59:06 | INFO  | env_info.py |   File exists, using version 126: requirements_frozen_v126.txt
01:59:06 | INFO  | env_info.py |   Save directory: /home/likun-share/.cache/stable-pretraining
01:59:06 | INFO  | env_info.py |   Writing environment to temp file...
01:59:06 | INFO  | env_info.py |   Moving to: environment_v125.json
01:59:06 | OK    | env_info.py | ✓ Environment file saved (2.3 KB)
01:59:07 | OK    | env_info.py | ✓ Requirements file saved (0.1 KB)
/home/likun-share/junjxu/wm/le-wm/.venv/lib/python3.10/site-packages/lightning/pytorch/utilities/data.py:79: Trying to infer the `batch_size` from an ambiguous collection. The batch size we found is 128. To avoid any miscalculations, use `self.log(..., batch_size=batch_size)`.
01:59:12 | INFO  | trainer_inf~| \n+----------------------------+---------------------+
|           Metric           |        Value        |
+----------------------------+---------------------+
|       [0;34;40mvalidate/loss[0m        |   [0;32;40m9.53302001953125[0m  |
|    [0;34;40mvalidate/loss_epoch[0m     |   [0;32;40m9.53302001953125[0m  |
|     [0;34;40mvalidate/pred_loss[0m     | [0;32;40m0.30779722332954407[0m |
|  [0;34;40mvalidate/pred_loss_epoch[0m  | [0;32;40m0.30779722332954407[0m |
|    [0;34;40mvalidate/probe_loss[0m     |  [0;32;40m0.9127224683761597[0m |
| [0;34;40mvalidate/probe_loss_epoch[0m  |  [0;32;40m0.9127224683761597[0m |
|    [0;34;40mvalidate/sigreg_loss[0m    |         [0;32;40m92.5[0m        |
| [0;34;40mvalidate/sigreg_loss_epoch[0m |         [0;32;40m92.5[0m        |
+----------------------------+---------------------+
01:59:12 | WARN  | hf_models.py| ! No Hugging Face (PreTrainedModel) submodules found in LightningModule.
01:59:12 | INFO  | utils.py    | ── Optimizers ────────────────────────────────────
01:59:12 | INFO  | module.py   |   self.optimizers() gave us 1 optimizers
01:59:12 | WARN  | module.py   | ! No clip val found for optimizer default_0
01:59:12 | WARN  | module.py   | ! Will use the Trainer's value of 1.0
01:59:12 | WARN  | module.py   | ! No clip algorithm found for optimizer default_0
01:59:12 | WARN  | module.py   | ! Will use the Trainer's value of None
01:59:12 | OK    | module.py   | ✓ Optimizer check complete:
+------------+-----------+----------------+-----------+-----------+
| Opt. Index | Opt. name |      opt       | clip val. | clip alg. |
+------------+-----------+----------------+-----------+-----------+
|     0      | default_0 | LightningAdamW |    1.0    |    None   |
+------------+-----------+----------------+-----------+-----------+
01:59:12 | INFO  | utils.py    | ── LogUnusedParametersOnce ───────────────────────
01:59:12 | INFO  | unused_para~|   registered hooks on 299 leaf parameters
01:59:13 | OK    | unused_para~| ✓ all tracked parameters received gradients on the first backward pass
01:59:13 | INFO  | unused_para~|   hooks removed, callback disabled
[Epoch 0/20] step 50/203 (1.8 it/s)
[Epoch 0/20] step 100/203 (1.8 it/s)
[Epoch 0/20] step 150/203 (1.7 it/s)
[Epoch 0/20] step 200/203 (1.7 it/s)
/home/likun-share/junjxu/wm/le-wm/.venv/lib/python3.10/site-packages/lightning/pytorch/utilities/data.py:79: Trying to infer the `batch_size` from an ambiguous collection. The batch size we found is 83. To avoid any miscalculations, use `self.log(..., batch_size=batch_size)`.
02:01:20 | INFO  | trainer_inf~| \n+----------------------------+------------------------+
|           Metric           |         Value          |
+----------------------------+------------------------+
|          [0;34;40mfit/loss[0m          |   [0;32;40m0.3908126652240753[0m   |
|       [0;34;40mfit/pred_loss[0m        |  [0;32;40m0.025719085708260536[0m  |
|       [0;34;40mfit/probe_loss[0m       |  [0;32;40m0.21079669892787933[0m   |
|      [0;34;40mfit/sigreg_loss[0m       |       [0;32;40m1.7109375[0m        |
|    [0;34;40mhardware/cpu_percent[0m    |   [0;32;40m50.099998474121094[0m   |
|  [0;34;40mhardware/disk_read_mb_s[0m   |          [0;32;40m0.0[0m           |
|  [0;34;40mhardware/disk_write_mb_s[0m  |    [0;32;40m43.3925895690918[0m    |
|   [0;34;40mhardware/net_recv_mb_s[0m   |  [0;32;40m0.014935212209820747[0m  |
|   [0;34;40mhardware/net_sent_mb_s[0m   |  [0;32;40m0.046629756689071655[0m  |
|    [0;34;40mhardware/ram_used_gb[0m    |   [0;32;40m368.4983215332031[0m    |
|   [0;34;40mhardware/ram_used_pct[0m    |   [0;32;40m36.599998474121094[0m   |
|    [0;34;40mhparams/lr_default_0[0m    | [0;32;40m4.9797443352872506e-05[0m |
|       [0;34;40mvalidate/loss[0m        |   [0;32;40m0.4914867579936981[0m   |
|    [0;34;40mvalidate/loss_epoch[0m     |   [0;32;40m0.4914867579936981[0m   |
|     [0;34;40mvalidate/pred_loss[0m     |  [0;32;40m0.025899512693285942[0m  |
|  [0;34;40mvalidate/pred_loss_epoch[0m  |  [0;32;40m0.025899512693285942[0m  |
|    [0;34;40mvalidate/probe_loss[0m     |   [0;32;40m0.2225942462682724[0m   |
| [0;34;40mvalidate/probe_loss_epoch[0m  |   [0;32;40m0.2225942462682724[0m   |
|    [0;34;40mvalidate/sigreg_loss[0m    |   [0;32;40m2.7003114223480225[0m   |
| [0;34;40mvalidate/sigreg_loss_epoch[0m |   [0;32;40m2.7003114223480225[0m   |
+----------------------------+------------------------+
[Epoch 0/20] done in 128.2s
02:01:20 | INFO  | checkpoint_~|   Checking for non PyTorch modules to save
02:01:20 | INFO  | atomic_chec~| [atomic_save] → /data1/likun-share/junjxu/.cache_stable-pretraining/runs/20260608/015903/8e71e6adcf61/checkpoints/epoch=0-step=203.ckpt
02:01:21 | INFO  | atomic_chec~| [atomic_save] ✓ epoch=0-step=203.ckpt saved (206.8 MiB, serialise=0.44s write=0.30s rename=0.1ms)
02:01:21 | INFO  | checkpoint_~|   Checking for non PyTorch modules to save
02:01:21 | INFO  | atomic_chec~| [atomic_save] → /data1/likun-share/junjxu/.cache_stable-pretraining/runs/20260608/015903/8e71e6adcf61/checkpoints/last.ckpt
02:01:22 | INFO  | atomic_chec~| [atomic_save] ✓ last.ckpt saved (206.8 MiB, serialise=0.45s write=0.30s rename=0.1ms)
[Epoch 1/20] step 50/203 (1.9 it/s)
[Epoch 1/20] step 100/203 (1.8 it/s)
[Epoch 1/20] step 150/203 (1.7 it/s)
[Epoch 1/20] step 200/203 (1.7 it/s)
02:03:28 | INFO  | trainer_inf~| \n+----------------------------+-----------------------+
|           Metric           |         Value         |
+----------------------------+-----------------------+
|          [0;34;40mfit/loss[0m          |  [0;32;40m0.39285027980804443[0m  |
|       [0;34;40mfit/pred_loss[0m        |  [0;32;40m0.024738231673836708[0m |
|       [0;34;40mfit/probe_loss[0m       |  [0;32;40m0.23627610504627228[0m  |
|      [0;34;40mfit/sigreg_loss[0m       |       [0;32;40m1.4609375[0m       |
|    [0;34;40mhardware/cpu_percent[0m    |   [0;32;40m50.400001525878906[0m  |
|  [0;34;40mhardware/disk_read_mb_s[0m   |          [0;32;40m0.0[0m          |
|  [0;34;40mhardware/disk_write_mb_s[0m  |   [0;32;40m45.06382369995117[0m   |
|   [0;34;40mhardware/net_recv_mb_s[0m   |  [0;32;40m0.01849507726728916[0m  |
|   [0;34;40mhardware/net_sent_mb_s[0m   |  [0;32;40m0.01773497648537159[0m  |
|    [0;34;40mhardware/ram_used_gb[0m    |   [0;32;40m371.8950500488281[0m   |
|   [0;34;40mhardware/ram_used_pct[0m    |   [0;32;40m36.900001525878906[0m  |
|    [0;34;40mhparams/lr_default_0[0m    | [0;32;40m4.898431870969944e-05[0m |
|       [0;34;40mvalidate/loss[0m        |   [0;32;40m0.4725446105003357[0m  |
|    [0;34;40mvalidate/loss_epoch[0m     |   [0;32;40m0.4725446105003357[0m  |
|     [0;34;40mvalidate/pred_loss[0m     |  [0;32;40m0.022871753200888634[0m |
|  [0;34;40mvalidate/pred_loss_epoch[0m  |  [0;32;40m0.022871753200888634[0m |
|    [0;34;40mvalidate/probe_loss[0m     |  [0;32;40m0.22226281464099884[0m  |
| [0;34;40mvalidate/probe_loss_epoch[0m  |  [0;32;40m0.22226281464099884[0m  |
|    [0;34;40mvalidate/sigreg_loss[0m    |   [0;32;40m2.5258278846740723[0m  |
| [0;34;40mvalidate/sigreg_loss_epoch[0m |   [0;32;40m2.5258278846740723[0m  |
+----------------------------+-----------------------+
[Epoch 1/20] done in 126.3s
02:03:28 | INFO  | checkpoint_~|   Checking for non PyTorch modules to save
02:03:28 | INFO  | atomic_chec~| [atomic_save] → /data1/likun-share/junjxu/.cache_stable-pretraining/runs/20260608/015903/8e71e6adcf61/checkpoints/epoch=1-step=406.ckpt
02:03:29 | INFO  | atomic_chec~| [atomic_save] ✓ epoch=1-step=406.ckpt saved (206.8 MiB, serialise=0.48s write=0.26s rename=0.1ms)
02:03:29 | INFO  | checkpoint_~|   Checking for non PyTorch modules to save
02:03:29 | INFO  | atomic_chec~| [atomic_save] → /data1/likun-share/junjxu/.cache_stable-pretraining/runs/20260608/015903/8e71e6adcf61/checkpoints/last.ckpt
02:03:30 | INFO  | atomic_chec~| [atomic_save] ✓ last.ckpt saved (206.8 MiB, serialise=0.53s write=0.30s rename=42.3ms)
[Epoch 2/20] step 50/203 (2.0 it/s)
[Epoch 2/20] step 100/203 (1.8 it/s)
[Epoch 2/20] step 150/203 (1.7 it/s)
[Epoch 2/20] step 200/203 (1.7 it/s)
02:05:35 | INFO  | trainer_inf~| \n+----------------------------+-----------------------+
|           Metric           |         Value         |
+----------------------------+-----------------------+
|          [0;34;40mfit/loss[0m          |   [0;32;40m0.3330979347229004[0m  |
|       [0;34;40mfit/pred_loss[0m        |  [0;32;40m0.022680163383483887[0m |
|       [0;34;40mfit/probe_loss[0m       |   [0;32;40m0.2000662237405777[0m  |
|      [0;34;40mfit/sigreg_loss[0m       |       [0;32;40m1.2265625[0m       |
|    [0;34;40mhardware/cpu_percent[0m    |   [0;32;40m50.599998474121094[0m  |
|  [0;34;40mhardware/disk_read_mb_s[0m   |          [0;32;40m0.0[0m          |
|  [0;34;40mhardware/disk_write_mb_s[0m  |   [0;32;40m45.532196044921875[0m  |
|   [0;34;40mhardware/net_recv_mb_s[0m   |  [0;32;40m0.015493692830204964[0m |
|   [0;34;40mhardware/net_sent_mb_s[0m   |  [0;32;40m0.04689927399158478[0m  |
|    [0;34;40mhardware/ram_used_gb[0m    |    [0;32;40m372.743896484375[0m   |
|   [0;34;40mhardware/ram_used_pct[0m    |          [0;32;40m37.0[0m         |
|    [0;34;40mhparams/lr_default_0[0m    | [0;32;40m4.756883572554216e-05[0m |
|       [0;34;40mvalidate/loss[0m        |  [0;32;40m0.42202895879745483[0m  |
|    [0;34;40mvalidate/loss_epoch[0m     |  [0;32;40m0.42202895879745483[0m  |
|     [0;34;40mvalidate/pred_loss[0m     |  [0;32;40m0.019561657682061195[0m |
|  [0;34;40mvalidate/pred_loss_epoch[0m  |  [0;32;40m0.019561657682061195[0m |
|    [0;34;40mvalidate/probe_loss[0m     |  [0;32;40m0.20903076231479645[0m  |
| [0;34;40mvalidate/probe_loss_epoch[0m  |  [0;32;40m0.20903076231479645[0m  |
|    [0;34;40mvalidate/sigreg_loss[0m    |   [0;32;40m2.1492323875427246[0m  |
| [0;34;40mvalidate/sigreg_loss_epoch[0m |   [0;32;40m2.1492323875427246[0m  |
+----------------------------+-----------------------+
[Epoch 2/20] done in 125.1s
02:05:35 | INFO  | checkpoint_~|   Checking for non PyTorch modules to save
02:05:35 | INFO  | atomic_chec~| [atomic_save] → /data1/likun-share/junjxu/.cache_stable-pretraining/runs/20260608/015903/8e71e6adcf61/checkpoints/epoch=2-step=609.ckpt
02:05:36 | INFO  | atomic_chec~| [atomic_save] ✓ epoch=2-step=609.ckpt saved (206.8 MiB, serialise=0.41s write=0.37s rename=0.1ms)
02:05:36 | INFO  | checkpoint_~|   Checking for non PyTorch modules to save
02:05:36 | INFO  | atomic_chec~| [atomic_save] → /data1/likun-share/junjxu/.cache_stable-pretraining/runs/20260608/015903/8e71e6adcf61/checkpoints/last.ckpt
02:05:37 | INFO  | atomic_chec~| [atomic_save] ✓ last.ckpt saved (206.8 MiB, serialise=0.38s write=0.33s rename=64.2ms)
[Epoch 3/20] step 50/203 (1.8 it/s)
[Epoch 3/20] step 100/203 (1.7 it/s)
[Epoch 3/20] step 150/203 (1.7 it/s)
[Epoch 3/20] step 200/203 (1.7 it/s)
02:07:47 | INFO  | trainer_inf~| \n+----------------------------+-----------------------+
|           Metric           |         Value         |
+----------------------------+-----------------------+
|          [0;34;40mfit/loss[0m          |   [0;32;40m0.3354325592517853[0m  |
|       [0;34;40mfit/pred_loss[0m        |  [0;32;40m0.018885940313339233[0m |
|       [0;34;40mfit/probe_loss[0m       |  [0;32;40m0.20473021268844604[0m  |
|      [0;34;40mfit/sigreg_loss[0m       |       [0;32;40m1.2421875[0m       |
|    [0;34;40mhardware/cpu_percent[0m    |   [0;32;40m50.29999923706055[0m   |
|  [0;34;40mhardware/disk_read_mb_s[0m   |          [0;32;40m0.0[0m          |
|  [0;34;40mhardware/disk_write_mb_s[0m  |    [0;32;40m85.8963851928711[0m   |
|   [0;34;40mhardware/net_recv_mb_s[0m   |  [0;32;40m0.01408877968788147[0m  |
|   [0;34;40mhardware/net_sent_mb_s[0m   |  [0;32;40m0.046156805008649826[0m |
|    [0;34;40mhardware/ram_used_gb[0m    |    [0;32;40m376.384521484375[0m   |
|   [0;34;40mhardware/ram_used_pct[0m    |   [0;32;40m37.400001525878906[0m  |
|    [0;34;40mhparams/lr_default_0[0m    | [0;32;40m4.558654109132476e-05[0m |
|       [0;34;40mvalidate/loss[0m        |  [0;32;40m0.37589967250823975[0m  |
|    [0;34;40mvalidate/loss_epoch[0m     |  [0;32;40m0.37589967250823975[0m  |
|     [0;34;40mvalidate/pred_loss[0m     |  [0;32;40m0.014653760008513927[0m |
|  [0;34;40mvalidate/pred_loss_epoch[0m  |  [0;32;40m0.014653760008513927[0m |
|    [0;34;40mvalidate/probe_loss[0m     |   [0;32;40m0.1896504908800125[0m  |
| [0;34;40mvalidate/probe_loss_epoch[0m  |   [0;32;40m0.1896504908800125[0m  |
|    [0;34;40mvalidate/sigreg_loss[0m    |   [0;32;40m1.9051882028579712[0m  |
| [0;34;40mvalidate/sigreg_loss_epoch[0m |   [0;32;40m1.9051882028579712[0m  |
+----------------------------+-----------------------+
[Epoch 3/20] done in 130.2s
02:07:47 | INFO  | checkpoint_~|   Checking for non PyTorch modules to save
02:07:47 | INFO  | atomic_chec~| [atomic_save] → /data1/likun-share/junjxu/.cache_stable-pretraining/runs/20260608/015903/8e71e6adcf61/checkpoints/epoch=3-step=812.ckpt
02:07:48 | INFO  | atomic_chec~| [atomic_save] ✓ epoch=3-step=812.ckpt saved (206.8 MiB, serialise=0.49s write=0.36s rename=0.1ms)
02:07:48 | INFO  | checkpoint_~|   Checking for non PyTorch modules to save
02:07:48 | INFO  | atomic_chec~| [atomic_save] → /data1/likun-share/junjxu/.cache_stable-pretraining/runs/20260608/015903/8e71e6adcf61/checkpoints/last.ckpt
02:07:48 | INFO  | atomic_chec~| [atomic_save] ✓ last.ckpt saved (206.8 MiB, serialise=0.34s write=0.31s rename=51.7ms)
[Epoch 4/20] step 50/203 (2.1 it/s)
[Epoch 4/20] step 100/203 (1.9 it/s)
[Epoch 4/20] step 150/203 (1.8 it/s)
[Epoch 4/20] step 200/203 (1.8 it/s)
02:09:52 | INFO  | trainer_inf~| \n+----------------------------+----------------------+
|           Metric           |        Value         |
+----------------------------+----------------------+
|          [0;34;40mfit/loss[0m          |  [0;32;40m0.2859957218170166[0m  |
|       [0;34;40mfit/pred_loss[0m        | [0;32;40m0.01495810691267252[0m  |
|       [0;34;40mfit/probe_loss[0m       | [0;32;40m0.16605713963508606[0m  |
|      [0;34;40mfit/sigreg_loss[0m       |      [0;32;40m1.1640625[0m       |
|    [0;34;40mhardware/cpu_percent[0m    |         [0;32;40m52.0[0m         |
|  [0;34;40mhardware/disk_read_mb_s[0m   |         [0;32;40m0.0[0m          |
|  [0;34;40mhardware/disk_write_mb_s[0m  |  [0;32;40m86.38800048828125[0m   |
|   [0;34;40mhardware/net_recv_mb_s[0m   | [0;32;40m0.012766181491315365[0m |
|   [0;34;40mhardware/net_sent_mb_s[0m   | [0;32;40m0.04599723219871521[0m  |
|    [0;34;40mhardware/ram_used_gb[0m    |  [0;32;40m377.54876708984375[0m  |
|   [0;34;40mhardware/ram_used_pct[0m    |         [0;32;40m37.5[0m         |
|    [0;34;40mhparams/lr_default_0[0m    | [0;32;40m4.30872205470223e-05[0m |
|       [0;34;40mvalidate/loss[0m        |  [0;32;40m0.3717150092124939[0m  |
|    [0;34;40mvalidate/loss_epoch[0m     |  [0;32;40m0.3717150092124939[0m  |
|     [0;34;40mvalidate/pred_loss[0m     | [0;32;40m0.01407555490732193[0m  |
|  [0;34;40mvalidate/pred_loss_epoch[0m  | [0;32;40m0.01407555490732193[0m  |
|    [0;34;40mvalidate/probe_loss[0m     | [0;32;40m0.18596123158931732[0m  |
| [0;34;40mvalidate/probe_loss_epoch[0m  | [0;32;40m0.18596123158931732[0m  |
|    [0;34;40mvalidate/sigreg_loss[0m    |  [0;32;40m1.906112551689148[0m   |
| [0;34;40mvalidate/sigreg_loss_epoch[0m |  [0;32;40m1.906112551689148[0m   |
+----------------------------+----------------------+
[Epoch 4/20] done in 123.6s
02:09:52 | INFO  | checkpoint_~|   Checking for non PyTorch modules to save
02:09:52 | INFO  | atomic_chec~| [atomic_save] → /data1/likun-share/junjxu/.cache_stable-pretraining/runs/20260608/015903/8e71e6adcf61/checkpoints/epoch=4-step=1015.ckpt
02:09:53 | INFO  | atomic_chec~| [atomic_save] ✓ epoch=4-step=1015.ckpt saved (206.8 MiB, serialise=0.35s write=0.30s rename=0.0ms)
02:09:53 | INFO  | checkpoint_~|   Checking for non PyTorch modules to save
02:09:53 | INFO  | atomic_chec~| [atomic_save] → /data1/likun-share/junjxu/.cache_stable-pretraining/runs/20260608/015903/8e71e6adcf61/checkpoints/last.ckpt
02:09:53 | INFO  | atomic_chec~| [atomic_save] ✓ last.ckpt saved (206.8 MiB, serialise=0.31s write=0.28s rename=51.4ms)
[Epoch 5/20] step 50/203 (2.3 it/s)
[Epoch 5/20] step 100/203 (2.0 it/s)
[Epoch 5/20] step 150/203 (1.9 it/s)
[Epoch 5/20] step 200/203 (1.8 it/s)
02:11:54 | INFO  | trainer_inf~| \n+----------------------------+------------------------+
|           Metric           |         Value          |
+----------------------------+------------------------+
|          [0;34;40mfit/loss[0m          |  [0;32;40m0.27139610052108765[0m   |
|       [0;34;40mfit/pred_loss[0m        |  [0;32;40m0.01621299982070923[0m   |
|       [0;34;40mfit/probe_loss[0m       |  [0;32;40m0.16045652329921722[0m   |
|      [0;34;40mfit/sigreg_loss[0m       |       [0;32;40m1.0546875[0m        |
|    [0;34;40mhardware/cpu_percent[0m    |   [0;32;40m49.70000076293945[0m    |
|  [0;34;40mhardware/disk_read_mb_s[0m   |          [0;32;40m0.0[0m           |
|  [0;34;40mhardware/disk_write_mb_s[0m  |   [0;32;40m49.40837097167969[0m    |
|   [0;34;40mhardware/net_recv_mb_s[0m   |  [0;32;40m0.014514772221446037[0m  |
|   [0;34;40mhardware/net_sent_mb_s[0m   |  [0;32;40m0.01009590644389391[0m   |
|    [0;34;40mhardware/ram_used_gb[0m    |   [0;32;40m377.3609619140625[0m    |
|   [0;34;40mhardware/ram_used_pct[0m    |          [0;32;40m37.5[0m          |
|    [0;34;40mhparams/lr_default_0[0m    | [0;32;40m4.0133647416951135e-05[0m |
|       [0;34;40mvalidate/loss[0m        |  [0;32;40m0.35665297508239746[0m   |
|    [0;34;40mvalidate/loss_epoch[0m     |  [0;32;40m0.35665297508239746[0m   |
|     [0;34;40mvalidate/pred_loss[0m     |  [0;32;40m0.013828149996697903[0m  |
|  [0;34;40mvalidate/pred_loss_epoch[0m  |  [0;32;40m0.013828149996697903[0m  |
|    [0;34;40mvalidate/probe_loss[0m     |  [0;32;40m0.17270351946353912[0m   |
| [0;34;40mvalidate/probe_loss_epoch[0m  |  [0;32;40m0.17270351946353912[0m   |
|    [0;34;40mvalidate/sigreg_loss[0m    |   [0;32;40m1.8903096914291382[0m   |
| [0;34;40mvalidate/sigreg_loss_epoch[0m |   [0;32;40m1.8903096914291382[0m   |
+----------------------------+------------------------+
[Epoch 5/20] done in 121.0s
02:11:54 | INFO  | checkpoint_~|   Checking for non PyTorch modules to save
02:11:54 | INFO  | atomic_chec~| [atomic_save] → /data1/likun-share/junjxu/.cache_stable-pretraining/runs/20260608/015903/8e71e6adcf61/checkpoints/epoch=5-step=1218.ckpt
02:11:55 | INFO  | atomic_chec~| [atomic_save] ✓ epoch=5-step=1218.ckpt saved (206.8 MiB, serialise=0.32s write=0.25s rename=0.1ms)
02:11:55 | INFO  | checkpoint_~|   Checking for non PyTorch modules to save
02:11:55 | INFO  | atomic_chec~| [atomic_save] → /data1/likun-share/junjxu/.cache_stable-pretraining/runs/20260608/015903/8e71e6adcf61/checkpoints/last.ckpt
02:11:56 | INFO  | atomic_chec~| [atomic_save] ✓ last.ckpt saved (206.8 MiB, serialise=0.34s write=0.23s rename=39.1ms)
[Epoch 6/20] step 50/203 (2.1 it/s)
[Epoch 6/20] step 100/203 (1.9 it/s)
[Epoch 6/20] step 150/203 (1.8 it/s)
[Epoch 6/20] step 200/203 (1.8 it/s)
02:14:01 | INFO  | trainer_inf~| \n+----------------------------+-----------------------+
|           Metric           |         Value         |
+----------------------------+-----------------------+
|          [0;34;40mfit/loss[0m          |   [0;32;40m0.2834710478782654[0m  |
|       [0;34;40mfit/pred_loss[0m        |  [0;32;40m0.015943873673677444[0m |
|       [0;34;40mfit/probe_loss[0m       |  [0;32;40m0.17035922408103943[0m  |
|      [0;34;40mfit/sigreg_loss[0m       |        [0;32;40m1.078125[0m       |
|    [0;34;40mhardware/cpu_percent[0m    |   [0;32;40m50.79999923706055[0m   |
|  [0;34;40mhardware/disk_read_mb_s[0m   |          [0;32;40m0.0[0m          |
|  [0;34;40mhardware/disk_write_mb_s[0m  |   [0;32;40m43.56228256225586[0m   |
|   [0;34;40mhardware/net_recv_mb_s[0m   |  [0;32;40m0.011575772427022457[0m |
|   [0;34;40mhardware/net_sent_mb_s[0m   |  [0;32;40m0.00946207344532013[0m  |
|    [0;34;40mhardware/ram_used_gb[0m    |   [0;32;40m377.04107666015625[0m  |
|   [0;34;40mhardware/ram_used_pct[0m    |   [0;32;40m37.400001525878906[0m  |
|    [0;34;40mhparams/lr_default_0[0m    | [0;32;40m3.679999281303026e-05[0m |
|       [0;34;40mvalidate/loss[0m        |   [0;32;40m0.3568023145198822[0m  |
|    [0;34;40mvalidate/loss_epoch[0m     |   [0;32;40m0.3568023145198822[0m  |
|     [0;34;40mvalidate/pred_loss[0m     |  [0;32;40m0.013599730096757412[0m |
|  [0;34;40mvalidate/pred_loss_epoch[0m  |  [0;32;40m0.013599730096757412[0m |
|    [0;34;40mvalidate/probe_loss[0m     |   [0;32;40m0.1678895801305771[0m  |
| [0;34;40mvalidate/probe_loss_epoch[0m  |   [0;32;40m0.1678895801305771[0m  |
|    [0;34;40mvalidate/sigreg_loss[0m    |   [0;32;40m1.9471423625946045[0m  |
| [0;34;40mvalidate/sigreg_loss_epoch[0m |   [0;32;40m1.9471423625946045[0m  |
+----------------------------+-----------------------+
[Epoch 6/20] done in 125.8s
02:14:01 | INFO  | checkpoint_~|   Checking for non PyTorch modules to save
02:14:01 | INFO  | atomic_chec~| [atomic_save] → /data1/likun-share/junjxu/.cache_stable-pretraining/runs/20260608/015903/8e71e6adcf61/checkpoints/epoch=6-step=1421.ckpt
02:14:02 | INFO  | atomic_chec~| [atomic_save] ✓ epoch=6-step=1421.ckpt saved (206.8 MiB, serialise=0.33s write=0.23s rename=0.1ms)
02:14:02 | INFO  | checkpoint_~|   Checking for non PyTorch modules to save
02:14:02 | INFO  | atomic_chec~| [atomic_save] → /data1/likun-share/junjxu/.cache_stable-pretraining/runs/20260608/015903/8e71e6adcf61/checkpoints/last.ckpt
02:14:03 | INFO  | atomic_chec~| [atomic_save] ✓ last.ckpt saved (206.8 MiB, serialise=0.35s write=0.26s rename=54.5ms)
[Epoch 7/20] step 50/203 (2.0 it/s)
[Epoch 7/20] step 100/203 (1.9 it/s)
[Epoch 7/20] step 150/203 (1.8 it/s)
[Epoch 7/20] step 200/203 (1.8 it/s)
02:16:06 | INFO  | trainer_inf~| \n+----------------------------+-----------------------+
|           Metric           |         Value         |
+----------------------------+-----------------------+
|          [0;34;40mfit/loss[0m          |  [0;32;40m0.32486122846603394[0m  |
|       [0;34;40mfit/pred_loss[0m        |  [0;32;40m0.015874063596129417[0m |
|       [0;34;40mfit/probe_loss[0m       |  [0;32;40m0.20644810795783997[0m  |
|      [0;34;40mfit/sigreg_loss[0m       |        [0;32;40m1.140625[0m       |
|    [0;34;40mhardware/cpu_percent[0m    |   [0;32;40m50.20000076293945[0m   |
|  [0;34;40mhardware/disk_read_mb_s[0m   |          [0;32;40m0.0[0m          |
|  [0;34;40mhardware/disk_write_mb_s[0m  |   [0;32;40m45.75468444824219[0m   |
|   [0;34;40mhardware/net_recv_mb_s[0m   |  [0;32;40m0.012018220499157906[0m |
|   [0;34;40mhardware/net_sent_mb_s[0m   |  [0;32;40m0.045310843735933304[0m |
|    [0;34;40mhardware/ram_used_gb[0m    |   [0;32;40m378.8912658691406[0m   |
|   [0;34;40mhardware/ram_used_pct[0m    |   [0;32;40m37.599998474121094[0m  |
|    [0;34;40mhparams/lr_default_0[0m    | [0;32;40m3.316998481750488e-05[0m |
|       [0;34;40mvalidate/loss[0m        |   [0;32;40m0.3346318006515503[0m  |
|    [0;34;40mvalidate/loss_epoch[0m     |   [0;32;40m0.3346318006515503[0m  |
|     [0;34;40mvalidate/pred_loss[0m     |  [0;32;40m0.012373664416372776[0m |
|  [0;34;40mvalidate/pred_loss_epoch[0m  |  [0;32;40m0.012373664416372776[0m |
|    [0;34;40mvalidate/probe_loss[0m     |  [0;32;40m0.16141770780086517[0m  |
| [0;34;40mvalidate/probe_loss_epoch[0m  |  [0;32;40m0.16141770780086517[0m  |
|    [0;34;40mvalidate/sigreg_loss[0m    |   [0;32;40m1.7873296737670898[0m  |
| [0;34;40mvalidate/sigreg_loss_epoch[0m |   [0;32;40m1.7873296737670898[0m  |
+----------------------------+-----------------------+
[Epoch 7/20] done in 123.6s
02:16:06 | INFO  | checkpoint_~|   Checking for non PyTorch modules to save
02:16:06 | INFO  | atomic_chec~| [atomic_save] → /data1/likun-share/junjxu/.cache_stable-pretraining/runs/20260608/015903/8e71e6adcf61/checkpoints/epoch=7-step=1624.ckpt
02:16:07 | INFO  | atomic_chec~| [atomic_save] ✓ epoch=7-step=1624.ckpt saved (206.8 MiB, serialise=0.40s write=0.29s rename=0.1ms)
02:16:07 | INFO  | checkpoint_~|   Checking for non PyTorch modules to save
02:16:07 | INFO  | atomic_chec~| [atomic_save] → /data1/likun-share/junjxu/.cache_stable-pretraining/runs/20260608/015903/8e71e6adcf61/checkpoints/last.ckpt
02:16:08 | INFO  | atomic_chec~| [atomic_save] ✓ last.ckpt saved (206.8 MiB, serialise=0.34s write=0.30s rename=30.5ms)
[Epoch 8/20] step 50/203 (2.0 it/s)
[Epoch 8/20] step 100/203 (1.9 it/s)
[Epoch 8/20] step 150/203 (1.8 it/s)
[Epoch 8/20] step 200/203 (1.8 it/s)
02:18:11 | INFO  | trainer_inf~| \n+----------------------------+------------------------+
|           Metric           |         Value          |
+----------------------------+------------------------+
|          [0;34;40mfit/loss[0m          |  [0;32;40m0.25425827503204346[0m   |
|       [0;34;40mfit/pred_loss[0m        |  [0;32;40m0.014077742584049702[0m  |
|       [0;34;40mfit/probe_loss[0m       |  [0;32;40m0.14740709960460663[0m   |
|      [0;34;40mfit/sigreg_loss[0m       |        [0;32;40m1.03125[0m         |
|    [0;34;40mhardware/cpu_percent[0m    |          [0;32;40m50.5[0m          |
|  [0;34;40mhardware/disk_read_mb_s[0m   |          [0;32;40m0.0[0m           |
|  [0;34;40mhardware/disk_write_mb_s[0m  |   [0;32;40m42.76148223876953[0m    |
|   [0;34;40mhardware/net_recv_mb_s[0m   |  [0;32;40m0.014118297025561333[0m  |
|   [0;34;40mhardware/net_sent_mb_s[0m   |  [0;32;40m0.04543726518750191[0m   |
|    [0;34;40mhardware/ram_used_gb[0m    |   [0;32;40m380.30535888671875[0m   |
|   [0;34;40mhardware/ram_used_pct[0m    |   [0;32;40m37.79999923706055[0m    |
|    [0;34;40mhparams/lr_default_0[0m    | [0;32;40m2.9334791179280728e-05[0m |
|       [0;34;40mvalidate/loss[0m        |   [0;32;40m0.3236861824989319[0m   |
|    [0;34;40mvalidate/loss_epoch[0m     |   [0;32;40m0.3236861824989319[0m   |
|     [0;34;40mvalidate/pred_loss[0m     |  [0;32;40m0.011656214483082294[0m  |
|  [0;34;40mvalidate/pred_loss_epoch[0m  |  [0;32;40m0.011656214483082294[0m  |
|    [0;34;40mvalidate/probe_loss[0m     |   [0;32;40m0.1584261953830719[0m   |
| [0;34;40mvalidate/probe_loss_epoch[0m  |   [0;32;40m0.1584261953830719[0m   |
|    [0;34;40mvalidate/sigreg_loss[0m    |   [0;32;40m1.706046223640442[0m    |
| [0;34;40mvalidate/sigreg_loss_epoch[0m |   [0;32;40m1.706046223640442[0m    |
+----------------------------+------------------------+
[Epoch 8/20] done in 123.1s
02:18:11 | INFO  | checkpoint_~|   Checking for non PyTorch modules to save
02:18:11 | INFO  | atomic_chec~| [atomic_save] → /data1/likun-share/junjxu/.cache_stable-pretraining/runs/20260608/015903/8e71e6adcf61/checkpoints/epoch=8-step=1827.ckpt
02:18:12 | INFO  | atomic_chec~| [atomic_save] ✓ epoch=8-step=1827.ckpt saved (206.8 MiB, serialise=0.34s write=0.30s rename=0.1ms)
02:18:12 | INFO  | checkpoint_~|   Checking for non PyTorch modules to save
02:18:12 | INFO  | atomic_chec~| [atomic_save] → /data1/likun-share/junjxu/.cache_stable-pretraining/runs/20260608/015903/8e71e6adcf61/checkpoints/last.ckpt
02:18:12 | INFO  | atomic_chec~| [atomic_save] ✓ last.ckpt saved (206.8 MiB, serialise=0.36s write=0.30s rename=34.7ms)
[Epoch 9/20] step 50/203 (1.9 it/s)
[Epoch 9/20] step 100/203 (1.8 it/s)
[Epoch 9/20] step 150/203 (1.8 it/s)
[Epoch 9/20] step 200/203 (1.8 it/s)
02:20:17 | INFO  | trainer_inf~| \n+----------------------------+-----------------------+
|           Metric           |         Value         |
+----------------------------+-----------------------+
|          [0;34;40mfit/loss[0m          |  [0;32;40m0.23581594228744507[0m  |
|       [0;34;40mfit/pred_loss[0m        |  [0;32;40m0.012772619724273682[0m |
|       [0;34;40mfit/probe_loss[0m       |   [0;32;40m0.1351526975631714[0m  |
|      [0;34;40mfit/sigreg_loss[0m       |       [0;32;40m0.9765625[0m       |
|    [0;34;40mhardware/cpu_percent[0m    |   [0;32;40m49.900001525878906[0m  |
|  [0;34;40mhardware/disk_read_mb_s[0m   |          [0;32;40m0.0[0m          |
|  [0;34;40mhardware/disk_write_mb_s[0m  |   [0;32;40m38.49843215942383[0m   |
|   [0;34;40mhardware/net_recv_mb_s[0m   |  [0;32;40m0.006486690603196621[0m |
|   [0;34;40mhardware/net_sent_mb_s[0m   |  [0;32;40m0.04241573438048363[0m  |
|    [0;34;40mhardware/ram_used_gb[0m    |   [0;32;40m380.48602294921875[0m  |
|   [0;34;40mhardware/ram_used_pct[0m    |   [0;32;40m37.79999923706055[0m   |
|    [0;34;40mhparams/lr_default_0[0m    | [0;32;40m2.539072920626495e-05[0m |
|       [0;34;40mvalidate/loss[0m        |  [0;32;40m0.31908831000328064[0m  |
|    [0;34;40mvalidate/loss_epoch[0m     |  [0;32;40m0.31908831000328064[0m  |
|     [0;34;40mvalidate/pred_loss[0m     |  [0;32;40m0.011791786178946495[0m |
|  [0;34;40mvalidate/pred_loss_epoch[0m  |  [0;32;40m0.011791786178946495[0m |
|    [0;34;40mvalidate/probe_loss[0m     |  [0;32;40m0.14855946600437164[0m  |
| [0;34;40mvalidate/probe_loss_epoch[0m  |  [0;32;40m0.14855946600437164[0m  |
|    [0;34;40mvalidate/sigreg_loss[0m    |   [0;32;40m1.7633990049362183[0m  |
| [0;34;40mvalidate/sigreg_loss_epoch[0m |   [0;32;40m1.7633990049362183[0m  |
+----------------------------+-----------------------+
[Epoch 9/20] done in 124.2s
02:20:17 | INFO  | checkpoint_~|   Checking for non PyTorch modules to save
02:20:17 | INFO  | atomic_chec~| [atomic_save] → /data1/likun-share/junjxu/.cache_stable-pretraining/runs/20260608/015903/8e71e6adcf61/checkpoints/epoch=9-step=2030.ckpt
02:20:17 | INFO  | atomic_chec~| [atomic_save] ✓ epoch=9-step=2030.ckpt saved (206.8 MiB, serialise=0.33s write=0.32s rename=0.1ms)
02:20:17 | INFO  | checkpoint_~|   Checking for non PyTorch modules to save
02:20:17 | INFO  | atomic_chec~| [atomic_save] → /data1/likun-share/junjxu/.cache_stable-pretraining/runs/20260608/015903/8e71e6adcf61/checkpoints/last.ckpt
02:20:18 | INFO  | atomic_chec~| [atomic_save] ✓ last.ckpt saved (206.8 MiB, serialise=0.40s write=0.29s rename=33.1ms)
[Epoch 10/20] step 50/203 (1.8 it/s)
[Epoch 10/20] step 100/203 (1.9 it/s)
[Epoch 10/20] step 150/203 (1.8 it/s)
[Epoch 10/20] step 200/203 (1.8 it/s)
02:22:22 | INFO  | trainer_inf~| \n+----------------------------+------------------------+
|           Metric           |         Value          |
+----------------------------+------------------------+
|          [0;34;40mfit/loss[0m          |  [0;32;40m0.23313523828983307[0m   |
|       [0;34;40mfit/pred_loss[0m        |  [0;32;40m0.01364718098193407[0m   |
|       [0;34;40mfit/probe_loss[0m       |  [0;32;40m0.13550367951393127[0m   |
|      [0;34;40mfit/sigreg_loss[0m       |       [0;32;40m0.93359375[0m       |
|    [0;34;40mhardware/cpu_percent[0m    |          [0;32;40m49.5[0m          |
|  [0;34;40mhardware/disk_read_mb_s[0m   |          [0;32;40m0.0[0m           |
|  [0;34;40mhardware/disk_write_mb_s[0m  |   [0;32;40m40.519168853759766[0m   |
|   [0;34;40mhardware/net_recv_mb_s[0m   |  [0;32;40m0.005793856456875801[0m  |
|   [0;34;40mhardware/net_sent_mb_s[0m   |  [0;32;40m0.04156536981463432[0m   |
|    [0;34;40mhardware/ram_used_gb[0m    |   [0;32;40m379.72418212890625[0m   |
|   [0;34;40mhardware/ram_used_pct[0m    |   [0;32;40m37.70000076293945[0m    |
|    [0;34;40mhparams/lr_default_0[0m    | [0;32;40m2.1436855604406446e-05[0m |
|       [0;34;40mvalidate/loss[0m        |   [0;32;40m0.3038710653781891[0m   |
|    [0;34;40mvalidate/loss_epoch[0m     |   [0;32;40m0.3038710653781891[0m   |
|     [0;34;40mvalidate/pred_loss[0m     |  [0;32;40m0.011361140757799149[0m  |
|  [0;34;40mvalidate/pred_loss_epoch[0m  |  [0;32;40m0.011361140757799149[0m  |
|    [0;34;40mvalidate/probe_loss[0m     |  [0;32;40m0.14167159795761108[0m   |
| [0;34;40mvalidate/probe_loss_epoch[0m  |  [0;32;40m0.14167159795761108[0m   |
|    [0;34;40mvalidate/sigreg_loss[0m    |   [0;32;40m1.6760817766189575[0m   |
| [0;34;40mvalidate/sigreg_loss_epoch[0m |   [0;32;40m1.6760817766189575[0m   |
+----------------------------+------------------------+
[Epoch 10/20] done in 123.9s
02:22:22 | INFO  | checkpoint_~|   Checking for non PyTorch modules to save
02:22:22 | INFO  | atomic_chec~| [atomic_save] → /data1/likun-share/junjxu/.cache_stable-pretraining/runs/20260608/015903/8e71e6adcf61/checkpoints/epoch=10-step=2233.ckpt
02:22:23 | INFO  | atomic_chec~| [atomic_save] ✓ epoch=10-step=2233.ckpt saved (206.8 MiB, serialise=0.36s write=0.27s rename=0.1ms)
02:22:23 | INFO  | checkpoint_~|   Checking for non PyTorch modules to save
02:22:23 | INFO  | atomic_chec~| [atomic_save] → /data1/likun-share/junjxu/.cache_stable-pretraining/runs/20260608/015903/8e71e6adcf61/checkpoints/last.ckpt
02:22:23 | INFO  | atomic_chec~| [atomic_save] ✓ last.ckpt saved (206.8 MiB, serialise=0.35s write=0.26s rename=49.1ms)
[Epoch 11/20] step 50/203 (1.7 it/s)
[Epoch 11/20] step 100/203 (1.8 it/s)
[Epoch 11/20] step 150/203 (1.8 it/s)
[Epoch 11/20] step 200/203 (1.7 it/s)
02:24:29 | INFO  | trainer_inf~| \n+----------------------------+-----------------------+
|           Metric           |         Value         |
+----------------------------+-----------------------+
|          [0;34;40mfit/loss[0m          |  [0;32;40m0.27951061725616455[0m  |
|       [0;34;40mfit/pred_loss[0m        |  [0;32;40m0.012967425398528576[0m |
|       [0;34;40mfit/probe_loss[0m       |   [0;32;40m0.1776759922504425[0m  |
|      [0;34;40mfit/sigreg_loss[0m       |       [0;32;40m0.98828125[0m      |
|    [0;34;40mhardware/cpu_percent[0m    |   [0;32;40m48.79999923706055[0m   |
|  [0;34;40mhardware/disk_read_mb_s[0m   |          [0;32;40m0.0[0m          |
|  [0;34;40mhardware/disk_write_mb_s[0m  |   [0;32;40m48.16775131225586[0m   |
|   [0;34;40mhardware/net_recv_mb_s[0m   |  [0;32;40m0.024490876123309135[0m |
|   [0;34;40mhardware/net_sent_mb_s[0m   |  [0;32;40m0.015094018541276455[0m |
|    [0;34;40mhardware/ram_used_gb[0m    |   [0;32;40m380.9790344238281[0m   |
|   [0;34;40mhardware/ram_used_pct[0m    |   [0;32;40m37.79999923706055[0m   |
|    [0;34;40mhparams/lr_default_0[0m    | [0;32;40m1.757246718625538e-05[0m |
|       [0;34;40mvalidate/loss[0m        |  [0;32;40m0.28656095266342163[0m  |
|    [0;34;40mvalidate/loss_epoch[0m     |  [0;32;40m0.28656095266342163[0m  |
|     [0;34;40mvalidate/pred_loss[0m     |  [0;32;40m0.011006264016032219[0m |
|  [0;34;40mvalidate/pred_loss_epoch[0m  |  [0;32;40m0.011006264016032219[0m |
|    [0;34;40mvalidate/probe_loss[0m     |  [0;32;40m0.13416269421577454[0m  |
| [0;34;40mvalidate/probe_loss_epoch[0m  |  [0;32;40m0.13416269421577454[0m  |
|    [0;34;40mvalidate/sigreg_loss[0m    |   [0;32;40m1.570883870124817[0m   |
| [0;34;40mvalidate/sigreg_loss_epoch[0m |   [0;32;40m1.570883870124817[0m   |
+----------------------------+-----------------------+
[Epoch 11/20] done in 125.6s
02:24:29 | INFO  | checkpoint_~|   Checking for non PyTorch modules to save
02:24:29 | INFO  | atomic_chec~| [atomic_save] → /data1/likun-share/junjxu/.cache_stable-pretraining/runs/20260608/015903/8e71e6adcf61/checkpoints/epoch=11-step=2436.ckpt
02:24:30 | INFO  | atomic_chec~| [atomic_save] ✓ epoch=11-step=2436.ckpt saved (206.8 MiB, serialise=0.50s write=0.28s rename=0.1ms)
02:24:30 | INFO  | checkpoint_~|   Checking for non PyTorch modules to save
02:24:30 | INFO  | atomic_chec~| [atomic_save] → /data1/likun-share/junjxu/.cache_stable-pretraining/runs/20260608/015903/8e71e6adcf61/checkpoints/last.ckpt
02:24:31 | INFO  | atomic_chec~| [atomic_save] ✓ last.ckpt saved (206.8 MiB, serialise=0.36s write=0.29s rename=37.5ms)
[Epoch 12/20] step 50/203 (1.7 it/s)
[Epoch 12/20] step 100/203 (1.9 it/s)
[Epoch 12/20] step 150/203 (1.8 it/s)
[Epoch 12/20] step 200/203 (1.8 it/s)
02:26:36 | INFO  | trainer_inf~| \n+----------------------------+------------------------+
|           Metric           |         Value          |
+----------------------------+------------------------+
|          [0;34;40mfit/loss[0m          |  [0;32;40m0.22506210207939148[0m   |
|       [0;34;40mfit/pred_loss[0m        |  [0;32;40m0.013433401472866535[0m  |
|       [0;34;40mfit/probe_loss[0m       |  [0;32;40m0.12715604901313782[0m   |
|      [0;34;40mfit/sigreg_loss[0m       |         [0;32;40m0.9375[0m         |
|    [0;34;40mhardware/cpu_percent[0m    |          [0;32;40m48.0[0m          |
|  [0;34;40mhardware/disk_read_mb_s[0m   |          [0;32;40m0.0[0m           |
|  [0;34;40mhardware/disk_write_mb_s[0m  |   [0;32;40m49.28276443481445[0m    |
|   [0;34;40mhardware/net_recv_mb_s[0m   |  [0;32;40m0.004942499101161957[0m  |
|   [0;34;40mhardware/net_sent_mb_s[0m   |  [0;32;40m0.04179294407367706[0m   |
|    [0;34;40mhardware/ram_used_gb[0m    |   [0;32;40m379.2773742675781[0m    |
|   [0;34;40mhardware/ram_used_pct[0m    |   [0;32;40m37.70000076293945[0m    |
|    [0;34;40mhparams/lr_default_0[0m    | [0;32;40m1.3894621588406153e-05[0m |
|       [0;34;40mvalidate/loss[0m        |  [0;32;40m0.28171977400779724[0m   |
|    [0;34;40mvalidate/loss_epoch[0m     |  [0;32;40m0.28171977400779724[0m   |
|     [0;34;40mvalidate/pred_loss[0m     |  [0;32;40m0.011280343867838383[0m  |
|  [0;34;40mvalidate/pred_loss_epoch[0m  |  [0;32;40m0.011280343867838383[0m  |
|    [0;34;40mvalidate/probe_loss[0m     |  [0;32;40m0.12899383902549744[0m   |
| [0;34;40mvalidate/probe_loss_epoch[0m  |  [0;32;40m0.12899383902549744[0m   |
|    [0;34;40mvalidate/sigreg_loss[0m    |   [0;32;40m1.5703798532485962[0m   |
| [0;34;40mvalidate/sigreg_loss_epoch[0m |   [0;32;40m1.5703798532485962[0m   |
+----------------------------+------------------------+
[Epoch 12/20] done in 126.1s
02:26:37 | INFO  | checkpoint_~|   Checking for non PyTorch modules to save
02:26:37 | INFO  | atomic_chec~| [atomic_save] → /data1/likun-share/junjxu/.cache_stable-pretraining/runs/20260608/015903/8e71e6adcf61/checkpoints/epoch=12-step=2639.ckpt
02:26:37 | INFO  | atomic_chec~| [atomic_save] ✓ epoch=12-step=2639.ckpt saved (206.8 MiB, serialise=0.39s write=0.30s rename=0.1ms)
02:26:37 | INFO  | checkpoint_~|   Checking for non PyTorch modules to save
02:26:37 | INFO  | atomic_chec~| [atomic_save] → /data1/likun-share/junjxu/.cache_stable-pretraining/runs/20260608/015903/8e71e6adcf61/checkpoints/last.ckpt
02:26:38 | INFO  | atomic_chec~| [atomic_save] ✓ last.ckpt saved (206.8 MiB, serialise=0.44s write=0.31s rename=64.5ms)
[Epoch 13/20] step 50/203 (1.7 it/s)
[Epoch 13/20] step 100/203 (1.9 it/s)
[Epoch 13/20] step 150/203 (1.8 it/s)
[Epoch 13/20] step 200/203 (1.8 it/s)
02:28:43 | INFO  | trainer_inf~| \n+----------------------------+------------------------+
|           Metric           |         Value          |
+----------------------------+------------------------+
|          [0;34;40mfit/loss[0m          |   [0;32;40m0.2529248595237732[0m   |
|       [0;34;40mfit/pred_loss[0m        |  [0;32;40m0.012984022498130798[0m  |
|       [0;34;40mfit/probe_loss[0m       |   [0;32;40m0.1452142894268036[0m   |
|      [0;34;40mfit/sigreg_loss[0m       |       [0;32;40m1.0546875[0m        |
|    [0;34;40mhardware/cpu_percent[0m    |          [0;32;40m49.5[0m          |
|  [0;34;40mhardware/disk_read_mb_s[0m   |          [0;32;40m0.0[0m           |
|  [0;34;40mhardware/disk_write_mb_s[0m  |   [0;32;40m47.465049743652344[0m   |
|   [0;34;40mhardware/net_recv_mb_s[0m   |  [0;32;40m0.005804084707051516[0m  |
|   [0;34;40mhardware/net_sent_mb_s[0m   |  [0;32;40m0.041551921516656876[0m  |
|    [0;34;40mhardware/ram_used_gb[0m    |   [0;32;40m380.4657897949219[0m    |
|   [0;34;40mhardware/ram_used_pct[0m    |   [0;32;40m37.79999923706055[0m    |
|    [0;34;40mhparams/lr_default_0[0m    | [0;32;40m1.0495683454792015e-05[0m |
|       [0;34;40mvalidate/loss[0m        |   [0;32;40m0.2685213088989258[0m   |
|    [0;34;40mvalidate/loss_epoch[0m     |   [0;32;40m0.2685213088989258[0m   |
|     [0;34;40mvalidate/pred_loss[0m     |  [0;32;40m0.010764922946691513[0m  |
|  [0;34;40mvalidate/pred_loss_epoch[0m  |  [0;32;40m0.010764922946691513[0m  |
|    [0;34;40mvalidate/probe_loss[0m     |  [0;32;40m0.11884906142950058[0m   |
| [0;34;40mvalidate/probe_loss_epoch[0m  |  [0;32;40m0.11884906142950058[0m   |
|    [0;34;40mvalidate/sigreg_loss[0m    |   [0;32;40m1.5444145202636719[0m   |
| [0;34;40mvalidate/sigreg_loss_epoch[0m |   [0;32;40m1.5444145202636719[0m   |
+----------------------------+------------------------+
[Epoch 13/20] done in 124.5s
02:28:43 | INFO  | checkpoint_~|   Checking for non PyTorch modules to save
02:28:43 | INFO  | atomic_chec~| [atomic_save] → /data1/likun-share/junjxu/.cache_stable-pretraining/runs/20260608/015903/8e71e6adcf61/checkpoints/epoch=13-step=2842.ckpt
02:28:43 | INFO  | atomic_chec~| [atomic_save] ✓ epoch=13-step=2842.ckpt saved (206.8 MiB, serialise=0.33s write=0.29s rename=0.1ms)
02:28:43 | INFO  | checkpoint_~|   Checking for non PyTorch modules to save
02:28:43 | INFO  | atomic_chec~| [atomic_save] → /data1/likun-share/junjxu/.cache_stable-pretraining/runs/20260608/015903/8e71e6adcf61/checkpoints/last.ckpt
02:28:44 | INFO  | atomic_chec~| [atomic_save] ✓ last.ckpt saved (206.8 MiB, serialise=0.35s write=0.30s rename=47.2ms)
[Epoch 14/20] step 50/203 (1.7 it/s)
[Epoch 14/20] step 100/203 (1.9 it/s)
[Epoch 14/20] step 150/203 (1.8 it/s)
[Epoch 14/20] step 200/203 (1.8 it/s)
02:30:48 | INFO  | trainer_inf~| \n+----------------------------+-----------------------+
|           Metric           |         Value         |
+----------------------------+-----------------------+
|          [0;34;40mfit/loss[0m          |  [0;32;40m0.21715179085731506[0m  |
|       [0;34;40mfit/pred_loss[0m        |  [0;32;40m0.012022488750517368[0m |
|       [0;34;40mfit/probe_loss[0m       |  [0;32;40m0.12016835808753967[0m  |
|      [0;34;40mfit/sigreg_loss[0m       |       [0;32;40m0.9453125[0m       |
|    [0;34;40mhardware/cpu_percent[0m    |   [0;32;40m47.599998474121094[0m  |
|  [0;34;40mhardware/disk_read_mb_s[0m   |          [0;32;40m0.0[0m          |
|  [0;34;40mhardware/disk_write_mb_s[0m  |   [0;32;40m49.913795471191406[0m  |
|   [0;34;40mhardware/net_recv_mb_s[0m   |  [0;32;40m0.006201019510626793[0m |
|   [0;34;40mhardware/net_sent_mb_s[0m   |  [0;32;40m0.04175994172692299[0m  |
|    [0;34;40mhardware/ram_used_gb[0m    |   [0;32;40m380.0080261230469[0m   |
|   [0;34;40mhardware/ram_used_pct[0m    |   [0;32;40m37.70000076293945[0m   |
|    [0;34;40mhparams/lr_default_0[0m    | [0;32;40m7.461018412868725e-06[0m |
|       [0;34;40mvalidate/loss[0m        |   [0;32;40m0.2621612548828125[0m  |
|    [0;34;40mvalidate/loss_epoch[0m     |   [0;32;40m0.2621612548828125[0m  |
|     [0;34;40mvalidate/pred_loss[0m     |  [0;32;40m0.01067867036908865[0m  |
|  [0;34;40mvalidate/pred_loss_epoch[0m  |  [0;32;40m0.01067867036908865[0m  |
|    [0;34;40mvalidate/probe_loss[0m     |   [0;32;40m0.1155824288725853[0m  |
| [0;34;40mvalidate/probe_loss_epoch[0m  |   [0;32;40m0.1155824288725853[0m  |
|    [0;34;40mvalidate/sigreg_loss[0m    |   [0;32;40m1.5104238986968994[0m  |
| [0;34;40mvalidate/sigreg_loss_epoch[0m |   [0;32;40m1.5104238986968994[0m  |
+----------------------------+-----------------------+
[Epoch 14/20] done in 123.7s
02:30:48 | INFO  | checkpoint_~|   Checking for non PyTorch modules to save
02:30:48 | INFO  | atomic_chec~| [atomic_save] → /data1/likun-share/junjxu/.cache_stable-pretraining/runs/20260608/015903/8e71e6adcf61/checkpoints/epoch=14-step=3045.ckpt
02:30:49 | INFO  | atomic_chec~| [atomic_save] ✓ epoch=14-step=3045.ckpt saved (206.8 MiB, serialise=0.34s write=0.29s rename=0.1ms)
02:30:49 | INFO  | checkpoint_~|   Checking for non PyTorch modules to save
02:30:49 | INFO  | atomic_chec~| [atomic_save] → /data1/likun-share/junjxu/.cache_stable-pretraining/runs/20260608/015903/8e71e6adcf61/checkpoints/last.ckpt
02:30:49 | INFO  | atomic_chec~| [atomic_save] ✓ last.ckpt saved (206.8 MiB, serialise=0.38s write=0.28s rename=41.6ms)
[Epoch 15/20] step 50/203 (1.6 it/s)
[Epoch 15/20] step 100/203 (1.7 it/s)
[Epoch 15/20] step 150/203 (1.7 it/s)
[Epoch 15/20] step 200/203 (1.7 it/s)
02:32:56 | INFO  | trainer_inf~| \n+----------------------------+-----------------------+
|           Metric           |         Value         |
+----------------------------+-----------------------+
|          [0;34;40mfit/loss[0m          |  [0;32;40m0.20446008443832397[0m  |
|       [0;34;40mfit/pred_loss[0m        |  [0;32;40m0.012823626399040222[0m |
|       [0;34;40mfit/probe_loss[0m       |  [0;32;40m0.10569895058870316[0m  |
|      [0;34;40mfit/sigreg_loss[0m       |        [0;32;40m0.953125[0m       |
|    [0;34;40mhardware/cpu_percent[0m    |          [0;32;40m48.0[0m         |
|  [0;34;40mhardware/disk_read_mb_s[0m   |          [0;32;40m0.0[0m          |
|  [0;34;40mhardware/disk_write_mb_s[0m  |   [0;32;40m45.116397857666016[0m  |
|   [0;34;40mhardware/net_recv_mb_s[0m   |  [0;32;40m0.006211473140865564[0m |
|   [0;34;40mhardware/net_sent_mb_s[0m   |  [0;32;40m0.00496221799403429[0m  |
|    [0;34;40mhardware/ram_used_gb[0m    |   [0;32;40m378.58367919921875[0m  |
|   [0;34;40mhardware/ram_used_pct[0m    |   [0;32;40m37.599998474121094[0m  |
|    [0;34;40mhparams/lr_default_0[0m    | [0;32;40m4.866839390160749e-06[0m |
|       [0;34;40mvalidate/loss[0m        |  [0;32;40m0.25613367557525635[0m  |
|    [0;34;40mvalidate/loss_epoch[0m     |  [0;32;40m0.25613367557525635[0m  |
|     [0;34;40mvalidate/pred_loss[0m     |  [0;32;40m0.011030296795070171[0m |
|  [0;34;40mvalidate/pred_loss_epoch[0m  |  [0;32;40m0.011030296795070171[0m |
|    [0;34;40mvalidate/probe_loss[0m     |  [0;32;40m0.11120416224002838[0m  |
| [0;34;40mvalidate/probe_loss_epoch[0m  |  [0;32;40m0.11120416224002838[0m  |
|    [0;34;40mvalidate/sigreg_loss[0m    |   [0;32;40m1.4879646301269531[0m  |
| [0;34;40mvalidate/sigreg_loss_epoch[0m |   [0;32;40m1.4879646301269531[0m  |
+----------------------------+-----------------------+
[Epoch 15/20] done in 126.6s
02:32:56 | INFO  | checkpoint_~|   Checking for non PyTorch modules to save
02:32:56 | INFO  | atomic_chec~| [atomic_save] → /data1/likun-share/junjxu/.cache_stable-pretraining/runs/20260608/015903/8e71e6adcf61/checkpoints/epoch=15-step=3248.ckpt
02:32:57 | INFO  | atomic_chec~| [atomic_save] ✓ epoch=15-step=3248.ckpt saved (206.8 MiB, serialise=0.45s write=0.26s rename=0.1ms)
02:32:57 | INFO  | checkpoint_~|   Checking for non PyTorch modules to save
02:32:57 | INFO  | atomic_chec~| [atomic_save] → /data1/likun-share/junjxu/.cache_stable-pretraining/runs/20260608/015903/8e71e6adcf61/checkpoints/last.ckpt
02:32:57 | INFO  | atomic_chec~| [atomic_save] ✓ last.ckpt saved (206.8 MiB, serialise=0.38s write=0.29s rename=37.9ms)
[Epoch 16/20] step 50/203 (1.6 it/s)
[Epoch 16/20] step 100/203 (1.8 it/s)
[Epoch 16/20] step 150/203 (1.7 it/s)
[Epoch 16/20] step 200/203 (1.7 it/s)
02:35:03 | INFO  | trainer_inf~| \n+----------------------------+------------------------+
|           Metric           |         Value          |
+----------------------------+------------------------+
|          [0;34;40mfit/loss[0m          |  [0;32;40m0.23117300868034363[0m   |
|       [0;34;40mfit/pred_loss[0m        |  [0;32;40m0.013249003328382969[0m  |
|       [0;34;40mfit/probe_loss[0m       |  [0;32;40m0.13198651373386383[0m   |
|      [0;34;40mfit/sigreg_loss[0m       |        [0;32;40m0.953125[0m        |
|    [0;34;40mhardware/cpu_percent[0m    |   [0;32;40m51.099998474121094[0m   |
|  [0;34;40mhardware/disk_read_mb_s[0m   |          [0;32;40m0.0[0m           |
|  [0;34;40mhardware/disk_write_mb_s[0m  |   [0;32;40m90.13279724121094[0m    |
|   [0;34;40mhardware/net_recv_mb_s[0m   |  [0;32;40m0.006278133951127529[0m  |
|   [0;34;40mhardware/net_sent_mb_s[0m   |  [0;32;40m0.006507539190351963[0m  |
|    [0;34;40mhardware/ram_used_gb[0m    |     [0;32;40m380.5556640625[0m     |
|   [0;34;40mhardware/ram_used_pct[0m    |   [0;32;40m37.79999923706055[0m    |
|    [0;34;40mhparams/lr_default_0[0m    | [0;32;40m2.7783000859926688e-06[0m |
|       [0;34;40mvalidate/loss[0m        |   [0;32;40m0.2515218257904053[0m   |
|    [0;34;40mvalidate/loss_epoch[0m     |   [0;32;40m0.2515218257904053[0m   |
|     [0;34;40mvalidate/pred_loss[0m     |  [0;32;40m0.010820908471941948[0m  |
|  [0;34;40mvalidate/pred_loss_epoch[0m  |  [0;32;40m0.010820908471941948[0m  |
|    [0;34;40mvalidate/probe_loss[0m     |   [0;32;40m0.1095186173915863[0m   |
| [0;34;40mvalidate/probe_loss_epoch[0m  |   [0;32;40m0.1095186173915863[0m   |
|    [0;34;40mvalidate/sigreg_loss[0m    |   [0;32;40m1.4583746194839478[0m   |
| [0;34;40mvalidate/sigreg_loss_epoch[0m |   [0;32;40m1.4583746194839478[0m   |
+----------------------------+------------------------+
[Epoch 16/20] done in 125.5s
02:35:03 | INFO  | checkpoint_~|   Checking for non PyTorch modules to save
02:35:03 | INFO  | atomic_chec~| [atomic_save] → /data1/likun-share/junjxu/.cache_stable-pretraining/runs/20260608/015903/8e71e6adcf61/checkpoints/epoch=16-step=3451.ckpt
02:35:04 | INFO  | atomic_chec~| [atomic_save] ✓ epoch=16-step=3451.ckpt saved (206.8 MiB, serialise=0.45s write=0.30s rename=0.1ms)
02:35:04 | INFO  | checkpoint_~|   Checking for non PyTorch modules to save
02:35:04 | INFO  | atomic_chec~| [atomic_save] → /data1/likun-share/junjxu/.cache_stable-pretraining/runs/20260608/015903/8e71e6adcf61/checkpoints/last.ckpt
02:35:05 | INFO  | atomic_chec~| [atomic_save] ✓ last.ckpt saved (206.8 MiB, serialise=0.36s write=0.29s rename=49.8ms)
[Epoch 17/20] step 50/203 (1.6 it/s)
[Epoch 17/20] step 100/203 (1.8 it/s)
[Epoch 17/20] step 150/203 (1.8 it/s)
[Epoch 17/20] step 200/203 (1.8 it/s)
02:37:09 | INFO  | trainer_inf~| \n+----------------------------+-----------------------+
|           Metric           |         Value         |
+----------------------------+-----------------------+
|          [0;34;40mfit/loss[0m          |  [0;32;40m0.20765461027622223[0m  |
|       [0;34;40mfit/pred_loss[0m        |  [0;32;40m0.01262630708515644[0m  |
|       [0;34;40mfit/probe_loss[0m       |  [0;32;40m0.10616111755371094[0m  |
|      [0;34;40mfit/sigreg_loss[0m       |       [0;32;40m0.98828125[0m      |
|    [0;34;40mhardware/cpu_percent[0m    |          [0;32;40m51.5[0m         |
|  [0;34;40mhardware/disk_read_mb_s[0m   |          [0;32;40m0.0[0m          |
|  [0;34;40mhardware/disk_write_mb_s[0m  |   [0;32;40m86.91471862792969[0m   |
|   [0;34;40mhardware/net_recv_mb_s[0m   |  [0;32;40m0.005697597283869982[0m |
|   [0;34;40mhardware/net_sent_mb_s[0m   |   [0;32;40m0.041389349848032[0m   |
|    [0;34;40mhardware/ram_used_gb[0m    |   [0;32;40m379.6657409667969[0m   |
|   [0;34;40mhardware/ram_used_pct[0m    |   [0;32;40m37.70000076293945[0m   |
|    [0;34;40mhparams/lr_default_0[0m    | [0;32;40m1.247852651431458e-06[0m |
|       [0;34;40mvalidate/loss[0m        |  [0;32;40m0.25383925437927246[0m  |
|    [0;34;40mvalidate/loss_epoch[0m     |  [0;32;40m0.25383925437927246[0m  |
|     [0;34;40mvalidate/pred_loss[0m     |  [0;32;40m0.010876095853745937[0m |
|  [0;34;40mvalidate/pred_loss_epoch[0m  |  [0;32;40m0.010876095853745937[0m |
|    [0;34;40mvalidate/probe_loss[0m     |  [0;32;40m0.10905111581087112[0m  |
| [0;34;40mvalidate/probe_loss_epoch[0m  |  [0;32;40m0.10905111581087112[0m  |
|    [0;34;40mvalidate/sigreg_loss[0m    |   [0;32;40m1.4872558116912842[0m  |
| [0;34;40mvalidate/sigreg_loss_epoch[0m |   [0;32;40m1.4872558116912842[0m  |
+----------------------------+-----------------------+
[Epoch 17/20] done in 124.2s
02:37:09 | INFO  | checkpoint_~|   Checking for non PyTorch modules to save
02:37:09 | INFO  | atomic_chec~| [atomic_save] → /data1/likun-share/junjxu/.cache_stable-pretraining/runs/20260608/015903/8e71e6adcf61/checkpoints/epoch=17-step=3654.ckpt
02:37:09 | INFO  | atomic_chec~| [atomic_save] ✓ epoch=17-step=3654.ckpt saved (206.8 MiB, serialise=0.37s write=0.31s rename=0.1ms)
02:37:09 | INFO  | checkpoint_~|   Checking for non PyTorch modules to save
02:37:09 | INFO  | atomic_chec~| [atomic_save] → /data1/likun-share/junjxu/.cache_stable-pretraining/runs/20260608/015903/8e71e6adcf61/checkpoints/last.ckpt
02:37:10 | INFO  | atomic_chec~| [atomic_save] ✓ last.ckpt saved (206.8 MiB, serialise=0.51s write=0.24s rename=52.8ms)
[Epoch 18/20] step 50/203 (1.6 it/s)
[Epoch 18/20] step 100/203 (1.9 it/s)
[Epoch 18/20] step 150/203 (1.8 it/s)
[Epoch 18/20] step 200/203 (1.8 it/s)
02:39:14 | INFO  | trainer_inf~| \n+----------------------------+------------------------+
|           Metric           |         Value          |
+----------------------------+------------------------+
|          [0;34;40mfit/loss[0m          |  [0;32;40m0.17437118291854858[0m   |
|       [0;34;40mfit/pred_loss[0m        |  [0;32;40m0.011716295033693314[0m  |
|       [0;34;40mfit/probe_loss[0m       |  [0;32;40m0.08062364161014557[0m   |
|      [0;34;40mfit/sigreg_loss[0m       |       [0;32;40m0.9140625[0m        |
|    [0;34;40mhardware/cpu_percent[0m    |   [0;32;40m53.900001525878906[0m   |
|  [0;34;40mhardware/disk_read_mb_s[0m   |          [0;32;40m0.0[0m           |
|  [0;34;40mhardware/disk_write_mb_s[0m  |   [0;32;40m212.80807495117188[0m   |
|   [0;34;40mhardware/net_recv_mb_s[0m   |  [0;32;40m0.006443462800234556[0m  |
|   [0;34;40mhardware/net_sent_mb_s[0m   |  [0;32;40m0.042172107845544815[0m  |
|    [0;34;40mhardware/ram_used_gb[0m    |   [0;32;40m380.4284973144531[0m    |
|   [0;34;40mhardware/ram_used_pct[0m    |   [0;32;40m37.79999923706055[0m    |
|    [0;34;40mhparams/lr_default_0[0m    | [0;32;40m3.1393423682857247e-07[0m |
|       [0;34;40mvalidate/loss[0m        |   [0;32;40m0.2496890127658844[0m   |
|    [0;34;40mvalidate/loss_epoch[0m     |   [0;32;40m0.2496890127658844[0m   |
|     [0;34;40mvalidate/pred_loss[0m     |  [0;32;40m0.010772143490612507[0m  |
|  [0;34;40mvalidate/pred_loss_epoch[0m  |  [0;32;40m0.010772143490612507[0m  |
|    [0;34;40mvalidate/probe_loss[0m     |  [0;32;40m0.10779812932014465[0m   |
| [0;34;40mvalidate/probe_loss_epoch[0m  |  [0;32;40m0.10779812932014465[0m   |
|    [0;34;40mvalidate/sigreg_loss[0m    |   [0;32;40m1.456892490386963[0m    |
| [0;34;40mvalidate/sigreg_loss_epoch[0m |   [0;32;40m1.456892490386963[0m    |
+----------------------------+------------------------+
[Epoch 18/20] done in 123.4s
02:39:14 | INFO  | checkpoint_~|   Checking for non PyTorch modules to save
02:39:14 | INFO  | atomic_chec~| [atomic_save] → /data1/likun-share/junjxu/.cache_stable-pretraining/runs/20260608/015903/8e71e6adcf61/checkpoints/epoch=18-step=3857.ckpt
02:39:14 | INFO  | atomic_chec~| [atomic_save] ✓ epoch=18-step=3857.ckpt saved (206.8 MiB, serialise=0.34s write=0.24s rename=0.1ms)
02:39:14 | INFO  | checkpoint_~|   Checking for non PyTorch modules to save
02:39:14 | INFO  | atomic_chec~| [atomic_save] → /data1/likun-share/junjxu/.cache_stable-pretraining/runs/20260608/015903/8e71e6adcf61/checkpoints/last.ckpt
02:39:15 | INFO  | atomic_chec~| [atomic_save] ✓ last.ckpt saved (206.8 MiB, serialise=0.39s write=0.33s rename=56.0ms)
[Epoch 19/20] step 50/203 (1.6 it/s)
[Epoch 19/20] step 100/203 (1.8 it/s)
[Epoch 19/20] step 150/203 (1.8 it/s)
[Epoch 19/20] step 200/203 (1.7 it/s)
02:41:23 | INFO  | trainer_inf~| \n+----------------------------+----------------------+
|           Metric           |        Value         |
+----------------------------+----------------------+
|          [0;34;40mfit/loss[0m          | [0;32;40m0.18137165904045105[0m  |
|       [0;34;40mfit/pred_loss[0m        | [0;32;40m0.013187860138714314[0m |
|       [0;34;40mfit/probe_loss[0m       | [0;32;40m0.08126974105834961[0m  |
|      [0;34;40mfit/sigreg_loss[0m       |      [0;32;40m0.96484375[0m      |
|    [0;34;40mhardware/cpu_percent[0m    |  [0;32;40m53.900001525878906[0m  |
|  [0;34;40mhardware/disk_read_mb_s[0m   |         [0;32;40m0.0[0m          |
|  [0;34;40mhardware/disk_write_mb_s[0m  |  [0;32;40m178.60137939453125[0m  |
|   [0;34;40mhardware/net_recv_mb_s[0m   | [0;32;40m0.006133080460131168[0m |
|   [0;34;40mhardware/net_sent_mb_s[0m   | [0;32;40m0.042095184326171875[0m |
|    [0;34;40mhardware/ram_used_gb[0m    |  [0;32;40m379.8039245605469[0m   |
|   [0;34;40mhardware/ram_used_pct[0m    |  [0;32;40m37.70000076293945[0m   |
|    [0;34;40mhparams/lr_default_0[0m    |         [0;32;40m0.0[0m          |
|       [0;34;40mvalidate/loss[0m        | [0;32;40m0.25115135312080383[0m  |
|    [0;34;40mvalidate/loss_epoch[0m     | [0;32;40m0.25115135312080383[0m  |
|     [0;34;40mvalidate/pred_loss[0m     | [0;32;40m0.010891767218708992[0m |
|  [0;34;40mvalidate/pred_loss_epoch[0m  | [0;32;40m0.010891767218708992[0m |
|    [0;34;40mvalidate/probe_loss[0m     | [0;32;40m0.10722678899765015[0m  |
| [0;34;40mvalidate/probe_loss_epoch[0m  | [0;32;40m0.10722678899765015[0m  |
|    [0;34;40mvalidate/sigreg_loss[0m    |  [0;32;40m1.4779988527297974[0m  |
| [0;34;40mvalidate/sigreg_loss_epoch[0m |  [0;32;40m1.4779988527297974[0m  |
+----------------------------+----------------------+
[Epoch 19/20] done in 128.5s
02:41:24 | INFO  | checkpoint_~|   Checking for non PyTorch modules to save
02:41:24 | INFO  | atomic_chec~| [atomic_save] → /data1/likun-share/junjxu/.cache_stable-pretraining/runs/20260608/015903/8e71e6adcf61/checkpoints/epoch=19-step=4060.ckpt
02:41:24 | INFO  | atomic_chec~| [atomic_save] ✓ epoch=19-step=4060.ckpt saved (206.8 MiB, serialise=0.34s write=0.25s rename=0.1ms)
02:41:24 | INFO  | checkpoint_~|   Checking for non PyTorch modules to save
02:41:24 | INFO  | atomic_chec~| [atomic_save] → /data1/likun-share/junjxu/.cache_stable-pretraining/runs/20260608/015903/8e71e6adcf61/checkpoints/last.ckpt
02:41:25 | INFO  | atomic_chec~| [atomic_save] ✓ last.ckpt saved (206.8 MiB, serialise=0.34s write=0.25s rename=45.2ms)
`Trainer.fit` stopped: `max_epochs=20` reached.
Epoch 19/19 ━━━━━━━━━━━━━━━━━━━━━━━━━━━━━━━ 203/203 0:01:56 • 0:00:00 1.66it/s 
02:41:26 | INFO  | utils.py    | ── SignalHandlers (after Trainer.fit() returned) ──
02:41:26 | INFO  | manager.py  |   SIGUSR1  → SIG_DFL (default OS action — terminate process)
02:41:26 | INFO  | manager.py  |   SIGUSR2  → SIG_DFL (default OS action — terminate process)
02:41:26 | INFO  | manager.py  |   SIGCONT  → SIG_DFL (default OS action — terminate process)
02:41:26 | INFO  | manager.py  |   SIGTERM  → SIG_DFL (default OS action — terminate process)
