02:44:22 | INFO  | __init__.py | PyTorch version 2.9.1+cu128 available.
02:44:22 | INFO  | __init__.py | JAX version 0.6.2 available.
02:44:25 | INFO  | atomic_chec~| [atomic_save] installed crash-safe checkpoint plugin (write to sibling .tmp + fsync + atomic rename)
[2026-06-08 02:44:38,347][root][INFO] - Cached 'pixels' from '/data1/likun-share/junjxu/.stable_worldmodel/datasets/phyworld_collision_id1k.h5'
[2026-06-08 02:44:38,349][root][INFO] - Cached 'action' from '/data1/likun-share/junjxu/.stable_worldmodel/datasets/phyworld_collision_id1k.h5'
[2026-06-08 02:44:38,350][root][INFO] - Cached 'proprio' from '/data1/likun-share/junjxu/.stable_worldmodel/datasets/phyworld_collision_id1k.h5'
[2026-06-08 02:44:38,351][root][INFO] - Cached 'state' from '/data1/likun-share/junjxu/.stable_worldmodel/datasets/phyworld_collision_id1k.h5'
02:44:39 | INFO  | utils.py    | Created ViT-tiny from scratch with config: {'hidden_size': 192, 'num_hidden_layers': 12, 'num_attention_heads': 3, 'intermediate_size': 768, 'image_size': 224, 'patch_size': 14}
[init_from_ckpt] /data1/likun-share/junjxu/.stable_worldmodel/lewm_paper_pusht/weights.pt
[init_from_ckpt] prefixes=('encoder.', 'projector.', 'pred_proj.') loaded=216 unexpected=0 missing=89
02:44:42 | INFO  | module.py   | Setting up DataModule
02:44:43 | INFO  | utils.py    | ── Module ────────────────────────────────────────
02:44:43 | WARN  | module.py   | ! No hyperparameters provided - hyperparameter logging is disabled.
02:44:43 | INFO  | module.py   |   Setting custom forward method.
02:44:43 | INFO  | module.py   |   Setting attribute: self.model = <class 'jepa.JEPA'>
02:44:43 | INFO  | module.py   |   Setting attribute: self.sigreg = <class 'module.SIGReg'>
02:44:43 | INFO  | module.py   |   Setting attribute: self.optim = <class 'dict'>
02:44:43 | INFO  | module.py   |   No metrics configuration provided - automatic metric tracking is disabled.
/home/likun-share/junjxu/wm/le-wm/.venv/lib/python3.10/site-packages/lightning/fabric/connector.py:571: `precision=bf16` is supported for historical reasons but its usage is discouraged. Please set your precision to bf16-mixed instead!
Using bfloat16 Automatic Mixed Precision (AMP)
02:44:43 | INFO  | env_info.py |   EnvironmentDumpCallback initialized (filename=environment.json, async=True)
02:44:43 | INFO  | utils.py    | ── HuggingFaceCheckpoint ─────────────────────────
02:44:43 | INFO  | hf_models.py|   save_dir: <cyan>hf_exports</cyan>
02:44:43 | INFO  | hf_models.py|   per_step: <cyan>False</cyan>  (False ⇒ overwrite single 'last/' subdir; True ⇒ keep step_N/)
Adding 14 callbacks from entry point 'stablepretraining_callbacks': PrintProgressBar, ModuleRegistryCallback, LoggingCallback, EnvironmentDumpCallback, TrainerInfo, SklearnCheckpoint, WandbCheckpoint, TrackioCheckpoint, SwanLabCheckpoint, ModuleSummary, SLURMInfo, LogUnusedParametersOnce, HuggingFaceCheckpointCallback, HardwareMonitor
GPU available: True (cuda), used: True
TPU available: False, using: 0 TPU cores
💡 Tip: For seamless cloud logging and experiment tracking, try installing [litlogger](https://pypi.org/project/litlogger/) to enable LitLogger, which logs metrics and artifacts automatically to the Lightning Experiments platform.
02:44:43 | INFO  | utils.py    | ── SIGTERM preempt handler — install ─────────────
02:44:43 | INFO  | manager.py  |   SLURM_JOB_ID         = None
02:44:43 | INFO  | manager.py  |   SLURM_RESTART_COUNT  = '0'
02:44:43 | INFO  | manager.py  |   SLURM_PROCID         = '?'
02:44:43 | INFO  | manager.py  |   SLURM_NODEID         = '?'
02:44:43 | INFO  | manager.py  |   → not under SLURM (SLURM_JOB_ID unset); leaving SIGTERM handler as-is. Forwarding to submitit's USR signal would be a no-op since submitit isn't running upstream.
02:44:43 | WARN  | manager.py  | User didn't specify seed, runs won't be exactly reproducible!
02:44:43 | INFO  | manager.py  |   Manager init: ckpt_path=None, weights_only=True
02:44:43 | INFO  | utils.py    | ── WorkingDirectory ──────────────────────────────
02:44:43 | INFO  | manager.py  |   cwd: /home/likun-share/junjxu/wm/le-wm
02:44:43 | INFO  | utils.py    | ── Seed ──────────────────────────────────────────
02:44:43 | INFO  | manager.py  |   seed: None
/home/likun-share/junjxu/wm/le-wm/.venv/lib/python3.10/site-packages/lightning/fabric/utilities/seed.py:44: No seed found, seed set to 0
Seed set to 0
02:44:43 | INFO  | utils.py    | ── RunDirectory ──────────────────────────────────
02:44:43 | INFO  | manager.py  |   cache_dir = /data1/likun-share/junjxu/.cache_stable-pretraining
02:44:43 | INFO  | manager.py  |   ddp: launch_key=(single-process) rank=0 is_rank_zero=True
02:44:43 | INFO  | utils.py    | ── RunDirectory: requeue probe ───────────────────
02:44:43 | INFO  | manager.py  |   SLURM session key   = (no SLURM)
02:44:43 | INFO  | manager.py  |   SLURM_RESTART_COUNT = 0
02:44:43 | INFO  | manager.py  |   in_requeue          = False
02:44:43 | INFO  | utils.py    | ── RunDirectory: fresh ───────────────────────────
02:44:43 | INFO  | manager.py  |   no user ckpt_path — training from scratch / pretrained backbone.
02:44:43 | INFO  | manager.py  |   created run_dir = /data1/likun-share/junjxu/.cache_stable-pretraining/runs/20260608/024443/e790978db841
02:44:43 | INFO  | manager.py  |   wrote run_meta.json with run_id=e790978db841
02:44:43 | INFO  | manager.py  |   SLURM index = (no SLURM, skipped)
02:44:43 | WARN  | manager.py  | ! cache_dir is set but the Trainer was passed as an already-instantiated object. Cannot override default_root_dir cleanly. Consider passing the trainer as a config dict instead.
02:44:43 | WARN  | manager.py  | ! Hydra run.dir='outputs/2026-06-08/02-44-25' will be ignored for trainer outputs (cache_dir takes precedence).
02:44:43 | WARN  | manager.py  | ! Hydra sweep.dir='multirun/2026-06-08/02-44-25' will be ignored for trainer outputs (cache_dir takes precedence).
02:44:43 | INFO  | logger.py   | [RegistryLogger] run_id=e790978db841 run_dir=/data1/likun-share/junjxu/.cache_stable-pretraining/runs/20260608/024443/e790978db841 — sidecar.json + summary.json + metrics.csv will live here
02:44:43 | INFO  | utils.py    | ── RegistryLogger ────────────────────────────────
02:44:43 | INFO  | manager.py  |   run_dir: /data1/likun-share/junjxu/.cache_stable-pretraining/runs/20260608/024443/e790978db841
02:44:43 | INFO  | manager.py  |   run_id:  e790978db841
02:44:43 | INFO  | utils.py    | ── CSVLogger ─────────────────────────────────────
02:44:43 | INFO  | manager.py  |   root_dir: /data1/likun-share/junjxu/.cache_stable-pretraining/runs/20260608/024443/e790978db841/
02:44:43 | INFO  | manager.py  |   save_dir: /data1/likun-share/junjxu/.cache_stable-pretraining/runs/20260608/024443/e790978db841
02:44:43 | INFO  | manager.py  |   log_dir: /data1/likun-share/junjxu/.cache_stable-pretraining/runs/20260608/024443/e790978db841/
02:44:43 | INFO  | utils.py    | ── SignalHandlers (after submitit setup (spt SIGTERM installed in __init__)) ──
02:44:43 | INFO  | manager.py  |   SIGUSR1  → SIG_DFL (default OS action — terminate process)
02:44:43 | INFO  | manager.py  |   SIGUSR2  → SIG_DFL (default OS action — terminate process)
02:44:43 | INFO  | manager.py  |   SIGCONT  → SIG_DFL (default OS action — terminate process)
02:44:43 | INFO  | manager.py  |   SIGTERM  → SIG_DFL (default OS action — terminate process)
02:44:43 | INFO  | utils.py    | ── Callbacks ─────────────────────────────────────
02:44:43 | INFO  | manager.py  |   count: 19
02:44:43 | INFO  | utils.py    | ── CacheDirCheckpointing ─────────────────────────
02:44:43 | INFO  | manager.py  |   Saving checkpoints to: /data1/likun-share/junjxu/.cache_stable-pretraining/runs/20260608/024443/e790978db841/checkpoints
02:44:43 | WARN  | manager.py  |   Redirecting HuggingFaceCheckpointCallback from 'hf_exports' to '/data1/likun-share/junjxu/.cache_stable-pretraining/runs/20260608/024443/e790978db841/hf_exports' (cache_dir is active — prevents races on a shared cache)
02:44:43 | INFO  | manager.py  |   Added requeue checkpoint (filename='last')
02:44:43 | INFO  | utils.py    | ── LoadPath resolution ───────────────────────────
02:44:43 | INFO  | manager.py  |   in_requeue = False
02:44:43 | INFO  | manager.py  |   user ckpt_path = None
02:44:43 | INFO  | manager.py  |   user weights_only = True
02:44:43 | INFO  | manager.py  |   → no ckpt_path; training from scratch.
02:44:43 | INFO  | utils.py    | ── TrainerFit ────────────────────────────────────
02:44:43 | INFO  | manager.py  |   ckpt_path:     None
02:44:43 | INFO  | manager.py  |   weights_only:  None
02:44:43 | INFO  | utils.py    | ── SignalHandlers (before Trainer.fit() (handler installed in __init__)) ──
02:44:43 | INFO  | manager.py  |   SIGUSR1  → SIG_DFL (default OS action — terminate process)
02:44:43 | INFO  | manager.py  |   SIGUSR2  → SIG_DFL (default OS action — terminate process)
02:44:43 | INFO  | manager.py  |   SIGCONT  → SIG_DFL (default OS action — terminate process)
02:44:43 | INFO  | manager.py  |   SIGTERM  → SIG_DFL (default OS action — terminate process)
02:44:43 | INFO  | manager.py  |   → entering Trainer.fit(); lightning's _SignalConnector will now register its own handlers. SIGTERM will become _HandlersCompose([_sigterm_notifier_fn, _sigterm_handler_fn, spt._handler]); USR-sig binding from submitit is preserved (lightning skips USR registration when one already exists).
💡 Tip: For seamless cloud uploads and versioning, try installing [litmodels](https://pypi.org/project/litmodels/) to enable LitModelCheckpoint, which syncs automatically with the Lightning model registry.
You are using a CUDA device ('NVIDIA A800-SXM4-80GB') that has Tensor Cores. To properly utilize them, you should set `torch.set_float32_matmul_precision('medium' | 'high')` which will trade-off precision for performance. For more details, read https://pytorch.org/docs/stable/generated/torch.set_float32_matmul_precision.html#torch.set_float32_matmul_precision
02:44:45 | OK    | module.py   | ✓ dataset for fit loaded
02:44:45 | INFO  | module.py   |   setup was done by user
02:44:45 | INFO  | utils.py    | ── EnvironmentDump ───────────────────────────────
02:44:45 | INFO  | env_info.py |   log_dir: /home/likun-share/.cache/stable-pretraining
02:44:45 | INFO  | env_info.py |   Running environment dump in background thread (non-blocking)
02:44:45 | INFO  | env_info.py |   Collecting environment information...
02:44:45 | OK    | env_info.py | ✓ Background thread started successfully
02:44:45 | OK    | env_info.py | ✓ Python 3.10.12
02:44:45 | INFO  | trainer_inf~|   linking trainer to DataModule
02:44:45 | OK    | env_info.py | ✓ System: Linux 5.15.0-113-generic (x86_64)
02:44:45 | INFO  | utils.py    | ── Callbacks (in order) ──────────────────────────
02:44:45 | INFO  | env_info.py |   Hostname: 10-116-90-13
02:44:45 | INFO  | utils.py    |     [ 0] ModelObjectCallBack
02:44:45 | INFO  | utils.py    |     [ 1] RichProgressBar
02:44:45 | INFO  | utils.py    |     [ 2] RichModelSummary
02:44:45 | INFO  | utils.py    |     [ 3] PrintProgressBar
02:44:45 | INFO  | utils.py    |     [ 4] ModuleRegistryCallback
02:44:45 | INFO  | utils.py    |     [ 5] LoggingCallback
02:44:45 | INFO  | utils.py    |     [ 6] EnvironmentDumpCallback
02:44:45 | INFO  | utils.py    |     [ 7] TrainerInfo
02:44:45 | INFO  | utils.py    |     [ 8] SklearnCheckpoint
02:44:45 | INFO  | utils.py    |     [ 9] WandbCheckpoint
02:44:45 | INFO  | utils.py    |     [10] TrackioCheckpoint
02:44:45 | INFO  | utils.py    |     [11] SwanLabCheckpoint
02:44:45 | INFO  | utils.py    |     [12] ModuleSummary
02:44:45 | INFO  | utils.py    |     [13] SLURMInfo
02:44:45 | INFO  | utils.py    |     [14] LogUnusedParametersOnce
02:44:45 | INFO  | utils.py    |     [15] HuggingFaceCheckpointCallback
02:44:45 | INFO  | utils.py    |     [16] HardwareMonitor
02:44:45 | INFO  | utils.py    |     [17] ModelCheckpoint
02:44:45 | INFO  | utils.py    |     [18] _RunDirCallback
02:44:45 | INFO  | utils.py    |     [19] ModelCheckpoint
02:44:45 | INFO  | utils.py    |   ⚑ marks order-sensitive callbacks; see AGENTS.md → Callback ordering for the full rules.
02:44:45 | INFO  | utils.py    | ── SklearnCheckpoint ─────────────────────────────
02:44:45 | INFO  | checkpoint_~|   Sklearn Modules:
02:44:45 | INFO  | checkpoint_~| 
┏━━━━━━━━━━┳━━━━━━━━┳━━━━━━━━┓
┃ Module   ┃ Name   ┃ Type   ┃
┣━━━━━━━━━━╋━━━━━━━━╋━━━━━━━━┫
┗━━━━━━━━━━┻━━━━━━━━┻━━━━━━━━┛
02:44:45 | INFO  | utils.py    | ── WandbCheckpoint ───────────────────────────────
02:44:45 | INFO  | utils.py    | ── TrackioCheckpoint ─────────────────────────────
02:44:45 | INFO  | utils.py    | ── SwanLabCheckpoint ─────────────────────────────
02:44:45 | INFO  | utils.py    | ── PyTorch Modules ───────────────────────────────
02:44:45 | WARN  | module.py   | ! You are calling self.parameters which also gives callbacks parameters, to remove them, pass `with_callbacks=False`
02:44:45 | INFO  | trainer_inf~| \n+---------------------------------------------------------+----------------------+--------------------------+--------------------------+---------+
| Module                                                  | Trainable parameters | Non Trainable parameters | Uninitialized parameters | Buffers |
+---------------------------------------------------------+----------------------+--------------------------+--------------------------+---------+
|                                                         |             18035962 |                        0 |                        0 |    8245 |
| callbacks_modules                                       |                    0 |                        0 |                        0 |       0 |
| callbacks_metrics                                       |                    0 |                        0 |                        0 |       0 |
| model                                                   |             18035962 |                        0 |                        0 |    8194 |
| model.encoder                                           |              5501376 |                        0 |                        0 |       0 |
| model.encoder.embeddings                                |               162624 |                        0 |                        0 |       0 |
| model.encoder.embeddings.patch_embeddings               |               113088 |                        0 |                        0 |       0 |
| model.encoder.embeddings.patch_embeddings.projection    |               113088 |                        0 |                        0 |       0 |
| model.encoder.embeddings.dropout                        |                    0 |                        0 |                        0 |       0 |
| model.encoder.layers                                    |              5338368 |                        0 |                        0 |       0 |
| model.encoder.layers.0                                  |               444864 |                        0 |                        0 |       0 |
| model.encoder.layers.0.attention                        |               148224 |                        0 |                        0 |       0 |
| model.encoder.layers.0.attention.q_proj                 |                37056 |                        0 |                        0 |       0 |
| model.encoder.layers.0.attention.k_proj                 |                37056 |                        0 |                        0 |       0 |
| model.encoder.layers.0.attention.v_proj                 |                37056 |                        0 |                        0 |       0 |
| model.encoder.layers.0.attention.o_proj                 |                37056 |                        0 |                        0 |       0 |
| model.encoder.layers.0.layernorm_before                 |                  384 |                        0 |                        0 |       0 |
| model.encoder.layers.0.layernorm_after                  |                  384 |                        0 |                        0 |       0 |
| model.encoder.layers.0.mlp                              |               295872 |                        0 |                        0 |       0 |
| model.encoder.layers.0.mlp.activation_fn                |                    0 |                        0 |                        0 |       0 |
| model.encoder.layers.0.mlp.fc1                          |               148224 |                        0 |                        0 |       0 |
| model.encoder.layers.0.mlp.fc2                          |               147648 |                        0 |                        0 |       0 |
| model.encoder.layers.0.dropout                          |                    0 |                        0 |                        0 |       0 |
| model.encoder.layers.1                                  |               444864 |                        0 |                        0 |       0 |
| model.encoder.layers.1.attention                        |               148224 |                        0 |                        0 |       0 |
| model.encoder.layers.1.attention.q_proj                 |                37056 |                        0 |                        0 |       0 |
| model.encoder.layers.1.attention.k_proj                 |                37056 |                        0 |                        0 |       0 |
| model.encoder.layers.1.attention.v_proj                 |                37056 |                        0 |                        0 |       0 |
| model.encoder.layers.1.attention.o_proj                 |                37056 |                        0 |                        0 |       0 |
| model.encoder.layers.1.layernorm_before                 |                  384 |                        0 |                        0 |       0 |
| model.encoder.layers.1.layernorm_after                  |                  384 |                        0 |                        0 |       0 |
| model.encoder.layers.1.mlp                              |               295872 |                        0 |                        0 |       0 |
| model.encoder.layers.1.mlp.activation_fn                |                    0 |                        0 |                        0 |       0 |
| model.encoder.layers.1.mlp.fc1                          |               148224 |                        0 |                        0 |       0 |
| model.encoder.layers.1.mlp.fc2                          |               147648 |                        0 |                        0 |       0 |
| model.encoder.layers.1.dropout                          |                    0 |                        0 |                        0 |       0 |
| model.encoder.layers.2                                  |               444864 |                        0 |                        0 |       0 |
| model.encoder.layers.2.attention                        |               148224 |                        0 |                        0 |       0 |
| model.encoder.layers.2.attention.q_proj                 |                37056 |                        0 |                        0 |       0 |
| model.encoder.layers.2.attention.k_proj                 |                37056 |                        0 |                        0 |       0 |
| model.encoder.layers.2.attention.v_proj                 |                37056 |                        0 |                        0 |       0 |
| model.encoder.layers.2.attention.o_proj                 |                37056 |                        0 |                        0 |       0 |
| model.encoder.layers.2.layernorm_before                 |                  384 |                        0 |                        0 |       0 |
| model.encoder.layers.2.layernorm_after                  |                  384 |                        0 |                        0 |       0 |
| model.encoder.layers.2.mlp                              |               295872 |                        0 |                        0 |       0 |
| model.encoder.layers.2.mlp.activation_fn                |                    0 |                        0 |                        0 |       0 |
| model.encoder.layers.2.mlp.fc1                          |               148224 |                        0 |                        0 |       0 |
| model.encoder.layers.2.mlp.fc2                          |               147648 |                        0 |                        0 |       0 |
| model.encoder.layers.2.dropout                          |                    0 |                        0 |                        0 |       0 |
| model.encoder.layers.3                                  |               444864 |                        0 |                        0 |       0 |
| model.encoder.layers.3.attention                        |               148224 |                        0 |                        0 |       0 |
| model.encoder.layers.3.attention.q_proj                 |                37056 |                        0 |                        0 |       0 |
| model.encoder.layers.3.attention.k_proj                 |                37056 |                        0 |                        0 |       0 |
| model.encoder.layers.3.attention.v_proj                 |                37056 |                        0 |                        0 |       0 |
| model.encoder.layers.3.attention.o_proj                 |                37056 |                        0 |                        0 |       0 |
| model.encoder.layers.3.layernorm_before                 |                  384 |                        0 |                        0 |       0 |
| model.encoder.layers.3.layernorm_after                  |                  384 |                        0 |                        0 |       0 |
| model.encoder.layers.3.mlp                              |               295872 |                        0 |                        0 |       0 |
| model.encoder.layers.3.mlp.activation_fn                |                    0 |                        0 |                        0 |       0 |
| model.encoder.layers.3.mlp.fc1                          |               148224 |                        0 |                        0 |       0 |
| model.encoder.layers.3.mlp.fc2                          |               147648 |                        0 |                        0 |       0 |
| model.encoder.layers.3.dropout                          |                    0 |                        0 |                        0 |       0 |
| model.encoder.layers.4                                  |               444864 |                        0 |                        0 |       0 |
| model.encoder.layers.4.attention                        |               148224 |                        0 |                        0 |       0 |
| model.encoder.layers.4.attention.q_proj                 |                37056 |                        0 |                        0 |       0 |
| model.encoder.layers.4.attention.k_proj                 |                37056 |                        0 |                        0 |       0 |
| model.encoder.layers.4.attention.v_proj                 |                37056 |                        0 |                        0 |       0 |
| model.encoder.layers.4.attention.o_proj                 |                37056 |                        0 |                        0 |       0 |
| model.encoder.layers.4.layernorm_before                 |                  384 |                        0 |                        0 |       0 |
| model.encoder.layers.4.layernorm_after                  |                  384 |                        0 |                        0 |       0 |
| model.encoder.layers.4.mlp                              |               295872 |                        0 |                        0 |       0 |
| model.encoder.layers.4.mlp.activation_fn                |                    0 |                        0 |                        0 |       0 |
| model.encoder.layers.4.mlp.fc1                          |               148224 |                        0 |                        0 |       0 |
| model.encoder.layers.4.mlp.fc2                          |               147648 |                        0 |                        0 |       0 |
| model.encoder.layers.4.dropout                          |                    0 |                        0 |                        0 |       0 |
| model.encoder.layers.5                                  |               444864 |                        0 |                        0 |       0 |
| model.encoder.layers.5.attention                        |               148224 |                        0 |                        0 |       0 |
| model.encoder.layers.5.attention.q_proj                 |                37056 |                        0 |                        0 |       0 |
| model.encoder.layers.5.attention.k_proj                 |                37056 |                        0 |                        0 |       0 |
| model.encoder.layers.5.attention.v_proj                 |                37056 |                        0 |                        0 |       0 |
| model.encoder.layers.5.attention.o_proj                 |                37056 |                        0 |                        0 |       0 |
| model.encoder.layers.5.layernorm_before                 |                  384 |                        0 |                        0 |       0 |
| model.encoder.layers.5.layernorm_after                  |                  384 |                        0 |                        0 |       0 |
| model.encoder.layers.5.mlp                              |               295872 |                        0 |                        0 |       0 |
| model.encoder.layers.5.mlp.activation_fn                |                    0 |                        0 |                        0 |       0 |
| model.encoder.layers.5.mlp.fc1                          |               148224 |                        0 |                        0 |       0 |
| model.encoder.layers.5.mlp.fc2                          |               147648 |                        0 |                        0 |       0 |
| model.encoder.layers.5.dropout                          |                    0 |                        0 |                        0 |       0 |
| model.encoder.layers.6                                  |               444864 |                        0 |                        0 |       0 |
| model.encoder.layers.6.attention                        |               148224 |                        0 |                        0 |       0 |
| model.encoder.layers.6.attention.q_proj                 |                37056 |                        0 |                        0 |       0 |
| model.encoder.layers.6.attention.k_proj                 |                37056 |                        0 |                        0 |       0 |
| model.encoder.layers.6.attention.v_proj                 |                37056 |                        0 |                        0 |       0 |
| model.encoder.layers.6.attention.o_proj                 |                37056 |                        0 |                        0 |       0 |
| model.encoder.layers.6.layernorm_before                 |                  384 |                        0 |                        0 |       0 |
| model.encoder.layers.6.layernorm_after                  |                  384 |                        0 |                        0 |       0 |
| model.encoder.layers.6.mlp                              |               295872 |                        0 |                        0 |       0 |
| model.encoder.layers.6.mlp.activation_fn                |                    0 |                        0 |                        0 |       0 |
| model.encoder.layers.6.mlp.fc1                          |               148224 |                        0 |                        0 |       0 |
| model.encoder.layers.6.mlp.fc2                          |               147648 |                        0 |                        0 |       0 |
| model.encoder.layers.6.dropout                          |                    0 |                        0 |                        0 |       0 |
| model.encoder.layers.7                                  |               444864 |                        0 |                        0 |       0 |
| model.encoder.layers.7.attention                        |               148224 |                        0 |                        0 |       0 |
| model.encoder.layers.7.attention.q_proj                 |                37056 |                        0 |                        0 |       0 |
| model.encoder.layers.7.attention.k_proj                 |                37056 |                        0 |                        0 |       0 |
| model.encoder.layers.7.attention.v_proj                 |                37056 |                        0 |                        0 |       0 |
| model.encoder.layers.7.attention.o_proj                 |                37056 |                        0 |                        0 |       0 |
| model.encoder.layers.7.layernorm_before                 |                  384 |                        0 |                        0 |       0 |
| model.encoder.layers.7.layernorm_after                  |                  384 |                        0 |                        0 |       0 |
| model.encoder.layers.7.mlp                              |               295872 |                        0 |                        0 |       0 |
| model.encoder.layers.7.mlp.activation_fn                |                    0 |                        0 |                        0 |       0 |
| model.encoder.layers.7.mlp.fc1                          |               148224 |                        0 |                        0 |       0 |
| model.encoder.layers.7.mlp.fc2                          |               147648 |                        0 |                        0 |       0 |
| model.encoder.layers.7.dropout                          |                    0 |                        0 |                        0 |       0 |
| model.encoder.layers.8                                  |               444864 |                        0 |                        0 |       0 |
| model.encoder.layers.8.attention                        |               148224 |                        0 |                        0 |       0 |
| model.encoder.layers.8.attention.q_proj                 |                37056 |                        0 |                        0 |       0 |
| model.encoder.layers.8.attention.k_proj                 |                37056 |                        0 |                        0 |       0 |
| model.encoder.layers.8.attention.v_proj                 |                37056 |                        0 |                        0 |       0 |
| model.encoder.layers.8.attention.o_proj                 |                37056 |                        0 |                        0 |       0 |
| model.encoder.layers.8.layernorm_before                 |                  384 |                        0 |                        0 |       0 |
| model.encoder.layers.8.layernorm_after                  |                  384 |                        0 |                        0 |       0 |
| model.encoder.layers.8.mlp                              |               295872 |                        0 |                        0 |       0 |
| model.encoder.layers.8.mlp.activation_fn                |                    0 |                        0 |                        0 |       0 |
| model.encoder.layers.8.mlp.fc1                          |               148224 |                        0 |                        0 |       0 |
| model.encoder.layers.8.mlp.fc2                          |               147648 |                        0 |                        0 |       0 |
| model.encoder.layers.8.dropout                          |                    0 |                        0 |                        0 |       0 |
| model.encoder.layers.9                                  |               444864 |                        0 |                        0 |       0 |
| model.encoder.layers.9.attention                        |               148224 |                        0 |                        0 |       0 |
| model.encoder.layers.9.attention.q_proj                 |                37056 |                        0 |                        0 |       0 |
| model.encoder.layers.9.attention.k_proj                 |                37056 |                        0 |                        0 |       0 |
| model.encoder.layers.9.attention.v_proj                 |                37056 |                        0 |                        0 |       0 |
| model.encoder.layers.9.attention.o_proj                 |                37056 |                        0 |                        0 |       0 |
| model.encoder.layers.9.layernorm_before                 |                  384 |                        0 |                        0 |       0 |
| model.encoder.layers.9.layernorm_after                  |                  384 |                        0 |                        0 |       0 |
| model.encoder.layers.9.mlp                              |               295872 |                        0 |                        0 |       0 |
| model.encoder.layers.9.mlp.activation_fn                |                    0 |                        0 |                        0 |       0 |
| model.encoder.layers.9.mlp.fc1                          |               148224 |                        0 |                        0 |       0 |
| model.encoder.layers.9.mlp.fc2                          |               147648 |                        0 |                        0 |       0 |
| model.encoder.layers.9.dropout                          |                    0 |                        0 |                        0 |       0 |
| model.encoder.layers.10                                 |               444864 |                        0 |                        0 |       0 |
| model.encoder.layers.10.attention                       |               148224 |                        0 |                        0 |       0 |
| model.encoder.layers.10.attention.q_proj                |                37056 |                        0 |                        0 |       0 |
| model.encoder.layers.10.attention.k_proj                |                37056 |                        0 |                        0 |       0 |
| model.encoder.layers.10.attention.v_proj                |                37056 |                        0 |                        0 |       0 |
| model.encoder.layers.10.attention.o_proj                |                37056 |                        0 |                        0 |       0 |
| model.encoder.layers.10.layernorm_before                |                  384 |                        0 |                        0 |       0 |
| model.encoder.layers.10.layernorm_after                 |                  384 |                        0 |                        0 |       0 |
| model.encoder.layers.10.mlp                             |               295872 |                        0 |                        0 |       0 |
| model.encoder.layers.10.mlp.activation_fn               |                    0 |                        0 |                        0 |       0 |
| model.encoder.layers.10.mlp.fc1                         |               148224 |                        0 |                        0 |       0 |
| model.encoder.layers.10.mlp.fc2                         |               147648 |                        0 |                        0 |       0 |
| model.encoder.layers.10.dropout                         |                    0 |                        0 |                        0 |       0 |
| model.encoder.layers.11                                 |               444864 |                        0 |                        0 |       0 |
| model.encoder.layers.11.attention                       |               148224 |                        0 |                        0 |       0 |
| model.encoder.layers.11.attention.q_proj                |                37056 |                        0 |                        0 |       0 |
| model.encoder.layers.11.attention.k_proj                |                37056 |                        0 |                        0 |       0 |
| model.encoder.layers.11.attention.v_proj                |                37056 |                        0 |                        0 |       0 |
| model.encoder.layers.11.attention.o_proj                |                37056 |                        0 |                        0 |       0 |
| model.encoder.layers.11.layernorm_before                |                  384 |                        0 |                        0 |       0 |
| model.encoder.layers.11.layernorm_after                 |                  384 |                        0 |                        0 |       0 |
| model.encoder.layers.11.mlp                             |               295872 |                        0 |                        0 |       0 |
| model.encoder.layers.11.mlp.activation_fn               |                    0 |                        0 |                        0 |       0 |
| model.encoder.layers.11.mlp.fc1                         |               148224 |                        0 |                        0 |       0 |
| model.encoder.layers.11.mlp.fc2                         |               147648 |                        0 |                        0 |       0 |
| model.encoder.layers.11.dropout                         |                    0 |                        0 |                        0 |       0 |
| model.encoder.layernorm                                 |                  384 |                        0 |                        0 |       0 |
| model.predictor                                         |             10791360 |                        0 |                        0 |       0 |
| model.predictor.dropout                                 |                    0 |                        0 |                        0 |       0 |
| model.predictor.transformer                             |             10790784 |                        0 |                        0 |       0 |
| model.predictor.transformer.norm                        |                  384 |                        0 |                        0 |       0 |
| model.predictor.transformer.layers                      |             10790400 |                        0 |                        0 |       0 |
| model.predictor.transformer.layers.0                    |              1798400 |                        0 |                        0 |       0 |
| model.predictor.transformer.layers.0.attn               |               787008 |                        0 |                        0 |       0 |
| model.predictor.transformer.layers.0.attn.norm          |                  384 |                        0 |                        0 |       0 |
| model.predictor.transformer.layers.0.attn.attend        |                    0 |                        0 |                        0 |       0 |
| model.predictor.transformer.layers.0.attn.to_qkv        |               589824 |                        0 |                        0 |       0 |
| model.predictor.transformer.layers.0.attn.to_out        |               196800 |                        0 |                        0 |       0 |
| model.predictor.transformer.layers.0.attn.to_out.0      |               196800 |                        0 |                        0 |       0 |
| model.predictor.transformer.layers.0.attn.to_out.1      |                    0 |                        0 |                        0 |       0 |
| model.predictor.transformer.layers.0.mlp                |               789056 |                        0 |                        0 |       0 |
| model.predictor.transformer.layers.0.mlp.net            |               789056 |                        0 |                        0 |       0 |
| model.predictor.transformer.layers.0.mlp.net.0          |                  384 |                        0 |                        0 |       0 |
| model.predictor.transformer.layers.0.mlp.net.1          |               395264 |                        0 |                        0 |       0 |
| model.predictor.transformer.layers.0.mlp.net.2          |                    0 |                        0 |                        0 |       0 |
| model.predictor.transformer.layers.0.mlp.net.3          |                    0 |                        0 |                        0 |       0 |
| model.predictor.transformer.layers.0.mlp.net.4          |               393408 |                        0 |                        0 |       0 |
| model.predictor.transformer.layers.0.mlp.net.5          |                    0 |                        0 |                        0 |       0 |
| model.predictor.transformer.layers.0.norm1              |                    0 |                        0 |                        0 |       0 |
| model.predictor.transformer.layers.0.norm2              |                    0 |                        0 |                        0 |       0 |
| model.predictor.transformer.layers.0.adaLN_modulation   |               222336 |                        0 |                        0 |       0 |
| model.predictor.transformer.layers.0.adaLN_modulation.0 |                    0 |                        0 |                        0 |       0 |
| model.predictor.transformer.layers.0.adaLN_modulation.1 |               222336 |                        0 |                        0 |       0 |
| model.predictor.transformer.layers.1                    |              1798400 |                        0 |                        0 |       0 |
| model.predictor.transformer.layers.1.attn               |               787008 |                        0 |                        0 |       0 |
| model.predictor.transformer.layers.1.attn.norm          |                  384 |                        0 |                        0 |       0 |
| model.predictor.transformer.layers.1.attn.attend        |                    0 |                        0 |                        0 |       0 |
| model.predictor.transformer.layers.1.attn.to_qkv        |               589824 |                        0 |                        0 |       0 |
| model.predictor.transformer.layers.1.attn.to_out        |               196800 |                        0 |                        0 |       0 |
| model.predictor.transformer.layers.1.attn.to_out.0      |               196800 |                        0 |                        0 |       0 |
| model.predictor.transformer.layers.1.attn.to_out.1      |                    0 |                        0 |                        0 |       0 |
| model.predictor.transformer.layers.1.mlp                |               789056 |                        0 |                        0 |       0 |
| model.predictor.transformer.layers.1.mlp.net            |               789056 |                        0 |                        0 |       0 |
| model.predictor.transformer.layers.1.mlp.net.0          |                  384 |                        0 |                        0 |       0 |
| model.predictor.transformer.layers.1.mlp.net.1          |               395264 |                        0 |                        0 |       0 |
| model.predictor.transformer.layers.1.mlp.net.2          |                    0 |                        0 |                        0 |       0 |
| model.predictor.transformer.layers.1.mlp.net.3          |                    0 |                        0 |                        0 |       0 |
| model.predictor.transformer.layers.1.mlp.net.4          |               393408 |                        0 |                        0 |       0 |
| model.predictor.transformer.layers.1.mlp.net.5          |                    0 |                        0 |                        0 |       0 |
| model.predictor.transformer.layers.1.norm1              |                    0 |                        0 |                        0 |       0 |
| model.predictor.transformer.layers.1.norm2              |                    0 |                        0 |                        0 |       0 |
| model.predictor.transformer.layers.1.adaLN_modulation   |               222336 |                        0 |                        0 |       0 |
| model.predictor.transformer.layers.1.adaLN_modulation.0 |                    0 |                        0 |                        0 |       0 |
| model.predictor.transformer.layers.1.adaLN_modulation.1 |               222336 |                        0 |                        0 |       0 |
| model.predictor.transformer.layers.2                    |              1798400 |                        0 |                        0 |       0 |
| model.predictor.transformer.layers.2.attn               |               787008 |                        0 |                        0 |       0 |
| model.predictor.transformer.layers.2.attn.norm          |                  384 |                        0 |                        0 |       0 |
| model.predictor.transformer.layers.2.attn.attend        |                    0 |                        0 |                        0 |       0 |
| model.predictor.transformer.layers.2.attn.to_qkv        |               589824 |                        0 |                        0 |       0 |
| model.predictor.transformer.layers.2.attn.to_out        |               196800 |                        0 |                        0 |       0 |
| model.predictor.transformer.layers.2.attn.to_out.0      |               196800 |                        0 |                        0 |       0 |
| model.predictor.transformer.layers.2.attn.to_out.1      |                    0 |                        0 |                        0 |       0 |
| model.predictor.transformer.layers.2.mlp                |               789056 |                        0 |                        0 |       0 |
| model.predictor.transformer.layers.2.mlp.net            |               789056 |                        0 |                        0 |       0 |
| model.predictor.transformer.layers.2.mlp.net.0          |                  384 |                        0 |                        0 |       0 |
| model.predictor.transformer.layers.2.mlp.net.1          |               395264 |                        0 |                        0 |       0 |
| model.predictor.transformer.layers.2.mlp.net.2          |                    0 |                        0 |                        0 |       0 |
| model.predictor.transformer.layers.2.mlp.net.3          |                    0 |                        0 |                        0 |       0 |
| model.predictor.transformer.layers.2.mlp.net.4          |               393408 |                        0 |                        0 |       0 |
| model.predictor.transformer.layers.2.mlp.net.5          |                    0 |                        0 |                        0 |       0 |
| model.predictor.transformer.layers.2.norm1              |                    0 |                        0 |                        0 |       0 |
| model.predictor.transformer.layers.2.norm2              |                    0 |                        0 |                        0 |       0 |
| model.predictor.transformer.layers.2.adaLN_modulation   |               222336 |                        0 |                        0 |       0 |
| model.predictor.transformer.layers.2.adaLN_modulation.0 |                    0 |                        0 |                        0 |       0 |
| model.predictor.transformer.layers.2.adaLN_modulation.1 |               222336 |                        0 |                        0 |       0 |
| model.predictor.transformer.layers.3                    |              1798400 |                        0 |                        0 |       0 |
| model.predictor.transformer.layers.3.attn               |               787008 |                        0 |                        0 |       0 |
| model.predictor.transformer.layers.3.attn.norm          |                  384 |                        0 |                        0 |       0 |
| model.predictor.transformer.layers.3.attn.attend        |                    0 |                        0 |                        0 |       0 |
| model.predictor.transformer.layers.3.attn.to_qkv        |               589824 |                        0 |                        0 |       0 |
| model.predictor.transformer.layers.3.attn.to_out        |               196800 |                        0 |                        0 |       0 |
| model.predictor.transformer.layers.3.attn.to_out.0      |               196800 |                        0 |                        0 |       0 |
| model.predictor.transformer.layers.3.attn.to_out.1      |                    0 |                        0 |                        0 |       0 |
| model.predictor.transformer.layers.3.mlp                |               789056 |                        0 |                        0 |       0 |
| model.predictor.transformer.layers.3.mlp.net            |               789056 |                        0 |                        0 |       0 |
| model.predictor.transformer.layers.3.mlp.net.0          |                  384 |                        0 |                        0 |       0 |
| model.predictor.transformer.layers.3.mlp.net.1          |               395264 |                        0 |                        0 |       0 |
| model.predictor.transformer.layers.3.mlp.net.2          |                    0 |                        0 |                        0 |       0 |
| model.predictor.transformer.layers.3.mlp.net.3          |                    0 |                        0 |                        0 |       0 |
| model.predictor.transformer.layers.3.mlp.net.4          |               393408 |                        0 |                        0 |       0 |
| model.predictor.transformer.layers.3.mlp.net.5          |                    0 |                        0 |                        0 |       0 |
| model.predictor.transformer.layers.3.norm1              |                    0 |                        0 |                        0 |       0 |
| model.predictor.transformer.layers.3.norm2              |                    0 |                        0 |                        0 |       0 |
| model.predictor.transformer.layers.3.adaLN_modulation   |               222336 |                        0 |                        0 |       0 |
| model.predictor.transformer.layers.3.adaLN_modulation.0 |                    0 |                        0 |                        0 |       0 |
| model.predictor.transformer.layers.3.adaLN_modulation.1 |               222336 |                        0 |                        0 |       0 |
| model.predictor.transformer.layers.4                    |              1798400 |                        0 |                        0 |       0 |
| model.predictor.transformer.layers.4.attn               |               787008 |                        0 |                        0 |       0 |
| model.predictor.transformer.layers.4.attn.norm          |                  384 |                        0 |                        0 |       0 |
| model.predictor.transformer.layers.4.attn.attend        |                    0 |                        0 |                        0 |       0 |
| model.predictor.transformer.layers.4.attn.to_qkv        |               589824 |                        0 |                        0 |       0 |
| model.predictor.transformer.layers.4.attn.to_out        |               196800 |                        0 |                        0 |       0 |
| model.predictor.transformer.layers.4.attn.to_out.0      |               196800 |                        0 |                        0 |       0 |
| model.predictor.transformer.layers.4.attn.to_out.1      |                    0 |                        0 |                        0 |       0 |
| model.predictor.transformer.layers.4.mlp                |               789056 |                        0 |                        0 |       0 |
| model.predictor.transformer.layers.4.mlp.net            |               789056 |                        0 |                        0 |       0 |
| model.predictor.transformer.layers.4.mlp.net.0          |                  384 |                        0 |                        0 |       0 |
| model.predictor.transformer.layers.4.mlp.net.1          |               395264 |                        0 |                        0 |       0 |
| model.predictor.transformer.layers.4.mlp.net.2          |                    0 |                        0 |                        0 |       0 |
| model.predictor.transformer.layers.4.mlp.net.3          |                    0 |                        0 |                        0 |       0 |
| model.predictor.transformer.layers.4.mlp.net.4          |               393408 |                        0 |                        0 |       0 |
| model.predictor.transformer.layers.4.mlp.net.5          |                    0 |                        0 |                        0 |       0 |
| model.predictor.transformer.layers.4.norm1              |                    0 |                        0 |                        0 |       0 |
| model.predictor.transformer.layers.4.norm2              |                    0 |                        0 |                        0 |       0 |
| model.predictor.transformer.layers.4.adaLN_modulation   |               222336 |                        0 |                        0 |       0 |
| model.predictor.transformer.layers.4.adaLN_modulation.0 |                    0 |                        0 |                        0 |       0 |
| model.predictor.transformer.layers.4.adaLN_modulation.1 |               222336 |                        0 |                        0 |       0 |
| model.predictor.transformer.layers.5                    |              1798400 |                        0 |                        0 |       0 |
| model.predictor.transformer.layers.5.attn               |               787008 |                        0 |                        0 |       0 |
| model.predictor.transformer.layers.5.attn.norm          |                  384 |                        0 |                        0 |       0 |
| model.predictor.transformer.layers.5.attn.attend        |                    0 |                        0 |                        0 |       0 |
| model.predictor.transformer.layers.5.attn.to_qkv        |               589824 |                        0 |                        0 |       0 |
| model.predictor.transformer.layers.5.attn.to_out        |               196800 |                        0 |                        0 |       0 |
| model.predictor.transformer.layers.5.attn.to_out.0      |               196800 |                        0 |                        0 |       0 |
| model.predictor.transformer.layers.5.attn.to_out.1      |                    0 |                        0 |                        0 |       0 |
| model.predictor.transformer.layers.5.mlp                |               789056 |                        0 |                        0 |       0 |
| model.predictor.transformer.layers.5.mlp.net            |               789056 |                        0 |                        0 |       0 |
| model.predictor.transformer.layers.5.mlp.net.0          |                  384 |                        0 |                        0 |       0 |
| model.predictor.transformer.layers.5.mlp.net.1          |               395264 |                        0 |                        0 |       0 |
| model.predictor.transformer.layers.5.mlp.net.2          |                    0 |                        0 |                        0 |       0 |
| model.predictor.transformer.layers.5.mlp.net.3          |                    0 |                        0 |                        0 |       0 |
| model.predictor.transformer.layers.5.mlp.net.4          |               393408 |                        0 |                        0 |       0 |
| model.predictor.transformer.layers.5.mlp.net.5          |                    0 |                        0 |                        0 |       0 |
| model.predictor.transformer.layers.5.norm1              |                    0 |                        0 |                        0 |       0 |
| model.predictor.transformer.layers.5.norm2              |                    0 |                        0 |                        0 |       0 |
| model.predictor.transformer.layers.5.adaLN_modulation   |               222336 |                        0 |                        0 |       0 |
| model.predictor.transformer.layers.5.adaLN_modulation.0 |                    0 |                        0 |                        0 |       0 |
| model.predictor.transformer.layers.5.adaLN_modulation.1 |               222336 |                        0 |                        0 |       0 |
| model.predictor.transformer.input_proj                  |                    0 |                        0 |                        0 |       0 |
| model.predictor.transformer.cond_proj                   |                    0 |                        0 |                        0 |       0 |
| model.predictor.transformer.output_proj                 |                    0 |                        0 |                        0 |       0 |
| model.action_encoder                                    |               156146 |                        0 |                        0 |       0 |
| model.action_encoder.patch_embed                        |                   50 |                        0 |                        0 |       0 |
| model.action_encoder.embed                              |               156096 |                        0 |                        0 |       0 |
| model.action_encoder.embed.0                            |                 8448 |                        0 |                        0 |       0 |
| model.action_encoder.embed.1                            |                    0 |                        0 |                        0 |       0 |
| model.action_encoder.embed.2                            |               147648 |                        0 |                        0 |       0 |
| model.projector                                         |               792768 |                        0 |                        0 |    4097 |
| model.projector.net                                     |               792768 |                        0 |                        0 |    4097 |
| model.projector.net.0                                   |               395264 |                        0 |                        0 |       0 |
| model.projector.net.1                                   |                 4096 |                        0 |                        0 |    4097 |
| model.projector.net.2                                   |                    0 |                        0 |                        0 |       0 |
| model.projector.net.3                                   |               393408 |                        0 |                        0 |       0 |
| model.pred_proj                                         |               792768 |                        0 |                        0 |    4097 |
| model.pred_proj.net                                     |               792768 |                        0 |                        0 |    4097 |
| model.pred_proj.net.0                                   |               395264 |                        0 |                        0 |       0 |
| model.pred_proj.net.1                                   |                 4096 |                        0 |                        0 |    4097 |
| model.pred_proj.net.2                                   |                    0 |                        0 |                        0 |       0 |
| model.pred_proj.net.3                                   |               393408 |                        0 |                        0 |       0 |
| model.probe_head                                        |                 1544 |                        0 |                        0 |       0 |
| sigreg                                                  |                    0 |                        0 |                        0 |      51 |
+---------------------------------------------------------+----------------------+--------------------------+--------------------------+---------+
02:44:45 | WARN  | env_info.py | ! pip freeze failed: Command '['/home/likun-share/junjxu/wm/le-wm/.venv/bin/python', '-m', 'pip', 'freeze']' returned non-zero exit status 1.
02:44:45 | INFO  | utils.py    | ── SLURM ─────────────────────────────────────────
02:44:45 | OK    | env_info.py | ✓ Packages: 0 packages collected in 0.03s
02:44:45 | INFO  | trainer_inf~|   Job ID: N/A
02:44:45 | INFO  | trainer_inf~|   Task ID: N/A
02:44:45 | INFO  | trainer_inf~|   Job Name: N/A
02:44:45 | INFO  | trainer_inf~|   Nodes: N/A
02:44:45 | INFO  | trainer_inf~|   Tasks: N/A
02:44:45 | INFO  | trainer_inf~|   CPUs per node: N/A
02:44:45 | INFO  | trainer_inf~|   CPUs per task: N/A
02:44:45 | INFO  | trainer_inf~|   Memory per node: N/A
02:44:45 | INFO  | trainer_inf~|   Memory per CPU: N/A
02:44:45 | INFO  | trainer_inf~|   Time limit: N/A
02:44:45 | INFO  | trainer_inf~|   Partition: N/A
02:44:45 | INFO  | trainer_inf~|   Node List: N/A
02:44:45 | INFO  | trainer_inf~|   Submit Directory: N/A
02:44:45 | INFO  | utils.py    | ── HardwareMonitor ───────────────────────────────
02:44:45 | INFO  | hardware_mo~|   interval: 10.0s
02:44:45 | INFO  | hardware_mo~|   prefix:   'hardware/'
02:44:45 | INFO  | hardware_mo~|   metrics:  cpu=True ram=True disk=True net=True gpu=True
02:44:45 | INFO  | hardware_mo~|   per-rank: rank 0 only
LOCAL_RANK: 0 - CUDA_VISIBLE_DEVICES: [4]
02:44:45 | WARN  | hardware_mo~| HardwareMonitor: pynvml unavailable (ModuleNotFoundError("No module named 'pynvml'")); GPU metrics disabled.
02:44:45 | INFO  | utils.py    | ── Optimizers ────────────────────────────────────
02:44:45 | INFO  | module.py   |   Optimizer specified by Dict with keys ['model_opt']
02:44:45 | INFO  | module.py   | 
┏━━━━━━━━━━━━━┳━━━━━━━━━━━┳━━━━━━━━━━━━━━━━━━━┳━━━━━━━━━━━━━━━━━┳━━━━━━━━━━━━━━━━┳━━━━━━━━━━━━━━━━━━━━━━━━┓
┃ Optimizer   ┃ Pattern   ┃   Matched Modules ┃   Param Tensors ┃   Total Params ┃   RequiresGrad Tensors ┃
┣━━━━━━━━━━━━━╋━━━━━━━━━━━╋━━━━━━━━━━━━━━━━━━━╋━━━━━━━━━━━━━━━━━╋━━━━━━━━━━━━━━━━╋━━━━━━━━━━━━━━━━━━━━━━━━┫
┃ model_opt   ┃ model     ┃               317 ┃             299 ┃       18035962 ┃                    299 ┃
┗━━━━━━━━━━━━━┻━━━━━━━━━━━┻━━━━━━━━━━━━━━━━━━━┻━━━━━━━━━━━━━━━━━┻━━━━━━━━━━━━━━━━┻━━━━━━━━━━━━━━━━━━━━━━━━┛
02:44:45 | INFO  | lr_schedule~| 	User provided a dict
Loading `train_dataloader` to estimate number of stepping batches.
/home/likun-share/junjxu/wm/le-wm/.venv/lib/python3.10/site-packages/lance/__init__.py:320: UserWarning: lance is not fork-safe. If you are using multiprocessing, use spawn or forkserver instead.
  warnings.warn(
/usr/lib/python3.10/multiprocessing/popen_fork.py:66: RuntimeWarning: lancedb fork support is experimental: the internal async runtime has been reset in the forked child, but a small chance of deadlock remains if other state was mid-operation at fork time. The 'forkserver' or 'spawn' multiprocessing start method is likely a safer alternative.
  self.pid = os.fork()
/usr/lib/python3.10/multiprocessing/popen_fork.py:66: RuntimeWarning: lancedb fork support is experimental: the internal async runtime has been reset in the forked child, but a small chance of deadlock remains if other state was mid-operation at fork time. The 'forkserver' or 'spawn' multiprocessing start method is likely a safer alternative.
  self.pid = os.fork()
02:44:46 | INFO  | module.py   |   Configured optimizer 'model_opt' (modules=317, param_tensors=299, total_params=18035962) with LinearWarmupCosineAnnealingLR scheduler.
/home/likun-share/junjxu/wm/le-wm/.venv/lib/python3.10/site-packages/lightning/pytorch/utilities/model_summary/model_summary.py:242: Precision bf16-mixed is not supported by the model summary.  Estimated model size in MB will not be accurate. Using 32 bits instead.
┏━━━┳━━━━━━━━━━━━━━━━━━━┳━━━━━━━━━━━━┳━━━━━━━━┳━━━━━━━┳━━━━━━━┓
┃   ┃ Name              ┃ Type       ┃ Params ┃ Mode  ┃ FLOPs ┃
┡━━━╇━━━━━━━━━━━━━━━━━━━╇━━━━━━━━━━━━╇━━━━━━━━╇━━━━━━━╇━━━━━━━┩
│ 0 │ callbacks_modules │ ModuleDict │      0 │ train │     0 │
│ 1 │ callbacks_metrics │ ModuleDict │      0 │ train │     0 │
│ 2 │ model             │ JEPA       │ 18.0 M │ train │     0 │
│ 3 │ sigreg            │ SIGReg     │      0 │ train │     0 │
└───┴───────────────────┴────────────┴────────┴───────┴───────┘
Trainable params: 18.0 M                                                        
Non-trainable params: 0                                                         
Total params: 18.0 M                                                            
Total estimated model params size (MB): 72.144                                  
Modules in train mode: 320                                                      
Modules in eval mode: 0                                                         
Total FLOPs: 0                                                                  
02:44:46 | INFO  | logger.py   | [RegistryLogger] summary.json flushed (0 metrics, step=0, epoch=0) → /data1/likun-share/junjxu/.cache_stable-pretraining/runs/20260608/024443/e790978db841/summary.json
/usr/lib/python3.10/multiprocessing/popen_fork.py:66: RuntimeWarning: lancedb fork support is experimental: the internal async runtime has been reset in the forked child, but a small chance of deadlock remains if other state was mid-operation at fork time. The 'forkserver' or 'spawn' multiprocessing start method is likely a safer alternative.
  self.pid = os.fork()
/usr/lib/python3.10/multiprocessing/popen_fork.py:66: RuntimeWarning: lancedb fork support is experimental: the internal async runtime has been reset in the forked child, but a small chance of deadlock remains if other state was mid-operation at fork time. The 'forkserver' or 'spawn' multiprocessing start method is likely a safer alternative.
  self.pid = os.fork()
02:44:47 | OK    | env_info.py | ✓ NVIDIA Driver: 580.65.06
02:44:47 | OK    | env_info.py | ✓ Git: main @ 1b3f371a
02:44:47 | INFO  | env_info.py |   Remote: git@github.com-xuustc99:XuUSTC99/wm.git
02:44:47 | OK    | env_info.py | ✓ Environment: 4 relevant variables captured
02:44:47 | INFO  | env_info.py |   Serializing environment data...
02:44:47 | INFO  | env_info.py |   File exists, using version 139: environment_v139.json
02:44:47 | INFO  | env_info.py |   File exists, using version 140: requirements_frozen_v140.txt
02:44:47 | INFO  | env_info.py |   Save directory: /home/likun-share/.cache/stable-pretraining
02:44:47 | INFO  | env_info.py |   Writing environment to temp file...
02:44:47 | INFO  | env_info.py |   Moving to: environment_v139.json
02:44:47 | OK    | env_info.py | ✓ Environment file saved (2.3 KB)
02:44:47 | OK    | env_info.py | ✓ Requirements file saved (0.1 KB)
/home/likun-share/junjxu/wm/le-wm/.venv/lib/python3.10/site-packages/lightning/pytorch/utilities/data.py:79: Trying to infer the `batch_size` from an ambiguous collection. The batch size we found is 128. To avoid any miscalculations, use `self.log(..., batch_size=batch_size)`.
02:44:52 | INFO  | trainer_inf~| \n+----------------------------+---------------------+
|           Metric           |        Value        |
+----------------------------+---------------------+
|       [0;34;40mvalidate/loss[0m        |  [0;32;40m12.63946533203125[0m  |
|    [0;34;40mvalidate/loss_epoch[0m     |  [0;32;40m12.63946533203125[0m  |
|     [0;34;40mvalidate/pred_loss[0m     | [0;32;40m0.34980401396751404[0m |
|  [0;34;40mvalidate/pred_loss_epoch[0m  | [0;32;40m0.34980401396751404[0m |
|    [0;34;40mvalidate/probe_loss[0m     |  [0;32;40m0.7883411645889282[0m |
| [0;34;40mvalidate/probe_loss_epoch[0m  |  [0;32;40m0.7883411645889282[0m |
|    [0;34;40mvalidate/sigreg_loss[0m    |         [0;32;40m49.0[0m        |
| [0;34;40mvalidate/sigreg_loss_epoch[0m |         [0;32;40m49.0[0m        |
+----------------------------+---------------------+
02:44:52 | WARN  | hf_models.py| ! No Hugging Face (PreTrainedModel) submodules found in LightningModule.
02:44:52 | INFO  | utils.py    | ── Optimizers ────────────────────────────────────
02:44:52 | INFO  | module.py   |   self.optimizers() gave us 1 optimizers
02:44:52 | WARN  | module.py   | ! No clip val found for optimizer default_0
02:44:52 | WARN  | module.py   | ! Will use the Trainer's value of 1.0
02:44:52 | WARN  | module.py   | ! No clip algorithm found for optimizer default_0
02:44:52 | WARN  | module.py   | ! Will use the Trainer's value of None
02:44:52 | OK    | module.py   | ✓ Optimizer check complete:
+------------+-----------+----------------+-----------+-----------+
| Opt. Index | Opt. name |      opt       | clip val. | clip alg. |
+------------+-----------+----------------+-----------+-----------+
|     0      | default_0 | LightningAdamW |    1.0    |    None   |
+------------+-----------+----------------+-----------+-----------+
02:44:52 | INFO  | utils.py    | ── LogUnusedParametersOnce ───────────────────────
02:44:52 | INFO  | unused_para~|   registered hooks on 299 leaf parameters
02:44:53 | OK    | unused_para~| ✓ all tracked parameters received gradients on the first backward pass
02:44:53 | INFO  | unused_para~|   hooks removed, callback disabled
[Epoch 0/20] step 50/203 (1.8 it/s)
[Epoch 0/20] step 100/203 (1.7 it/s)
[Epoch 0/20] step 150/203 (1.7 it/s)
[Epoch 0/20] step 200/203 (1.7 it/s)
/home/likun-share/junjxu/wm/le-wm/.venv/lib/python3.10/site-packages/lightning/pytorch/utilities/data.py:79: Trying to infer the `batch_size` from an ambiguous collection. The batch size we found is 83. To avoid any miscalculations, use `self.log(..., batch_size=batch_size)`.
02:47:04 | INFO  | trainer_inf~| \n+----------------------------+------------------------+
|           Metric           |         Value          |
+----------------------------+------------------------+
|          [0;34;40mfit/loss[0m          |   [0;32;40m1.7064836025238037[0m   |
|       [0;34;40mfit/pred_loss[0m        |  [0;32;40m0.04292089119553566[0m   |
|       [0;34;40mfit/probe_loss[0m       |  [0;32;40m0.13842658698558807[0m   |
|      [0;34;40mfit/sigreg_loss[0m       |        [0;32;40m3.09375[0m         |
|    [0;34;40mhardware/cpu_percent[0m    |   [0;32;40m46.900001525878906[0m   |
|  [0;34;40mhardware/disk_read_mb_s[0m   |          [0;32;40m0.0[0m           |
|  [0;34;40mhardware/disk_write_mb_s[0m  |   [0;32;40m183.62339782714844[0m   |
|   [0;34;40mhardware/net_recv_mb_s[0m   | [0;32;40m0.0060798791237175465[0m  |
|   [0;34;40mhardware/net_sent_mb_s[0m   |  [0;32;40m0.006324126850813627[0m  |
|    [0;34;40mhardware/ram_used_gb[0m    |    [0;32;40m320.481201171875[0m    |
|   [0;34;40mhardware/ram_used_pct[0m    |   [0;32;40m31.799999237060547[0m   |
|    [0;34;40mhparams/lr_default_0[0m    | [0;32;40m4.9797443352872506e-05[0m |
|       [0;34;40mvalidate/loss[0m        |   [0;32;40m1.8069005012512207[0m   |
|    [0;34;40mvalidate/loss_epoch[0m     |   [0;32;40m1.8069005012512207[0m   |
|     [0;34;40mvalidate/pred_loss[0m     |   [0;32;40m0.0448874905705452[0m   |
|  [0;34;40mvalidate/pred_loss_epoch[0m  |   [0;32;40m0.0448874905705452[0m   |
|    [0;34;40mvalidate/probe_loss[0m     |  [0;32;40m0.13876086473464966[0m   |
| [0;34;40mvalidate/probe_loss_epoch[0m  |  [0;32;40m0.13876086473464966[0m   |
|    [0;34;40mvalidate/sigreg_loss[0m    |   [0;32;40m4.158443450927734[0m    |
| [0;34;40mvalidate/sigreg_loss_epoch[0m |   [0;32;40m4.158443450927734[0m    |
+----------------------------+------------------------+
[Epoch 0/20] done in 132.8s
02:47:05 | INFO  | checkpoint_~|   Checking for non PyTorch modules to save
02:47:05 | INFO  | atomic_chec~| [atomic_save] → /data1/likun-share/junjxu/.cache_stable-pretraining/runs/20260608/024443/e790978db841/checkpoints/epoch=0-step=203.ckpt
02:47:05 | INFO  | atomic_chec~| [atomic_save] ✓ epoch=0-step=203.ckpt saved (206.8 MiB, serialise=0.34s write=0.27s rename=0.0ms)
02:47:05 | INFO  | checkpoint_~|   Checking for non PyTorch modules to save
02:47:05 | INFO  | atomic_chec~| [atomic_save] → /data1/likun-share/junjxu/.cache_stable-pretraining/runs/20260608/024443/e790978db841/checkpoints/last.ckpt
02:47:06 | INFO  | atomic_chec~| [atomic_save] ✓ last.ckpt saved (206.8 MiB, serialise=0.35s write=0.24s rename=0.0ms)
[Epoch 1/20] step 50/203 (1.6 it/s)
[Epoch 1/20] step 100/203 (1.6 it/s)
[Epoch 1/20] step 150/203 (1.6 it/s)
[Epoch 1/20] step 200/203 (1.6 it/s)
02:49:20 | INFO  | trainer_inf~| \n+----------------------------+-----------------------+
|           Metric           |         Value         |
+----------------------------+-----------------------+
|          [0;34;40mfit/loss[0m          |   [0;32;40m1.3950655460357666[0m  |
|       [0;34;40mfit/pred_loss[0m        |  [0;32;40m0.038610514253377914[0m |
|       [0;34;40mfit/probe_loss[0m       |  [0;32;40m0.11367284506559372[0m  |
|      [0;34;40mfit/sigreg_loss[0m       |         [0;32;40m2.4375[0m        |
|    [0;34;40mhardware/cpu_percent[0m    |   [0;32;40m44.400001525878906[0m  |
|  [0;34;40mhardware/disk_read_mb_s[0m   |          [0;32;40m0.0[0m          |
|  [0;34;40mhardware/disk_write_mb_s[0m  |   [0;32;40m46.180049896240234[0m  |
|   [0;34;40mhardware/net_recv_mb_s[0m   |  [0;32;40m0.005860115867108107[0m |
|   [0;34;40mhardware/net_sent_mb_s[0m   |  [0;32;40m0.04150189459323883[0m  |
|    [0;34;40mhardware/ram_used_gb[0m    |   [0;32;40m321.28155517578125[0m  |
|   [0;34;40mhardware/ram_used_pct[0m    |   [0;32;40m31.899999618530273[0m  |
|    [0;34;40mhparams/lr_default_0[0m    | [0;32;40m4.898431870969944e-05[0m |
|       [0;34;40mvalidate/loss[0m        |   [0;32;40m1.5654428005218506[0m  |
|    [0;34;40mvalidate/loss_epoch[0m     |   [0;32;40m1.5654428005218506[0m  |
|     [0;34;40mvalidate/pred_loss[0m     |  [0;32;40m0.03803377225995064[0m  |
|  [0;34;40mvalidate/pred_loss_epoch[0m  |  [0;32;40m0.03803377225995064[0m  |
|    [0;34;40mvalidate/probe_loss[0m     |  [0;32;40m0.12398432940244675[0m  |
| [0;34;40mvalidate/probe_loss_epoch[0m  |  [0;32;40m0.12398432940244675[0m  |
|    [0;34;40mvalidate/sigreg_loss[0m    |   [0;32;40m3.1944634914398193[0m  |
| [0;34;40mvalidate/sigreg_loss_epoch[0m |   [0;32;40m3.1944634914398193[0m  |
+----------------------------+-----------------------+
[Epoch 1/20] done in 134.1s
02:49:20 | INFO  | checkpoint_~|   Checking for non PyTorch modules to save
02:49:20 | INFO  | atomic_chec~| [atomic_save] → /data1/likun-share/junjxu/.cache_stable-pretraining/runs/20260608/024443/e790978db841/checkpoints/epoch=1-step=406.ckpt
02:49:21 | INFO  | atomic_chec~| [atomic_save] ✓ epoch=1-step=406.ckpt saved (206.8 MiB, serialise=0.43s write=0.24s rename=0.1ms)
02:49:21 | INFO  | checkpoint_~|   Checking for non PyTorch modules to save
02:49:21 | INFO  | atomic_chec~| [atomic_save] → /data1/likun-share/junjxu/.cache_stable-pretraining/runs/20260608/024443/e790978db841/checkpoints/last.ckpt
02:49:21 | INFO  | atomic_chec~| [atomic_save] ✓ last.ckpt saved (206.8 MiB, serialise=0.35s write=0.27s rename=48.4ms)
[Epoch 2/20] step 50/203 (1.7 it/s)
[Epoch 2/20] step 100/203 (1.6 it/s)
[Epoch 2/20] step 150/203 (1.6 it/s)
[Epoch 2/20] step 200/203 (1.6 it/s)
02:51:36 | INFO  | trainer_inf~| \n+----------------------------+-----------------------+
|           Metric           |         Value         |
+----------------------------+-----------------------+
|          [0;34;40mfit/loss[0m          |   [0;32;40m1.5683284997940063[0m  |
|       [0;34;40mfit/pred_loss[0m        |  [0;32;40m0.03700273111462593[0m  |
|       [0;34;40mfit/probe_loss[0m       |   [0;32;40m0.1341872662305832[0m  |
|      [0;34;40mfit/sigreg_loss[0m       |        [0;32;40m2.109375[0m       |
|    [0;34;40mhardware/cpu_percent[0m    |   [0;32;40m41.900001525878906[0m  |
|  [0;34;40mhardware/disk_read_mb_s[0m   |          [0;32;40m0.0[0m          |
|  [0;34;40mhardware/disk_write_mb_s[0m  |   [0;32;40m45.91219711303711[0m   |
|   [0;34;40mhardware/net_recv_mb_s[0m   | [0;32;40m0.0046823881566524506[0m |
|   [0;34;40mhardware/net_sent_mb_s[0m   |  [0;32;40m0.04129273071885109[0m  |
|    [0;34;40mhardware/ram_used_gb[0m    |    [0;32;40m324.502197265625[0m   |
|   [0;34;40mhardware/ram_used_pct[0m    |   [0;32;40m32.20000076293945[0m   |
|    [0;34;40mhparams/lr_default_0[0m    | [0;32;40m4.756883572554216e-05[0m |
|       [0;34;40mvalidate/loss[0m        |   [0;32;40m1.5014286041259766[0m  |
|    [0;34;40mvalidate/loss_epoch[0m     |   [0;32;40m1.5014286041259766[0m  |
|     [0;34;40mvalidate/pred_loss[0m     |  [0;32;40m0.032603878527879715[0m |
|  [0;34;40mvalidate/pred_loss_epoch[0m  |  [0;32;40m0.032603878527879715[0m |
|    [0;34;40mvalidate/probe_loss[0m     |  [0;32;40m0.11608478426933289[0m  |
| [0;34;40mvalidate/probe_loss_epoch[0m  |  [0;32;40m0.11608478426933289[0m  |
|    [0;34;40mvalidate/sigreg_loss[0m    |    [0;32;40m3.42221999168396[0m   |
| [0;34;40mvalidate/sigreg_loss_epoch[0m |    [0;32;40m3.42221999168396[0m   |
+----------------------------+-----------------------+
[Epoch 2/20] done in 134.8s
02:51:36 | INFO  | checkpoint_~|   Checking for non PyTorch modules to save
02:51:36 | INFO  | atomic_chec~| [atomic_save] → /data1/likun-share/junjxu/.cache_stable-pretraining/runs/20260608/024443/e790978db841/checkpoints/epoch=2-step=609.ckpt
02:51:37 | INFO  | atomic_chec~| [atomic_save] ✓ epoch=2-step=609.ckpt saved (206.8 MiB, serialise=0.39s write=0.25s rename=0.1ms)
02:51:37 | INFO  | checkpoint_~|   Checking for non PyTorch modules to save
02:51:37 | INFO  | atomic_chec~| [atomic_save] → /data1/likun-share/junjxu/.cache_stable-pretraining/runs/20260608/024443/e790978db841/checkpoints/last.ckpt
02:51:38 | INFO  | atomic_chec~| [atomic_save] ✓ last.ckpt saved (206.8 MiB, serialise=0.37s write=0.29s rename=30.5ms)
[Epoch 3/20] step 50/203 (1.6 it/s)
[Epoch 3/20] step 100/203 (1.6 it/s)
[Epoch 3/20] step 150/203 (1.6 it/s)
[Epoch 3/20] step 200/203 (1.7 it/s)
02:53:47 | INFO  | trainer_inf~| \n+----------------------------+-----------------------+
|           Metric           |         Value         |
+----------------------------+-----------------------+
|          [0;34;40mfit/loss[0m          |   [0;32;40m1.465265154838562[0m   |
|       [0;34;40mfit/pred_loss[0m        |  [0;32;40m0.035401321947574615[0m |
|       [0;34;40mfit/probe_loss[0m       |  [0;32;40m0.12355278432369232[0m  |
|      [0;34;40mfit/sigreg_loss[0m       |        [0;32;40m2.15625[0m        |
|    [0;34;40mhardware/cpu_percent[0m    |          [0;32;40m45.5[0m         |
|  [0;34;40mhardware/disk_read_mb_s[0m   |          [0;32;40m0.0[0m          |
|  [0;34;40mhardware/disk_write_mb_s[0m  |   [0;32;40m166.42884826660156[0m  |
|   [0;34;40mhardware/net_recv_mb_s[0m   | [0;32;40m0.0059295641258358955[0m |
|   [0;34;40mhardware/net_sent_mb_s[0m   |  [0;32;40m0.04177427291870117[0m  |
|    [0;34;40mhardware/ram_used_gb[0m    |    [0;32;40m326.813720703125[0m   |
|   [0;34;40mhardware/ram_used_pct[0m    |   [0;32;40m32.400001525878906[0m  |
|    [0;34;40mhparams/lr_default_0[0m    | [0;32;40m4.558654109132476e-05[0m |
|       [0;34;40mvalidate/loss[0m        |   [0;32;40m1.5159941911697388[0m  |
|    [0;34;40mvalidate/loss_epoch[0m     |   [0;32;40m1.5159941911697388[0m  |
|     [0;34;40mvalidate/pred_loss[0m     |  [0;32;40m0.03329631686210632[0m  |
|  [0;34;40mvalidate/pred_loss_epoch[0m  |  [0;32;40m0.03329631686210632[0m  |
|    [0;34;40mvalidate/probe_loss[0m     |  [0;32;40m0.11753810197114944[0m  |
| [0;34;40mvalidate/probe_loss_epoch[0m  |  [0;32;40m0.11753810197114944[0m  |
|    [0;34;40mvalidate/sigreg_loss[0m    |   [0;32;40m3.4157090187072754[0m  |
| [0;34;40mvalidate/sigreg_loss_epoch[0m |   [0;32;40m3.4157090187072754[0m  |
+----------------------------+-----------------------+
[Epoch 3/20] done in 129.4s
02:53:47 | INFO  | checkpoint_~|   Checking for non PyTorch modules to save
02:53:47 | INFO  | atomic_chec~| [atomic_save] → /data1/likun-share/junjxu/.cache_stable-pretraining/runs/20260608/024443/e790978db841/checkpoints/epoch=3-step=812.ckpt
02:53:48 | INFO  | atomic_chec~| [atomic_save] ✓ epoch=3-step=812.ckpt saved (206.8 MiB, serialise=0.47s write=0.24s rename=0.0ms)
02:53:48 | INFO  | checkpoint_~|   Checking for non PyTorch modules to save
02:53:48 | INFO  | atomic_chec~| [atomic_save] → /data1/likun-share/junjxu/.cache_stable-pretraining/runs/20260608/024443/e790978db841/checkpoints/last.ckpt
02:53:49 | INFO  | atomic_chec~| [atomic_save] ✓ last.ckpt saved (206.8 MiB, serialise=0.50s write=0.26s rename=58.0ms)
[Epoch 4/20] step 50/203 (1.7 it/s)
[Epoch 4/20] step 100/203 (1.7 it/s)
[Epoch 4/20] step 150/203 (1.6 it/s)
[Epoch 4/20] step 200/203 (1.7 it/s)
02:55:57 | INFO  | trainer_inf~| \n+----------------------------+----------------------+
|           Metric           |        Value         |
+----------------------------+----------------------+
|          [0;34;40mfit/loss[0m          |  [0;32;40m1.440674901008606[0m   |
|       [0;34;40mfit/pred_loss[0m        | [0;32;40m0.03168775513768196[0m  |
|       [0;34;40mfit/probe_loss[0m       | [0;32;40m0.12380887567996979[0m  |
|      [0;34;40mfit/sigreg_loss[0m       |      [0;32;40m1.8984375[0m       |
|    [0;34;40mhardware/cpu_percent[0m    |         [0;32;40m45.0[0m         |
|  [0;34;40mhardware/disk_read_mb_s[0m   |         [0;32;40m0.0[0m          |
|  [0;34;40mhardware/disk_write_mb_s[0m  |  [0;32;40m115.12504577636719[0m  |
|   [0;34;40mhardware/net_recv_mb_s[0m   | [0;32;40m0.005057122092694044[0m |
|   [0;34;40mhardware/net_sent_mb_s[0m   | [0;32;40m0.005793788470327854[0m |
|    [0;34;40mhardware/ram_used_gb[0m    |  [0;32;40m327.1488342285156[0m   |
|   [0;34;40mhardware/ram_used_pct[0m    |         [0;32;40m32.5[0m         |
|    [0;34;40mhparams/lr_default_0[0m    | [0;32;40m4.30872205470223e-05[0m |
|       [0;34;40mvalidate/loss[0m        |  [0;32;40m1.3966487646102905[0m  |
|    [0;34;40mvalidate/loss_epoch[0m     |  [0;32;40m1.3966487646102905[0m  |
|     [0;34;40mvalidate/pred_loss[0m     | [0;32;40m0.03320518136024475[0m  |
|  [0;34;40mvalidate/pred_loss_epoch[0m  | [0;32;40m0.03320518136024475[0m  |
|    [0;34;40mvalidate/probe_loss[0m     | [0;32;40m0.10890265554189682[0m  |
| [0;34;40mvalidate/probe_loss_epoch[0m  | [0;32;40m0.10890265554189682[0m  |
|    [0;34;40mvalidate/sigreg_loss[0m    |  [0;32;40m3.0486912727355957[0m  |
| [0;34;40mvalidate/sigreg_loss_epoch[0m |  [0;32;40m3.0486912727355957[0m  |
+----------------------------+----------------------+
[Epoch 4/20] done in 128.8s
02:55:57 | INFO  | checkpoint_~|   Checking for non PyTorch modules to save
02:55:58 | INFO  | atomic_chec~| [atomic_save] → /data1/likun-share/junjxu/.cache_stable-pretraining/runs/20260608/024443/e790978db841/checkpoints/epoch=4-step=1015.ckpt
02:55:58 | INFO  | atomic_chec~| [atomic_save] ✓ epoch=4-step=1015.ckpt saved (206.8 MiB, serialise=0.34s write=0.22s rename=0.1ms)
02:55:58 | INFO  | checkpoint_~|   Checking for non PyTorch modules to save
02:55:58 | INFO  | atomic_chec~| [atomic_save] → /data1/likun-share/junjxu/.cache_stable-pretraining/runs/20260608/024443/e790978db841/checkpoints/last.ckpt
02:55:59 | INFO  | atomic_chec~| [atomic_save] ✓ last.ckpt saved (206.8 MiB, serialise=0.41s write=0.23s rename=30.2ms)
[Epoch 5/20] step 50/203 (1.7 it/s)
[Epoch 5/20] step 100/203 (1.7 it/s)
[Epoch 5/20] step 150/203 (1.6 it/s)
[Epoch 5/20] step 200/203 (1.7 it/s)
02:58:10 | INFO  | trainer_inf~| \n+----------------------------+------------------------+
|           Metric           |         Value          |
+----------------------------+------------------------+
|          [0;34;40mfit/loss[0m          |   [0;32;40m1.1338199377059937[0m   |
|       [0;34;40mfit/pred_loss[0m        |  [0;32;40m0.03001973405480385[0m   |
|       [0;34;40mfit/probe_loss[0m       |  [0;32;40m0.09514564275741577[0m   |
|      [0;34;40mfit/sigreg_loss[0m       |       [0;32;40m1.6953125[0m        |
|    [0;34;40mhardware/cpu_percent[0m    |   [0;32;40m45.20000076293945[0m    |
|  [0;34;40mhardware/disk_read_mb_s[0m   |          [0;32;40m0.0[0m           |
|  [0;34;40mhardware/disk_write_mb_s[0m  |   [0;32;40m94.26986694335938[0m    |
|   [0;34;40mhardware/net_recv_mb_s[0m   |  [0;32;40m0.005483968649059534[0m  |
|   [0;34;40mhardware/net_sent_mb_s[0m   |  [0;32;40m0.041925910860300064[0m  |
|    [0;34;40mhardware/ram_used_gb[0m    |   [0;32;40m327.06207275390625[0m   |
|   [0;34;40mhardware/ram_used_pct[0m    |          [0;32;40m32.5[0m          |
|    [0;34;40mhparams/lr_default_0[0m    | [0;32;40m4.0133647416951135e-05[0m |
|       [0;34;40mvalidate/loss[0m        |   [0;32;40m1.3875126838684082[0m   |
|    [0;34;40mvalidate/loss_epoch[0m     |   [0;32;40m1.3875126838684082[0m   |
|     [0;34;40mvalidate/pred_loss[0m     |  [0;32;40m0.03186379745602608[0m   |
|  [0;34;40mvalidate/pred_loss_epoch[0m  |  [0;32;40m0.03186379745602608[0m   |
|    [0;34;40mvalidate/probe_loss[0m     |  [0;32;40m0.11005497723817825[0m   |
| [0;34;40mvalidate/probe_loss_epoch[0m  |  [0;32;40m0.11005497723817825[0m   |
|    [0;34;40mvalidate/sigreg_loss[0m    |   [0;32;40m2.834975481033325[0m    |
| [0;34;40mvalidate/sigreg_loss_epoch[0m |   [0;32;40m2.834975481033325[0m    |
+----------------------------+------------------------+
[Epoch 5/20] done in 131.1s
02:58:10 | INFO  | checkpoint_~|   Checking for non PyTorch modules to save
02:58:10 | INFO  | atomic_chec~| [atomic_save] → /data1/likun-share/junjxu/.cache_stable-pretraining/runs/20260608/024443/e790978db841/checkpoints/epoch=5-step=1218.ckpt
02:58:11 | INFO  | atomic_chec~| [atomic_save] ✓ epoch=5-step=1218.ckpt saved (206.8 MiB, serialise=0.34s write=0.23s rename=0.1ms)
02:58:11 | INFO  | checkpoint_~|   Checking for non PyTorch modules to save
02:58:11 | INFO  | atomic_chec~| [atomic_save] → /data1/likun-share/junjxu/.cache_stable-pretraining/runs/20260608/024443/e790978db841/checkpoints/last.ckpt
02:58:11 | INFO  | atomic_chec~| [atomic_save] ✓ last.ckpt saved (206.8 MiB, serialise=0.41s write=0.23s rename=28.3ms)
[Epoch 6/20] step 50/203 (1.6 it/s)
[Epoch 6/20] step 100/203 (1.6 it/s)
[Epoch 6/20] step 150/203 (1.6 it/s)
[Epoch 6/20] step 200/203 (1.7 it/s)
03:00:20 | INFO  | trainer_inf~| \n+----------------------------+-----------------------+
|           Metric           |         Value         |
+----------------------------+-----------------------+
|          [0;34;40mfit/loss[0m          |   [0;32;40m1.4047563076019287[0m  |
|       [0;34;40mfit/pred_loss[0m        |  [0;32;40m0.031676337122917175[0m |
|       [0;34;40mfit/probe_loss[0m       |  [0;32;40m0.12158533930778503[0m  |
|      [0;34;40mfit/sigreg_loss[0m       |       [0;32;40m1.7421875[0m       |
|    [0;34;40mhardware/cpu_percent[0m    |   [0;32;40m46.400001525878906[0m  |
|  [0;34;40mhardware/disk_read_mb_s[0m   |          [0;32;40m0.0[0m          |
|  [0;34;40mhardware/disk_write_mb_s[0m  |   [0;32;40m149.77549743652344[0m  |
|   [0;34;40mhardware/net_recv_mb_s[0m   |  [0;32;40m0.006448173429816961[0m |
|   [0;34;40mhardware/net_sent_mb_s[0m   |  [0;32;40m0.04339709132909775[0m  |
|    [0;34;40mhardware/ram_used_gb[0m    |    [0;32;40m328.999267578125[0m   |
|   [0;34;40mhardware/ram_used_pct[0m    |   [0;32;40m32.70000076293945[0m   |
|    [0;34;40mhparams/lr_default_0[0m    | [0;32;40m3.679999281303026e-05[0m |
|       [0;34;40mvalidate/loss[0m        |   [0;32;40m1.319506287574768[0m   |
|    [0;34;40mvalidate/loss_epoch[0m     |   [0;32;40m1.319506287574768[0m   |
|     [0;34;40mvalidate/pred_loss[0m     |  [0;32;40m0.028389686718583107[0m |
|  [0;34;40mvalidate/pred_loss_epoch[0m  |  [0;32;40m0.028389686718583107[0m |
|    [0;34;40mvalidate/probe_loss[0m     |  [0;32;40m0.10506218671798706[0m  |
| [0;34;40mvalidate/probe_loss_epoch[0m  |  [0;32;40m0.10506218671798706[0m  |
|    [0;34;40mvalidate/sigreg_loss[0m    |   [0;32;40m2.6719181537628174[0m  |
| [0;34;40mvalidate/sigreg_loss_epoch[0m |   [0;32;40m2.6719181537628174[0m  |
+----------------------------+-----------------------+
[Epoch 6/20] done in 128.5s
03:00:20 | INFO  | checkpoint_~|   Checking for non PyTorch modules to save
03:00:20 | INFO  | atomic_chec~| [atomic_save] → /data1/likun-share/junjxu/.cache_stable-pretraining/runs/20260608/024443/e790978db841/checkpoints/epoch=6-step=1421.ckpt
03:00:20 | INFO  | atomic_chec~| [atomic_save] ✓ epoch=6-step=1421.ckpt saved (206.8 MiB, serialise=0.29s write=0.23s rename=0.0ms)
03:00:20 | INFO  | checkpoint_~|   Checking for non PyTorch modules to save
03:00:20 | INFO  | atomic_chec~| [atomic_save] → /data1/likun-share/junjxu/.cache_stable-pretraining/runs/20260608/024443/e790978db841/checkpoints/last.ckpt
03:00:21 | INFO  | atomic_chec~| [atomic_save] ✓ last.ckpt saved (206.8 MiB, serialise=0.30s write=0.23s rename=26.7ms)
[Epoch 7/20] step 50/203 (1.6 it/s)
[Epoch 7/20] step 100/203 (1.6 it/s)
[Epoch 7/20] step 150/203 (1.6 it/s)
[Epoch 7/20] step 200/203 (1.7 it/s)
03:02:29 | INFO  | trainer_inf~| \n+----------------------------+-----------------------+
|           Metric           |         Value         |
+----------------------------+-----------------------+
|          [0;34;40mfit/loss[0m          |   [0;32;40m1.0780494213104248[0m  |
|       [0;34;40mfit/pred_loss[0m        |  [0;32;40m0.030815349891781807[0m |
|       [0;34;40mfit/probe_loss[0m       |  [0;32;40m0.08939138054847717[0m  |
|      [0;34;40mfit/sigreg_loss[0m       |        [0;32;40m1.703125[0m       |
|    [0;34;40mhardware/cpu_percent[0m    |          [0;32;40m46.0[0m         |
|  [0;34;40mhardware/disk_read_mb_s[0m   |          [0;32;40m0.0[0m          |
|  [0;34;40mhardware/disk_write_mb_s[0m  |    [0;32;40m85.8958969116211[0m   |
|   [0;34;40mhardware/net_recv_mb_s[0m   |  [0;32;40m0.011485020630061626[0m |
|   [0;34;40mhardware/net_sent_mb_s[0m   |  [0;32;40m0.009366970509290695[0m |
|    [0;34;40mhardware/ram_used_gb[0m    |   [0;32;40m327.4994201660156[0m   |
|   [0;34;40mhardware/ram_used_pct[0m    |          [0;32;40m32.5[0m         |
|    [0;34;40mhparams/lr_default_0[0m    | [0;32;40m3.316998481750488e-05[0m |
|       [0;34;40mvalidate/loss[0m        |   [0;32;40m1.2477385997772217[0m  |
|    [0;34;40mvalidate/loss_epoch[0m     |   [0;32;40m1.2477385997772217[0m  |
|     [0;34;40mvalidate/pred_loss[0m     |  [0;32;40m0.03015001490712166[0m  |
|  [0;34;40mvalidate/pred_loss_epoch[0m  |  [0;32;40m0.03015001490712166[0m  |
|    [0;34;40mvalidate/probe_loss[0m     |  [0;32;40m0.10102225095033646[0m  |
| [0;34;40mvalidate/probe_loss_epoch[0m  |  [0;32;40m0.10102225095033646[0m  |
|    [0;34;40mvalidate/sigreg_loss[0m    |   [0;32;40m2.303908586502075[0m   |
| [0;34;40mvalidate/sigreg_loss_epoch[0m |   [0;32;40m2.303908586502075[0m   |
+----------------------------+-----------------------+
[Epoch 7/20] done in 128.2s
03:02:29 | INFO  | checkpoint_~|   Checking for non PyTorch modules to save
03:02:29 | INFO  | atomic_chec~| [atomic_save] → /data1/likun-share/junjxu/.cache_stable-pretraining/runs/20260608/024443/e790978db841/checkpoints/epoch=7-step=1624.ckpt
03:02:30 | INFO  | atomic_chec~| [atomic_save] ✓ epoch=7-step=1624.ckpt saved (206.8 MiB, serialise=0.35s write=0.25s rename=0.1ms)
03:02:30 | INFO  | checkpoint_~|   Checking for non PyTorch modules to save
03:02:30 | INFO  | atomic_chec~| [atomic_save] → /data1/likun-share/junjxu/.cache_stable-pretraining/runs/20260608/024443/e790978db841/checkpoints/last.ckpt
03:02:30 | INFO  | atomic_chec~| [atomic_save] ✓ last.ckpt saved (206.8 MiB, serialise=0.36s write=0.26s rename=30.0ms)
[Epoch 8/20] step 50/203 (1.8 it/s)
[Epoch 8/20] step 100/203 (1.7 it/s)
[Epoch 8/20] step 150/203 (1.7 it/s)
[Epoch 8/20] step 200/203 (1.7 it/s)
03:04:37 | INFO  | trainer_inf~| \n+----------------------------+------------------------+
|           Metric           |         Value          |
+----------------------------+------------------------+
|          [0;34;40mfit/loss[0m          |   [0;32;40m1.175708532333374[0m    |
|       [0;34;40mfit/pred_loss[0m        |  [0;32;40m0.03506794199347496[0m   |
|       [0;34;40mfit/probe_loss[0m       |  [0;32;40m0.09931796044111252[0m   |
|      [0;34;40mfit/sigreg_loss[0m       |        [0;32;40m1.640625[0m        |
|    [0;34;40mhardware/cpu_percent[0m    |          [0;32;40m45.5[0m          |
|  [0;34;40mhardware/disk_read_mb_s[0m   |          [0;32;40m0.0[0m           |
|  [0;34;40mhardware/disk_write_mb_s[0m  |   [0;32;40m93.63994598388672[0m    |
|   [0;34;40mhardware/net_recv_mb_s[0m   |  [0;32;40m0.005241252016276121[0m  |
|   [0;34;40mhardware/net_sent_mb_s[0m   |  [0;32;40m0.042040906846523285[0m  |
|    [0;34;40mhardware/ram_used_gb[0m    |   [0;32;40m327.6476135253906[0m    |
|   [0;34;40mhardware/ram_used_pct[0m    |          [0;32;40m32.5[0m          |
|    [0;34;40mhparams/lr_default_0[0m    | [0;32;40m2.9334791179280728e-05[0m |
|       [0;34;40mvalidate/loss[0m        |   [0;32;40m1.260648488998413[0m    |
|    [0;34;40mvalidate/loss_epoch[0m     |   [0;32;40m1.260648488998413[0m    |
|     [0;34;40mvalidate/pred_loss[0m     |  [0;32;40m0.032212644815444946[0m  |
|  [0;34;40mvalidate/pred_loss_epoch[0m  |  [0;32;40m0.032212644815444946[0m  |
|    [0;34;40mvalidate/probe_loss[0m     |  [0;32;40m0.10033565014600754[0m   |
| [0;34;40mvalidate/probe_loss_epoch[0m  |  [0;32;40m0.10033565014600754[0m   |
|    [0;34;40mvalidate/sigreg_loss[0m    |   [0;32;40m2.5001373291015625[0m   |
| [0;34;40mvalidate/sigreg_loss_epoch[0m |   [0;32;40m2.5001373291015625[0m   |
+----------------------------+------------------------+
[Epoch 8/20] done in 126.7s
03:04:37 | INFO  | checkpoint_~|   Checking for non PyTorch modules to save
03:04:37 | INFO  | atomic_chec~| [atomic_save] → /data1/likun-share/junjxu/.cache_stable-pretraining/runs/20260608/024443/e790978db841/checkpoints/epoch=8-step=1827.ckpt
03:04:38 | INFO  | atomic_chec~| [atomic_save] ✓ epoch=8-step=1827.ckpt saved (206.8 MiB, serialise=0.32s write=0.28s rename=0.1ms)
03:04:38 | INFO  | checkpoint_~|   Checking for non PyTorch modules to save
03:04:38 | INFO  | atomic_chec~| [atomic_save] → /data1/likun-share/junjxu/.cache_stable-pretraining/runs/20260608/024443/e790978db841/checkpoints/last.ckpt
03:04:39 | INFO  | atomic_chec~| [atomic_save] ✓ last.ckpt saved (206.8 MiB, serialise=0.38s write=0.26s rename=49.2ms)
[Epoch 9/20] step 50/203 (1.7 it/s)
[Epoch 9/20] step 100/203 (1.7 it/s)
[Epoch 9/20] step 150/203 (1.7 it/s)
[Epoch 9/20] step 200/203 (1.7 it/s)
03:06:46 | INFO  | trainer_inf~| \n+----------------------------+-----------------------+
|           Metric           |         Value         |
+----------------------------+-----------------------+
|          [0;34;40mfit/loss[0m          |   [0;32;40m1.1142380237579346[0m  |
|       [0;34;40mfit/pred_loss[0m        |  [0;32;40m0.03328191116452217[0m  |
|       [0;34;40mfit/probe_loss[0m       |  [0;32;40m0.09383779764175415[0m  |
|      [0;34;40mfit/sigreg_loss[0m       |       [0;32;40m1.5859375[0m       |
|    [0;34;40mhardware/cpu_percent[0m    |   [0;32;40m46.70000076293945[0m   |
|  [0;34;40mhardware/disk_read_mb_s[0m   |          [0;32;40m0.0[0m          |
|  [0;34;40mhardware/disk_write_mb_s[0m  |   [0;32;40m94.25991821289062[0m   |
|   [0;34;40mhardware/net_recv_mb_s[0m   |  [0;32;40m0.006786536891013384[0m |
|   [0;34;40mhardware/net_sent_mb_s[0m   |   [0;32;40m0.0426822304725647[0m  |
|    [0;34;40mhardware/ram_used_gb[0m    |     [0;32;40m327.3603515625[0m    |
|   [0;34;40mhardware/ram_used_pct[0m    |          [0;32;40m32.5[0m         |
|    [0;34;40mhparams/lr_default_0[0m    | [0;32;40m2.539072920626495e-05[0m |
|       [0;34;40mvalidate/loss[0m        |   [0;32;40m1.261052131652832[0m   |
|    [0;34;40mvalidate/loss_epoch[0m     |   [0;32;40m1.261052131652832[0m   |
|     [0;34;40mvalidate/pred_loss[0m     |  [0;32;40m0.03384910151362419[0m  |
|  [0;34;40mvalidate/pred_loss_epoch[0m  |  [0;32;40m0.03384910151362419[0m  |
|    [0;34;40mvalidate/probe_loss[0m     |  [0;32;40m0.10048773139715195[0m  |
| [0;34;40mvalidate/probe_loss_epoch[0m  |  [0;32;40m0.10048773139715195[0m  |
|    [0;34;40mvalidate/sigreg_loss[0m    |   [0;32;40m2.4696879386901855[0m  |
| [0;34;40mvalidate/sigreg_loss_epoch[0m |   [0;32;40m2.4696879386901855[0m  |
+----------------------------+-----------------------+
[Epoch 9/20] done in 127.4s
03:06:46 | INFO  | checkpoint_~|   Checking for non PyTorch modules to save
03:06:46 | INFO  | atomic_chec~| [atomic_save] → /data1/likun-share/junjxu/.cache_stable-pretraining/runs/20260608/024443/e790978db841/checkpoints/epoch=9-step=2030.ckpt
03:06:47 | INFO  | atomic_chec~| [atomic_save] ✓ epoch=9-step=2030.ckpt saved (206.8 MiB, serialise=0.31s write=0.22s rename=0.0ms)
03:06:47 | INFO  | checkpoint_~|   Checking for non PyTorch modules to save
03:06:47 | INFO  | atomic_chec~| [atomic_save] → /data1/likun-share/junjxu/.cache_stable-pretraining/runs/20260608/024443/e790978db841/checkpoints/last.ckpt
03:06:47 | INFO  | atomic_chec~| [atomic_save] ✓ last.ckpt saved (206.8 MiB, serialise=0.32s write=0.22s rename=27.9ms)
[Epoch 10/20] step 50/203 (1.7 it/s)
[Epoch 10/20] step 100/203 (1.6 it/s)
[Epoch 10/20] step 150/203 (1.7 it/s)
[Epoch 10/20] step 200/203 (1.7 it/s)
03:08:55 | INFO  | trainer_inf~| \n+----------------------------+------------------------+
|           Metric           |         Value          |
+----------------------------+------------------------+
|          [0;34;40mfit/loss[0m          |   [0;32;40m1.1118695735931396[0m   |
|       [0;34;40mfit/pred_loss[0m        |  [0;32;40m0.031148139387369156[0m  |
|       [0;34;40mfit/probe_loss[0m       |   [0;32;40m0.0944979265332222[0m   |
|      [0;34;40mfit/sigreg_loss[0m       |       [0;32;40m1.5078125[0m        |
|    [0;34;40mhardware/cpu_percent[0m    |   [0;32;40m45.70000076293945[0m    |
|  [0;34;40mhardware/disk_read_mb_s[0m   |          [0;32;40m0.0[0m           |
|  [0;34;40mhardware/disk_write_mb_s[0m  |   [0;32;40m131.23358154296875[0m   |
|   [0;34;40mhardware/net_recv_mb_s[0m   | [0;32;40m0.0046025593765079975[0m  |
|   [0;34;40mhardware/net_sent_mb_s[0m   |  [0;32;40m0.005262464750558138[0m  |
|    [0;34;40mhardware/ram_used_gb[0m    |   [0;32;40m327.5754699707031[0m    |
|   [0;34;40mhardware/ram_used_pct[0m    |          [0;32;40m32.5[0m          |
|    [0;34;40mhparams/lr_default_0[0m    | [0;32;40m2.1436855604406446e-05[0m |
|       [0;34;40mvalidate/loss[0m        |   [0;32;40m1.1695711612701416[0m   |
|    [0;34;40mvalidate/loss_epoch[0m     |   [0;32;40m1.1695711612701416[0m   |
|     [0;34;40mvalidate/pred_loss[0m     |  [0;32;40m0.030823856592178345[0m  |
|  [0;34;40mvalidate/pred_loss_epoch[0m  |  [0;32;40m0.030823856592178345[0m  |
|    [0;34;40mvalidate/probe_loss[0m     |  [0;32;40m0.09344784915447235[0m   |
| [0;34;40mvalidate/probe_loss_epoch[0m  |  [0;32;40m0.09344784915447235[0m   |
|    [0;34;40mvalidate/sigreg_loss[0m    |   [0;32;40m2.2706456184387207[0m   |
| [0;34;40mvalidate/sigreg_loss_epoch[0m |   [0;32;40m2.2706456184387207[0m   |
+----------------------------+------------------------+
[Epoch 10/20] done in 127.6s
03:08:55 | INFO  | checkpoint_~|   Checking for non PyTorch modules to save
03:08:55 | INFO  | atomic_chec~| [atomic_save] → /data1/likun-share/junjxu/.cache_stable-pretraining/runs/20260608/024443/e790978db841/checkpoints/epoch=10-step=2233.ckpt
03:08:55 | INFO  | atomic_chec~| [atomic_save] ✓ epoch=10-step=2233.ckpt saved (206.8 MiB, serialise=0.35s write=0.21s rename=0.1ms)
03:08:55 | INFO  | checkpoint_~|   Checking for non PyTorch modules to save
03:08:55 | INFO  | atomic_chec~| [atomic_save] → /data1/likun-share/junjxu/.cache_stable-pretraining/runs/20260608/024443/e790978db841/checkpoints/last.ckpt
03:08:56 | INFO  | atomic_chec~| [atomic_save] ✓ last.ckpt saved (206.8 MiB, serialise=0.32s write=0.24s rename=27.9ms)
[Epoch 11/20] step 50/203 (1.7 it/s)
[Epoch 11/20] step 100/203 (1.7 it/s)
[Epoch 11/20] step 150/203 (1.7 it/s)
[Epoch 11/20] step 200/203 (1.7 it/s)
03:11:02 | INFO  | trainer_inf~| \n+----------------------------+-----------------------+
|           Metric           |         Value         |
+----------------------------+-----------------------+
|          [0;34;40mfit/loss[0m          |   [0;32;40m0.9014896154403687[0m  |
|       [0;34;40mfit/pred_loss[0m        |  [0;32;40m0.03393077477812767[0m  |
|       [0;34;40mfit/probe_loss[0m       |  [0;32;40m0.07249806821346283[0m  |
|      [0;34;40mfit/sigreg_loss[0m       |       [0;32;40m1.5859375[0m       |
|    [0;34;40mhardware/cpu_percent[0m    |   [0;32;40m44.099998474121094[0m  |
|  [0;34;40mhardware/disk_read_mb_s[0m   | [0;32;40m0.0003904672630596906[0m |
|  [0;34;40mhardware/disk_write_mb_s[0m  |   [0;32;40m127.1548843383789[0m   |
|   [0;34;40mhardware/net_recv_mb_s[0m   |  [0;32;40m0.007274645380675793[0m |
|   [0;34;40mhardware/net_sent_mb_s[0m   |  [0;32;40m0.006986179854720831[0m |
|    [0;34;40mhardware/ram_used_gb[0m    |   [0;32;40m328.4929504394531[0m   |
|   [0;34;40mhardware/ram_used_pct[0m    |   [0;32;40m32.599998474121094[0m  |
|    [0;34;40mhparams/lr_default_0[0m    | [0;32;40m1.757246718625538e-05[0m |
|       [0;34;40mvalidate/loss[0m        |   [0;32;40m1.1166809797286987[0m  |
|    [0;34;40mvalidate/loss_epoch[0m     |   [0;32;40m1.1166809797286987[0m  |
|     [0;34;40mvalidate/pred_loss[0m     |  [0;32;40m0.03318718448281288[0m  |
|  [0;34;40mvalidate/pred_loss_epoch[0m  |  [0;32;40m0.03318718448281288[0m  |
|    [0;34;40mvalidate/probe_loss[0m     |   [0;32;40m0.0893431007862091[0m  |
| [0;34;40mvalidate/probe_loss_epoch[0m  |   [0;32;40m0.0893431007862091[0m  |
|    [0;34;40mvalidate/sigreg_loss[0m    |   [0;32;40m2.1128270626068115[0m  |
| [0;34;40mvalidate/sigreg_loss_epoch[0m |   [0;32;40m2.1128270626068115[0m  |
+----------------------------+-----------------------+
[Epoch 11/20] done in 126.0s
03:11:02 | INFO  | checkpoint_~|   Checking for non PyTorch modules to save
03:11:02 | INFO  | atomic_chec~| [atomic_save] → /data1/likun-share/junjxu/.cache_stable-pretraining/runs/20260608/024443/e790978db841/checkpoints/epoch=11-step=2436.ckpt
03:11:03 | INFO  | atomic_chec~| [atomic_save] ✓ epoch=11-step=2436.ckpt saved (206.8 MiB, serialise=0.29s write=0.23s rename=0.0ms)
03:11:03 | INFO  | checkpoint_~|   Checking for non PyTorch modules to save
03:11:03 | INFO  | atomic_chec~| [atomic_save] → /data1/likun-share/junjxu/.cache_stable-pretraining/runs/20260608/024443/e790978db841/checkpoints/last.ckpt
03:11:03 | INFO  | atomic_chec~| [atomic_save] ✓ last.ckpt saved (206.8 MiB, serialise=0.31s write=0.22s rename=27.9ms)
[Epoch 12/20] step 50/203 (1.7 it/s)
[Epoch 12/20] step 100/203 (1.7 it/s)
[Epoch 12/20] step 150/203 (1.7 it/s)
[Epoch 12/20] step 200/203 (1.7 it/s)
03:13:11 | INFO  | trainer_inf~| \n+----------------------------+------------------------+
|           Metric           |         Value          |
+----------------------------+------------------------+
|          [0;34;40mfit/loss[0m          |   [0;32;40m1.069375991821289[0m    |
|       [0;34;40mfit/pred_loss[0m        |  [0;32;40m0.03555391728878021[0m   |
|       [0;34;40mfit/probe_loss[0m       |  [0;32;40m0.08990564942359924[0m   |
|      [0;34;40mfit/sigreg_loss[0m       |          [0;32;40m1.5[0m           |
|    [0;34;40mhardware/cpu_percent[0m    |   [0;32;40m44.599998474121094[0m   |
|  [0;34;40mhardware/disk_read_mb_s[0m   |          [0;32;40m0.0[0m           |
|  [0;34;40mhardware/disk_write_mb_s[0m  |   [0;32;40m98.58284759521484[0m    |
|   [0;34;40mhardware/net_recv_mb_s[0m   |  [0;32;40m0.004971585236489773[0m  |
|   [0;34;40mhardware/net_sent_mb_s[0m   |  [0;32;40m0.04174940288066864[0m   |
|    [0;34;40mhardware/ram_used_gb[0m    |   [0;32;40m327.3940734863281[0m    |
|   [0;34;40mhardware/ram_used_pct[0m    |          [0;32;40m32.5[0m          |
|    [0;34;40mhparams/lr_default_0[0m    | [0;32;40m1.3894621588406153e-05[0m |
|       [0;34;40mvalidate/loss[0m        |   [0;32;40m1.1207680702209473[0m   |
|    [0;34;40mvalidate/loss_epoch[0m     |   [0;32;40m1.1207680702209473[0m   |
|     [0;34;40mvalidate/pred_loss[0m     |  [0;32;40m0.035008952021598816[0m  |
|  [0;34;40mvalidate/pred_loss_epoch[0m  |  [0;32;40m0.035008952021598816[0m  |
|    [0;34;40mvalidate/probe_loss[0m     |  [0;32;40m0.08954539895057678[0m   |
| [0;34;40mvalidate/probe_loss_epoch[0m  |  [0;32;40m0.08954539895057678[0m   |
|    [0;34;40mvalidate/sigreg_loss[0m    |   [0;32;40m2.1137704849243164[0m   |
| [0;34;40mvalidate/sigreg_loss_epoch[0m |   [0;32;40m2.1137704849243164[0m   |
+----------------------------+------------------------+
[Epoch 12/20] done in 128.2s
03:13:11 | INFO  | checkpoint_~|   Checking for non PyTorch modules to save
03:13:11 | INFO  | atomic_chec~| [atomic_save] → /data1/likun-share/junjxu/.cache_stable-pretraining/runs/20260608/024443/e790978db841/checkpoints/epoch=12-step=2639.ckpt
03:13:12 | INFO  | atomic_chec~| [atomic_save] ✓ epoch=12-step=2639.ckpt saved (206.8 MiB, serialise=0.34s write=0.25s rename=0.0ms)
03:13:12 | INFO  | checkpoint_~|   Checking for non PyTorch modules to save
03:13:12 | INFO  | atomic_chec~| [atomic_save] → /data1/likun-share/junjxu/.cache_stable-pretraining/runs/20260608/024443/e790978db841/checkpoints/last.ckpt
03:13:13 | INFO  | atomic_chec~| [atomic_save] ✓ last.ckpt saved (206.8 MiB, serialise=0.34s write=0.22s rename=25.5ms)
[Epoch 13/20] step 50/203 (1.7 it/s)
[Epoch 13/20] step 100/203 (1.7 it/s)
[Epoch 13/20] step 150/203 (1.7 it/s)
[Epoch 13/20] step 200/203 (1.7 it/s)
03:15:20 | INFO  | trainer_inf~| \n+----------------------------+------------------------+
|           Metric           |         Value          |
+----------------------------+------------------------+
|          [0;34;40mfit/loss[0m          |   [0;32;40m1.0954813957214355[0m   |
|       [0;34;40mfit/pred_loss[0m        |  [0;32;40m0.03589329868555069[0m   |
|       [0;34;40mfit/probe_loss[0m       |  [0;32;40m0.09238459169864655[0m   |
|      [0;34;40mfit/sigreg_loss[0m       |       [0;32;40m1.5078125[0m        |
|    [0;34;40mhardware/cpu_percent[0m    |   [0;32;40m46.099998474121094[0m   |
|  [0;34;40mhardware/disk_read_mb_s[0m   |          [0;32;40m0.0[0m           |
|  [0;34;40mhardware/disk_write_mb_s[0m  |   [0;32;40m112.64814758300781[0m   |
|   [0;34;40mhardware/net_recv_mb_s[0m   |  [0;32;40m0.006391837261617184[0m  |
|   [0;34;40mhardware/net_sent_mb_s[0m   |  [0;32;40m0.04304724186658859[0m   |
|    [0;34;40mhardware/ram_used_gb[0m    |   [0;32;40m328.7220764160156[0m    |
|   [0;34;40mhardware/ram_used_pct[0m    |   [0;32;40m32.599998474121094[0m   |
|    [0;34;40mhparams/lr_default_0[0m    | [0;32;40m1.0495683454792015e-05[0m |
|       [0;34;40mvalidate/loss[0m        |   [0;32;40m1.079303503036499[0m    |
|    [0;34;40mvalidate/loss_epoch[0m     |   [0;32;40m1.079303503036499[0m    |
|     [0;34;40mvalidate/pred_loss[0m     |  [0;32;40m0.03383254259824753[0m   |
|  [0;34;40mvalidate/pred_loss_epoch[0m  |  [0;32;40m0.03383254259824753[0m   |
|    [0;34;40mvalidate/probe_loss[0m     |  [0;32;40m0.08579963445663452[0m   |
| [0;34;40mvalidate/probe_loss_epoch[0m  |  [0;32;40m0.08579963445663452[0m   |
|    [0;34;40mvalidate/sigreg_loss[0m    |   [0;32;40m2.084571123123169[0m    |
| [0;34;40mvalidate/sigreg_loss_epoch[0m |   [0;32;40m2.084571123123169[0m    |
+----------------------------+------------------------+
[Epoch 13/20] done in 127.5s
03:15:20 | INFO  | checkpoint_~|   Checking for non PyTorch modules to save
03:15:20 | INFO  | atomic_chec~| [atomic_save] → /data1/likun-share/junjxu/.cache_stable-pretraining/runs/20260608/024443/e790978db841/checkpoints/epoch=13-step=2842.ckpt
03:15:21 | INFO  | atomic_chec~| [atomic_save] ✓ epoch=13-step=2842.ckpt saved (206.8 MiB, serialise=0.44s write=0.29s rename=0.1ms)
03:15:21 | INFO  | checkpoint_~|   Checking for non PyTorch modules to save
03:15:21 | INFO  | atomic_chec~| [atomic_save] → /data1/likun-share/junjxu/.cache_stable-pretraining/runs/20260608/024443/e790978db841/checkpoints/last.ckpt
03:15:22 | INFO  | atomic_chec~| [atomic_save] ✓ last.ckpt saved (206.8 MiB, serialise=0.40s write=0.28s rename=57.6ms)
[Epoch 14/20] step 50/203 (1.6 it/s)
[Epoch 14/20] step 100/203 (1.7 it/s)
[Epoch 14/20] step 150/203 (1.7 it/s)
[Epoch 14/20] step 200/203 (1.7 it/s)
03:17:28 | INFO  | trainer_inf~| \n+----------------------------+-----------------------+
|           Metric           |         Value         |
+----------------------------+-----------------------+
|          [0;34;40mfit/loss[0m          |   [0;32;40m0.9495046734809875[0m  |
|       [0;34;40mfit/pred_loss[0m        |  [0;32;40m0.03721674159169197[0m  |
|       [0;34;40mfit/probe_loss[0m       |  [0;32;40m0.07775223255157471[0m  |
|      [0;34;40mfit/sigreg_loss[0m       |       [0;32;40m1.4921875[0m       |
|    [0;34;40mhardware/cpu_percent[0m    |   [0;32;40m44.70000076293945[0m   |
|  [0;34;40mhardware/disk_read_mb_s[0m   |          [0;32;40m0.0[0m          |
|  [0;34;40mhardware/disk_write_mb_s[0m  |   [0;32;40m139.2598419189453[0m   |
|   [0;34;40mhardware/net_recv_mb_s[0m   |  [0;32;40m0.02712961658835411[0m  |
|   [0;34;40mhardware/net_sent_mb_s[0m   |  [0;32;40m0.01690502278506756[0m  |
|    [0;34;40mhardware/ram_used_gb[0m    |   [0;32;40m311.9263916015625[0m   |
|   [0;34;40mhardware/ram_used_pct[0m    |          [0;32;40m31.0[0m         |
|    [0;34;40mhparams/lr_default_0[0m    | [0;32;40m7.461018412868725e-06[0m |
|       [0;34;40mvalidate/loss[0m        |   [0;32;40m1.0556360483169556[0m  |
|    [0;34;40mvalidate/loss_epoch[0m     |   [0;32;40m1.0556360483169556[0m  |
|     [0;34;40mvalidate/pred_loss[0m     |  [0;32;40m0.034546952694654465[0m |
|  [0;34;40mvalidate/pred_loss_epoch[0m  |  [0;32;40m0.034546952694654465[0m |
|    [0;34;40mvalidate/probe_loss[0m     |  [0;32;40m0.08382002264261246[0m  |
| [0;34;40mvalidate/probe_loss_epoch[0m  |  [0;32;40m0.08382002264261246[0m  |
|    [0;34;40mvalidate/sigreg_loss[0m    |   [0;32;40m2.0313282012939453[0m  |
| [0;34;40mvalidate/sigreg_loss_epoch[0m |   [0;32;40m2.0313282012939453[0m  |
+----------------------------+-----------------------+
[Epoch 14/20] done in 126.8s
03:17:29 | INFO  | checkpoint_~|   Checking for non PyTorch modules to save
03:17:29 | INFO  | atomic_chec~| [atomic_save] → /data1/likun-share/junjxu/.cache_stable-pretraining/runs/20260608/024443/e790978db841/checkpoints/epoch=14-step=3045.ckpt
03:17:29 | INFO  | atomic_chec~| [atomic_save] ✓ epoch=14-step=3045.ckpt saved (206.8 MiB, serialise=0.32s write=0.22s rename=0.0ms)
03:17:29 | INFO  | checkpoint_~|   Checking for non PyTorch modules to save
03:17:29 | INFO  | atomic_chec~| [atomic_save] → /data1/likun-share/junjxu/.cache_stable-pretraining/runs/20260608/024443/e790978db841/checkpoints/last.ckpt
03:17:30 | INFO  | atomic_chec~| [atomic_save] ✓ last.ckpt saved (206.8 MiB, serialise=0.31s write=0.22s rename=27.9ms)
[Epoch 15/20] step 50/203 (1.6 it/s)
[Epoch 15/20] step 100/203 (1.7 it/s)
[Epoch 15/20] step 150/203 (1.7 it/s)
[Epoch 15/20] step 200/203 (1.7 it/s)
03:19:37 | INFO  | trainer_inf~| \n+----------------------------+-----------------------+
|           Metric           |         Value         |
+----------------------------+-----------------------+
|          [0;34;40mfit/loss[0m          |   [0;32;40m0.9759901762008667[0m  |
|       [0;34;40mfit/pred_loss[0m        |  [0;32;40m0.038797635585069656[0m |
|       [0;34;40mfit/probe_loss[0m       |  [0;32;40m0.08063331991434097[0m  |
|      [0;34;40mfit/sigreg_loss[0m       |        [0;32;40m1.453125[0m       |
|    [0;34;40mhardware/cpu_percent[0m    |          [0;32;40m45.5[0m         |
|  [0;34;40mhardware/disk_read_mb_s[0m   |          [0;32;40m0.0[0m          |
|  [0;34;40mhardware/disk_write_mb_s[0m  |   [0;32;40m44.694732666015625[0m  |
|   [0;34;40mhardware/net_recv_mb_s[0m   |  [0;32;40m0.00739673338830471[0m  |
|   [0;34;40mhardware/net_sent_mb_s[0m   |  [0;32;40m0.04194825515151024[0m  |
|    [0;34;40mhardware/ram_used_gb[0m    |   [0;32;40m194.14193725585938[0m  |
|   [0;34;40mhardware/ram_used_pct[0m    |   [0;32;40m19.299999237060547[0m  |
|    [0;34;40mhparams/lr_default_0[0m    | [0;32;40m4.866839390160749e-06[0m |
|       [0;34;40mvalidate/loss[0m        |   [0;32;40m1.0341312885284424[0m  |
|    [0;34;40mvalidate/loss_epoch[0m     |   [0;32;40m1.0341312885284424[0m  |
|     [0;34;40mvalidate/pred_loss[0m     |  [0;32;40m0.035824213176965714[0m |
|  [0;34;40mvalidate/pred_loss_epoch[0m  |  [0;32;40m0.035824213176965714[0m |
|    [0;34;40mvalidate/probe_loss[0m     |  [0;32;40m0.08182591944932938[0m  |
| [0;34;40mvalidate/probe_loss_epoch[0m  |  [0;32;40m0.08182591944932938[0m  |
|    [0;34;40mvalidate/sigreg_loss[0m    |   [0;32;40m2.000908136367798[0m   |
| [0;34;40mvalidate/sigreg_loss_epoch[0m |   [0;32;40m2.000908136367798[0m   |
+----------------------------+-----------------------+
[Epoch 15/20] done in 127.3s
03:19:37 | INFO  | checkpoint_~|   Checking for non PyTorch modules to save
03:19:37 | INFO  | atomic_chec~| [atomic_save] → /data1/likun-share/junjxu/.cache_stable-pretraining/runs/20260608/024443/e790978db841/checkpoints/epoch=15-step=3248.ckpt
03:19:38 | INFO  | atomic_chec~| [atomic_save] ✓ epoch=15-step=3248.ckpt saved (206.8 MiB, serialise=0.29s write=0.22s rename=0.0ms)
03:19:38 | INFO  | checkpoint_~|   Checking for non PyTorch modules to save
03:19:38 | INFO  | atomic_chec~| [atomic_save] → /data1/likun-share/junjxu/.cache_stable-pretraining/runs/20260608/024443/e790978db841/checkpoints/last.ckpt
03:19:38 | INFO  | atomic_chec~| [atomic_save] ✓ last.ckpt saved (206.8 MiB, serialise=0.28s write=0.25s rename=27.2ms)
[Epoch 16/20] step 50/203 (1.5 it/s)
[Epoch 16/20] step 100/203 (1.6 it/s)
[Epoch 16/20] step 150/203 (1.6 it/s)
[Epoch 16/20] step 200/203 (1.6 it/s)
03:21:49 | INFO  | trainer_inf~| \n+----------------------------+------------------------+
|           Metric           |         Value          |
+----------------------------+------------------------+
|          [0;34;40mfit/loss[0m          |   [0;32;40m1.0019314289093018[0m   |
|       [0;34;40mfit/pred_loss[0m        |  [0;32;40m0.037970561534166336[0m  |
|       [0;34;40mfit/probe_loss[0m       |  [0;32;40m0.08282186836004257[0m   |
|      [0;34;40mfit/sigreg_loss[0m       |       [0;32;40m1.5078125[0m        |
|    [0;34;40mhardware/cpu_percent[0m    |          [0;32;40m21.5[0m          |
|  [0;34;40mhardware/disk_read_mb_s[0m   |          [0;32;40m0.0[0m           |
|  [0;34;40mhardware/disk_write_mb_s[0m  |   [0;32;40m52.489707946777344[0m   |
|   [0;34;40mhardware/net_recv_mb_s[0m   |  [0;32;40m0.007070223800837994[0m  |
|   [0;34;40mhardware/net_sent_mb_s[0m   |  [0;32;40m0.04286310449242592[0m   |
|    [0;34;40mhardware/ram_used_gb[0m    |   [0;32;40m188.09304809570312[0m   |
|   [0;34;40mhardware/ram_used_pct[0m    |   [0;32;40m18.700000762939453[0m   |
|    [0;34;40mhparams/lr_default_0[0m    | [0;32;40m2.7783000859926688e-06[0m |
|       [0;34;40mvalidate/loss[0m        |   [0;32;40m1.0375585556030273[0m   |
|    [0;34;40mvalidate/loss_epoch[0m     |   [0;32;40m1.0375585556030273[0m   |
|     [0;34;40mvalidate/pred_loss[0m     |   [0;32;40m0.0358755886554718[0m   |
|  [0;34;40mvalidate/pred_loss_epoch[0m  |   [0;32;40m0.0358755886554718[0m   |
|    [0;34;40mvalidate/probe_loss[0m     |  [0;32;40m0.08194664865732193[0m   |
| [0;34;40mvalidate/probe_loss_epoch[0m  |  [0;32;40m0.08194664865732193[0m   |
|    [0;34;40mvalidate/sigreg_loss[0m    |   [0;32;40m2.0244669914245605[0m   |
| [0;34;40mvalidate/sigreg_loss_epoch[0m |   [0;32;40m2.0244669914245605[0m   |
+----------------------------+------------------------+
[Epoch 16/20] done in 130.5s
03:21:49 | INFO  | checkpoint_~|   Checking for non PyTorch modules to save
03:21:49 | INFO  | atomic_chec~| [atomic_save] → /data1/likun-share/junjxu/.cache_stable-pretraining/runs/20260608/024443/e790978db841/checkpoints/epoch=16-step=3451.ckpt
03:21:49 | INFO  | atomic_chec~| [atomic_save] ✓ epoch=16-step=3451.ckpt saved (206.8 MiB, serialise=0.26s write=0.22s rename=0.0ms)
03:21:49 | INFO  | checkpoint_~|   Checking for non PyTorch modules to save
03:21:49 | INFO  | atomic_chec~| [atomic_save] → /data1/likun-share/junjxu/.cache_stable-pretraining/runs/20260608/024443/e790978db841/checkpoints/last.ckpt
03:21:50 | INFO  | atomic_chec~| [atomic_save] ✓ last.ckpt saved (206.8 MiB, serialise=0.26s write=0.22s rename=23.9ms)
[Epoch 17/20] step 50/203 (1.6 it/s)
[Epoch 17/20] step 100/203 (1.6 it/s)
[Epoch 17/20] step 150/203 (1.6 it/s)
[Epoch 17/20] step 200/203 (1.6 it/s)
03:24:02 | INFO  | trainer_inf~| \n+----------------------------+-----------------------+
|           Metric           |         Value         |
+----------------------------+-----------------------+
|          [0;34;40mfit/loss[0m          |   [0;32;40m1.079589605331421[0m   |
|       [0;34;40mfit/pred_loss[0m        |  [0;32;40m0.03433449566364288[0m  |
|       [0;34;40mfit/probe_loss[0m       |  [0;32;40m0.09163488447666168[0m  |
|      [0;34;40mfit/sigreg_loss[0m       |         [0;32;40m1.4375[0m        |
|    [0;34;40mhardware/cpu_percent[0m    |   [0;32;40m21.200000762939453[0m  |
|  [0;34;40mhardware/disk_read_mb_s[0m   |          [0;32;40m0.0[0m          |
|  [0;34;40mhardware/disk_write_mb_s[0m  |   [0;32;40m53.65299987792969[0m   |
|   [0;34;40mhardware/net_recv_mb_s[0m   |  [0;32;40m0.004931625444442034[0m |
|   [0;34;40mhardware/net_sent_mb_s[0m   |  [0;32;40m0.005540533922612667[0m |
|    [0;34;40mhardware/ram_used_gb[0m    |   [0;32;40m188.64144897460938[0m  |
|   [0;34;40mhardware/ram_used_pct[0m    |   [0;32;40m18.700000762939453[0m  |
|    [0;34;40mhparams/lr_default_0[0m    | [0;32;40m1.247852651431458e-06[0m |
|       [0;34;40mvalidate/loss[0m        |   [0;32;40m1.0271543264389038[0m  |
|    [0;34;40mvalidate/loss_epoch[0m     |   [0;32;40m1.0271543264389038[0m  |
|     [0;34;40mvalidate/pred_loss[0m     |  [0;32;40m0.03630382940173149[0m  |
|  [0;34;40mvalidate/pred_loss_epoch[0m  |  [0;32;40m0.03630382940173149[0m  |
|    [0;34;40mvalidate/probe_loss[0m     |  [0;32;40m0.08115658909082413[0m  |
| [0;34;40mvalidate/probe_loss_epoch[0m  |  [0;32;40m0.08115658909082413[0m  |
|    [0;34;40mvalidate/sigreg_loss[0m    |   [0;32;40m1.9920419454574585[0m  |
| [0;34;40mvalidate/sigreg_loss_epoch[0m |   [0;32;40m1.9920419454574585[0m  |
+----------------------------+-----------------------+
[Epoch 17/20] done in 132.2s
03:24:02 | INFO  | checkpoint_~|   Checking for non PyTorch modules to save
03:24:02 | INFO  | atomic_chec~| [atomic_save] → /data1/likun-share/junjxu/.cache_stable-pretraining/runs/20260608/024443/e790978db841/checkpoints/epoch=17-step=3654.ckpt
03:24:02 | INFO  | atomic_chec~| [atomic_save] ✓ epoch=17-step=3654.ckpt saved (206.8 MiB, serialise=0.26s write=0.22s rename=0.0ms)
03:24:02 | INFO  | checkpoint_~|   Checking for non PyTorch modules to save
03:24:02 | INFO  | atomic_chec~| [atomic_save] → /data1/likun-share/junjxu/.cache_stable-pretraining/runs/20260608/024443/e790978db841/checkpoints/last.ckpt
03:24:03 | INFO  | atomic_chec~| [atomic_save] ✓ last.ckpt saved (206.8 MiB, serialise=0.25s write=0.22s rename=23.8ms)
[Epoch 18/20] step 50/203 (1.6 it/s)
[Epoch 18/20] step 100/203 (1.6 it/s)
[Epoch 18/20] step 150/203 (1.6 it/s)
[Epoch 18/20] step 200/203 (1.6 it/s)
03:26:13 | INFO  | trainer_inf~| \n+----------------------------+------------------------+
|           Metric           |         Value          |
+----------------------------+------------------------+
|          [0;34;40mfit/loss[0m          |   [0;32;40m0.9901495575904846[0m   |
|       [0;34;40mfit/pred_loss[0m        |  [0;32;40m0.037686873227357864[0m  |
|       [0;34;40mfit/probe_loss[0m       |  [0;32;40m0.08279509842395782[0m   |
|      [0;34;40mfit/sigreg_loss[0m       |       [0;32;40m1.3828125[0m        |
|    [0;34;40mhardware/cpu_percent[0m    |          [0;32;40m21.5[0m          |
|  [0;34;40mhardware/disk_read_mb_s[0m   |          [0;32;40m0.0[0m           |
|  [0;34;40mhardware/disk_write_mb_s[0m  |    [0;32;40m89.4346923828125[0m    |
|   [0;34;40mhardware/net_recv_mb_s[0m   |  [0;32;40m0.006394912954419851[0m  |
|   [0;34;40mhardware/net_sent_mb_s[0m   |  [0;32;40m0.042081210762262344[0m  |
|    [0;34;40mhardware/ram_used_gb[0m    |   [0;32;40m188.24456787109375[0m   |
|   [0;34;40mhardware/ram_used_pct[0m    |   [0;32;40m18.700000762939453[0m   |
|    [0;34;40mhparams/lr_default_0[0m    | [0;32;40m3.1393423682857247e-07[0m |
|       [0;34;40mvalidate/loss[0m        |   [0;32;40m1.0165016651153564[0m   |
|    [0;34;40mvalidate/loss_epoch[0m     |   [0;32;40m1.0165016651153564[0m   |
|     [0;34;40mvalidate/pred_loss[0m     |  [0;32;40m0.036209434270858765[0m  |
|  [0;34;40mvalidate/pred_loss_epoch[0m  |  [0;32;40m0.036209434270858765[0m  |
|    [0;34;40mvalidate/probe_loss[0m     |  [0;32;40m0.08036203682422638[0m   |
| [0;34;40mvalidate/probe_loss_epoch[0m  |  [0;32;40m0.08036203682422638[0m   |
|    [0;34;40mvalidate/sigreg_loss[0m    |   [0;32;40m1.962638020515442[0m    |
| [0;34;40mvalidate/sigreg_loss_epoch[0m |   [0;32;40m1.962638020515442[0m    |
+----------------------------+------------------------+
[Epoch 18/20] done in 129.8s
03:26:13 | INFO  | checkpoint_~|   Checking for non PyTorch modules to save
03:26:13 | INFO  | atomic_chec~| [atomic_save] → /data1/likun-share/junjxu/.cache_stable-pretraining/runs/20260608/024443/e790978db841/checkpoints/epoch=18-step=3857.ckpt
03:26:13 | INFO  | atomic_chec~| [atomic_save] ✓ epoch=18-step=3857.ckpt saved (206.8 MiB, serialise=0.26s write=0.21s rename=0.0ms)
03:26:13 | INFO  | checkpoint_~|   Checking for non PyTorch modules to save
03:26:13 | INFO  | atomic_chec~| [atomic_save] → /data1/likun-share/junjxu/.cache_stable-pretraining/runs/20260608/024443/e790978db841/checkpoints/last.ckpt
03:26:14 | INFO  | atomic_chec~| [atomic_save] ✓ last.ckpt saved (206.8 MiB, serialise=0.26s write=0.22s rename=24.3ms)
[Epoch 19/20] step 50/203 (1.6 it/s)
[Epoch 19/20] step 100/203 (1.6 it/s)
[Epoch 19/20] step 150/203 (1.6 it/s)
[Epoch 19/20] step 200/203 (1.7 it/s)
03:28:19 | INFO  | trainer_inf~| \n+----------------------------+----------------------+
|           Metric           |        Value         |
+----------------------------+----------------------+
|          [0;34;40mfit/loss[0m          |  [0;32;40m0.9367864727973938[0m  |
|       [0;34;40mfit/pred_loss[0m        | [0;32;40m0.039506714791059494[0m |
|       [0;34;40mfit/probe_loss[0m       | [0;32;40m0.07683734595775604[0m  |
|      [0;34;40mfit/sigreg_loss[0m       |        [0;32;40m1.4375[0m        |
|    [0;34;40mhardware/cpu_percent[0m    |         [0;32;40m23.0[0m         |
|  [0;34;40mhardware/disk_read_mb_s[0m   |         [0;32;40m0.0[0m          |
|  [0;34;40mhardware/disk_write_mb_s[0m  |  [0;32;40m54.538082122802734[0m  |
|   [0;34;40mhardware/net_recv_mb_s[0m   | [0;32;40m0.005887237843126059[0m |
|   [0;34;40mhardware/net_sent_mb_s[0m   |  [0;32;40m0.0418512299656868[0m  |
|    [0;34;40mhardware/ram_used_gb[0m    |  [0;32;40m174.49981689453125[0m  |
|   [0;34;40mhardware/ram_used_pct[0m    |  [0;32;40m17.299999237060547[0m  |
|    [0;34;40mhparams/lr_default_0[0m    |         [0;32;40m0.0[0m          |
|       [0;34;40mvalidate/loss[0m        |  [0;32;40m1.0171703100204468[0m  |
|    [0;34;40mvalidate/loss_epoch[0m     |  [0;32;40m1.0171703100204468[0m  |
|     [0;34;40mvalidate/pred_loss[0m     | [0;32;40m0.03611518070101738[0m  |
|  [0;34;40mvalidate/pred_loss_epoch[0m  | [0;32;40m0.03611518070101738[0m  |
|    [0;34;40mvalidate/probe_loss[0m     | [0;32;40m0.08029451966285706[0m  |
| [0;34;40mvalidate/probe_loss_epoch[0m  | [0;32;40m0.08029451966285706[0m  |
|    [0;34;40mvalidate/sigreg_loss[0m    |  [0;32;40m1.9780582189559937[0m  |
| [0;34;40mvalidate/sigreg_loss_epoch[0m |  [0;32;40m1.9780582189559937[0m  |
+----------------------------+----------------------+
[Epoch 19/20] done in 125.5s
03:28:19 | INFO  | checkpoint_~|   Checking for non PyTorch modules to save
03:28:19 | INFO  | atomic_chec~| [atomic_save] → /data1/likun-share/junjxu/.cache_stable-pretraining/runs/20260608/024443/e790978db841/checkpoints/epoch=19-step=4060.ckpt
03:28:20 | INFO  | atomic_chec~| [atomic_save] ✓ epoch=19-step=4060.ckpt saved (206.8 MiB, serialise=0.26s write=0.21s rename=0.0ms)
03:28:20 | INFO  | checkpoint_~|   Checking for non PyTorch modules to save
03:28:20 | INFO  | atomic_chec~| [atomic_save] → /data1/likun-share/junjxu/.cache_stable-pretraining/runs/20260608/024443/e790978db841/checkpoints/last.ckpt
03:28:20 | INFO  | atomic_chec~| [atomic_save] ✓ last.ckpt saved (206.8 MiB, serialise=0.26s write=0.21s rename=25.1ms)
`Trainer.fit` stopped: `max_epochs=20` reached.
Epoch 19/19 ━━━━━━━━━━━━━━━━━━━━━━━━━━━━━━━ 203/203 0:01:59 • 0:00:00 2.04it/s 
03:28:21 | INFO  | utils.py    | ── SignalHandlers (after Trainer.fit() returned) ──
03:28:21 | INFO  | manager.py  |   SIGUSR1  → SIG_DFL (default OS action — terminate process)
03:28:21 | INFO  | manager.py  |   SIGUSR2  → SIG_DFL (default OS action — terminate process)
03:28:21 | INFO  | manager.py  |   SIGCONT  → SIG_DFL (default OS action — terminate process)
03:28:21 | INFO  | manager.py  |   SIGTERM  → SIG_DFL (default OS action — terminate process)
