01:58:46 | INFO  | __init__.py | PyTorch version 2.9.1+cu128 available.
01:58:46 | INFO  | __init__.py | JAX version 0.6.2 available.
01:58:49 | INFO  | atomic_chec~| [atomic_save] installed crash-safe checkpoint plugin (write to sibling .tmp + fsync + atomic rename)
[2026-06-08 01:59:01,977][root][INFO] - Cached 'pixels' from '/data1/likun-share/junjxu/.stable_worldmodel/datasets/phyworld_uniform_motion_id1k.h5'
[2026-06-08 01:59:01,979][root][INFO] - Cached 'action' from '/data1/likun-share/junjxu/.stable_worldmodel/datasets/phyworld_uniform_motion_id1k.h5'
[2026-06-08 01:59:01,979][root][INFO] - Cached 'proprio' from '/data1/likun-share/junjxu/.stable_worldmodel/datasets/phyworld_uniform_motion_id1k.h5'
01:59:02 | INFO  | utils.py    | Created ViT-tiny from scratch with config: {'hidden_size': 192, 'num_hidden_layers': 12, 'num_attention_heads': 3, 'intermediate_size': 768, 'image_size': 224, 'patch_size': 14}
[init_from_ckpt] /data1/likun-share/junjxu/.stable_worldmodel/lewm_paper_pusht/weights.pt
[init_from_ckpt] prefixes=('encoder.', 'projector.', 'pred_proj.') loaded=216 unexpected=0 missing=89
01:59:02 | INFO  | module.py   | Setting up DataModule
01:59:02 | INFO  | utils.py    | ── Module ────────────────────────────────────────
01:59:02 | WARN  | module.py   | ! No hyperparameters provided - hyperparameter logging is disabled.
01:59:02 | INFO  | module.py   |   Setting custom forward method.
01:59:02 | INFO  | module.py   |   Setting attribute: self.model = <class 'jepa.JEPA'>
01:59:02 | INFO  | module.py   |   Setting attribute: self.sigreg = <class 'module.SIGReg'>
01:59:02 | INFO  | module.py   |   Setting attribute: self.optim = <class 'dict'>
01:59:02 | INFO  | module.py   |   No metrics configuration provided - automatic metric tracking is disabled.
/home/likun-share/junjxu/wm/le-wm/.venv/lib/python3.10/site-packages/lightning/fabric/connector.py:571: `precision=bf16` is supported for historical reasons but its usage is discouraged. Please set your precision to bf16-mixed instead!
Using bfloat16 Automatic Mixed Precision (AMP)
01:59:02 | INFO  | env_info.py |   EnvironmentDumpCallback initialized (filename=environment.json, async=True)
01:59:02 | INFO  | utils.py    | ── HuggingFaceCheckpoint ─────────────────────────
01:59:02 | INFO  | hf_models.py|   save_dir: <cyan>hf_exports</cyan>
01:59:02 | INFO  | hf_models.py|   per_step: <cyan>False</cyan>  (False ⇒ overwrite single 'last/' subdir; True ⇒ keep step_N/)
Adding 14 callbacks from entry point 'stablepretraining_callbacks': PrintProgressBar, ModuleRegistryCallback, LoggingCallback, EnvironmentDumpCallback, TrainerInfo, SklearnCheckpoint, WandbCheckpoint, TrackioCheckpoint, SwanLabCheckpoint, ModuleSummary, SLURMInfo, LogUnusedParametersOnce, HuggingFaceCheckpointCallback, HardwareMonitor
GPU available: True (cuda), used: True
TPU available: False, using: 0 TPU cores
💡 Tip: For seamless cloud logging and experiment tracking, try installing [litlogger](https://pypi.org/project/litlogger/) to enable LitLogger, which logs metrics and artifacts automatically to the Lightning Experiments platform.
01:59:02 | INFO  | utils.py    | ── SIGTERM preempt handler — install ─────────────
01:59:02 | INFO  | manager.py  |   SLURM_JOB_ID         = None
01:59:02 | INFO  | manager.py  |   SLURM_RESTART_COUNT  = '0'
01:59:02 | INFO  | manager.py  |   SLURM_PROCID         = '?'
01:59:02 | INFO  | manager.py  |   SLURM_NODEID         = '?'
01:59:02 | INFO  | manager.py  |   → not under SLURM (SLURM_JOB_ID unset); leaving SIGTERM handler as-is. Forwarding to submitit's USR signal would be a no-op since submitit isn't running upstream.
01:59:02 | WARN  | manager.py  | User didn't specify seed, runs won't be exactly reproducible!
01:59:02 | INFO  | manager.py  |   Manager init: ckpt_path=None, weights_only=True
01:59:02 | INFO  | utils.py    | ── WorkingDirectory ──────────────────────────────
01:59:02 | INFO  | manager.py  |   cwd: /home/likun-share/junjxu/wm/le-wm
01:59:02 | INFO  | utils.py    | ── Seed ──────────────────────────────────────────
01:59:02 | INFO  | manager.py  |   seed: None
/home/likun-share/junjxu/wm/le-wm/.venv/lib/python3.10/site-packages/lightning/fabric/utilities/seed.py:44: No seed found, seed set to 0
Seed set to 0
01:59:02 | INFO  | utils.py    | ── RunDirectory ──────────────────────────────────
01:59:02 | INFO  | manager.py  |   cache_dir = /data1/likun-share/junjxu/.cache_stable-pretraining
01:59:02 | INFO  | manager.py  |   ddp: launch_key=(single-process) rank=0 is_rank_zero=True
01:59:02 | INFO  | utils.py    | ── RunDirectory: requeue probe ───────────────────
01:59:02 | INFO  | manager.py  |   SLURM session key   = (no SLURM)
01:59:02 | INFO  | manager.py  |   SLURM_RESTART_COUNT = 0
01:59:02 | INFO  | manager.py  |   in_requeue          = False
01:59:02 | INFO  | utils.py    | ── RunDirectory: fresh ───────────────────────────
01:59:02 | INFO  | manager.py  |   no user ckpt_path — training from scratch / pretrained backbone.
01:59:02 | INFO  | manager.py  |   created run_dir = /data1/likun-share/junjxu/.cache_stable-pretraining/runs/20260608/015902/59cf8d4b471c
01:59:02 | INFO  | manager.py  |   wrote run_meta.json with run_id=59cf8d4b471c
01:59:02 | INFO  | manager.py  |   SLURM index = (no SLURM, skipped)
01:59:02 | WARN  | manager.py  | ! cache_dir is set but the Trainer was passed as an already-instantiated object. Cannot override default_root_dir cleanly. Consider passing the trainer as a config dict instead.
01:59:02 | WARN  | manager.py  | ! Hydra run.dir='outputs/2026-06-08/01-58-49' will be ignored for trainer outputs (cache_dir takes precedence).
01:59:02 | WARN  | manager.py  | ! Hydra sweep.dir='multirun/2026-06-08/01-58-49' will be ignored for trainer outputs (cache_dir takes precedence).
01:59:02 | INFO  | logger.py   | [RegistryLogger] run_id=59cf8d4b471c run_dir=/data1/likun-share/junjxu/.cache_stable-pretraining/runs/20260608/015902/59cf8d4b471c — sidecar.json + summary.json + metrics.csv will live here
01:59:02 | INFO  | utils.py    | ── RegistryLogger ────────────────────────────────
01:59:02 | INFO  | manager.py  |   run_dir: /data1/likun-share/junjxu/.cache_stable-pretraining/runs/20260608/015902/59cf8d4b471c
01:59:02 | INFO  | manager.py  |   run_id:  59cf8d4b471c
01:59:02 | INFO  | utils.py    | ── CSVLogger ─────────────────────────────────────
01:59:02 | INFO  | manager.py  |   root_dir: /data1/likun-share/junjxu/.cache_stable-pretraining/runs/20260608/015902/59cf8d4b471c/
01:59:02 | INFO  | manager.py  |   save_dir: /data1/likun-share/junjxu/.cache_stable-pretraining/runs/20260608/015902/59cf8d4b471c
01:59:02 | INFO  | manager.py  |   log_dir: /data1/likun-share/junjxu/.cache_stable-pretraining/runs/20260608/015902/59cf8d4b471c/
01:59:02 | INFO  | utils.py    | ── SignalHandlers (after submitit setup (spt SIGTERM installed in __init__)) ──
01:59:02 | INFO  | manager.py  |   SIGUSR1  → SIG_DFL (default OS action — terminate process)
01:59:02 | INFO  | manager.py  |   SIGUSR2  → SIG_DFL (default OS action — terminate process)
01:59:02 | INFO  | manager.py  |   SIGCONT  → SIG_DFL (default OS action — terminate process)
01:59:02 | INFO  | manager.py  |   SIGTERM  → SIG_DFL (default OS action — terminate process)
01:59:02 | INFO  | utils.py    | ── Callbacks ─────────────────────────────────────
01:59:02 | INFO  | manager.py  |   count: 19
01:59:02 | INFO  | utils.py    | ── CacheDirCheckpointing ─────────────────────────
01:59:02 | INFO  | manager.py  |   Saving checkpoints to: /data1/likun-share/junjxu/.cache_stable-pretraining/runs/20260608/015902/59cf8d4b471c/checkpoints
01:59:02 | WARN  | manager.py  |   Redirecting HuggingFaceCheckpointCallback from 'hf_exports' to '/data1/likun-share/junjxu/.cache_stable-pretraining/runs/20260608/015902/59cf8d4b471c/hf_exports' (cache_dir is active — prevents races on a shared cache)
01:59:02 | INFO  | manager.py  |   Added requeue checkpoint (filename='last')
01:59:02 | INFO  | utils.py    | ── LoadPath resolution ───────────────────────────
01:59:02 | INFO  | manager.py  |   in_requeue = False
01:59:02 | INFO  | manager.py  |   user ckpt_path = None
01:59:02 | INFO  | manager.py  |   user weights_only = True
01:59:02 | INFO  | manager.py  |   → no ckpt_path; training from scratch.
01:59:02 | INFO  | utils.py    | ── TrainerFit ────────────────────────────────────
01:59:02 | INFO  | manager.py  |   ckpt_path:     None
01:59:02 | INFO  | manager.py  |   weights_only:  None
01:59:02 | INFO  | utils.py    | ── SignalHandlers (before Trainer.fit() (handler installed in __init__)) ──
01:59:02 | INFO  | manager.py  |   SIGUSR1  → SIG_DFL (default OS action — terminate process)
01:59:02 | INFO  | manager.py  |   SIGUSR2  → SIG_DFL (default OS action — terminate process)
01:59:02 | INFO  | manager.py  |   SIGCONT  → SIG_DFL (default OS action — terminate process)
01:59:02 | INFO  | manager.py  |   SIGTERM  → SIG_DFL (default OS action — terminate process)
01:59:02 | INFO  | manager.py  |   → entering Trainer.fit(); lightning's _SignalConnector will now register its own handlers. SIGTERM will become _HandlersCompose([_sigterm_notifier_fn, _sigterm_handler_fn, spt._handler]); USR-sig binding from submitit is preserved (lightning skips USR registration when one already exists).
💡 Tip: For seamless cloud uploads and versioning, try installing [litmodels](https://pypi.org/project/litmodels/) to enable LitModelCheckpoint, which syncs automatically with the Lightning model registry.
You are using a CUDA device ('NVIDIA A800-SXM4-80GB') that has Tensor Cores. To properly utilize them, you should set `torch.set_float32_matmul_precision('medium' | 'high')` which will trade-off precision for performance. For more details, read https://pytorch.org/docs/stable/generated/torch.set_float32_matmul_precision.html#torch.set_float32_matmul_precision
01:59:05 | OK    | module.py   | ✓ dataset for fit loaded
01:59:05 | INFO  | module.py   |   setup was done by user
01:59:05 | INFO  | utils.py    | ── EnvironmentDump ───────────────────────────────
01:59:05 | INFO  | env_info.py |   log_dir: /home/likun-share/.cache/stable-pretraining
01:59:05 | INFO  | env_info.py |   Running environment dump in background thread (non-blocking)
01:59:05 | INFO  | env_info.py |   Collecting environment information...
01:59:05 | OK    | env_info.py | ✓ Python 3.10.12
01:59:05 | OK    | env_info.py | ✓ System: Linux 5.15.0-113-generic (x86_64)
01:59:05 | INFO  | env_info.py |   Hostname: 10-116-90-13
01:59:05 | OK    | env_info.py | ✓ Background thread started successfully
01:59:05 | INFO  | trainer_inf~|   linking trainer to DataModule
01:59:05 | INFO  | utils.py    | ── Callbacks (in order) ──────────────────────────
01:59:05 | INFO  | utils.py    |     [ 0] ModelObjectCallBack
01:59:05 | INFO  | utils.py    |     [ 1] RichProgressBar
01:59:05 | INFO  | utils.py    |     [ 2] RichModelSummary
01:59:05 | INFO  | utils.py    |     [ 3] PrintProgressBar
01:59:05 | INFO  | utils.py    |     [ 4] ModuleRegistryCallback
01:59:05 | INFO  | utils.py    |     [ 5] LoggingCallback
01:59:05 | INFO  | utils.py    |     [ 6] EnvironmentDumpCallback
01:59:05 | INFO  | utils.py    |     [ 7] TrainerInfo
01:59:05 | INFO  | utils.py    |     [ 8] SklearnCheckpoint
01:59:05 | INFO  | utils.py    |     [ 9] WandbCheckpoint
01:59:05 | INFO  | utils.py    |     [10] TrackioCheckpoint
01:59:05 | INFO  | utils.py    |     [11] SwanLabCheckpoint
01:59:05 | INFO  | utils.py    |     [12] ModuleSummary
01:59:05 | INFO  | utils.py    |     [13] SLURMInfo
01:59:05 | INFO  | utils.py    |     [14] LogUnusedParametersOnce
01:59:05 | INFO  | utils.py    |     [15] HuggingFaceCheckpointCallback
01:59:05 | INFO  | utils.py    |     [16] HardwareMonitor
01:59:05 | INFO  | utils.py    |     [17] ModelCheckpoint
01:59:05 | INFO  | utils.py    |     [18] _RunDirCallback
01:59:05 | INFO  | utils.py    |     [19] ModelCheckpoint
01:59:05 | INFO  | utils.py    |   ⚑ marks order-sensitive callbacks; see AGENTS.md → Callback ordering for the full rules.
01:59:05 | INFO  | utils.py    | ── SklearnCheckpoint ─────────────────────────────
01:59:05 | INFO  | checkpoint_~|   Sklearn Modules:
01:59:05 | INFO  | checkpoint_~| 
┏━━━━━━━━━━┳━━━━━━━━┳━━━━━━━━┓
┃ Module   ┃ Name   ┃ Type   ┃
┣━━━━━━━━━━╋━━━━━━━━╋━━━━━━━━┫
┗━━━━━━━━━━┻━━━━━━━━┻━━━━━━━━┛
01:59:05 | INFO  | utils.py    | ── WandbCheckpoint ───────────────────────────────
01:59:05 | INFO  | utils.py    | ── TrackioCheckpoint ─────────────────────────────
01:59:05 | INFO  | utils.py    | ── SwanLabCheckpoint ─────────────────────────────
01:59:05 | INFO  | utils.py    | ── PyTorch Modules ───────────────────────────────
01:59:05 | WARN  | module.py   | ! You are calling self.parameters which also gives callbacks parameters, to remove them, pass `with_callbacks=False`
01:59:05 | WARN  | env_info.py | ! pip freeze failed: Command '['/home/likun-share/junjxu/wm/le-wm/.venv/bin/python', '-m', 'pip', 'freeze']' returned non-zero exit status 1.
01:59:05 | OK    | env_info.py | ✓ Packages: 0 packages collected in 0.03s
01:59:05 | INFO  | trainer_inf~| \n+---------------------------------------------------------+----------------------+--------------------------+--------------------------+---------+
| Module                                                  | Trainable parameters | Non Trainable parameters | Uninitialized parameters | Buffers |
+---------------------------------------------------------+----------------------+--------------------------+--------------------------+---------+
|                                                         |             18035170 |                        0 |                        0 |    8245 |
| callbacks_modules                                       |                    0 |                        0 |                        0 |       0 |
| callbacks_metrics                                       |                    0 |                        0 |                        0 |       0 |
| model                                                   |             18035170 |                        0 |                        0 |    8194 |
| model.encoder                                           |              5501376 |                        0 |                        0 |       0 |
| model.encoder.embeddings                                |               162624 |                        0 |                        0 |       0 |
| model.encoder.embeddings.patch_embeddings               |               113088 |                        0 |                        0 |       0 |
| model.encoder.embeddings.patch_embeddings.projection    |               113088 |                        0 |                        0 |       0 |
| model.encoder.embeddings.dropout                        |                    0 |                        0 |                        0 |       0 |
| model.encoder.layers                                    |              5338368 |                        0 |                        0 |       0 |
| model.encoder.layers.0                                  |               444864 |                        0 |                        0 |       0 |
| model.encoder.layers.0.attention                        |               148224 |                        0 |                        0 |       0 |
| model.encoder.layers.0.attention.q_proj                 |                37056 |                        0 |                        0 |       0 |
| model.encoder.layers.0.attention.k_proj                 |                37056 |                        0 |                        0 |       0 |
| model.encoder.layers.0.attention.v_proj                 |                37056 |                        0 |                        0 |       0 |
| model.encoder.layers.0.attention.o_proj                 |                37056 |                        0 |                        0 |       0 |
| model.encoder.layers.0.layernorm_before                 |                  384 |                        0 |                        0 |       0 |
| model.encoder.layers.0.layernorm_after                  |                  384 |                        0 |                        0 |       0 |
| model.encoder.layers.0.mlp                              |               295872 |                        0 |                        0 |       0 |
| model.encoder.layers.0.mlp.activation_fn                |                    0 |                        0 |                        0 |       0 |
| model.encoder.layers.0.mlp.fc1                          |               148224 |                        0 |                        0 |       0 |
| model.encoder.layers.0.mlp.fc2                          |               147648 |                        0 |                        0 |       0 |
| model.encoder.layers.0.dropout                          |                    0 |                        0 |                        0 |       0 |
| model.encoder.layers.1                                  |               444864 |                        0 |                        0 |       0 |
| model.encoder.layers.1.attention                        |               148224 |                        0 |                        0 |       0 |
| model.encoder.layers.1.attention.q_proj                 |                37056 |                        0 |                        0 |       0 |
| model.encoder.layers.1.attention.k_proj                 |                37056 |                        0 |                        0 |       0 |
| model.encoder.layers.1.attention.v_proj                 |                37056 |                        0 |                        0 |       0 |
| model.encoder.layers.1.attention.o_proj                 |                37056 |                        0 |                        0 |       0 |
| model.encoder.layers.1.layernorm_before                 |                  384 |                        0 |                        0 |       0 |
| model.encoder.layers.1.layernorm_after                  |                  384 |                        0 |                        0 |       0 |
| model.encoder.layers.1.mlp                              |               295872 |                        0 |                        0 |       0 |
| model.encoder.layers.1.mlp.activation_fn                |                    0 |                        0 |                        0 |       0 |
| model.encoder.layers.1.mlp.fc1                          |               148224 |                        0 |                        0 |       0 |
| model.encoder.layers.1.mlp.fc2                          |               147648 |                        0 |                        0 |       0 |
| model.encoder.layers.1.dropout                          |                    0 |                        0 |                        0 |       0 |
| model.encoder.layers.2                                  |               444864 |                        0 |                        0 |       0 |
| model.encoder.layers.2.attention                        |               148224 |                        0 |                        0 |       0 |
| model.encoder.layers.2.attention.q_proj                 |                37056 |                        0 |                        0 |       0 |
| model.encoder.layers.2.attention.k_proj                 |                37056 |                        0 |                        0 |       0 |
| model.encoder.layers.2.attention.v_proj                 |                37056 |                        0 |                        0 |       0 |
| model.encoder.layers.2.attention.o_proj                 |                37056 |                        0 |                        0 |       0 |
| model.encoder.layers.2.layernorm_before                 |                  384 |                        0 |                        0 |       0 |
| model.encoder.layers.2.layernorm_after                  |                  384 |                        0 |                        0 |       0 |
| model.encoder.layers.2.mlp                              |               295872 |                        0 |                        0 |       0 |
| model.encoder.layers.2.mlp.activation_fn                |                    0 |                        0 |                        0 |       0 |
| model.encoder.layers.2.mlp.fc1                          |               148224 |                        0 |                        0 |       0 |
| model.encoder.layers.2.mlp.fc2                          |               147648 |                        0 |                        0 |       0 |
| model.encoder.layers.2.dropout                          |                    0 |                        0 |                        0 |       0 |
| model.encoder.layers.3                                  |               444864 |                        0 |                        0 |       0 |
| model.encoder.layers.3.attention                        |               148224 |                        0 |                        0 |       0 |
| model.encoder.layers.3.attention.q_proj                 |                37056 |                        0 |                        0 |       0 |
| model.encoder.layers.3.attention.k_proj                 |                37056 |                        0 |                        0 |       0 |
| model.encoder.layers.3.attention.v_proj                 |                37056 |                        0 |                        0 |       0 |
| model.encoder.layers.3.attention.o_proj                 |                37056 |                        0 |                        0 |       0 |
| model.encoder.layers.3.layernorm_before                 |                  384 |                        0 |                        0 |       0 |
| model.encoder.layers.3.layernorm_after                  |                  384 |                        0 |                        0 |       0 |
| model.encoder.layers.3.mlp                              |               295872 |                        0 |                        0 |       0 |
| model.encoder.layers.3.mlp.activation_fn                |                    0 |                        0 |                        0 |       0 |
| model.encoder.layers.3.mlp.fc1                          |               148224 |                        0 |                        0 |       0 |
| model.encoder.layers.3.mlp.fc2                          |               147648 |                        0 |                        0 |       0 |
| model.encoder.layers.3.dropout                          |                    0 |                        0 |                        0 |       0 |
| model.encoder.layers.4                                  |               444864 |                        0 |                        0 |       0 |
| model.encoder.layers.4.attention                        |               148224 |                        0 |                        0 |       0 |
| model.encoder.layers.4.attention.q_proj                 |                37056 |                        0 |                        0 |       0 |
| model.encoder.layers.4.attention.k_proj                 |                37056 |                        0 |                        0 |       0 |
| model.encoder.layers.4.attention.v_proj                 |                37056 |                        0 |                        0 |       0 |
| model.encoder.layers.4.attention.o_proj                 |                37056 |                        0 |                        0 |       0 |
| model.encoder.layers.4.layernorm_before                 |                  384 |                        0 |                        0 |       0 |
| model.encoder.layers.4.layernorm_after                  |                  384 |                        0 |                        0 |       0 |
| model.encoder.layers.4.mlp                              |               295872 |                        0 |                        0 |       0 |
| model.encoder.layers.4.mlp.activation_fn                |                    0 |                        0 |                        0 |       0 |
| model.encoder.layers.4.mlp.fc1                          |               148224 |                        0 |                        0 |       0 |
| model.encoder.layers.4.mlp.fc2                          |               147648 |                        0 |                        0 |       0 |
| model.encoder.layers.4.dropout                          |                    0 |                        0 |                        0 |       0 |
| model.encoder.layers.5                                  |               444864 |                        0 |                        0 |       0 |
| model.encoder.layers.5.attention                        |               148224 |                        0 |                        0 |       0 |
| model.encoder.layers.5.attention.q_proj                 |                37056 |                        0 |                        0 |       0 |
| model.encoder.layers.5.attention.k_proj                 |                37056 |                        0 |                        0 |       0 |
| model.encoder.layers.5.attention.v_proj                 |                37056 |                        0 |                        0 |       0 |
| model.encoder.layers.5.attention.o_proj                 |                37056 |                        0 |                        0 |       0 |
| model.encoder.layers.5.layernorm_before                 |                  384 |                        0 |                        0 |       0 |
| model.encoder.layers.5.layernorm_after                  |                  384 |                        0 |                        0 |       0 |
| model.encoder.layers.5.mlp                              |               295872 |                        0 |                        0 |       0 |
| model.encoder.layers.5.mlp.activation_fn                |                    0 |                        0 |                        0 |       0 |
| model.encoder.layers.5.mlp.fc1                          |               148224 |                        0 |                        0 |       0 |
| model.encoder.layers.5.mlp.fc2                          |               147648 |                        0 |                        0 |       0 |
| model.encoder.layers.5.dropout                          |                    0 |                        0 |                        0 |       0 |
| model.encoder.layers.6                                  |               444864 |                        0 |                        0 |       0 |
| model.encoder.layers.6.attention                        |               148224 |                        0 |                        0 |       0 |
| model.encoder.layers.6.attention.q_proj                 |                37056 |                        0 |                        0 |       0 |
| model.encoder.layers.6.attention.k_proj                 |                37056 |                        0 |                        0 |       0 |
| model.encoder.layers.6.attention.v_proj                 |                37056 |                        0 |                        0 |       0 |
| model.encoder.layers.6.attention.o_proj                 |                37056 |                        0 |                        0 |       0 |
| model.encoder.layers.6.layernorm_before                 |                  384 |                        0 |                        0 |       0 |
| model.encoder.layers.6.layernorm_after                  |                  384 |                        0 |                        0 |       0 |
| model.encoder.layers.6.mlp                              |               295872 |                        0 |                        0 |       0 |
| model.encoder.layers.6.mlp.activation_fn                |                    0 |                        0 |                        0 |       0 |
| model.encoder.layers.6.mlp.fc1                          |               148224 |                        0 |                        0 |       0 |
| model.encoder.layers.6.mlp.fc2                          |               147648 |                        0 |                        0 |       0 |
| model.encoder.layers.6.dropout                          |                    0 |                        0 |                        0 |       0 |
| model.encoder.layers.7                                  |               444864 |                        0 |                        0 |       0 |
| model.encoder.layers.7.attention                        |               148224 |                        0 |                        0 |       0 |
| model.encoder.layers.7.attention.q_proj                 |                37056 |                        0 |                        0 |       0 |
| model.encoder.layers.7.attention.k_proj                 |                37056 |                        0 |                        0 |       0 |
| model.encoder.layers.7.attention.v_proj                 |                37056 |                        0 |                        0 |       0 |
| model.encoder.layers.7.attention.o_proj                 |                37056 |                        0 |                        0 |       0 |
| model.encoder.layers.7.layernorm_before                 |                  384 |                        0 |                        0 |       0 |
| model.encoder.layers.7.layernorm_after                  |                  384 |                        0 |                        0 |       0 |
| model.encoder.layers.7.mlp                              |               295872 |                        0 |                        0 |       0 |
| model.encoder.layers.7.mlp.activation_fn                |                    0 |                        0 |                        0 |       0 |
| model.encoder.layers.7.mlp.fc1                          |               148224 |                        0 |                        0 |       0 |
| model.encoder.layers.7.mlp.fc2                          |               147648 |                        0 |                        0 |       0 |
| model.encoder.layers.7.dropout                          |                    0 |                        0 |                        0 |       0 |
| model.encoder.layers.8                                  |               444864 |                        0 |                        0 |       0 |
| model.encoder.layers.8.attention                        |               148224 |                        0 |                        0 |       0 |
| model.encoder.layers.8.attention.q_proj                 |                37056 |                        0 |                        0 |       0 |
| model.encoder.layers.8.attention.k_proj                 |                37056 |                        0 |                        0 |       0 |
| model.encoder.layers.8.attention.v_proj                 |                37056 |                        0 |                        0 |       0 |
| model.encoder.layers.8.attention.o_proj                 |                37056 |                        0 |                        0 |       0 |
| model.encoder.layers.8.layernorm_before                 |                  384 |                        0 |                        0 |       0 |
| model.encoder.layers.8.layernorm_after                  |                  384 |                        0 |                        0 |       0 |
| model.encoder.layers.8.mlp                              |               295872 |                        0 |                        0 |       0 |
| model.encoder.layers.8.mlp.activation_fn                |                    0 |                        0 |                        0 |       0 |
| model.encoder.layers.8.mlp.fc1                          |               148224 |                        0 |                        0 |       0 |
| model.encoder.layers.8.mlp.fc2                          |               147648 |                        0 |                        0 |       0 |
| model.encoder.layers.8.dropout                          |                    0 |                        0 |                        0 |       0 |
| model.encoder.layers.9                                  |               444864 |                        0 |                        0 |       0 |
| model.encoder.layers.9.attention                        |               148224 |                        0 |                        0 |       0 |
| model.encoder.layers.9.attention.q_proj                 |                37056 |                        0 |                        0 |       0 |
| model.encoder.layers.9.attention.k_proj                 |                37056 |                        0 |                        0 |       0 |
| model.encoder.layers.9.attention.v_proj                 |                37056 |                        0 |                        0 |       0 |
| model.encoder.layers.9.attention.o_proj                 |                37056 |                        0 |                        0 |       0 |
| model.encoder.layers.9.layernorm_before                 |                  384 |                        0 |                        0 |       0 |
| model.encoder.layers.9.layernorm_after                  |                  384 |                        0 |                        0 |       0 |
| model.encoder.layers.9.mlp                              |               295872 |                        0 |                        0 |       0 |
| model.encoder.layers.9.mlp.activation_fn                |                    0 |                        0 |                        0 |       0 |
| model.encoder.layers.9.mlp.fc1                          |               148224 |                        0 |                        0 |       0 |
| model.encoder.layers.9.mlp.fc2                          |               147648 |                        0 |                        0 |       0 |
| model.encoder.layers.9.dropout                          |                    0 |                        0 |                        0 |       0 |
| model.encoder.layers.10                                 |               444864 |                        0 |                        0 |       0 |
| model.encoder.layers.10.attention                       |               148224 |                        0 |                        0 |       0 |
| model.encoder.layers.10.attention.q_proj                |                37056 |                        0 |                        0 |       0 |
| model.encoder.layers.10.attention.k_proj                |                37056 |                        0 |                        0 |       0 |
| model.encoder.layers.10.attention.v_proj                |                37056 |                        0 |                        0 |       0 |
| model.encoder.layers.10.attention.o_proj                |                37056 |                        0 |                        0 |       0 |
| model.encoder.layers.10.layernorm_before                |                  384 |                        0 |                        0 |       0 |
| model.encoder.layers.10.layernorm_after                 |                  384 |                        0 |                        0 |       0 |
| model.encoder.layers.10.mlp                             |               295872 |                        0 |                        0 |       0 |
| model.encoder.layers.10.mlp.activation_fn               |                    0 |                        0 |                        0 |       0 |
| model.encoder.layers.10.mlp.fc1                         |               148224 |                        0 |                        0 |       0 |
| model.encoder.layers.10.mlp.fc2                         |               147648 |                        0 |                        0 |       0 |
| model.encoder.layers.10.dropout                         |                    0 |                        0 |                        0 |       0 |
| model.encoder.layers.11                                 |               444864 |                        0 |                        0 |       0 |
| model.encoder.layers.11.attention                       |               148224 |                        0 |                        0 |       0 |
| model.encoder.layers.11.attention.q_proj                |                37056 |                        0 |                        0 |       0 |
| model.encoder.layers.11.attention.k_proj                |                37056 |                        0 |                        0 |       0 |
| model.encoder.layers.11.attention.v_proj                |                37056 |                        0 |                        0 |       0 |
| model.encoder.layers.11.attention.o_proj                |                37056 |                        0 |                        0 |       0 |
| model.encoder.layers.11.layernorm_before                |                  384 |                        0 |                        0 |       0 |
| model.encoder.layers.11.layernorm_after                 |                  384 |                        0 |                        0 |       0 |
| model.encoder.layers.11.mlp                             |               295872 |                        0 |                        0 |       0 |
| model.encoder.layers.11.mlp.activation_fn               |                    0 |                        0 |                        0 |       0 |
| model.encoder.layers.11.mlp.fc1                         |               148224 |                        0 |                        0 |       0 |
| model.encoder.layers.11.mlp.fc2                         |               147648 |                        0 |                        0 |       0 |
| model.encoder.layers.11.dropout                         |                    0 |                        0 |                        0 |       0 |
| model.encoder.layernorm                                 |                  384 |                        0 |                        0 |       0 |
| model.predictor                                         |             10791360 |                        0 |                        0 |       0 |
| model.predictor.dropout                                 |                    0 |                        0 |                        0 |       0 |
| model.predictor.transformer                             |             10790784 |                        0 |                        0 |       0 |
| model.predictor.transformer.norm                        |                  384 |                        0 |                        0 |       0 |
| model.predictor.transformer.layers                      |             10790400 |                        0 |                        0 |       0 |
| model.predictor.transformer.layers.0                    |              1798400 |                        0 |                        0 |       0 |
| model.predictor.transformer.layers.0.attn               |               787008 |                        0 |                        0 |       0 |
| model.predictor.transformer.layers.0.attn.norm          |                  384 |                        0 |                        0 |       0 |
| model.predictor.transformer.layers.0.attn.attend        |                    0 |                        0 |                        0 |       0 |
| model.predictor.transformer.layers.0.attn.to_qkv        |               589824 |                        0 |                        0 |       0 |
| model.predictor.transformer.layers.0.attn.to_out        |               196800 |                        0 |                        0 |       0 |
| model.predictor.transformer.layers.0.attn.to_out.0      |               196800 |                        0 |                        0 |       0 |
| model.predictor.transformer.layers.0.attn.to_out.1      |                    0 |                        0 |                        0 |       0 |
| model.predictor.transformer.layers.0.mlp                |               789056 |                        0 |                        0 |       0 |
| model.predictor.transformer.layers.0.mlp.net            |               789056 |                        0 |                        0 |       0 |
| model.predictor.transformer.layers.0.mlp.net.0          |                  384 |                        0 |                        0 |       0 |
| model.predictor.transformer.layers.0.mlp.net.1          |               395264 |                        0 |                        0 |       0 |
| model.predictor.transformer.layers.0.mlp.net.2          |                    0 |                        0 |                        0 |       0 |
| model.predictor.transformer.layers.0.mlp.net.3          |                    0 |                        0 |                        0 |       0 |
| model.predictor.transformer.layers.0.mlp.net.4          |               393408 |                        0 |                        0 |       0 |
| model.predictor.transformer.layers.0.mlp.net.5          |                    0 |                        0 |                        0 |       0 |
| model.predictor.transformer.layers.0.norm1              |                    0 |                        0 |                        0 |       0 |
| model.predictor.transformer.layers.0.norm2              |                    0 |                        0 |                        0 |       0 |
| model.predictor.transformer.layers.0.adaLN_modulation   |               222336 |                        0 |                        0 |       0 |
| model.predictor.transformer.layers.0.adaLN_modulation.0 |                    0 |                        0 |                        0 |       0 |
| model.predictor.transformer.layers.0.adaLN_modulation.1 |               222336 |                        0 |                        0 |       0 |
| model.predictor.transformer.layers.1                    |              1798400 |                        0 |                        0 |       0 |
| model.predictor.transformer.layers.1.attn               |               787008 |                        0 |                        0 |       0 |
| model.predictor.transformer.layers.1.attn.norm          |                  384 |                        0 |                        0 |       0 |
| model.predictor.transformer.layers.1.attn.attend        |                    0 |                        0 |                        0 |       0 |
| model.predictor.transformer.layers.1.attn.to_qkv        |               589824 |                        0 |                        0 |       0 |
| model.predictor.transformer.layers.1.attn.to_out        |               196800 |                        0 |                        0 |       0 |
| model.predictor.transformer.layers.1.attn.to_out.0      |               196800 |                        0 |                        0 |       0 |
| model.predictor.transformer.layers.1.attn.to_out.1      |                    0 |                        0 |                        0 |       0 |
| model.predictor.transformer.layers.1.mlp                |               789056 |                        0 |                        0 |       0 |
| model.predictor.transformer.layers.1.mlp.net            |               789056 |                        0 |                        0 |       0 |
| model.predictor.transformer.layers.1.mlp.net.0          |                  384 |                        0 |                        0 |       0 |
| model.predictor.transformer.layers.1.mlp.net.1          |               395264 |                        0 |                        0 |       0 |
| model.predictor.transformer.layers.1.mlp.net.2          |                    0 |                        0 |                        0 |       0 |
| model.predictor.transformer.layers.1.mlp.net.3          |                    0 |                        0 |                        0 |       0 |
| model.predictor.transformer.layers.1.mlp.net.4          |               393408 |                        0 |                        0 |       0 |
| model.predictor.transformer.layers.1.mlp.net.5          |                    0 |                        0 |                        0 |       0 |
| model.predictor.transformer.layers.1.norm1              |                    0 |                        0 |                        0 |       0 |
| model.predictor.transformer.layers.1.norm2              |                    0 |                        0 |                        0 |       0 |
| model.predictor.transformer.layers.1.adaLN_modulation   |               222336 |                        0 |                        0 |       0 |
| model.predictor.transformer.layers.1.adaLN_modulation.0 |                    0 |                        0 |                        0 |       0 |
| model.predictor.transformer.layers.1.adaLN_modulation.1 |               222336 |                        0 |                        0 |       0 |
| model.predictor.transformer.layers.2                    |              1798400 |                        0 |                        0 |       0 |
| model.predictor.transformer.layers.2.attn               |               787008 |                        0 |                        0 |       0 |
| model.predictor.transformer.layers.2.attn.norm          |                  384 |                        0 |                        0 |       0 |
| model.predictor.transformer.layers.2.attn.attend        |                    0 |                        0 |                        0 |       0 |
| model.predictor.transformer.layers.2.attn.to_qkv        |               589824 |                        0 |                        0 |       0 |
| model.predictor.transformer.layers.2.attn.to_out        |               196800 |                        0 |                        0 |       0 |
| model.predictor.transformer.layers.2.attn.to_out.0      |               196800 |                        0 |                        0 |       0 |
| model.predictor.transformer.layers.2.attn.to_out.1      |                    0 |                        0 |                        0 |       0 |
| model.predictor.transformer.layers.2.mlp                |               789056 |                        0 |                        0 |       0 |
| model.predictor.transformer.layers.2.mlp.net            |               789056 |                        0 |                        0 |       0 |
| model.predictor.transformer.layers.2.mlp.net.0          |                  384 |                        0 |                        0 |       0 |
| model.predictor.transformer.layers.2.mlp.net.1          |               395264 |                        0 |                        0 |       0 |
| model.predictor.transformer.layers.2.mlp.net.2          |                    0 |                        0 |                        0 |       0 |
| model.predictor.transformer.layers.2.mlp.net.3          |                    0 |                        0 |                        0 |       0 |
| model.predictor.transformer.layers.2.mlp.net.4          |               393408 |                        0 |                        0 |       0 |
| model.predictor.transformer.layers.2.mlp.net.5          |                    0 |                        0 |                        0 |       0 |
| model.predictor.transformer.layers.2.norm1              |                    0 |                        0 |                        0 |       0 |
| model.predictor.transformer.layers.2.norm2              |                    0 |                        0 |                        0 |       0 |
| model.predictor.transformer.layers.2.adaLN_modulation   |               222336 |                        0 |                        0 |       0 |
| model.predictor.transformer.layers.2.adaLN_modulation.0 |                    0 |                        0 |                        0 |       0 |
| model.predictor.transformer.layers.2.adaLN_modulation.1 |               222336 |                        0 |                        0 |       0 |
| model.predictor.transformer.layers.3                    |              1798400 |                        0 |                        0 |       0 |
| model.predictor.transformer.layers.3.attn               |               787008 |                        0 |                        0 |       0 |
| model.predictor.transformer.layers.3.attn.norm          |                  384 |                        0 |                        0 |       0 |
| model.predictor.transformer.layers.3.attn.attend        |                    0 |                        0 |                        0 |       0 |
| model.predictor.transformer.layers.3.attn.to_qkv        |               589824 |                        0 |                        0 |       0 |
| model.predictor.transformer.layers.3.attn.to_out        |               196800 |                        0 |                        0 |       0 |
| model.predictor.transformer.layers.3.attn.to_out.0      |               196800 |                        0 |                        0 |       0 |
| model.predictor.transformer.layers.3.attn.to_out.1      |                    0 |                        0 |                        0 |       0 |
| model.predictor.transformer.layers.3.mlp                |               789056 |                        0 |                        0 |       0 |
| model.predictor.transformer.layers.3.mlp.net            |               789056 |                        0 |                        0 |       0 |
| model.predictor.transformer.layers.3.mlp.net.0          |                  384 |                        0 |                        0 |       0 |
| model.predictor.transformer.layers.3.mlp.net.1          |               395264 |                        0 |                        0 |       0 |
| model.predictor.transformer.layers.3.mlp.net.2          |                    0 |                        0 |                        0 |       0 |
| model.predictor.transformer.layers.3.mlp.net.3          |                    0 |                        0 |                        0 |       0 |
| model.predictor.transformer.layers.3.mlp.net.4          |               393408 |                        0 |                        0 |       0 |
| model.predictor.transformer.layers.3.mlp.net.5          |                    0 |                        0 |                        0 |       0 |
| model.predictor.transformer.layers.3.norm1              |                    0 |                        0 |                        0 |       0 |
| model.predictor.transformer.layers.3.norm2              |                    0 |                        0 |                        0 |       0 |
| model.predictor.transformer.layers.3.adaLN_modulation   |               222336 |                        0 |                        0 |       0 |
| model.predictor.transformer.layers.3.adaLN_modulation.0 |                    0 |                        0 |                        0 |       0 |
| model.predictor.transformer.layers.3.adaLN_modulation.1 |               222336 |                        0 |                        0 |       0 |
| model.predictor.transformer.layers.4                    |              1798400 |                        0 |                        0 |       0 |
| model.predictor.transformer.layers.4.attn               |               787008 |                        0 |                        0 |       0 |
| model.predictor.transformer.layers.4.attn.norm          |                  384 |                        0 |                        0 |       0 |
| model.predictor.transformer.layers.4.attn.attend        |                    0 |                        0 |                        0 |       0 |
| model.predictor.transformer.layers.4.attn.to_qkv        |               589824 |                        0 |                        0 |       0 |
| model.predictor.transformer.layers.4.attn.to_out        |               196800 |                        0 |                        0 |       0 |
| model.predictor.transformer.layers.4.attn.to_out.0      |               196800 |                        0 |                        0 |       0 |
| model.predictor.transformer.layers.4.attn.to_out.1      |                    0 |                        0 |                        0 |       0 |
| model.predictor.transformer.layers.4.mlp                |               789056 |                        0 |                        0 |       0 |
| model.predictor.transformer.layers.4.mlp.net            |               789056 |                        0 |                        0 |       0 |
| model.predictor.transformer.layers.4.mlp.net.0          |                  384 |                        0 |                        0 |       0 |
| model.predictor.transformer.layers.4.mlp.net.1          |               395264 |                        0 |                        0 |       0 |
| model.predictor.transformer.layers.4.mlp.net.2          |                    0 |                        0 |                        0 |       0 |
| model.predictor.transformer.layers.4.mlp.net.3          |                    0 |                        0 |                        0 |       0 |
| model.predictor.transformer.layers.4.mlp.net.4          |               393408 |                        0 |                        0 |       0 |
| model.predictor.transformer.layers.4.mlp.net.5          |                    0 |                        0 |                        0 |       0 |
| model.predictor.transformer.layers.4.norm1              |                    0 |                        0 |                        0 |       0 |
| model.predictor.transformer.layers.4.norm2              |                    0 |                        0 |                        0 |       0 |
| model.predictor.transformer.layers.4.adaLN_modulation   |               222336 |                        0 |                        0 |       0 |
| model.predictor.transformer.layers.4.adaLN_modulation.0 |                    0 |                        0 |                        0 |       0 |
| model.predictor.transformer.layers.4.adaLN_modulation.1 |               222336 |                        0 |                        0 |       0 |
| model.predictor.transformer.layers.5                    |              1798400 |                        0 |                        0 |       0 |
| model.predictor.transformer.layers.5.attn               |               787008 |                        0 |                        0 |       0 |
| model.predictor.transformer.layers.5.attn.norm          |                  384 |                        0 |                        0 |       0 |
| model.predictor.transformer.layers.5.attn.attend        |                    0 |                        0 |                        0 |       0 |
| model.predictor.transformer.layers.5.attn.to_qkv        |               589824 |                        0 |                        0 |       0 |
| model.predictor.transformer.layers.5.attn.to_out        |               196800 |                        0 |                        0 |       0 |
| model.predictor.transformer.layers.5.attn.to_out.0      |               196800 |                        0 |                        0 |       0 |
| model.predictor.transformer.layers.5.attn.to_out.1      |                    0 |                        0 |                        0 |       0 |
| model.predictor.transformer.layers.5.mlp                |               789056 |                        0 |                        0 |       0 |
| model.predictor.transformer.layers.5.mlp.net            |               789056 |                        0 |                        0 |       0 |
| model.predictor.transformer.layers.5.mlp.net.0          |                  384 |                        0 |                        0 |       0 |
| model.predictor.transformer.layers.5.mlp.net.1          |               395264 |                        0 |                        0 |       0 |
| model.predictor.transformer.layers.5.mlp.net.2          |                    0 |                        0 |                        0 |       0 |
| model.predictor.transformer.layers.5.mlp.net.3          |                    0 |                        0 |                        0 |       0 |
| model.predictor.transformer.layers.5.mlp.net.4          |               393408 |                        0 |                        0 |       0 |
| model.predictor.transformer.layers.5.mlp.net.5          |                    0 |                        0 |                        0 |       0 |
| model.predictor.transformer.layers.5.norm1              |                    0 |                        0 |                        0 |       0 |
| model.predictor.transformer.layers.5.norm2              |                    0 |                        0 |                        0 |       0 |
| model.predictor.transformer.layers.5.adaLN_modulation   |               222336 |                        0 |                        0 |       0 |
| model.predictor.transformer.layers.5.adaLN_modulation.0 |                    0 |                        0 |                        0 |       0 |
| model.predictor.transformer.layers.5.adaLN_modulation.1 |               222336 |                        0 |                        0 |       0 |
| model.predictor.transformer.input_proj                  |                    0 |                        0 |                        0 |       0 |
| model.predictor.transformer.cond_proj                   |                    0 |                        0 |                        0 |       0 |
| model.predictor.transformer.output_proj                 |                    0 |                        0 |                        0 |       0 |
| model.action_encoder                                    |               156126 |                        0 |                        0 |       0 |
| model.action_encoder.patch_embed                        |                   30 |                        0 |                        0 |       0 |
| model.action_encoder.embed                              |               156096 |                        0 |                        0 |       0 |
| model.action_encoder.embed.0                            |                 8448 |                        0 |                        0 |       0 |
| model.action_encoder.embed.1                            |                    0 |                        0 |                        0 |       0 |
| model.action_encoder.embed.2                            |               147648 |                        0 |                        0 |       0 |
| model.projector                                         |               792768 |                        0 |                        0 |    4097 |
| model.projector.net                                     |               792768 |                        0 |                        0 |    4097 |
| model.projector.net.0                                   |               395264 |                        0 |                        0 |       0 |
| model.projector.net.1                                   |                 4096 |                        0 |                        0 |    4097 |
| model.projector.net.2                                   |                    0 |                        0 |                        0 |       0 |
| model.projector.net.3                                   |               393408 |                        0 |                        0 |       0 |
| model.pred_proj                                         |               792768 |                        0 |                        0 |    4097 |
| model.pred_proj.net                                     |               792768 |                        0 |                        0 |    4097 |
| model.pred_proj.net.0                                   |               395264 |                        0 |                        0 |       0 |
| model.pred_proj.net.1                                   |                 4096 |                        0 |                        0 |    4097 |
| model.pred_proj.net.2                                   |                    0 |                        0 |                        0 |       0 |
| model.pred_proj.net.3                                   |               393408 |                        0 |                        0 |       0 |
| model.probe_head                                        |                  772 |                        0 |                        0 |       0 |
| sigreg                                                  |                    0 |                        0 |                        0 |      51 |
+---------------------------------------------------------+----------------------+--------------------------+--------------------------+---------+
01:59:05 | INFO  | utils.py    | ── SLURM ─────────────────────────────────────────
01:59:05 | INFO  | trainer_inf~|   Job ID: N/A
01:59:05 | INFO  | trainer_inf~|   Task ID: N/A
01:59:05 | INFO  | trainer_inf~|   Job Name: N/A
01:59:05 | INFO  | trainer_inf~|   Nodes: N/A
01:59:05 | INFO  | trainer_inf~|   Tasks: N/A
01:59:05 | INFO  | trainer_inf~|   CPUs per node: N/A
01:59:05 | INFO  | trainer_inf~|   CPUs per task: N/A
01:59:05 | INFO  | trainer_inf~|   Memory per node: N/A
01:59:05 | INFO  | trainer_inf~|   Memory per CPU: N/A
01:59:05 | INFO  | trainer_inf~|   Time limit: N/A
01:59:05 | INFO  | trainer_inf~|   Partition: N/A
01:59:05 | INFO  | trainer_inf~|   Node List: N/A
01:59:05 | INFO  | trainer_inf~|   Submit Directory: N/A
01:59:05 | INFO  | utils.py    | ── HardwareMonitor ───────────────────────────────
01:59:05 | INFO  | hardware_mo~|   interval: 10.0s
01:59:05 | INFO  | hardware_mo~|   prefix:   'hardware/'
01:59:05 | INFO  | hardware_mo~|   metrics:  cpu=True ram=True disk=True net=True gpu=True
01:59:05 | INFO  | hardware_mo~|   per-rank: rank 0 only
LOCAL_RANK: 0 - CUDA_VISIBLE_DEVICES: [4]
01:59:05 | WARN  | hardware_mo~| HardwareMonitor: pynvml unavailable (ModuleNotFoundError("No module named 'pynvml'")); GPU metrics disabled.
01:59:05 | INFO  | utils.py    | ── Optimizers ────────────────────────────────────
01:59:05 | INFO  | module.py   |   Optimizer specified by Dict with keys ['model_opt']
01:59:05 | INFO  | module.py   | 
┏━━━━━━━━━━━━━┳━━━━━━━━━━━┳━━━━━━━━━━━━━━━━━━━┳━━━━━━━━━━━━━━━━━┳━━━━━━━━━━━━━━━━┳━━━━━━━━━━━━━━━━━━━━━━━━┓
┃ Optimizer   ┃ Pattern   ┃   Matched Modules ┃   Param Tensors ┃   Total Params ┃   RequiresGrad Tensors ┃
┣━━━━━━━━━━━━━╋━━━━━━━━━━━╋━━━━━━━━━━━━━━━━━━━╋━━━━━━━━━━━━━━━━━╋━━━━━━━━━━━━━━━━╋━━━━━━━━━━━━━━━━━━━━━━━━┫
┃ model_opt   ┃ model     ┃               317 ┃             299 ┃       18035170 ┃                    299 ┃
┗━━━━━━━━━━━━━┻━━━━━━━━━━━┻━━━━━━━━━━━━━━━━━━━┻━━━━━━━━━━━━━━━━━┻━━━━━━━━━━━━━━━━┻━━━━━━━━━━━━━━━━━━━━━━━━┛
01:59:05 | INFO  | lr_schedule~| 	User provided a dict
Loading `train_dataloader` to estimate number of stepping batches.
/home/likun-share/junjxu/wm/le-wm/.venv/lib/python3.10/site-packages/lance/__init__.py:320: UserWarning: lance is not fork-safe. If you are using multiprocessing, use spawn or forkserver instead.
  warnings.warn(
/usr/lib/python3.10/multiprocessing/popen_fork.py:66: RuntimeWarning: lancedb fork support is experimental: the internal async runtime has been reset in the forked child, but a small chance of deadlock remains if other state was mid-operation at fork time. The 'forkserver' or 'spawn' multiprocessing start method is likely a safer alternative.
  self.pid = os.fork()
/home/likun-share/junjxu/wm/le-wm/.venv/lib/python3.10/site-packages/lance/__init__.py:320: UserWarning: lance is not fork-safe. If you are using multiprocessing, use spawn or forkserver instead.
  warnings.warn(
/usr/lib/python3.10/multiprocessing/popen_fork.py:66: RuntimeWarning: lancedb fork support is experimental: the internal async runtime has been reset in the forked child, but a small chance of deadlock remains if other state was mid-operation at fork time. The 'forkserver' or 'spawn' multiprocessing start method is likely a safer alternative.
  self.pid = os.fork()
01:59:06 | INFO  | module.py   |   Configured optimizer 'model_opt' (modules=317, param_tensors=299, total_params=18035170) with LinearWarmupCosineAnnealingLR scheduler.
/home/likun-share/junjxu/wm/le-wm/.venv/lib/python3.10/site-packages/lightning/pytorch/utilities/model_summary/model_summary.py:242: Precision bf16-mixed is not supported by the model summary.  Estimated model size in MB will not be accurate. Using 32 bits instead.
01:59:06 | OK    | env_info.py | ✓ NVIDIA Driver: 580.65.06
┏━━━┳━━━━━━━━━━━━━━━━━━━┳━━━━━━━━━━━━┳━━━━━━━━┳━━━━━━━┳━━━━━━━┓
┃   ┃ Name              ┃ Type       ┃ Params ┃ Mode  ┃ FLOPs ┃
┡━━━╇━━━━━━━━━━━━━━━━━━━╇━━━━━━━━━━━━╇━━━━━━━━╇━━━━━━━╇━━━━━━━┩
│ 0 │ callbacks_modules │ ModuleDict │      0 │ train │     0 │
│ 1 │ callbacks_metrics │ ModuleDict │      0 │ train │     0 │
│ 2 │ model             │ JEPA       │ 18.0 M │ train │     0 │
│ 3 │ sigreg            │ SIGReg     │      0 │ train │     0 │
└───┴───────────────────┴────────────┴────────┴───────┴───────┘
Trainable params: 18.0 M                                                        
Non-trainable params: 0                                                         
Total params: 18.0 M                                                            
Total estimated model params size (MB): 72.141                                  
Modules in train mode: 320                                                      
Modules in eval mode: 0                                                         
Total FLOPs: 0                                                                  
01:59:06 | INFO  | logger.py   | [RegistryLogger] summary.json flushed (0 metrics, step=0, epoch=0) → /data1/likun-share/junjxu/.cache_stable-pretraining/runs/20260608/015902/59cf8d4b471c/summary.json
/home/likun-share/junjxu/wm/le-wm/.venv/lib/python3.10/site-packages/lance/__init__.py:320: UserWarning: lance is not fork-safe. If you are using multiprocessing, use spawn or forkserver instead.
  warnings.warn(
/usr/lib/python3.10/multiprocessing/popen_fork.py:66: RuntimeWarning: lancedb fork support is experimental: the internal async runtime has been reset in the forked child, but a small chance of deadlock remains if other state was mid-operation at fork time. The 'forkserver' or 'spawn' multiprocessing start method is likely a safer alternative.
  self.pid = os.fork()
/usr/lib/python3.10/multiprocessing/popen_fork.py:66: RuntimeWarning: lancedb fork support is experimental: the internal async runtime has been reset in the forked child, but a small chance of deadlock remains if other state was mid-operation at fork time. The 'forkserver' or 'spawn' multiprocessing start method is likely a safer alternative.
  self.pid = os.fork()
/home/likun-share/junjxu/wm/le-wm/.venv/lib/python3.10/site-packages/lightning/pytorch/utilities/data.py:79: Trying to infer the `batch_size` from an ambiguous collection. The batch size we found is 128. To avoid any miscalculations, use `self.log(..., batch_size=batch_size)`.
01:59:12 | INFO  | trainer_inf~| \n+----------------------------+--------------------+
|           Metric           |       Value        |
+----------------------------+--------------------+
|       [0;34;40mvalidate/loss[0m        | [0;32;40m33.447608947753906[0m |
|    [0;34;40mvalidate/loss_epoch[0m     | [0;32;40m33.447608947753906[0m |
|     [0;34;40mvalidate/pred_loss[0m     | [0;32;40m0.3226434588432312[0m |
|  [0;34;40mvalidate/pred_loss_epoch[0m  | [0;32;40m0.3226434588432312[0m |
|    [0;34;40mvalidate/probe_loss[0m     | [0;32;40m0.8270822763442993[0m |
| [0;34;40mvalidate/probe_loss_epoch[0m  | [0;32;40m0.8270822763442993[0m |
|    [0;34;40mvalidate/sigreg_loss[0m    |        [0;32;40m92.5[0m        |
| [0;34;40mvalidate/sigreg_loss_epoch[0m |        [0;32;40m92.5[0m        |
+----------------------------+--------------------+
01:59:12 | WARN  | hf_models.py| ! No Hugging Face (PreTrainedModel) submodules found in LightningModule.
01:59:12 | INFO  | utils.py    | ── Optimizers ────────────────────────────────────
01:59:12 | INFO  | module.py   |   self.optimizers() gave us 1 optimizers
01:59:12 | WARN  | module.py   | ! No clip val found for optimizer default_0
01:59:12 | WARN  | module.py   | ! Will use the Trainer's value of 1.0
01:59:12 | WARN  | module.py   | ! No clip algorithm found for optimizer default_0
01:59:12 | WARN  | module.py   | ! Will use the Trainer's value of None
01:59:12 | OK    | module.py   | ✓ Optimizer check complete:
+------------+-----------+----------------+-----------+-----------+
| Opt. Index | Opt. name |      opt       | clip val. | clip alg. |
+------------+-----------+----------------+-----------+-----------+
|     0      | default_0 | LightningAdamW |    1.0    |    None   |
+------------+-----------+----------------+-----------+-----------+
01:59:12 | INFO  | utils.py    | ── LogUnusedParametersOnce ───────────────────────
01:59:12 | INFO  | unused_para~|   registered hooks on 299 leaf parameters
01:59:13 | OK    | unused_para~| ✓ all tracked parameters received gradients on the first backward pass
01:59:13 | INFO  | unused_para~|   hooks removed, callback disabled
[Epoch 0/20] step 50/203 (1.9 it/s)
[Epoch 0/20] step 100/203 (1.8 it/s)
[Epoch 0/20] step 150/203 (1.7 it/s)
[Epoch 0/20] step 200/203 (1.7 it/s)
/home/likun-share/junjxu/wm/le-wm/.venv/lib/python3.10/site-packages/lightning/pytorch/utilities/data.py:79: Trying to infer the `batch_size` from an ambiguous collection. The batch size we found is 83. To avoid any miscalculations, use `self.log(..., batch_size=batch_size)`.
02:01:18 | INFO  | trainer_inf~| \n+----------------------------+------------------------+
|           Metric           |         Value          |
+----------------------------+------------------------+
|          [0;34;40mfit/loss[0m          |   [0;32;40m6.785343647003174[0m    |
|       [0;34;40mfit/pred_loss[0m        |   [0;32;40m0.0351414754986763[0m   |
|       [0;34;40mfit/probe_loss[0m       |   [0;32;40m0.2108791321516037[0m   |
|      [0;34;40mfit/sigreg_loss[0m       |        [0;32;40m4.71875[0m         |
|    [0;34;40mhardware/cpu_percent[0m    |   [0;32;40m50.099998474121094[0m   |
|  [0;34;40mhardware/disk_read_mb_s[0m   |          [0;32;40m0.0[0m           |
|  [0;34;40mhardware/disk_write_mb_s[0m  |   [0;32;40m43.399330139160156[0m   |
|   [0;34;40mhardware/net_recv_mb_s[0m   |  [0;32;40m0.014926568605005741[0m  |
|   [0;34;40mhardware/net_sent_mb_s[0m   |  [0;32;40m0.04656082019209862[0m   |
|    [0;34;40mhardware/ram_used_gb[0m    |   [0;32;40m368.2388610839844[0m    |
|   [0;34;40mhardware/ram_used_pct[0m    |   [0;32;40m36.599998474121094[0m   |
|    [0;34;40mhparams/lr_default_0[0m    | [0;32;40m4.9797443352872506e-05[0m |
|       [0;34;40mvalidate/loss[0m        |   [0;32;40m7.899661540985107[0m    |
|    [0;34;40mvalidate/loss_epoch[0m     |   [0;32;40m7.899661540985107[0m    |
|     [0;34;40mvalidate/pred_loss[0m     |  [0;32;40m0.05055810511112213[0m   |
|  [0;34;40mvalidate/pred_loss_epoch[0m  |  [0;32;40m0.05055810511112213[0m   |
|    [0;34;40mvalidate/probe_loss[0m     |  [0;32;40m0.23901982605457306[0m   |
| [0;34;40mvalidate/probe_loss_epoch[0m  |  [0;32;40m0.23901982605457306[0m   |
|    [0;34;40mvalidate/sigreg_loss[0m    |   [0;32;40m7.5344085693359375[0m   |
| [0;34;40mvalidate/sigreg_loss_epoch[0m |   [0;32;40m7.5344085693359375[0m   |
+----------------------------+------------------------+
[Epoch 0/20] done in 126.0s
02:01:19 | INFO  | checkpoint_~|   Checking for non PyTorch modules to save
02:01:19 | INFO  | atomic_chec~| [atomic_save] → /data1/likun-share/junjxu/.cache_stable-pretraining/runs/20260608/015902/59cf8d4b471c/checkpoints/epoch=0-step=203.ckpt
02:01:19 | INFO  | atomic_chec~| [atomic_save] ✓ epoch=0-step=203.ckpt saved (206.8 MiB, serialise=0.49s write=0.35s rename=0.1ms)
02:01:19 | INFO  | checkpoint_~|   Checking for non PyTorch modules to save
02:01:19 | INFO  | atomic_chec~| [atomic_save] → /data1/likun-share/junjxu/.cache_stable-pretraining/runs/20260608/015902/59cf8d4b471c/checkpoints/last.ckpt
02:01:20 | INFO  | atomic_chec~| [atomic_save] ✓ last.ckpt saved (206.8 MiB, serialise=0.56s write=0.28s rename=0.1ms)
[Epoch 1/20] step 50/203 (2.3 it/s)
[Epoch 1/20] step 100/203 (2.0 it/s)
[Epoch 1/20] step 150/203 (1.9 it/s)
[Epoch 1/20] step 200/203 (1.8 it/s)
02:03:21 | INFO  | trainer_inf~| \n+----------------------------+-----------------------+
|           Metric           |         Value         |
+----------------------------+-----------------------+
|          [0;34;40mfit/loss[0m          |   [0;32;40m6.850829124450684[0m   |
|       [0;34;40mfit/pred_loss[0m        |  [0;32;40m0.033695973455905914[0m |
|       [0;34;40mfit/probe_loss[0m       |  [0;32;40m0.21577942371368408[0m  |
|      [0;34;40mfit/sigreg_loss[0m       |        [0;32;40m3.828125[0m       |
|    [0;34;40mhardware/cpu_percent[0m    |   [0;32;40m50.599998474121094[0m  |
|  [0;34;40mhardware/disk_read_mb_s[0m   |          [0;32;40m0.0[0m          |
|  [0;34;40mhardware/disk_write_mb_s[0m  |   [0;32;40m44.079288482666016[0m  |
|   [0;34;40mhardware/net_recv_mb_s[0m   |  [0;32;40m0.30071377754211426[0m  |
|   [0;34;40mhardware/net_sent_mb_s[0m   |  [0;32;40m0.07061272114515305[0m  |
|    [0;34;40mhardware/ram_used_gb[0m    |   [0;32;40m372.0669860839844[0m   |
|   [0;34;40mhardware/ram_used_pct[0m    |   [0;32;40m36.900001525878906[0m  |
|    [0;34;40mhparams/lr_default_0[0m    | [0;32;40m4.898431870969944e-05[0m |
|       [0;34;40mvalidate/loss[0m        |   [0;32;40m8.497716903686523[0m   |
|    [0;34;40mvalidate/loss_epoch[0m     |   [0;32;40m8.497716903686523[0m   |
|     [0;34;40mvalidate/pred_loss[0m     |  [0;32;40m0.03673107177019119[0m  |
|  [0;34;40mvalidate/pred_loss_epoch[0m  |  [0;32;40m0.03673107177019119[0m  |
|    [0;34;40mvalidate/probe_loss[0m     |   [0;32;40m0.2635917365550995[0m  |
| [0;34;40mvalidate/probe_loss_epoch[0m  |   [0;32;40m0.2635917365550995[0m  |
|    [0;34;40mvalidate/sigreg_loss[0m    |   [0;32;40m6.1442952156066895[0m  |
| [0;34;40mvalidate/sigreg_loss_epoch[0m |   [0;32;40m6.1442952156066895[0m  |
+----------------------------+-----------------------+
[Epoch 1/20] done in 120.9s
02:03:21 | INFO  | checkpoint_~|   Checking for non PyTorch modules to save
02:03:21 | INFO  | atomic_chec~| [atomic_save] → /data1/likun-share/junjxu/.cache_stable-pretraining/runs/20260608/015902/59cf8d4b471c/checkpoints/epoch=1-step=406.ckpt
02:03:22 | INFO  | atomic_chec~| [atomic_save] ✓ epoch=1-step=406.ckpt saved (206.8 MiB, serialise=0.34s write=0.22s rename=0.1ms)
02:03:22 | INFO  | checkpoint_~|   Checking for non PyTorch modules to save
02:03:22 | INFO  | atomic_chec~| [atomic_save] → /data1/likun-share/junjxu/.cache_stable-pretraining/runs/20260608/015902/59cf8d4b471c/checkpoints/last.ckpt
02:03:22 | INFO  | atomic_chec~| [atomic_save] ✓ last.ckpt saved (206.8 MiB, serialise=0.34s write=0.23s rename=29.8ms)
[Epoch 2/20] step 50/203 (2.2 it/s)
[Epoch 2/20] step 100/203 (1.9 it/s)
[Epoch 2/20] step 150/203 (1.8 it/s)
[Epoch 2/20] step 200/203 (1.7 it/s)
02:05:27 | INFO  | trainer_inf~| \n+----------------------------+-----------------------+
|           Metric           |         Value         |
+----------------------------+-----------------------+
|          [0;34;40mfit/loss[0m          |   [0;32;40m5.775050640106201[0m   |
|       [0;34;40mfit/pred_loss[0m        |  [0;32;40m0.03451777249574661[0m  |
|       [0;34;40mfit/probe_loss[0m       |   [0;32;40m0.1813901662826538[0m  |
|      [0;34;40mfit/sigreg_loss[0m       |         [0;32;40m3.3125[0m        |
|    [0;34;40mhardware/cpu_percent[0m    |   [0;32;40m50.29999923706055[0m   |
|  [0;34;40mhardware/disk_read_mb_s[0m   |          [0;32;40m0.0[0m          |
|  [0;34;40mhardware/disk_write_mb_s[0m  |   [0;32;40m44.95301055908203[0m   |
|   [0;34;40mhardware/net_recv_mb_s[0m   |  [0;32;40m0.017430363222956657[0m |
|   [0;34;40mhardware/net_sent_mb_s[0m   |  [0;32;40m0.013054417446255684[0m |
|    [0;34;40mhardware/ram_used_gb[0m    |   [0;32;40m373.79876708984375[0m  |
|   [0;34;40mhardware/ram_used_pct[0m    |   [0;32;40m37.099998474121094[0m  |
|    [0;34;40mhparams/lr_default_0[0m    | [0;32;40m4.756883572554216e-05[0m |
|       [0;34;40mvalidate/loss[0m        |    [0;32;40m7.41660737991333[0m   |
|    [0;34;40mvalidate/loss_epoch[0m     |    [0;32;40m7.41660737991333[0m   |
|     [0;34;40mvalidate/pred_loss[0m     |  [0;32;40m0.047231875360012054[0m |
|  [0;34;40mvalidate/pred_loss_epoch[0m  |  [0;32;40m0.047231875360012054[0m |
|    [0;34;40mvalidate/probe_loss[0m     |  [0;32;40m0.22883838415145874[0m  |
| [0;34;40mvalidate/probe_loss_epoch[0m  |  [0;32;40m0.22883838415145874[0m  |
|    [0;34;40mvalidate/sigreg_loss[0m    |   [0;32;40m5.604400157928467[0m   |
| [0;34;40mvalidate/sigreg_loss_epoch[0m |   [0;32;40m5.604400157928467[0m   |
+----------------------------+-----------------------+
[Epoch 2/20] done in 125.2s
02:05:28 | INFO  | checkpoint_~|   Checking for non PyTorch modules to save
02:05:28 | INFO  | atomic_chec~| [atomic_save] → /data1/likun-share/junjxu/.cache_stable-pretraining/runs/20260608/015902/59cf8d4b471c/checkpoints/epoch=2-step=609.ckpt
02:05:28 | INFO  | atomic_chec~| [atomic_save] ✓ epoch=2-step=609.ckpt saved (206.8 MiB, serialise=0.47s write=0.28s rename=0.1ms)
02:05:28 | INFO  | checkpoint_~|   Checking for non PyTorch modules to save
02:05:28 | INFO  | atomic_chec~| [atomic_save] → /data1/likun-share/junjxu/.cache_stable-pretraining/runs/20260608/015902/59cf8d4b471c/checkpoints/last.ckpt
02:05:29 | INFO  | atomic_chec~| [atomic_save] ✓ last.ckpt saved (206.8 MiB, serialise=0.36s write=0.23s rename=39.7ms)
[Epoch 3/20] step 50/203 (2.1 it/s)
[Epoch 3/20] step 100/203 (2.0 it/s)
[Epoch 3/20] step 150/203 (1.9 it/s)
[Epoch 3/20] step 200/203 (1.8 it/s)
02:07:27 | INFO  | trainer_inf~| \n+----------------------------+-----------------------+
|           Metric           |         Value         |
+----------------------------+-----------------------+
|          [0;34;40mfit/loss[0m          |   [0;32;40m6.5513105392456055[0m  |
|       [0;34;40mfit/pred_loss[0m        |  [0;32;40m0.04335713014006615[0m  |
|       [0;34;40mfit/probe_loss[0m       |  [0;32;40m0.20820781588554382[0m  |
|      [0;34;40mfit/sigreg_loss[0m       |        [0;32;40m2.90625[0m        |
|    [0;34;40mhardware/cpu_percent[0m    |          [0;32;40m49.5[0m         |
|  [0;34;40mhardware/disk_read_mb_s[0m   |          [0;32;40m0.0[0m          |
|  [0;34;40mhardware/disk_write_mb_s[0m  |   [0;32;40m43.21897888183594[0m   |
|   [0;34;40mhardware/net_recv_mb_s[0m   |  [0;32;40m0.015135924331843853[0m |
|   [0;34;40mhardware/net_sent_mb_s[0m   |  [0;32;40m0.01127068605273962[0m  |
|    [0;34;40mhardware/ram_used_gb[0m    |   [0;32;40m376.24468994140625[0m  |
|   [0;34;40mhardware/ram_used_pct[0m    |   [0;32;40m37.29999923706055[0m   |
|    [0;34;40mhparams/lr_default_0[0m    | [0;32;40m4.558654109132476e-05[0m |
|       [0;34;40mvalidate/loss[0m        |   [0;32;40m6.944471836090088[0m   |
|    [0;34;40mvalidate/loss_epoch[0m     |   [0;32;40m6.944471836090088[0m   |
|     [0;34;40mvalidate/pred_loss[0m     |  [0;32;40m0.04068514332175255[0m  |
|  [0;34;40mvalidate/pred_loss_epoch[0m  |  [0;32;40m0.04068514332175255[0m  |
|    [0;34;40mvalidate/probe_loss[0m     |  [0;32;40m0.21490176022052765[0m  |
| [0;34;40mvalidate/probe_loss_epoch[0m  |  [0;32;40m0.21490176022052765[0m  |
|    [0;34;40mvalidate/sigreg_loss[0m    |   [0;32;40m5.0723958015441895[0m  |
| [0;34;40mvalidate/sigreg_loss_epoch[0m |   [0;32;40m5.0723958015441895[0m  |
+----------------------------+-----------------------+
[Epoch 3/20] done in 117.9s
02:07:27 | INFO  | checkpoint_~|   Checking for non PyTorch modules to save
02:07:27 | INFO  | atomic_chec~| [atomic_save] → /data1/likun-share/junjxu/.cache_stable-pretraining/runs/20260608/015902/59cf8d4b471c/checkpoints/epoch=3-step=812.ckpt
02:07:28 | INFO  | atomic_chec~| [atomic_save] ✓ epoch=3-step=812.ckpt saved (206.8 MiB, serialise=0.45s write=0.28s rename=0.1ms)
02:07:28 | INFO  | checkpoint_~|   Checking for non PyTorch modules to save
02:07:28 | INFO  | atomic_chec~| [atomic_save] → /data1/likun-share/junjxu/.cache_stable-pretraining/runs/20260608/015902/59cf8d4b471c/checkpoints/last.ckpt
02:07:28 | INFO  | atomic_chec~| [atomic_save] ✓ last.ckpt saved (206.8 MiB, serialise=0.37s write=0.28s rename=44.8ms)
[Epoch 4/20] step 50/203 (1.7 it/s)
[Epoch 4/20] step 100/203 (2.0 it/s)
[Epoch 4/20] step 150/203 (1.9 it/s)
[Epoch 4/20] step 200/203 (1.8 it/s)
02:09:30 | INFO  | trainer_inf~| \n+----------------------------+----------------------+
|           Metric           |        Value         |
+----------------------------+----------------------+
|          [0;34;40mfit/loss[0m          |  [0;32;40m4.835423946380615[0m   |
|       [0;34;40mfit/pred_loss[0m        | [0;32;40m0.03722316026687622[0m  |
|       [0;34;40mfit/probe_loss[0m       |  [0;32;40m0.152192622423172[0m   |
|      [0;34;40mfit/sigreg_loss[0m       |       [0;32;40m2.578125[0m       |
|    [0;34;40mhardware/cpu_percent[0m    |  [0;32;40m49.70000076293945[0m   |
|  [0;34;40mhardware/disk_read_mb_s[0m   |         [0;32;40m0.0[0m          |
|  [0;34;40mhardware/disk_write_mb_s[0m  |  [0;32;40m43.117279052734375[0m  |
|   [0;34;40mhardware/net_recv_mb_s[0m   | [0;32;40m0.01704830303788185[0m  |
|   [0;34;40mhardware/net_sent_mb_s[0m   | [0;32;40m0.012062457390129566[0m |
|    [0;34;40mhardware/ram_used_gb[0m    |  [0;32;40m376.6286315917969[0m   |
|   [0;34;40mhardware/ram_used_pct[0m    |  [0;32;40m37.400001525878906[0m  |
|    [0;34;40mhparams/lr_default_0[0m    | [0;32;40m4.30872205470223e-05[0m |
|       [0;34;40mvalidate/loss[0m        |  [0;32;40m6.268204689025879[0m   |
|    [0;34;40mvalidate/loss_epoch[0m     |  [0;32;40m6.268204689025879[0m   |
|     [0;34;40mvalidate/pred_loss[0m     | [0;32;40m0.040161192417144775[0m |
|  [0;34;40mvalidate/pred_loss_epoch[0m  | [0;32;40m0.040161192417144775[0m |
|    [0;34;40mvalidate/probe_loss[0m     | [0;32;40m0.19518274068832397[0m  |
| [0;34;40mvalidate/probe_loss_epoch[0m  | [0;32;40m0.19518274068832397[0m  |
|    [0;34;40mvalidate/sigreg_loss[0m    |  [0;32;40m4.140323162078857[0m   |
| [0;34;40mvalidate/sigreg_loss_epoch[0m |  [0;32;40m4.140323162078857[0m   |
+----------------------------+----------------------+
[Epoch 4/20] done in 121.7s
02:09:30 | INFO  | checkpoint_~|   Checking for non PyTorch modules to save
02:09:30 | INFO  | atomic_chec~| [atomic_save] → /data1/likun-share/junjxu/.cache_stable-pretraining/runs/20260608/015902/59cf8d4b471c/checkpoints/epoch=4-step=1015.ckpt
02:09:31 | INFO  | atomic_chec~| [atomic_save] ✓ epoch=4-step=1015.ckpt saved (206.8 MiB, serialise=0.47s write=0.29s rename=0.1ms)
02:09:31 | INFO  | checkpoint_~|   Checking for non PyTorch modules to save
02:09:31 | INFO  | atomic_chec~| [atomic_save] → /data1/likun-share/junjxu/.cache_stable-pretraining/runs/20260608/015902/59cf8d4b471c/checkpoints/last.ckpt
02:09:32 | INFO  | atomic_chec~| [atomic_save] ✓ last.ckpt saved (206.8 MiB, serialise=0.32s write=0.27s rename=60.3ms)
[Epoch 5/20] step 50/203 (1.7 it/s)
[Epoch 5/20] step 100/203 (1.9 it/s)
[Epoch 5/20] step 150/203 (1.8 it/s)
[Epoch 5/20] step 200/203 (1.8 it/s)
02:11:31 | INFO  | trainer_inf~| \n+----------------------------+------------------------+
|           Metric           |         Value          |
+----------------------------+------------------------+
|          [0;34;40mfit/loss[0m          |   [0;32;40m5.130480766296387[0m    |
|       [0;34;40mfit/pred_loss[0m        |  [0;32;40m0.046710144728422165[0m  |
|       [0;34;40mfit/probe_loss[0m       |  [0;32;40m0.16252543032169342[0m   |
|      [0;34;40mfit/sigreg_loss[0m       |         [0;32;40m2.3125[0m         |
|    [0;34;40mhardware/cpu_percent[0m    |   [0;32;40m50.099998474121094[0m   |
|  [0;34;40mhardware/disk_read_mb_s[0m   |          [0;32;40m0.0[0m           |
|  [0;34;40mhardware/disk_write_mb_s[0m  |   [0;32;40m43.78916549682617[0m    |
|   [0;34;40mhardware/net_recv_mb_s[0m   |  [0;32;40m0.019164543598890305[0m  |
|   [0;34;40mhardware/net_sent_mb_s[0m   |  [0;32;40m0.013847260735929012[0m  |
|    [0;34;40mhardware/ram_used_gb[0m    |   [0;32;40m377.3327941894531[0m    |
|   [0;34;40mhardware/ram_used_pct[0m    |          [0;32;40m37.5[0m          |
|    [0;34;40mhparams/lr_default_0[0m    | [0;32;40m4.0133647416951135e-05[0m |
|       [0;34;40mvalidate/loss[0m        |   [0;32;40m5.928807735443115[0m    |
|    [0;34;40mvalidate/loss_epoch[0m     |   [0;32;40m5.928807735443115[0m    |
|     [0;34;40mvalidate/pred_loss[0m     |  [0;32;40m0.04354685917496681[0m   |
|  [0;34;40mvalidate/pred_loss_epoch[0m  |  [0;32;40m0.04354685917496681[0m   |
|    [0;34;40mvalidate/probe_loss[0m     |  [0;32;40m0.18429577350616455[0m   |
| [0;34;40mvalidate/probe_loss_epoch[0m  |  [0;32;40m0.18429577350616455[0m   |
|    [0;34;40mvalidate/sigreg_loss[0m    |   [0;32;40m3.9631824493408203[0m   |
| [0;34;40mvalidate/sigreg_loss_epoch[0m |   [0;32;40m3.9631824493408203[0m   |
+----------------------------+------------------------+
[Epoch 5/20] done in 119.8s
02:11:31 | INFO  | checkpoint_~|   Checking for non PyTorch modules to save
02:11:31 | INFO  | atomic_chec~| [atomic_save] → /data1/likun-share/junjxu/.cache_stable-pretraining/runs/20260608/015902/59cf8d4b471c/checkpoints/epoch=5-step=1218.ckpt
02:11:32 | INFO  | atomic_chec~| [atomic_save] ✓ epoch=5-step=1218.ckpt saved (206.8 MiB, serialise=0.43s write=0.23s rename=0.1ms)
02:11:32 | INFO  | checkpoint_~|   Checking for non PyTorch modules to save
02:11:32 | INFO  | atomic_chec~| [atomic_save] → /data1/likun-share/junjxu/.cache_stable-pretraining/runs/20260608/015902/59cf8d4b471c/checkpoints/last.ckpt
02:11:33 | INFO  | atomic_chec~| [atomic_save] ✓ last.ckpt saved (206.8 MiB, serialise=0.33s write=0.25s rename=33.8ms)
[Epoch 6/20] step 50/203 (1.6 it/s)
[Epoch 6/20] step 100/203 (1.8 it/s)
[Epoch 6/20] step 150/203 (1.9 it/s)
[Epoch 6/20] step 200/203 (1.8 it/s)
02:13:32 | INFO  | trainer_inf~| \n+----------------------------+-----------------------+
|           Metric           |         Value         |
+----------------------------+-----------------------+
|          [0;34;40mfit/loss[0m          |   [0;32;40m5.567481994628906[0m   |
|       [0;34;40mfit/pred_loss[0m        |  [0;32;40m0.052220966666936874[0m |
|       [0;34;40mfit/probe_loss[0m       |  [0;32;40m0.17684334516525269[0m  |
|      [0;34;40mfit/sigreg_loss[0m       |        [0;32;40m2.328125[0m       |
|    [0;34;40mhardware/cpu_percent[0m    |   [0;32;40m49.900001525878906[0m  |
|  [0;34;40mhardware/disk_read_mb_s[0m   |          [0;32;40m0.0[0m          |
|  [0;34;40mhardware/disk_write_mb_s[0m  |   [0;32;40m40.19036865234375[0m   |
|   [0;34;40mhardware/net_recv_mb_s[0m   |  [0;32;40m0.03600170463323593[0m  |
|   [0;34;40mhardware/net_sent_mb_s[0m   |  [0;32;40m0.023077813908457756[0m |
|    [0;34;40mhardware/ram_used_gb[0m    |    [0;32;40m378.84716796875[0m    |
|   [0;34;40mhardware/ram_used_pct[0m    |   [0;32;40m37.599998474121094[0m  |
|    [0;34;40mhparams/lr_default_0[0m    | [0;32;40m3.679999281303026e-05[0m |
|       [0;34;40mvalidate/loss[0m        |   [0;32;40m5.999499320983887[0m   |
|    [0;34;40mvalidate/loss_epoch[0m     |   [0;32;40m5.999499320983887[0m   |
|     [0;34;40mvalidate/pred_loss[0m     |  [0;32;40m0.04783599451184273[0m  |
|  [0;34;40mvalidate/pred_loss_epoch[0m  |  [0;32;40m0.04783599451184273[0m  |
|    [0;34;40mvalidate/probe_loss[0m     |  [0;32;40m0.18344458937644958[0m  |
| [0;34;40mvalidate/probe_loss_epoch[0m  |  [0;32;40m0.18344458937644958[0m  |
|    [0;34;40mvalidate/sigreg_loss[0m    |   [0;32;40m4.982461452484131[0m   |
| [0;34;40mvalidate/sigreg_loss_epoch[0m |   [0;32;40m4.982461452484131[0m   |
+----------------------------+-----------------------+
[Epoch 6/20] done in 119.7s
02:13:33 | INFO  | checkpoint_~|   Checking for non PyTorch modules to save
02:13:33 | INFO  | atomic_chec~| [atomic_save] → /data1/likun-share/junjxu/.cache_stable-pretraining/runs/20260608/015902/59cf8d4b471c/checkpoints/epoch=6-step=1421.ckpt
02:13:33 | INFO  | atomic_chec~| [atomic_save] ✓ epoch=6-step=1421.ckpt saved (206.8 MiB, serialise=0.33s write=0.23s rename=0.0ms)
02:13:33 | INFO  | checkpoint_~|   Checking for non PyTorch modules to save
02:13:33 | INFO  | atomic_chec~| [atomic_save] → /data1/likun-share/junjxu/.cache_stable-pretraining/runs/20260608/015902/59cf8d4b471c/checkpoints/last.ckpt
02:13:34 | INFO  | atomic_chec~| [atomic_save] ✓ last.ckpt saved (206.8 MiB, serialise=0.34s write=0.23s rename=32.5ms)
[Epoch 7/20] step 50/203 (1.7 it/s)
[Epoch 7/20] step 100/203 (1.7 it/s)
[Epoch 7/20] step 150/203 (1.8 it/s)
[Epoch 7/20] step 200/203 (1.8 it/s)
02:15:36 | INFO  | trainer_inf~| \n+----------------------------+-----------------------+
|           Metric           |         Value         |
+----------------------------+-----------------------+
|          [0;34;40mfit/loss[0m          |   [0;32;40m6.102316856384277[0m   |
|       [0;34;40mfit/pred_loss[0m        |  [0;32;40m0.05107644945383072[0m  |
|       [0;34;40mfit/probe_loss[0m       |   [0;32;40m0.195392906665802[0m   |
|      [0;34;40mfit/sigreg_loss[0m       |        [0;32;40m2.109375[0m       |
|    [0;34;40mhardware/cpu_percent[0m    |   [0;32;40m49.70000076293945[0m   |
|  [0;34;40mhardware/disk_read_mb_s[0m   |          [0;32;40m0.0[0m          |
|  [0;34;40mhardware/disk_write_mb_s[0m  |   [0;32;40m51.746177673339844[0m  |
|   [0;34;40mhardware/net_recv_mb_s[0m   |  [0;32;40m0.017631063237786293[0m |
|   [0;34;40mhardware/net_sent_mb_s[0m   |  [0;32;40m0.04678491875529289[0m  |
|    [0;34;40mhardware/ram_used_gb[0m    |   [0;32;40m377.7205505371094[0m   |
|   [0;34;40mhardware/ram_used_pct[0m    |          [0;32;40m37.5[0m         |
|    [0;34;40mhparams/lr_default_0[0m    | [0;32;40m3.316998481750488e-05[0m |
|       [0;34;40mvalidate/loss[0m        |   [0;32;40m5.185585975646973[0m   |
|    [0;34;40mvalidate/loss_epoch[0m     |   [0;32;40m5.185585975646973[0m   |
|     [0;34;40mvalidate/pred_loss[0m     |  [0;32;40m0.04680640995502472[0m  |
|  [0;34;40mvalidate/pred_loss_epoch[0m  |  [0;32;40m0.04680640995502472[0m  |
|    [0;34;40mvalidate/probe_loss[0m     |  [0;32;40m0.16250140964984894[0m  |
| [0;34;40mvalidate/probe_loss_epoch[0m  |  [0;32;40m0.16250140964984894[0m  |
|    [0;34;40mvalidate/sigreg_loss[0m    |   [0;32;40m2.9304771423339844[0m  |
| [0;34;40mvalidate/sigreg_loss_epoch[0m |   [0;32;40m2.9304771423339844[0m  |
+----------------------------+-----------------------+
[Epoch 7/20] done in 121.9s
02:15:36 | INFO  | checkpoint_~|   Checking for non PyTorch modules to save
02:15:36 | INFO  | atomic_chec~| [atomic_save] → /data1/likun-share/junjxu/.cache_stable-pretraining/runs/20260608/015902/59cf8d4b471c/checkpoints/epoch=7-step=1624.ckpt
02:15:37 | INFO  | atomic_chec~| [atomic_save] ✓ epoch=7-step=1624.ckpt saved (206.8 MiB, serialise=0.69s write=0.23s rename=0.1ms)
02:15:37 | INFO  | checkpoint_~|   Checking for non PyTorch modules to save
02:15:37 | INFO  | atomic_chec~| [atomic_save] → /data1/likun-share/junjxu/.cache_stable-pretraining/runs/20260608/015902/59cf8d4b471c/checkpoints/last.ckpt
02:15:37 | INFO  | atomic_chec~| [atomic_save] ✓ last.ckpt saved (206.8 MiB, serialise=0.38s write=0.24s rename=56.3ms)
[Epoch 8/20] step 50/203 (1.6 it/s)
[Epoch 8/20] step 100/203 (1.7 it/s)
[Epoch 8/20] step 150/203 (1.8 it/s)
[Epoch 8/20] step 200/203 (1.8 it/s)
02:17:41 | INFO  | trainer_inf~| \n+----------------------------+------------------------+
|           Metric           |         Value          |
+----------------------------+------------------------+
|          [0;34;40mfit/loss[0m          |   [0;32;40m4.4142374992370605[0m   |
|       [0;34;40mfit/pred_loss[0m        |  [0;32;40m0.05035525560379028[0m   |
|       [0;34;40mfit/probe_loss[0m       |  [0;32;40m0.13918018341064453[0m   |
|      [0;34;40mfit/sigreg_loss[0m       |        [0;32;40m2.09375[0m         |
|    [0;34;40mhardware/cpu_percent[0m    |          [0;32;40m50.0[0m          |
|  [0;34;40mhardware/disk_read_mb_s[0m   |          [0;32;40m0.0[0m           |
|  [0;34;40mhardware/disk_write_mb_s[0m  |   [0;32;40m63.78275680541992[0m    |
|   [0;34;40mhardware/net_recv_mb_s[0m   |  [0;32;40m0.030609000474214554[0m  |
|   [0;34;40mhardware/net_sent_mb_s[0m   |  [0;32;40m0.061191312968730927[0m  |
|    [0;34;40mhardware/ram_used_gb[0m    |   [0;32;40m379.5223388671875[0m    |
|   [0;34;40mhardware/ram_used_pct[0m    |   [0;32;40m37.70000076293945[0m    |
|    [0;34;40mhparams/lr_default_0[0m    | [0;32;40m2.9334791179280728e-05[0m |
|       [0;34;40mvalidate/loss[0m        |   [0;32;40m5.445558547973633[0m    |
|    [0;34;40mvalidate/loss_epoch[0m     |   [0;32;40m5.445558547973633[0m    |
|     [0;34;40mvalidate/pred_loss[0m     |  [0;32;40m0.04992213100194931[0m   |
|  [0;34;40mvalidate/pred_loss_epoch[0m  |  [0;32;40m0.04992213100194931[0m   |
|    [0;34;40mvalidate/probe_loss[0m     |  [0;32;40m0.16888658702373505[0m   |
| [0;34;40mvalidate/probe_loss_epoch[0m  |  [0;32;40m0.16888658702373505[0m   |
|    [0;34;40mvalidate/sigreg_loss[0m    |   [0;32;40m3.6549887657165527[0m   |
| [0;34;40mvalidate/sigreg_loss_epoch[0m |   [0;32;40m3.6549887657165527[0m   |
+----------------------------+------------------------+
[Epoch 8/20] done in 123.7s
02:17:41 | INFO  | checkpoint_~|   Checking for non PyTorch modules to save
02:17:41 | INFO  | atomic_chec~| [atomic_save] → /data1/likun-share/junjxu/.cache_stable-pretraining/runs/20260608/015902/59cf8d4b471c/checkpoints/epoch=8-step=1827.ckpt
02:17:42 | INFO  | atomic_chec~| [atomic_save] ✓ epoch=8-step=1827.ckpt saved (206.8 MiB, serialise=0.48s write=0.29s rename=0.1ms)
02:17:42 | INFO  | checkpoint_~|   Checking for non PyTorch modules to save
02:17:42 | INFO  | atomic_chec~| [atomic_save] → /data1/likun-share/junjxu/.cache_stable-pretraining/runs/20260608/015902/59cf8d4b471c/checkpoints/last.ckpt
02:17:43 | INFO  | atomic_chec~| [atomic_save] ✓ last.ckpt saved (206.8 MiB, serialise=0.35s write=0.28s rename=54.3ms)
[Epoch 9/20] step 50/203 (1.6 it/s)
[Epoch 9/20] step 100/203 (1.7 it/s)
[Epoch 9/20] step 150/203 (1.8 it/s)
[Epoch 9/20] step 200/203 (1.7 it/s)
02:19:50 | INFO  | trainer_inf~| \n+----------------------------+-----------------------+
|           Metric           |         Value         |
+----------------------------+-----------------------+
|          [0;34;40mfit/loss[0m          |   [0;32;40m3.6925930976867676[0m  |
|       [0;34;40mfit/pred_loss[0m        |  [0;32;40m0.05013195052742958[0m  |
|       [0;34;40mfit/probe_loss[0m       |  [0;32;40m0.11536068469285965[0m  |
|      [0;34;40mfit/sigreg_loss[0m       |        [0;32;40m2.015625[0m       |
|    [0;34;40mhardware/cpu_percent[0m    |   [0;32;40m48.79999923706055[0m   |
|  [0;34;40mhardware/disk_read_mb_s[0m   |          [0;32;40m0.0[0m          |
|  [0;34;40mhardware/disk_write_mb_s[0m  |   [0;32;40m62.945735931396484[0m  |
|   [0;34;40mhardware/net_recv_mb_s[0m   |  [0;32;40m0.006426140200346708[0m |
|   [0;34;40mhardware/net_sent_mb_s[0m   |  [0;32;40m0.042366113513708115[0m |
|    [0;34;40mhardware/ram_used_gb[0m    |   [0;32;40m380.7066955566406[0m   |
|   [0;34;40mhardware/ram_used_pct[0m    |   [0;32;40m37.79999923706055[0m   |
|    [0;34;40mhparams/lr_default_0[0m    | [0;32;40m2.539072920626495e-05[0m |
|       [0;34;40mvalidate/loss[0m        |   [0;32;40m4.572330474853516[0m   |
|    [0;34;40mvalidate/loss_epoch[0m     |   [0;32;40m4.572330474853516[0m   |
|     [0;34;40mvalidate/pred_loss[0m     |  [0;32;40m0.05387076735496521[0m  |
|  [0;34;40mvalidate/pred_loss_epoch[0m  |  [0;32;40m0.05387076735496521[0m  |
|    [0;34;40mvalidate/probe_loss[0m     |  [0;32;40m0.14204098284244537[0m  |
| [0;34;40mvalidate/probe_loss_epoch[0m  |  [0;32;40m0.14204098284244537[0m  |
|    [0;34;40mvalidate/sigreg_loss[0m    |    [0;32;40m2.85762882232666[0m   |
| [0;34;40mvalidate/sigreg_loss_epoch[0m |    [0;32;40m2.85762882232666[0m   |
+----------------------------+-----------------------+
[Epoch 9/20] done in 127.5s
02:19:50 | INFO  | checkpoint_~|   Checking for non PyTorch modules to save
02:19:50 | INFO  | atomic_chec~| [atomic_save] → /data1/likun-share/junjxu/.cache_stable-pretraining/runs/20260608/015902/59cf8d4b471c/checkpoints/epoch=9-step=2030.ckpt
02:19:51 | INFO  | atomic_chec~| [atomic_save] ✓ epoch=9-step=2030.ckpt saved (206.8 MiB, serialise=0.47s write=0.28s rename=0.0ms)
02:19:51 | INFO  | checkpoint_~|   Checking for non PyTorch modules to save
02:19:51 | INFO  | atomic_chec~| [atomic_save] → /data1/likun-share/junjxu/.cache_stable-pretraining/runs/20260608/015902/59cf8d4b471c/checkpoints/last.ckpt
02:19:52 | INFO  | atomic_chec~| [atomic_save] ✓ last.ckpt saved (206.8 MiB, serialise=0.45s write=0.28s rename=55.0ms)
[Epoch 10/20] step 50/203 (1.5 it/s)
[Epoch 10/20] step 100/203 (1.7 it/s)
[Epoch 10/20] step 150/203 (1.8 it/s)
[Epoch 10/20] step 200/203 (1.8 it/s)
02:21:53 | INFO  | trainer_inf~| \n+----------------------------+------------------------+
|           Metric           |         Value          |
+----------------------------+------------------------+
|          [0;34;40mfit/loss[0m          |   [0;32;40m3.7777163982391357[0m   |
|       [0;34;40mfit/pred_loss[0m        |  [0;32;40m0.04882624372839928[0m   |
|       [0;34;40mfit/probe_loss[0m       |  [0;32;40m0.11833930760622025[0m   |
|      [0;34;40mfit/sigreg_loss[0m       |        [0;32;40m1.984375[0m        |
|    [0;34;40mhardware/cpu_percent[0m    |   [0;32;40m47.79999923706055[0m    |
|  [0;34;40mhardware/disk_read_mb_s[0m   |          [0;32;40m0.0[0m           |
|  [0;34;40mhardware/disk_write_mb_s[0m  |   [0;32;40m63.13645935058594[0m    |
|   [0;34;40mhardware/net_recv_mb_s[0m   |  [0;32;40m0.004816983360797167[0m  |
|   [0;34;40mhardware/net_sent_mb_s[0m   |  [0;32;40m0.005579401273280382[0m  |
|    [0;34;40mhardware/ram_used_gb[0m    |   [0;32;40m380.22015380859375[0m   |
|   [0;34;40mhardware/ram_used_pct[0m    |   [0;32;40m37.70000076293945[0m    |
|    [0;34;40mhparams/lr_default_0[0m    | [0;32;40m2.1436855604406446e-05[0m |
|       [0;34;40mvalidate/loss[0m        |   [0;32;40m4.077053070068359[0m    |
|    [0;34;40mvalidate/loss_epoch[0m     |   [0;32;40m4.077053070068359[0m    |
|     [0;34;40mvalidate/pred_loss[0m     |  [0;32;40m0.051592592149972916[0m  |
|  [0;34;40mvalidate/pred_loss_epoch[0m  |  [0;32;40m0.051592592149972916[0m  |
|    [0;34;40mvalidate/probe_loss[0m     |  [0;32;40m0.12639039754867554[0m   |
| [0;34;40mvalidate/probe_loss_epoch[0m  |  [0;32;40m0.12639039754867554[0m   |
|    [0;34;40mvalidate/sigreg_loss[0m    |   [0;32;40m2.597576856613159[0m    |
| [0;34;40mvalidate/sigreg_loss_epoch[0m |   [0;32;40m2.597576856613159[0m    |
+----------------------------+------------------------+
[Epoch 10/20] done in 121.5s
02:21:53 | INFO  | checkpoint_~|   Checking for non PyTorch modules to save
02:21:53 | INFO  | atomic_chec~| [atomic_save] → /data1/likun-share/junjxu/.cache_stable-pretraining/runs/20260608/015902/59cf8d4b471c/checkpoints/epoch=10-step=2233.ckpt
02:21:54 | INFO  | atomic_chec~| [atomic_save] ✓ epoch=10-step=2233.ckpt saved (206.8 MiB, serialise=0.32s write=0.23s rename=0.1ms)
02:21:54 | INFO  | checkpoint_~|   Checking for non PyTorch modules to save
02:21:54 | INFO  | atomic_chec~| [atomic_save] → /data1/likun-share/junjxu/.cache_stable-pretraining/runs/20260608/015902/59cf8d4b471c/checkpoints/last.ckpt
02:21:55 | INFO  | atomic_chec~| [atomic_save] ✓ last.ckpt saved (206.8 MiB, serialise=0.44s write=0.25s rename=30.8ms)
[Epoch 11/20] step 50/203 (1.6 it/s)
[Epoch 11/20] step 100/203 (1.7 it/s)
[Epoch 11/20] step 150/203 (1.7 it/s)
[Epoch 11/20] step 200/203 (1.8 it/s)
02:23:57 | INFO  | trainer_inf~| \n+----------------------------+-----------------------+
|           Metric           |         Value         |
+----------------------------+-----------------------+
|          [0;34;40mfit/loss[0m          |    [0;32;40m4.88311767578125[0m   |
|       [0;34;40mfit/pred_loss[0m        |  [0;32;40m0.05785626173019409[0m  |
|       [0;34;40mfit/probe_loss[0m       |  [0;32;40m0.15465715527534485[0m  |
|      [0;34;40mfit/sigreg_loss[0m       |         [0;32;40m2.0625[0m        |
|    [0;34;40mhardware/cpu_percent[0m    |   [0;32;40m54.099998474121094[0m  |
|  [0;34;40mhardware/disk_read_mb_s[0m   |          [0;32;40m0.0[0m          |
|  [0;34;40mhardware/disk_write_mb_s[0m  |   [0;32;40m53.03275680541992[0m   |
|   [0;34;40mhardware/net_recv_mb_s[0m   |  [0;32;40m0.004348677583038807[0m |
|   [0;34;40mhardware/net_sent_mb_s[0m   |  [0;32;40m0.004769320599734783[0m |
|    [0;34;40mhardware/ram_used_gb[0m    |    [0;32;40m379.810302734375[0m   |
|   [0;34;40mhardware/ram_used_pct[0m    |   [0;32;40m37.70000076293945[0m   |
|    [0;34;40mhparams/lr_default_0[0m    | [0;32;40m1.757246718625538e-05[0m |
|       [0;34;40mvalidate/loss[0m        |   [0;32;40m3.742932081222534[0m   |
|    [0;34;40mvalidate/loss_epoch[0m     |   [0;32;40m3.742932081222534[0m   |
|     [0;34;40mvalidate/pred_loss[0m     |  [0;32;40m0.051731135696172714[0m |
|  [0;34;40mvalidate/pred_loss_epoch[0m  |  [0;32;40m0.051731135696172714[0m |
|    [0;34;40mvalidate/probe_loss[0m     |  [0;32;40m0.11503574252128601[0m  |
| [0;34;40mvalidate/probe_loss_epoch[0m  |  [0;32;40m0.11503574252128601[0m  |
|    [0;34;40mvalidate/sigreg_loss[0m    |   [0;32;40m2.668689727783203[0m   |
| [0;34;40mvalidate/sigreg_loss_epoch[0m |   [0;32;40m2.668689727783203[0m   |
+----------------------------+-----------------------+
[Epoch 11/20] done in 122.4s
02:23:57 | INFO  | checkpoint_~|   Checking for non PyTorch modules to save
02:23:57 | INFO  | atomic_chec~| [atomic_save] → /data1/likun-share/junjxu/.cache_stable-pretraining/runs/20260608/015902/59cf8d4b471c/checkpoints/epoch=11-step=2436.ckpt
02:23:58 | INFO  | atomic_chec~| [atomic_save] ✓ epoch=11-step=2436.ckpt saved (206.8 MiB, serialise=0.32s write=0.22s rename=0.0ms)
02:23:58 | INFO  | checkpoint_~|   Checking for non PyTorch modules to save
02:23:58 | INFO  | atomic_chec~| [atomic_save] → /data1/likun-share/junjxu/.cache_stable-pretraining/runs/20260608/015902/59cf8d4b471c/checkpoints/last.ckpt
02:23:58 | INFO  | atomic_chec~| [atomic_save] ✓ last.ckpt saved (206.8 MiB, serialise=0.34s write=0.23s rename=35.9ms)
[Epoch 12/20] step 50/203 (1.6 it/s)
[Epoch 12/20] step 100/203 (1.7 it/s)
[Epoch 12/20] step 150/203 (1.7 it/s)
[Epoch 12/20] step 200/203 (1.8 it/s)
02:26:01 | INFO  | trainer_inf~| \n+----------------------------+------------------------+
|           Metric           |         Value          |
+----------------------------+------------------------+
|          [0;34;40mfit/loss[0m          |   [0;32;40m3.293703079223633[0m    |
|       [0;34;40mfit/pred_loss[0m        |  [0;32;40m0.060466017574071884[0m  |
|       [0;34;40mfit/probe_loss[0m       |  [0;32;40m0.10188264399766922[0m   |
|      [0;34;40mfit/sigreg_loss[0m       |        [0;32;40m1.96875[0m         |
|    [0;34;40mhardware/cpu_percent[0m    |   [0;32;40m54.900001525878906[0m   |
|  [0;34;40mhardware/disk_read_mb_s[0m   |          [0;32;40m0.0[0m           |
|  [0;34;40mhardware/disk_write_mb_s[0m  |   [0;32;40m157.72518920898438[0m   |
|   [0;34;40mhardware/net_recv_mb_s[0m   |  [0;32;40m0.004481670446693897[0m  |
|   [0;34;40mhardware/net_sent_mb_s[0m   |  [0;32;40m0.005203604232519865[0m  |
|    [0;34;40mhardware/ram_used_gb[0m    |   [0;32;40m380.09735107421875[0m   |
|   [0;34;40mhardware/ram_used_pct[0m    |   [0;32;40m37.70000076293945[0m    |
|    [0;34;40mhparams/lr_default_0[0m    | [0;32;40m1.3894621588406153e-05[0m |
|       [0;34;40mvalidate/loss[0m        |   [0;32;40m3.388720989227295[0m    |
|    [0;34;40mvalidate/loss_epoch[0m     |   [0;32;40m3.388720989227295[0m    |
|     [0;34;40mvalidate/pred_loss[0m     |  [0;32;40m0.056166332215070724[0m  |
|  [0;34;40mvalidate/pred_loss_epoch[0m  |  [0;32;40m0.056166332215070724[0m  |
|    [0;34;40mvalidate/probe_loss[0m     |  [0;32;40m0.10384766757488251[0m   |
| [0;34;40mvalidate/probe_loss_epoch[0m  |  [0;32;40m0.10384766757488251[0m   |
|    [0;34;40mvalidate/sigreg_loss[0m    |   [0;32;40m2.412518262863159[0m    |
| [0;34;40mvalidate/sigreg_loss_epoch[0m |   [0;32;40m2.412518262863159[0m    |
+----------------------------+------------------------+
[Epoch 12/20] done in 123.0s
02:26:01 | INFO  | checkpoint_~|   Checking for non PyTorch modules to save
02:26:01 | INFO  | atomic_chec~| [atomic_save] → /data1/likun-share/junjxu/.cache_stable-pretraining/runs/20260608/015902/59cf8d4b471c/checkpoints/epoch=12-step=2639.ckpt
02:26:02 | INFO  | atomic_chec~| [atomic_save] ✓ epoch=12-step=2639.ckpt saved (206.8 MiB, serialise=0.40s write=0.25s rename=0.0ms)
02:26:02 | INFO  | checkpoint_~|   Checking for non PyTorch modules to save
02:26:02 | INFO  | atomic_chec~| [atomic_save] → /data1/likun-share/junjxu/.cache_stable-pretraining/runs/20260608/015902/59cf8d4b471c/checkpoints/last.ckpt
02:26:03 | INFO  | atomic_chec~| [atomic_save] ✓ last.ckpt saved (206.8 MiB, serialise=0.41s write=0.25s rename=34.7ms)
[Epoch 13/20] step 50/203 (1.6 it/s)
[Epoch 13/20] step 100/203 (1.6 it/s)
[Epoch 13/20] step 150/203 (1.6 it/s)
[Epoch 13/20] step 200/203 (1.7 it/s)
02:28:10 | INFO  | trainer_inf~| \n+----------------------------+------------------------+
|           Metric           |         Value          |
+----------------------------+------------------------+
|          [0;34;40mfit/loss[0m          |   [0;32;40m3.964069366455078[0m    |
|       [0;34;40mfit/pred_loss[0m        |  [0;32;40m0.06220361217856407[0m   |
|       [0;34;40mfit/probe_loss[0m       |  [0;32;40m0.12400750070810318[0m   |
|      [0;34;40mfit/sigreg_loss[0m       |        [0;32;40m2.015625[0m        |
|    [0;34;40mhardware/cpu_percent[0m    |   [0;32;40m53.79999923706055[0m    |
|  [0;34;40mhardware/disk_read_mb_s[0m   |          [0;32;40m0.0[0m           |
|  [0;34;40mhardware/disk_write_mb_s[0m  |      [0;32;40m136.2578125[0m       |
|   [0;34;40mhardware/net_recv_mb_s[0m   | [0;32;40m0.0073820664547383785[0m  |
|   [0;34;40mhardware/net_sent_mb_s[0m   |  [0;32;40m0.042199812829494476[0m  |
|    [0;34;40mhardware/ram_used_gb[0m    |   [0;32;40m380.2123107910156[0m    |
|   [0;34;40mhardware/ram_used_pct[0m    |   [0;32;40m37.70000076293945[0m    |
|    [0;34;40mhparams/lr_default_0[0m    | [0;32;40m1.0495683454792015e-05[0m |
|       [0;34;40mvalidate/loss[0m        |   [0;32;40m3.3298122882843018[0m   |
|    [0;34;40mvalidate/loss_epoch[0m     |   [0;32;40m3.3298122882843018[0m   |
|     [0;34;40mvalidate/pred_loss[0m     |  [0;32;40m0.056926995515823364[0m  |
|  [0;34;40mvalidate/pred_loss_epoch[0m  |  [0;32;40m0.056926995515823364[0m  |
|    [0;34;40mvalidate/probe_loss[0m     |  [0;32;40m0.10178717970848083[0m   |
| [0;34;40mvalidate/probe_loss_epoch[0m  |  [0;32;40m0.10178717970848083[0m   |
|    [0;34;40mvalidate/sigreg_loss[0m    |   [0;32;40m2.435788631439209[0m    |
| [0;34;40mvalidate/sigreg_loss_epoch[0m |   [0;32;40m2.435788631439209[0m    |
+----------------------------+------------------------+
[Epoch 13/20] done in 127.8s
02:28:11 | INFO  | checkpoint_~|   Checking for non PyTorch modules to save
02:28:11 | INFO  | atomic_chec~| [atomic_save] → /data1/likun-share/junjxu/.cache_stable-pretraining/runs/20260608/015902/59cf8d4b471c/checkpoints/epoch=13-step=2842.ckpt
02:28:11 | INFO  | atomic_chec~| [atomic_save] ✓ epoch=13-step=2842.ckpt saved (206.8 MiB, serialise=0.37s write=0.29s rename=0.1ms)
02:28:11 | INFO  | checkpoint_~|   Checking for non PyTorch modules to save
02:28:11 | INFO  | atomic_chec~| [atomic_save] → /data1/likun-share/junjxu/.cache_stable-pretraining/runs/20260608/015902/59cf8d4b471c/checkpoints/last.ckpt
02:28:12 | INFO  | atomic_chec~| [atomic_save] ✓ last.ckpt saved (206.8 MiB, serialise=0.41s write=0.28s rename=36.2ms)
[Epoch 14/20] step 50/203 (1.6 it/s)
[Epoch 14/20] step 100/203 (1.6 it/s)
[Epoch 14/20] step 150/203 (1.7 it/s)
[Epoch 14/20] step 200/203 (1.7 it/s)
02:30:18 | INFO  | trainer_inf~| \n+----------------------------+-----------------------+
|           Metric           |         Value         |
+----------------------------+-----------------------+
|          [0;34;40mfit/loss[0m          |   [0;32;40m3.2957053184509277[0m  |
|       [0;34;40mfit/pred_loss[0m        |  [0;32;40m0.05743392929434776[0m  |
|       [0;34;40mfit/probe_loss[0m       |  [0;32;40m0.10201790183782578[0m  |
|      [0;34;40mfit/sigreg_loss[0m       |       [0;32;40m1.9765625[0m       |
|    [0;34;40mhardware/cpu_percent[0m    |   [0;32;40m54.400001525878906[0m  |
|  [0;34;40mhardware/disk_read_mb_s[0m   |  [0;32;40m0.006639205384999514[0m |
|  [0;34;40mhardware/disk_write_mb_s[0m  |   [0;32;40m136.4512939453125[0m   |
|   [0;34;40mhardware/net_recv_mb_s[0m   |  [0;32;40m0.008448034524917603[0m |
|   [0;34;40mhardware/net_sent_mb_s[0m   |  [0;32;40m0.043440207839012146[0m |
|    [0;34;40mhardware/ram_used_gb[0m    |   [0;32;40m380.84588623046875[0m  |
|   [0;34;40mhardware/ram_used_pct[0m    |   [0;32;40m37.79999923706055[0m   |
|    [0;34;40mhparams/lr_default_0[0m    | [0;32;40m7.461018412868725e-06[0m |
|       [0;34;40mvalidate/loss[0m        |   [0;32;40m3.051342725753784[0m   |
|    [0;34;40mvalidate/loss_epoch[0m     |   [0;32;40m3.051342725753784[0m   |
|     [0;34;40mvalidate/pred_loss[0m     |  [0;32;40m0.056935738772153854[0m |
|  [0;34;40mvalidate/pred_loss_epoch[0m  |  [0;32;40m0.056935738772153854[0m |
|    [0;34;40mvalidate/probe_loss[0m     |  [0;32;40m0.09266848117113113[0m  |
| [0;34;40mvalidate/probe_loss_epoch[0m  |  [0;32;40m0.09266848117113113[0m  |
|    [0;34;40mvalidate/sigreg_loss[0m    |   [0;32;40m2.380335807800293[0m   |
| [0;34;40mvalidate/sigreg_loss_epoch[0m |   [0;32;40m2.380335807800293[0m   |
+----------------------------+-----------------------+
[Epoch 14/20] done in 126.3s
02:30:18 | INFO  | checkpoint_~|   Checking for non PyTorch modules to save
02:30:18 | INFO  | atomic_chec~| [atomic_save] → /data1/likun-share/junjxu/.cache_stable-pretraining/runs/20260608/015902/59cf8d4b471c/checkpoints/epoch=14-step=3045.ckpt
02:30:19 | INFO  | atomic_chec~| [atomic_save] ✓ epoch=14-step=3045.ckpt saved (206.8 MiB, serialise=0.33s write=0.22s rename=0.0ms)
02:30:19 | INFO  | checkpoint_~|   Checking for non PyTorch modules to save
02:30:19 | INFO  | atomic_chec~| [atomic_save] → /data1/likun-share/junjxu/.cache_stable-pretraining/runs/20260608/015902/59cf8d4b471c/checkpoints/last.ckpt
02:30:20 | INFO  | atomic_chec~| [atomic_save] ✓ last.ckpt saved (206.8 MiB, serialise=0.36s write=0.23s rename=41.4ms)
[Epoch 15/20] step 50/203 (1.6 it/s)
[Epoch 15/20] step 100/203 (1.6 it/s)
[Epoch 15/20] step 150/203 (1.7 it/s)
[Epoch 15/20] step 200/203 (1.7 it/s)
02:32:27 | INFO  | trainer_inf~| \n+----------------------------+-----------------------+
|           Metric           |         Value         |
+----------------------------+-----------------------+
|          [0;34;40mfit/loss[0m          |   [0;32;40m2.500671863555908[0m   |
|       [0;34;40mfit/pred_loss[0m        |  [0;32;40m0.05795059725642204[0m  |
|       [0;34;40mfit/probe_loss[0m       |  [0;32;40m0.07569488137960434[0m  |
|      [0;34;40mfit/sigreg_loss[0m       |       [0;32;40m1.9140625[0m       |
|    [0;34;40mhardware/cpu_percent[0m    |          [0;32;40m53.5[0m         |
|  [0;34;40mhardware/disk_read_mb_s[0m   |          [0;32;40m0.0[0m          |
|  [0;34;40mhardware/disk_write_mb_s[0m  |   [0;32;40m58.62239456176758[0m   |
|   [0;34;40mhardware/net_recv_mb_s[0m   |  [0;32;40m0.011525080539286137[0m |
|   [0;34;40mhardware/net_sent_mb_s[0m   |  [0;32;40m0.00935079250484705[0m  |
|    [0;34;40mhardware/ram_used_gb[0m    |   [0;32;40m380.32061767578125[0m  |
|   [0;34;40mhardware/ram_used_pct[0m    |   [0;32;40m37.79999923706055[0m   |
|    [0;34;40mhparams/lr_default_0[0m    | [0;32;40m4.866839390160749e-06[0m |
|       [0;34;40mvalidate/loss[0m        |   [0;32;40m2.9170286655426025[0m  |
|    [0;34;40mvalidate/loss_epoch[0m     |   [0;32;40m2.9170286655426025[0m  |
|     [0;34;40mvalidate/pred_loss[0m     |  [0;32;40m0.05760423466563225[0m  |
|  [0;34;40mvalidate/pred_loss_epoch[0m  |  [0;32;40m0.05760423466563225[0m  |
|    [0;34;40mvalidate/probe_loss[0m     |  [0;32;40m0.08819872885942459[0m  |
| [0;34;40mvalidate/probe_loss_epoch[0m  |  [0;32;40m0.08819872885942459[0m  |
|    [0;34;40mvalidate/sigreg_loss[0m    |   [0;32;40m2.370919942855835[0m   |
| [0;34;40mvalidate/sigreg_loss_epoch[0m |   [0;32;40m2.370919942855835[0m   |
+----------------------------+-----------------------+
[Epoch 15/20] done in 127.9s
02:32:28 | INFO  | checkpoint_~|   Checking for non PyTorch modules to save
02:32:28 | INFO  | atomic_chec~| [atomic_save] → /data1/likun-share/junjxu/.cache_stable-pretraining/runs/20260608/015902/59cf8d4b471c/checkpoints/epoch=15-step=3248.ckpt
02:32:28 | INFO  | atomic_chec~| [atomic_save] ✓ epoch=15-step=3248.ckpt saved (206.8 MiB, serialise=0.35s write=0.27s rename=0.1ms)
02:32:28 | INFO  | checkpoint_~|   Checking for non PyTorch modules to save
02:32:28 | INFO  | atomic_chec~| [atomic_save] → /data1/likun-share/junjxu/.cache_stable-pretraining/runs/20260608/015902/59cf8d4b471c/checkpoints/last.ckpt
02:32:29 | INFO  | atomic_chec~| [atomic_save] ✓ last.ckpt saved (206.8 MiB, serialise=0.47s write=0.27s rename=56.7ms)
[Epoch 16/20] step 50/203 (1.6 it/s)
[Epoch 16/20] step 100/203 (1.6 it/s)
[Epoch 16/20] step 150/203 (1.6 it/s)
[Epoch 16/20] step 200/203 (1.7 it/s)
02:34:38 | INFO  | trainer_inf~| \n+----------------------------+------------------------+
|           Metric           |         Value          |
+----------------------------+------------------------+
|          [0;34;40mfit/loss[0m          |   [0;32;40m3.101771354675293[0m    |
|       [0;34;40mfit/pred_loss[0m        |  [0;32;40m0.06332307308912277[0m   |
|       [0;34;40mfit/probe_loss[0m       |  [0;32;40m0.09542223811149597[0m   |
|      [0;34;40mfit/sigreg_loss[0m       |        [0;32;40m1.953125[0m        |
|    [0;34;40mhardware/cpu_percent[0m    |   [0;32;40m51.099998474121094[0m   |
|  [0;34;40mhardware/disk_read_mb_s[0m   |          [0;32;40m0.0[0m           |
|  [0;34;40mhardware/disk_write_mb_s[0m  |   [0;32;40m48.12405776977539[0m    |
|   [0;34;40mhardware/net_recv_mb_s[0m   |  [0;32;40m0.004900342784821987[0m  |
|   [0;34;40mhardware/net_sent_mb_s[0m   |  [0;32;40m0.04136238619685173[0m   |
|    [0;34;40mhardware/ram_used_gb[0m    |   [0;32;40m379.9218444824219[0m    |
|   [0;34;40mhardware/ram_used_pct[0m    |   [0;32;40m37.70000076293945[0m    |
|    [0;34;40mhparams/lr_default_0[0m    | [0;32;40m2.7783000859926688e-06[0m |
|       [0;34;40mvalidate/loss[0m        |   [0;32;40m2.8474864959716797[0m   |
|    [0;34;40mvalidate/loss_epoch[0m     |   [0;32;40m2.8474864959716797[0m   |
|     [0;34;40mvalidate/pred_loss[0m     |  [0;32;40m0.058180294930934906[0m  |
|  [0;34;40mvalidate/pred_loss_epoch[0m  |  [0;32;40m0.058180294930934906[0m  |
|    [0;34;40mvalidate/probe_loss[0m     |  [0;32;40m0.08598441630601883[0m   |
| [0;34;40mvalidate/probe_loss_epoch[0m  |  [0;32;40m0.08598441630601883[0m   |
|    [0;34;40mvalidate/sigreg_loss[0m    |   [0;32;40m2.3300490379333496[0m   |
| [0;34;40mvalidate/sigreg_loss_epoch[0m |   [0;32;40m2.3300490379333496[0m   |
+----------------------------+------------------------+
[Epoch 16/20] done in 129.4s
02:34:38 | INFO  | checkpoint_~|   Checking for non PyTorch modules to save
02:34:38 | INFO  | atomic_chec~| [atomic_save] → /data1/likun-share/junjxu/.cache_stable-pretraining/runs/20260608/015902/59cf8d4b471c/checkpoints/epoch=16-step=3451.ckpt
02:34:39 | INFO  | atomic_chec~| [atomic_save] ✓ epoch=16-step=3451.ckpt saved (206.8 MiB, serialise=0.38s write=0.30s rename=0.0ms)
02:34:39 | INFO  | checkpoint_~|   Checking for non PyTorch modules to save
02:34:39 | INFO  | atomic_chec~| [atomic_save] → /data1/likun-share/junjxu/.cache_stable-pretraining/runs/20260608/015902/59cf8d4b471c/checkpoints/last.ckpt
02:34:40 | INFO  | atomic_chec~| [atomic_save] ✓ last.ckpt saved (206.8 MiB, serialise=0.35s write=0.23s rename=58.5ms)
[Epoch 17/20] step 50/203 (1.7 it/s)
[Epoch 17/20] step 100/203 (1.7 it/s)
[Epoch 17/20] step 150/203 (1.7 it/s)
[Epoch 17/20] step 200/203 (1.7 it/s)
02:36:46 | INFO  | trainer_inf~| \n+----------------------------+-----------------------+
|           Metric           |         Value         |
+----------------------------+-----------------------+
|          [0;34;40mfit/loss[0m          |   [0;32;40m2.4422988891601562[0m  |
|       [0;34;40mfit/pred_loss[0m        |  [0;32;40m0.06318645179271698[0m  |
|       [0;34;40mfit/probe_loss[0m       |   [0;32;40m0.0730537474155426[0m  |
|      [0;34;40mfit/sigreg_loss[0m       |        [0;32;40m2.078125[0m       |
|    [0;34;40mhardware/cpu_percent[0m    |   [0;32;40m49.900001525878906[0m  |
|  [0;34;40mhardware/disk_read_mb_s[0m   |          [0;32;40m0.0[0m          |
|  [0;34;40mhardware/disk_write_mb_s[0m  |   [0;32;40m40.546836853027344[0m  |
|   [0;34;40mhardware/net_recv_mb_s[0m   |  [0;32;40m0.008428185246884823[0m |
|   [0;34;40mhardware/net_sent_mb_s[0m   |  [0;32;40m0.04254517704248428[0m  |
|    [0;34;40mhardware/ram_used_gb[0m    |   [0;32;40m380.12213134765625[0m  |
|   [0;34;40mhardware/ram_used_pct[0m    |   [0;32;40m37.70000076293945[0m   |
|    [0;34;40mhparams/lr_default_0[0m    | [0;32;40m1.247852651431458e-06[0m |
|       [0;34;40mvalidate/loss[0m        |   [0;32;40m2.7533109188079834[0m  |
|    [0;34;40mvalidate/loss_epoch[0m     |   [0;32;40m2.7533109188079834[0m  |
|     [0;34;40mvalidate/pred_loss[0m     |   [0;32;40m0.0589771568775177[0m  |
|  [0;34;40mvalidate/pred_loss_epoch[0m  |   [0;32;40m0.0589771568775177[0m  |
|    [0;34;40mvalidate/probe_loss[0m     |  [0;32;40m0.08287465572357178[0m  |
| [0;34;40mvalidate/probe_loss_epoch[0m  |  [0;32;40m0.08287465572357178[0m  |
|    [0;34;40mvalidate/sigreg_loss[0m    |   [0;32;40m2.3125970363616943[0m  |
| [0;34;40mvalidate/sigreg_loss_epoch[0m |   [0;32;40m2.3125970363616943[0m  |
+----------------------------+-----------------------+
[Epoch 17/20] done in 126.6s
02:36:47 | INFO  | checkpoint_~|   Checking for non PyTorch modules to save
02:36:47 | INFO  | atomic_chec~| [atomic_save] → /data1/likun-share/junjxu/.cache_stable-pretraining/runs/20260608/015902/59cf8d4b471c/checkpoints/epoch=17-step=3654.ckpt
02:36:47 | INFO  | atomic_chec~| [atomic_save] ✓ epoch=17-step=3654.ckpt saved (206.8 MiB, serialise=0.36s write=0.26s rename=0.1ms)
02:36:47 | INFO  | checkpoint_~|   Checking for non PyTorch modules to save
02:36:47 | INFO  | atomic_chec~| [atomic_save] → /data1/likun-share/junjxu/.cache_stable-pretraining/runs/20260608/015902/59cf8d4b471c/checkpoints/last.ckpt
02:36:48 | INFO  | atomic_chec~| [atomic_save] ✓ last.ckpt saved (206.8 MiB, serialise=0.44s write=0.28s rename=49.4ms)
[Epoch 18/20] step 50/203 (1.6 it/s)
[Epoch 18/20] step 100/203 (1.7 it/s)
[Epoch 18/20] step 150/203 (1.7 it/s)
[Epoch 18/20] step 200/203 (1.7 it/s)
02:38:53 | INFO  | trainer_inf~| \n+----------------------------+------------------------+
|           Metric           |         Value          |
+----------------------------+------------------------+
|          [0;34;40mfit/loss[0m          |   [0;32;40m2.3530161380767822[0m   |
|       [0;34;40mfit/pred_loss[0m        |  [0;32;40m0.058061838150024414[0m  |
|       [0;34;40mfit/probe_loss[0m       |  [0;32;40m0.07099717110395432[0m   |
|      [0;34;40mfit/sigreg_loss[0m       |       [0;32;40m1.8359375[0m        |
|    [0;34;40mhardware/cpu_percent[0m    |   [0;32;40m51.599998474121094[0m   |
|  [0;34;40mhardware/disk_read_mb_s[0m   |          [0;32;40m0.0[0m           |
|  [0;34;40mhardware/disk_write_mb_s[0m  |   [0;32;40m94.50669860839844[0m    |
|   [0;34;40mhardware/net_recv_mb_s[0m   |  [0;32;40m0.006561640650033951[0m  |
|   [0;34;40mhardware/net_sent_mb_s[0m   |   [0;32;40m0.0423453189432621[0m   |
|    [0;34;40mhardware/ram_used_gb[0m    |   [0;32;40m379.8240661621094[0m    |
|   [0;34;40mhardware/ram_used_pct[0m    |   [0;32;40m37.70000076293945[0m    |
|    [0;34;40mhparams/lr_default_0[0m    | [0;32;40m3.1393423682857247e-07[0m |
|       [0;34;40mvalidate/loss[0m        |   [0;32;40m2.716033458709717[0m    |
|    [0;34;40mvalidate/loss_epoch[0m     |   [0;32;40m2.716033458709717[0m    |
|     [0;34;40mvalidate/pred_loss[0m     |  [0;32;40m0.05822940915822983[0m   |
|  [0;34;40mvalidate/pred_loss_epoch[0m  |  [0;32;40m0.05822940915822983[0m   |
|    [0;34;40mvalidate/probe_loss[0m     |  [0;32;40m0.08151561766862869[0m   |
| [0;34;40mvalidate/probe_loss_epoch[0m  |  [0;32;40m0.08151561766862869[0m   |
|    [0;34;40mvalidate/sigreg_loss[0m    |   [0;32;40m2.358596086502075[0m    |
| [0;34;40mvalidate/sigreg_loss_epoch[0m |   [0;32;40m2.358596086502075[0m    |
+----------------------------+------------------------+
[Epoch 18/20] done in 125.0s
02:38:53 | INFO  | checkpoint_~|   Checking for non PyTorch modules to save
02:38:53 | INFO  | atomic_chec~| [atomic_save] → /data1/likun-share/junjxu/.cache_stable-pretraining/runs/20260608/015902/59cf8d4b471c/checkpoints/epoch=18-step=3857.ckpt
02:38:54 | INFO  | atomic_chec~| [atomic_save] ✓ epoch=18-step=3857.ckpt saved (206.8 MiB, serialise=0.48s write=0.30s rename=0.1ms)
02:38:54 | INFO  | checkpoint_~|   Checking for non PyTorch modules to save
02:38:54 | INFO  | atomic_chec~| [atomic_save] → /data1/likun-share/junjxu/.cache_stable-pretraining/runs/20260608/015902/59cf8d4b471c/checkpoints/last.ckpt
02:38:55 | INFO  | atomic_chec~| [atomic_save] ✓ last.ckpt saved (206.8 MiB, serialise=0.50s write=0.30s rename=50.2ms)
[Epoch 19/20] step 50/203 (1.6 it/s)
[Epoch 19/20] step 100/203 (1.7 it/s)
[Epoch 19/20] step 150/203 (1.7 it/s)
[Epoch 19/20] step 200/203 (1.7 it/s)
02:41:03 | INFO  | trainer_inf~| \n+----------------------------+----------------------+
|           Metric           |        Value         |
+----------------------------+----------------------+
|          [0;34;40mfit/loss[0m          |  [0;32;40m2.3792314529418945[0m  |
|       [0;34;40mfit/pred_loss[0m        | [0;32;40m0.05999753251671791[0m  |
|       [0;34;40mfit/probe_loss[0m       | [0;32;40m0.07135076820850372[0m  |
|      [0;34;40mfit/sigreg_loss[0m       |       [0;32;40m1.984375[0m       |
|    [0;34;40mhardware/cpu_percent[0m    |         [0;32;40m49.5[0m         |
|  [0;34;40mhardware/disk_read_mb_s[0m   |         [0;32;40m0.0[0m          |
|  [0;34;40mhardware/disk_write_mb_s[0m  |  [0;32;40m67.79460906982422[0m   |
|   [0;34;40mhardware/net_recv_mb_s[0m   | [0;32;40m0.005335313268005848[0m |
|   [0;34;40mhardware/net_sent_mb_s[0m   | [0;32;40m0.004787260666489601[0m |
|    [0;34;40mhardware/ram_used_gb[0m    |  [0;32;40m378.8913879394531[0m   |
|   [0;34;40mhardware/ram_used_pct[0m    |  [0;32;40m37.599998474121094[0m  |
|    [0;34;40mhparams/lr_default_0[0m    |         [0;32;40m0.0[0m          |
|       [0;34;40mvalidate/loss[0m        |  [0;32;40m2.721938371658325[0m   |
|    [0;34;40mvalidate/loss_epoch[0m     |  [0;32;40m2.721938371658325[0m   |
|     [0;34;40mvalidate/pred_loss[0m     | [0;32;40m0.05838966369628906[0m  |
|  [0;34;40mvalidate/pred_loss_epoch[0m  | [0;32;40m0.05838966369628906[0m  |
|    [0;34;40mvalidate/probe_loss[0m     | [0;32;40m0.08161109685897827[0m  |
| [0;34;40mvalidate/probe_loss_epoch[0m  | [0;32;40m0.08161109685897827[0m  |
|    [0;34;40mvalidate/sigreg_loss[0m    |  [0;32;40m2.3906304836273193[0m  |
| [0;34;40mvalidate/sigreg_loss_epoch[0m |  [0;32;40m2.3906304836273193[0m  |
+----------------------------+----------------------+
[Epoch 19/20] done in 129.2s
02:41:04 | INFO  | checkpoint_~|   Checking for non PyTorch modules to save
02:41:04 | INFO  | atomic_chec~| [atomic_save] → /data1/likun-share/junjxu/.cache_stable-pretraining/runs/20260608/015902/59cf8d4b471c/checkpoints/epoch=19-step=4060.ckpt
02:41:05 | INFO  | atomic_chec~| [atomic_save] ✓ epoch=19-step=4060.ckpt saved (206.8 MiB, serialise=0.39s write=0.24s rename=0.1ms)
02:41:05 | INFO  | checkpoint_~|   Checking for non PyTorch modules to save
02:41:05 | INFO  | atomic_chec~| [atomic_save] → /data1/likun-share/junjxu/.cache_stable-pretraining/runs/20260608/015902/59cf8d4b471c/checkpoints/last.ckpt
02:41:06 | INFO  | atomic_chec~| [atomic_save] ✓ last.ckpt saved (206.8 MiB, serialise=0.52s write=0.27s rename=50.5ms)
`Trainer.fit` stopped: `max_epochs=20` reached.
Epoch 19/19 ━━━━━━━━━━━━━━━━━━━━━━━━━━━━━━━ 203/203 0:02:00 • 0:00:00 1.75it/s 
02:41:06 | INFO  | env_info.py |   Waiting for environment dump thread to complete...
02:41:06 | OK    | env_info.py | ✓ Git: main @ 1b3f371a
02:41:06 | INFO  | env_info.py |   Remote: git@github.com-xuustc99:XuUSTC99/wm.git
02:41:06 | OK    | env_info.py | ✓ Environment: 4 relevant variables captured
02:41:06 | INFO  | env_info.py |   Serializing environment data...
02:41:06 | INFO  | env_info.py |   File exists, using version 134: environment_v134.json
02:41:06 | INFO  | env_info.py |   File exists, using version 135: requirements_frozen_v135.txt
02:41:06 | INFO  | env_info.py |   Save directory: /home/likun-share/.cache/stable-pretraining
02:41:06 | INFO  | env_info.py |   Writing environment to temp file...
02:41:06 | INFO  | env_info.py |   Moving to: environment_v134.json
02:41:06 | OK    | env_info.py | ✓ Environment file saved (2.3 KB)
02:41:06 | OK    | env_info.py | ✓ Requirements file saved (0.1 KB)
02:41:06 | OK    | env_info.py | ✓ Environment dump thread completed successfully
02:41:06 | INFO  | utils.py    | ── SignalHandlers (after Trainer.fit() returned) ──
02:41:06 | INFO  | manager.py  |   SIGUSR1  → SIG_DFL (default OS action — terminate process)
02:41:06 | INFO  | manager.py  |   SIGUSR2  → SIG_DFL (default OS action — terminate process)
02:41:06 | INFO  | manager.py  |   SIGCONT  → SIG_DFL (default OS action — terminate process)
02:41:06 | INFO  | manager.py  |   SIGTERM  → SIG_DFL (default OS action — terminate process)
