01:58:46 | INFO  | __init__.py | PyTorch version 2.9.1+cu128 available.
01:58:46 | INFO  | __init__.py | JAX version 0.6.2 available.
01:58:49 | INFO  | atomic_chec~| [atomic_save] installed crash-safe checkpoint plugin (write to sibling .tmp + fsync + atomic rename)
[2026-06-08 01:59:01,453][root][INFO] - Cached 'pixels' from '/data1/likun-share/junjxu/.stable_worldmodel/datasets/phyworld_uniform_motion_id1k.h5'
[2026-06-08 01:59:01,454][root][INFO] - Cached 'action' from '/data1/likun-share/junjxu/.stable_worldmodel/datasets/phyworld_uniform_motion_id1k.h5'
[2026-06-08 01:59:01,455][root][INFO] - Cached 'proprio' from '/data1/likun-share/junjxu/.stable_worldmodel/datasets/phyworld_uniform_motion_id1k.h5'
01:59:01 | INFO  | utils.py    | Created ViT-tiny from scratch with config: {'hidden_size': 192, 'num_hidden_layers': 12, 'num_attention_heads': 3, 'intermediate_size': 768, 'image_size': 224, 'patch_size': 14}
[init_from_ckpt] /data1/likun-share/junjxu/.stable_worldmodel/lewm_paper_pusht/weights.pt
[init_from_ckpt] prefixes=('encoder.', 'projector.', 'pred_proj.') loaded=216 unexpected=0 missing=89
01:59:01 | INFO  | module.py   | Setting up DataModule
01:59:01 | INFO  | utils.py    | ── Module ────────────────────────────────────────
01:59:01 | WARN  | module.py   | ! No hyperparameters provided - hyperparameter logging is disabled.
01:59:01 | INFO  | module.py   |   Setting custom forward method.
01:59:01 | INFO  | module.py   |   Setting attribute: self.model = <class 'jepa.JEPA'>
01:59:01 | INFO  | module.py   |   Setting attribute: self.sigreg = <class 'module.SIGReg'>
01:59:01 | INFO  | module.py   |   Setting attribute: self.optim = <class 'dict'>
01:59:01 | INFO  | module.py   |   No metrics configuration provided - automatic metric tracking is disabled.
/home/likun-share/junjxu/wm/le-wm/.venv/lib/python3.10/site-packages/lightning/fabric/connector.py:571: `precision=bf16` is supported for historical reasons but its usage is discouraged. Please set your precision to bf16-mixed instead!
Using bfloat16 Automatic Mixed Precision (AMP)
01:59:01 | INFO  | env_info.py |   EnvironmentDumpCallback initialized (filename=environment.json, async=True)
01:59:01 | INFO  | utils.py    | ── HuggingFaceCheckpoint ─────────────────────────
01:59:01 | INFO  | hf_models.py|   save_dir: <cyan>hf_exports</cyan>
01:59:01 | INFO  | hf_models.py|   per_step: <cyan>False</cyan>  (False ⇒ overwrite single 'last/' subdir; True ⇒ keep step_N/)
Adding 14 callbacks from entry point 'stablepretraining_callbacks': PrintProgressBar, ModuleRegistryCallback, LoggingCallback, EnvironmentDumpCallback, TrainerInfo, SklearnCheckpoint, WandbCheckpoint, TrackioCheckpoint, SwanLabCheckpoint, ModuleSummary, SLURMInfo, LogUnusedParametersOnce, HuggingFaceCheckpointCallback, HardwareMonitor
GPU available: True (cuda), used: True
TPU available: False, using: 0 TPU cores
💡 Tip: For seamless cloud logging and experiment tracking, try installing [litlogger](https://pypi.org/project/litlogger/) to enable LitLogger, which logs metrics and artifacts automatically to the Lightning Experiments platform.
01:59:01 | INFO  | utils.py    | ── SIGTERM preempt handler — install ─────────────
01:59:01 | INFO  | manager.py  |   SLURM_JOB_ID         = None
01:59:01 | INFO  | manager.py  |   SLURM_RESTART_COUNT  = '0'
01:59:01 | INFO  | manager.py  |   SLURM_PROCID         = '?'
01:59:01 | INFO  | manager.py  |   SLURM_NODEID         = '?'
01:59:01 | INFO  | manager.py  |   → not under SLURM (SLURM_JOB_ID unset); leaving SIGTERM handler as-is. Forwarding to submitit's USR signal would be a no-op since submitit isn't running upstream.
01:59:01 | WARN  | manager.py  | User didn't specify seed, runs won't be exactly reproducible!
01:59:01 | INFO  | manager.py  |   Manager init: ckpt_path=None, weights_only=True
01:59:01 | INFO  | utils.py    | ── WorkingDirectory ──────────────────────────────
01:59:01 | INFO  | manager.py  |   cwd: /home/likun-share/junjxu/wm/le-wm
01:59:01 | INFO  | utils.py    | ── Seed ──────────────────────────────────────────
01:59:01 | INFO  | manager.py  |   seed: None
/home/likun-share/junjxu/wm/le-wm/.venv/lib/python3.10/site-packages/lightning/fabric/utilities/seed.py:44: No seed found, seed set to 0
Seed set to 0
01:59:01 | INFO  | utils.py    | ── RunDirectory ──────────────────────────────────
01:59:01 | INFO  | manager.py  |   cache_dir = /data1/likun-share/junjxu/.cache_stable-pretraining
01:59:01 | INFO  | manager.py  |   ddp: launch_key=(single-process) rank=0 is_rank_zero=True
01:59:01 | INFO  | utils.py    | ── RunDirectory: requeue probe ───────────────────
01:59:01 | INFO  | manager.py  |   SLURM session key   = (no SLURM)
01:59:01 | INFO  | manager.py  |   SLURM_RESTART_COUNT = 0
01:59:01 | INFO  | manager.py  |   in_requeue          = False
01:59:01 | INFO  | utils.py    | ── RunDirectory: fresh ───────────────────────────
01:59:01 | INFO  | manager.py  |   no user ckpt_path — training from scratch / pretrained backbone.
01:59:01 | INFO  | manager.py  |   created run_dir = /data1/likun-share/junjxu/.cache_stable-pretraining/runs/20260608/015901/4b57eb069fbb
01:59:01 | INFO  | manager.py  |   wrote run_meta.json with run_id=4b57eb069fbb
01:59:01 | INFO  | manager.py  |   SLURM index = (no SLURM, skipped)
01:59:01 | WARN  | manager.py  | ! cache_dir is set but the Trainer was passed as an already-instantiated object. Cannot override default_root_dir cleanly. Consider passing the trainer as a config dict instead.
01:59:01 | WARN  | manager.py  | ! Hydra run.dir='outputs/2026-06-08/01-58-49' will be ignored for trainer outputs (cache_dir takes precedence).
01:59:01 | WARN  | manager.py  | ! Hydra sweep.dir='multirun/2026-06-08/01-58-49' will be ignored for trainer outputs (cache_dir takes precedence).
01:59:01 | INFO  | logger.py   | [RegistryLogger] run_id=4b57eb069fbb run_dir=/data1/likun-share/junjxu/.cache_stable-pretraining/runs/20260608/015901/4b57eb069fbb — sidecar.json + summary.json + metrics.csv will live here
01:59:01 | INFO  | utils.py    | ── RegistryLogger ────────────────────────────────
01:59:01 | INFO  | manager.py  |   run_dir: /data1/likun-share/junjxu/.cache_stable-pretraining/runs/20260608/015901/4b57eb069fbb
01:59:01 | INFO  | manager.py  |   run_id:  4b57eb069fbb
01:59:01 | INFO  | utils.py    | ── CSVLogger ─────────────────────────────────────
01:59:01 | INFO  | manager.py  |   root_dir: /data1/likun-share/junjxu/.cache_stable-pretraining/runs/20260608/015901/4b57eb069fbb/
01:59:01 | INFO  | manager.py  |   save_dir: /data1/likun-share/junjxu/.cache_stable-pretraining/runs/20260608/015901/4b57eb069fbb
01:59:01 | INFO  | manager.py  |   log_dir: /data1/likun-share/junjxu/.cache_stable-pretraining/runs/20260608/015901/4b57eb069fbb/
01:59:01 | INFO  | utils.py    | ── SignalHandlers (after submitit setup (spt SIGTERM installed in __init__)) ──
01:59:01 | INFO  | manager.py  |   SIGUSR1  → SIG_DFL (default OS action — terminate process)
01:59:01 | INFO  | manager.py  |   SIGUSR2  → SIG_DFL (default OS action — terminate process)
01:59:01 | INFO  | manager.py  |   SIGCONT  → SIG_DFL (default OS action — terminate process)
01:59:01 | INFO  | manager.py  |   SIGTERM  → SIG_DFL (default OS action — terminate process)
01:59:01 | INFO  | utils.py    | ── Callbacks ─────────────────────────────────────
01:59:01 | INFO  | manager.py  |   count: 19
01:59:01 | INFO  | utils.py    | ── CacheDirCheckpointing ─────────────────────────
01:59:01 | INFO  | manager.py  |   Saving checkpoints to: /data1/likun-share/junjxu/.cache_stable-pretraining/runs/20260608/015901/4b57eb069fbb/checkpoints
01:59:01 | WARN  | manager.py  |   Redirecting HuggingFaceCheckpointCallback from 'hf_exports' to '/data1/likun-share/junjxu/.cache_stable-pretraining/runs/20260608/015901/4b57eb069fbb/hf_exports' (cache_dir is active — prevents races on a shared cache)
01:59:01 | INFO  | manager.py  |   Added requeue checkpoint (filename='last')
01:59:01 | INFO  | utils.py    | ── LoadPath resolution ───────────────────────────
01:59:01 | INFO  | manager.py  |   in_requeue = False
01:59:01 | INFO  | manager.py  |   user ckpt_path = None
01:59:01 | INFO  | manager.py  |   user weights_only = True
01:59:01 | INFO  | manager.py  |   → no ckpt_path; training from scratch.
01:59:01 | INFO  | utils.py    | ── TrainerFit ────────────────────────────────────
01:59:01 | INFO  | manager.py  |   ckpt_path:     None
01:59:01 | INFO  | manager.py  |   weights_only:  None
01:59:01 | INFO  | utils.py    | ── SignalHandlers (before Trainer.fit() (handler installed in __init__)) ──
01:59:01 | INFO  | manager.py  |   SIGUSR1  → SIG_DFL (default OS action — terminate process)
01:59:01 | INFO  | manager.py  |   SIGUSR2  → SIG_DFL (default OS action — terminate process)
01:59:01 | INFO  | manager.py  |   SIGCONT  → SIG_DFL (default OS action — terminate process)
01:59:01 | INFO  | manager.py  |   SIGTERM  → SIG_DFL (default OS action — terminate process)
01:59:01 | INFO  | manager.py  |   → entering Trainer.fit(); lightning's _SignalConnector will now register its own handlers. SIGTERM will become _HandlersCompose([_sigterm_notifier_fn, _sigterm_handler_fn, spt._handler]); USR-sig binding from submitit is preserved (lightning skips USR registration when one already exists).
💡 Tip: For seamless cloud uploads and versioning, try installing [litmodels](https://pypi.org/project/litmodels/) to enable LitModelCheckpoint, which syncs automatically with the Lightning model registry.
You are using a CUDA device ('NVIDIA A800-SXM4-80GB') that has Tensor Cores. To properly utilize them, you should set `torch.set_float32_matmul_precision('medium' | 'high')` which will trade-off precision for performance. For more details, read https://pytorch.org/docs/stable/generated/torch.set_float32_matmul_precision.html#torch.set_float32_matmul_precision
01:59:05 | OK    | module.py   | ✓ dataset for fit loaded
01:59:05 | INFO  | module.py   |   setup was done by user
01:59:05 | INFO  | utils.py    | ── EnvironmentDump ───────────────────────────────
01:59:05 | INFO  | env_info.py |   log_dir: /home/likun-share/.cache/stable-pretraining
01:59:05 | INFO  | env_info.py |   Running environment dump in background thread (non-blocking)
01:59:05 | INFO  | env_info.py |   Collecting environment information...
01:59:05 | OK    | env_info.py | ✓ Python 3.10.12
01:59:05 | OK    | env_info.py | ✓ System: Linux 5.15.0-113-generic (x86_64)
01:59:05 | INFO  | env_info.py |   Hostname: 10-116-90-13
01:59:05 | OK    | env_info.py | ✓ Background thread started successfully
01:59:05 | INFO  | trainer_inf~|   linking trainer to DataModule
01:59:05 | INFO  | utils.py    | ── Callbacks (in order) ──────────────────────────
01:59:05 | INFO  | utils.py    |     [ 0] ModelObjectCallBack
01:59:05 | INFO  | utils.py    |     [ 1] RichProgressBar
01:59:05 | INFO  | utils.py    |     [ 2] RichModelSummary
01:59:05 | INFO  | utils.py    |     [ 3] PrintProgressBar
01:59:05 | INFO  | utils.py    |     [ 4] ModuleRegistryCallback
01:59:05 | INFO  | utils.py    |     [ 5] LoggingCallback
01:59:05 | INFO  | utils.py    |     [ 6] EnvironmentDumpCallback
01:59:05 | INFO  | utils.py    |     [ 7] TrainerInfo
01:59:05 | INFO  | utils.py    |     [ 8] SklearnCheckpoint
01:59:05 | INFO  | utils.py    |     [ 9] WandbCheckpoint
01:59:05 | INFO  | utils.py    |     [10] TrackioCheckpoint
01:59:05 | INFO  | utils.py    |     [11] SwanLabCheckpoint
01:59:05 | INFO  | utils.py    |     [12] ModuleSummary
01:59:05 | INFO  | utils.py    |     [13] SLURMInfo
01:59:05 | INFO  | utils.py    |     [14] LogUnusedParametersOnce
01:59:05 | INFO  | utils.py    |     [15] HuggingFaceCheckpointCallback
01:59:05 | INFO  | utils.py    |     [16] HardwareMonitor
01:59:05 | INFO  | utils.py    |     [17] ModelCheckpoint
01:59:05 | INFO  | utils.py    |     [18] _RunDirCallback
01:59:05 | INFO  | utils.py    |     [19] ModelCheckpoint
01:59:05 | INFO  | utils.py    |   ⚑ marks order-sensitive callbacks; see AGENTS.md → Callback ordering for the full rules.
01:59:05 | INFO  | utils.py    | ── SklearnCheckpoint ─────────────────────────────
01:59:05 | INFO  | checkpoint_~|   Sklearn Modules:
01:59:05 | INFO  | checkpoint_~| 
┏━━━━━━━━━━┳━━━━━━━━┳━━━━━━━━┓
┃ Module   ┃ Name   ┃ Type   ┃
┣━━━━━━━━━━╋━━━━━━━━╋━━━━━━━━┫
┗━━━━━━━━━━┻━━━━━━━━┻━━━━━━━━┛
01:59:05 | INFO  | utils.py    | ── WandbCheckpoint ───────────────────────────────
01:59:05 | INFO  | utils.py    | ── TrackioCheckpoint ─────────────────────────────
01:59:05 | INFO  | utils.py    | ── SwanLabCheckpoint ─────────────────────────────
01:59:05 | INFO  | utils.py    | ── PyTorch Modules ───────────────────────────────
01:59:05 | WARN  | module.py   | ! You are calling self.parameters which also gives callbacks parameters, to remove them, pass `with_callbacks=False`
01:59:05 | WARN  | env_info.py | ! pip freeze failed: Command '['/home/likun-share/junjxu/wm/le-wm/.venv/bin/python', '-m', 'pip', 'freeze']' returned non-zero exit status 1.
01:59:05 | OK    | env_info.py | ✓ Packages: 0 packages collected in 0.04s
01:59:05 | INFO  | trainer_inf~| \n+---------------------------------------------------------+----------------------+--------------------------+--------------------------+---------+
| Module                                                  | Trainable parameters | Non Trainable parameters | Uninitialized parameters | Buffers |
+---------------------------------------------------------+----------------------+--------------------------+--------------------------+---------+
|                                                         |             18037474 |                        0 |                        0 |    8245 |
| callbacks_modules                                       |                    0 |                        0 |                        0 |       0 |
| callbacks_metrics                                       |                    0 |                        0 |                        0 |       0 |
| model                                                   |             18037474 |                        0 |                        0 |    8194 |
| model.encoder                                           |              5501376 |                        0 |                        0 |       0 |
| model.encoder.embeddings                                |               162624 |                        0 |                        0 |       0 |
| model.encoder.embeddings.patch_embeddings               |               113088 |                        0 |                        0 |       0 |
| model.encoder.embeddings.patch_embeddings.projection    |               113088 |                        0 |                        0 |       0 |
| model.encoder.embeddings.dropout                        |                    0 |                        0 |                        0 |       0 |
| model.encoder.layers                                    |              5338368 |                        0 |                        0 |       0 |
| model.encoder.layers.0                                  |               444864 |                        0 |                        0 |       0 |
| model.encoder.layers.0.attention                        |               148224 |                        0 |                        0 |       0 |
| model.encoder.layers.0.attention.q_proj                 |                37056 |                        0 |                        0 |       0 |
| model.encoder.layers.0.attention.k_proj                 |                37056 |                        0 |                        0 |       0 |
| model.encoder.layers.0.attention.v_proj                 |                37056 |                        0 |                        0 |       0 |
| model.encoder.layers.0.attention.o_proj                 |                37056 |                        0 |                        0 |       0 |
| model.encoder.layers.0.layernorm_before                 |                  384 |                        0 |                        0 |       0 |
| model.encoder.layers.0.layernorm_after                  |                  384 |                        0 |                        0 |       0 |
| model.encoder.layers.0.mlp                              |               295872 |                        0 |                        0 |       0 |
| model.encoder.layers.0.mlp.activation_fn                |                    0 |                        0 |                        0 |       0 |
| model.encoder.layers.0.mlp.fc1                          |               148224 |                        0 |                        0 |       0 |
| model.encoder.layers.0.mlp.fc2                          |               147648 |                        0 |                        0 |       0 |
| model.encoder.layers.0.dropout                          |                    0 |                        0 |                        0 |       0 |
| model.encoder.layers.1                                  |               444864 |                        0 |                        0 |       0 |
| model.encoder.layers.1.attention                        |               148224 |                        0 |                        0 |       0 |
| model.encoder.layers.1.attention.q_proj                 |                37056 |                        0 |                        0 |       0 |
| model.encoder.layers.1.attention.k_proj                 |                37056 |                        0 |                        0 |       0 |
| model.encoder.layers.1.attention.v_proj                 |                37056 |                        0 |                        0 |       0 |
| model.encoder.layers.1.attention.o_proj                 |                37056 |                        0 |                        0 |       0 |
| model.encoder.layers.1.layernorm_before                 |                  384 |                        0 |                        0 |       0 |
| model.encoder.layers.1.layernorm_after                  |                  384 |                        0 |                        0 |       0 |
| model.encoder.layers.1.mlp                              |               295872 |                        0 |                        0 |       0 |
| model.encoder.layers.1.mlp.activation_fn                |                    0 |                        0 |                        0 |       0 |
| model.encoder.layers.1.mlp.fc1                          |               148224 |                        0 |                        0 |       0 |
| model.encoder.layers.1.mlp.fc2                          |               147648 |                        0 |                        0 |       0 |
| model.encoder.layers.1.dropout                          |                    0 |                        0 |                        0 |       0 |
| model.encoder.layers.2                                  |               444864 |                        0 |                        0 |       0 |
| model.encoder.layers.2.attention                        |               148224 |                        0 |                        0 |       0 |
| model.encoder.layers.2.attention.q_proj                 |                37056 |                        0 |                        0 |       0 |
| model.encoder.layers.2.attention.k_proj                 |                37056 |                        0 |                        0 |       0 |
| model.encoder.layers.2.attention.v_proj                 |                37056 |                        0 |                        0 |       0 |
| model.encoder.layers.2.attention.o_proj                 |                37056 |                        0 |                        0 |       0 |
| model.encoder.layers.2.layernorm_before                 |                  384 |                        0 |                        0 |       0 |
| model.encoder.layers.2.layernorm_after                  |                  384 |                        0 |                        0 |       0 |
| model.encoder.layers.2.mlp                              |               295872 |                        0 |                        0 |       0 |
| model.encoder.layers.2.mlp.activation_fn                |                    0 |                        0 |                        0 |       0 |
| model.encoder.layers.2.mlp.fc1                          |               148224 |                        0 |                        0 |       0 |
| model.encoder.layers.2.mlp.fc2                          |               147648 |                        0 |                        0 |       0 |
| model.encoder.layers.2.dropout                          |                    0 |                        0 |                        0 |       0 |
| model.encoder.layers.3                                  |               444864 |                        0 |                        0 |       0 |
| model.encoder.layers.3.attention                        |               148224 |                        0 |                        0 |       0 |
| model.encoder.layers.3.attention.q_proj                 |                37056 |                        0 |                        0 |       0 |
| model.encoder.layers.3.attention.k_proj                 |                37056 |                        0 |                        0 |       0 |
| model.encoder.layers.3.attention.v_proj                 |                37056 |                        0 |                        0 |       0 |
| model.encoder.layers.3.attention.o_proj                 |                37056 |                        0 |                        0 |       0 |
| model.encoder.layers.3.layernorm_before                 |                  384 |                        0 |                        0 |       0 |
| model.encoder.layers.3.layernorm_after                  |                  384 |                        0 |                        0 |       0 |
| model.encoder.layers.3.mlp                              |               295872 |                        0 |                        0 |       0 |
| model.encoder.layers.3.mlp.activation_fn                |                    0 |                        0 |                        0 |       0 |
| model.encoder.layers.3.mlp.fc1                          |               148224 |                        0 |                        0 |       0 |
| model.encoder.layers.3.mlp.fc2                          |               147648 |                        0 |                        0 |       0 |
| model.encoder.layers.3.dropout                          |                    0 |                        0 |                        0 |       0 |
| model.encoder.layers.4                                  |               444864 |                        0 |                        0 |       0 |
| model.encoder.layers.4.attention                        |               148224 |                        0 |                        0 |       0 |
| model.encoder.layers.4.attention.q_proj                 |                37056 |                        0 |                        0 |       0 |
| model.encoder.layers.4.attention.k_proj                 |                37056 |                        0 |                        0 |       0 |
| model.encoder.layers.4.attention.v_proj                 |                37056 |                        0 |                        0 |       0 |
| model.encoder.layers.4.attention.o_proj                 |                37056 |                        0 |                        0 |       0 |
| model.encoder.layers.4.layernorm_before                 |                  384 |                        0 |                        0 |       0 |
| model.encoder.layers.4.layernorm_after                  |                  384 |                        0 |                        0 |       0 |
| model.encoder.layers.4.mlp                              |               295872 |                        0 |                        0 |       0 |
| model.encoder.layers.4.mlp.activation_fn                |                    0 |                        0 |                        0 |       0 |
| model.encoder.layers.4.mlp.fc1                          |               148224 |                        0 |                        0 |       0 |
| model.encoder.layers.4.mlp.fc2                          |               147648 |                        0 |                        0 |       0 |
| model.encoder.layers.4.dropout                          |                    0 |                        0 |                        0 |       0 |
| model.encoder.layers.5                                  |               444864 |                        0 |                        0 |       0 |
| model.encoder.layers.5.attention                        |               148224 |                        0 |                        0 |       0 |
| model.encoder.layers.5.attention.q_proj                 |                37056 |                        0 |                        0 |       0 |
| model.encoder.layers.5.attention.k_proj                 |                37056 |                        0 |                        0 |       0 |
| model.encoder.layers.5.attention.v_proj                 |                37056 |                        0 |                        0 |       0 |
| model.encoder.layers.5.attention.o_proj                 |                37056 |                        0 |                        0 |       0 |
| model.encoder.layers.5.layernorm_before                 |                  384 |                        0 |                        0 |       0 |
| model.encoder.layers.5.layernorm_after                  |                  384 |                        0 |                        0 |       0 |
| model.encoder.layers.5.mlp                              |               295872 |                        0 |                        0 |       0 |
| model.encoder.layers.5.mlp.activation_fn                |                    0 |                        0 |                        0 |       0 |
| model.encoder.layers.5.mlp.fc1                          |               148224 |                        0 |                        0 |       0 |
| model.encoder.layers.5.mlp.fc2                          |               147648 |                        0 |                        0 |       0 |
| model.encoder.layers.5.dropout                          |                    0 |                        0 |                        0 |       0 |
| model.encoder.layers.6                                  |               444864 |                        0 |                        0 |       0 |
| model.encoder.layers.6.attention                        |               148224 |                        0 |                        0 |       0 |
| model.encoder.layers.6.attention.q_proj                 |                37056 |                        0 |                        0 |       0 |
| model.encoder.layers.6.attention.k_proj                 |                37056 |                        0 |                        0 |       0 |
| model.encoder.layers.6.attention.v_proj                 |                37056 |                        0 |                        0 |       0 |
| model.encoder.layers.6.attention.o_proj                 |                37056 |                        0 |                        0 |       0 |
| model.encoder.layers.6.layernorm_before                 |                  384 |                        0 |                        0 |       0 |
| model.encoder.layers.6.layernorm_after                  |                  384 |                        0 |                        0 |       0 |
| model.encoder.layers.6.mlp                              |               295872 |                        0 |                        0 |       0 |
| model.encoder.layers.6.mlp.activation_fn                |                    0 |                        0 |                        0 |       0 |
| model.encoder.layers.6.mlp.fc1                          |               148224 |                        0 |                        0 |       0 |
| model.encoder.layers.6.mlp.fc2                          |               147648 |                        0 |                        0 |       0 |
| model.encoder.layers.6.dropout                          |                    0 |                        0 |                        0 |       0 |
| model.encoder.layers.7                                  |               444864 |                        0 |                        0 |       0 |
| model.encoder.layers.7.attention                        |               148224 |                        0 |                        0 |       0 |
| model.encoder.layers.7.attention.q_proj                 |                37056 |                        0 |                        0 |       0 |
| model.encoder.layers.7.attention.k_proj                 |                37056 |                        0 |                        0 |       0 |
| model.encoder.layers.7.attention.v_proj                 |                37056 |                        0 |                        0 |       0 |
| model.encoder.layers.7.attention.o_proj                 |                37056 |                        0 |                        0 |       0 |
| model.encoder.layers.7.layernorm_before                 |                  384 |                        0 |                        0 |       0 |
| model.encoder.layers.7.layernorm_after                  |                  384 |                        0 |                        0 |       0 |
| model.encoder.layers.7.mlp                              |               295872 |                        0 |                        0 |       0 |
| model.encoder.layers.7.mlp.activation_fn                |                    0 |                        0 |                        0 |       0 |
| model.encoder.layers.7.mlp.fc1                          |               148224 |                        0 |                        0 |       0 |
| model.encoder.layers.7.mlp.fc2                          |               147648 |                        0 |                        0 |       0 |
| model.encoder.layers.7.dropout                          |                    0 |                        0 |                        0 |       0 |
| model.encoder.layers.8                                  |               444864 |                        0 |                        0 |       0 |
| model.encoder.layers.8.attention                        |               148224 |                        0 |                        0 |       0 |
| model.encoder.layers.8.attention.q_proj                 |                37056 |                        0 |                        0 |       0 |
| model.encoder.layers.8.attention.k_proj                 |                37056 |                        0 |                        0 |       0 |
| model.encoder.layers.8.attention.v_proj                 |                37056 |                        0 |                        0 |       0 |
| model.encoder.layers.8.attention.o_proj                 |                37056 |                        0 |                        0 |       0 |
| model.encoder.layers.8.layernorm_before                 |                  384 |                        0 |                        0 |       0 |
| model.encoder.layers.8.layernorm_after                  |                  384 |                        0 |                        0 |       0 |
| model.encoder.layers.8.mlp                              |               295872 |                        0 |                        0 |       0 |
| model.encoder.layers.8.mlp.activation_fn                |                    0 |                        0 |                        0 |       0 |
| model.encoder.layers.8.mlp.fc1                          |               148224 |                        0 |                        0 |       0 |
| model.encoder.layers.8.mlp.fc2                          |               147648 |                        0 |                        0 |       0 |
| model.encoder.layers.8.dropout                          |                    0 |                        0 |                        0 |       0 |
| model.encoder.layers.9                                  |               444864 |                        0 |                        0 |       0 |
| model.encoder.layers.9.attention                        |               148224 |                        0 |                        0 |       0 |
| model.encoder.layers.9.attention.q_proj                 |                37056 |                        0 |                        0 |       0 |
| model.encoder.layers.9.attention.k_proj                 |                37056 |                        0 |                        0 |       0 |
| model.encoder.layers.9.attention.v_proj                 |                37056 |                        0 |                        0 |       0 |
| model.encoder.layers.9.attention.o_proj                 |                37056 |                        0 |                        0 |       0 |
| model.encoder.layers.9.layernorm_before                 |                  384 |                        0 |                        0 |       0 |
| model.encoder.layers.9.layernorm_after                  |                  384 |                        0 |                        0 |       0 |
| model.encoder.layers.9.mlp                              |               295872 |                        0 |                        0 |       0 |
| model.encoder.layers.9.mlp.activation_fn                |                    0 |                        0 |                        0 |       0 |
| model.encoder.layers.9.mlp.fc1                          |               148224 |                        0 |                        0 |       0 |
| model.encoder.layers.9.mlp.fc2                          |               147648 |                        0 |                        0 |       0 |
| model.encoder.layers.9.dropout                          |                    0 |                        0 |                        0 |       0 |
| model.encoder.layers.10                                 |               444864 |                        0 |                        0 |       0 |
| model.encoder.layers.10.attention                       |               148224 |                        0 |                        0 |       0 |
| model.encoder.layers.10.attention.q_proj                |                37056 |                        0 |                        0 |       0 |
| model.encoder.layers.10.attention.k_proj                |                37056 |                        0 |                        0 |       0 |
| model.encoder.layers.10.attention.v_proj                |                37056 |                        0 |                        0 |       0 |
| model.encoder.layers.10.attention.o_proj                |                37056 |                        0 |                        0 |       0 |
| model.encoder.layers.10.layernorm_before                |                  384 |                        0 |                        0 |       0 |
| model.encoder.layers.10.layernorm_after                 |                  384 |                        0 |                        0 |       0 |
| model.encoder.layers.10.mlp                             |               295872 |                        0 |                        0 |       0 |
| model.encoder.layers.10.mlp.activation_fn               |                    0 |                        0 |                        0 |       0 |
| model.encoder.layers.10.mlp.fc1                         |               148224 |                        0 |                        0 |       0 |
| model.encoder.layers.10.mlp.fc2                         |               147648 |                        0 |                        0 |       0 |
| model.encoder.layers.10.dropout                         |                    0 |                        0 |                        0 |       0 |
| model.encoder.layers.11                                 |               444864 |                        0 |                        0 |       0 |
| model.encoder.layers.11.attention                       |               148224 |                        0 |                        0 |       0 |
| model.encoder.layers.11.attention.q_proj                |                37056 |                        0 |                        0 |       0 |
| model.encoder.layers.11.attention.k_proj                |                37056 |                        0 |                        0 |       0 |
| model.encoder.layers.11.attention.v_proj                |                37056 |                        0 |                        0 |       0 |
| model.encoder.layers.11.attention.o_proj                |                37056 |                        0 |                        0 |       0 |
| model.encoder.layers.11.layernorm_before                |                  384 |                        0 |                        0 |       0 |
| model.encoder.layers.11.layernorm_after                 |                  384 |                        0 |                        0 |       0 |
| model.encoder.layers.11.mlp                             |               295872 |                        0 |                        0 |       0 |
| model.encoder.layers.11.mlp.activation_fn               |                    0 |                        0 |                        0 |       0 |
| model.encoder.layers.11.mlp.fc1                         |               148224 |                        0 |                        0 |       0 |
| model.encoder.layers.11.mlp.fc2                         |               147648 |                        0 |                        0 |       0 |
| model.encoder.layers.11.dropout                         |                    0 |                        0 |                        0 |       0 |
| model.encoder.layernorm                                 |                  384 |                        0 |                        0 |       0 |
| model.predictor                                         |             10791360 |                        0 |                        0 |       0 |
| model.predictor.dropout                                 |                    0 |                        0 |                        0 |       0 |
| model.predictor.transformer                             |             10790784 |                        0 |                        0 |       0 |
| model.predictor.transformer.norm                        |                  384 |                        0 |                        0 |       0 |
| model.predictor.transformer.layers                      |             10790400 |                        0 |                        0 |       0 |
| model.predictor.transformer.layers.0                    |              1798400 |                        0 |                        0 |       0 |
| model.predictor.transformer.layers.0.attn               |               787008 |                        0 |                        0 |       0 |
| model.predictor.transformer.layers.0.attn.norm          |                  384 |                        0 |                        0 |       0 |
| model.predictor.transformer.layers.0.attn.attend        |                    0 |                        0 |                        0 |       0 |
| model.predictor.transformer.layers.0.attn.to_qkv        |               589824 |                        0 |                        0 |       0 |
| model.predictor.transformer.layers.0.attn.to_out        |               196800 |                        0 |                        0 |       0 |
| model.predictor.transformer.layers.0.attn.to_out.0      |               196800 |                        0 |                        0 |       0 |
| model.predictor.transformer.layers.0.attn.to_out.1      |                    0 |                        0 |                        0 |       0 |
| model.predictor.transformer.layers.0.mlp                |               789056 |                        0 |                        0 |       0 |
| model.predictor.transformer.layers.0.mlp.net            |               789056 |                        0 |                        0 |       0 |
| model.predictor.transformer.layers.0.mlp.net.0          |                  384 |                        0 |                        0 |       0 |
| model.predictor.transformer.layers.0.mlp.net.1          |               395264 |                        0 |                        0 |       0 |
| model.predictor.transformer.layers.0.mlp.net.2          |                    0 |                        0 |                        0 |       0 |
| model.predictor.transformer.layers.0.mlp.net.3          |                    0 |                        0 |                        0 |       0 |
| model.predictor.transformer.layers.0.mlp.net.4          |               393408 |                        0 |                        0 |       0 |
| model.predictor.transformer.layers.0.mlp.net.5          |                    0 |                        0 |                        0 |       0 |
| model.predictor.transformer.layers.0.norm1              |                    0 |                        0 |                        0 |       0 |
| model.predictor.transformer.layers.0.norm2              |                    0 |                        0 |                        0 |       0 |
| model.predictor.transformer.layers.0.adaLN_modulation   |               222336 |                        0 |                        0 |       0 |
| model.predictor.transformer.layers.0.adaLN_modulation.0 |                    0 |                        0 |                        0 |       0 |
| model.predictor.transformer.layers.0.adaLN_modulation.1 |               222336 |                        0 |                        0 |       0 |
| model.predictor.transformer.layers.1                    |              1798400 |                        0 |                        0 |       0 |
| model.predictor.transformer.layers.1.attn               |               787008 |                        0 |                        0 |       0 |
| model.predictor.transformer.layers.1.attn.norm          |                  384 |                        0 |                        0 |       0 |
| model.predictor.transformer.layers.1.attn.attend        |                    0 |                        0 |                        0 |       0 |
| model.predictor.transformer.layers.1.attn.to_qkv        |               589824 |                        0 |                        0 |       0 |
| model.predictor.transformer.layers.1.attn.to_out        |               196800 |                        0 |                        0 |       0 |
| model.predictor.transformer.layers.1.attn.to_out.0      |               196800 |                        0 |                        0 |       0 |
| model.predictor.transformer.layers.1.attn.to_out.1      |                    0 |                        0 |                        0 |       0 |
| model.predictor.transformer.layers.1.mlp                |               789056 |                        0 |                        0 |       0 |
| model.predictor.transformer.layers.1.mlp.net            |               789056 |                        0 |                        0 |       0 |
| model.predictor.transformer.layers.1.mlp.net.0          |                  384 |                        0 |                        0 |       0 |
| model.predictor.transformer.layers.1.mlp.net.1          |               395264 |                        0 |                        0 |       0 |
| model.predictor.transformer.layers.1.mlp.net.2          |                    0 |                        0 |                        0 |       0 |
| model.predictor.transformer.layers.1.mlp.net.3          |                    0 |                        0 |                        0 |       0 |
| model.predictor.transformer.layers.1.mlp.net.4          |               393408 |                        0 |                        0 |       0 |
| model.predictor.transformer.layers.1.mlp.net.5          |                    0 |                        0 |                        0 |       0 |
| model.predictor.transformer.layers.1.norm1              |                    0 |                        0 |                        0 |       0 |
| model.predictor.transformer.layers.1.norm2              |                    0 |                        0 |                        0 |       0 |
| model.predictor.transformer.layers.1.adaLN_modulation   |               222336 |                        0 |                        0 |       0 |
| model.predictor.transformer.layers.1.adaLN_modulation.0 |                    0 |                        0 |                        0 |       0 |
| model.predictor.transformer.layers.1.adaLN_modulation.1 |               222336 |                        0 |                        0 |       0 |
| model.predictor.transformer.layers.2                    |              1798400 |                        0 |                        0 |       0 |
| model.predictor.transformer.layers.2.attn               |               787008 |                        0 |                        0 |       0 |
| model.predictor.transformer.layers.2.attn.norm          |                  384 |                        0 |                        0 |       0 |
| model.predictor.transformer.layers.2.attn.attend        |                    0 |                        0 |                        0 |       0 |
| model.predictor.transformer.layers.2.attn.to_qkv        |               589824 |                        0 |                        0 |       0 |
| model.predictor.transformer.layers.2.attn.to_out        |               196800 |                        0 |                        0 |       0 |
| model.predictor.transformer.layers.2.attn.to_out.0      |               196800 |                        0 |                        0 |       0 |
| model.predictor.transformer.layers.2.attn.to_out.1      |                    0 |                        0 |                        0 |       0 |
| model.predictor.transformer.layers.2.mlp                |               789056 |                        0 |                        0 |       0 |
| model.predictor.transformer.layers.2.mlp.net            |               789056 |                        0 |                        0 |       0 |
| model.predictor.transformer.layers.2.mlp.net.0          |                  384 |                        0 |                        0 |       0 |
| model.predictor.transformer.layers.2.mlp.net.1          |               395264 |                        0 |                        0 |       0 |
| model.predictor.transformer.layers.2.mlp.net.2          |                    0 |                        0 |                        0 |       0 |
| model.predictor.transformer.layers.2.mlp.net.3          |                    0 |                        0 |                        0 |       0 |
| model.predictor.transformer.layers.2.mlp.net.4          |               393408 |                        0 |                        0 |       0 |
| model.predictor.transformer.layers.2.mlp.net.5          |                    0 |                        0 |                        0 |       0 |
| model.predictor.transformer.layers.2.norm1              |                    0 |                        0 |                        0 |       0 |
| model.predictor.transformer.layers.2.norm2              |                    0 |                        0 |                        0 |       0 |
| model.predictor.transformer.layers.2.adaLN_modulation   |               222336 |                        0 |                        0 |       0 |
| model.predictor.transformer.layers.2.adaLN_modulation.0 |                    0 |                        0 |                        0 |       0 |
| model.predictor.transformer.layers.2.adaLN_modulation.1 |               222336 |                        0 |                        0 |       0 |
| model.predictor.transformer.layers.3                    |              1798400 |                        0 |                        0 |       0 |
| model.predictor.transformer.layers.3.attn               |               787008 |                        0 |                        0 |       0 |
| model.predictor.transformer.layers.3.attn.norm          |                  384 |                        0 |                        0 |       0 |
| model.predictor.transformer.layers.3.attn.attend        |                    0 |                        0 |                        0 |       0 |
| model.predictor.transformer.layers.3.attn.to_qkv        |               589824 |                        0 |                        0 |       0 |
| model.predictor.transformer.layers.3.attn.to_out        |               196800 |                        0 |                        0 |       0 |
| model.predictor.transformer.layers.3.attn.to_out.0      |               196800 |                        0 |                        0 |       0 |
| model.predictor.transformer.layers.3.attn.to_out.1      |                    0 |                        0 |                        0 |       0 |
| model.predictor.transformer.layers.3.mlp                |               789056 |                        0 |                        0 |       0 |
| model.predictor.transformer.layers.3.mlp.net            |               789056 |                        0 |                        0 |       0 |
| model.predictor.transformer.layers.3.mlp.net.0          |                  384 |                        0 |                        0 |       0 |
| model.predictor.transformer.layers.3.mlp.net.1          |               395264 |                        0 |                        0 |       0 |
| model.predictor.transformer.layers.3.mlp.net.2          |                    0 |                        0 |                        0 |       0 |
| model.predictor.transformer.layers.3.mlp.net.3          |                    0 |                        0 |                        0 |       0 |
| model.predictor.transformer.layers.3.mlp.net.4          |               393408 |                        0 |                        0 |       0 |
| model.predictor.transformer.layers.3.mlp.net.5          |                    0 |                        0 |                        0 |       0 |
| model.predictor.transformer.layers.3.norm1              |                    0 |                        0 |                        0 |       0 |
| model.predictor.transformer.layers.3.norm2              |                    0 |                        0 |                        0 |       0 |
| model.predictor.transformer.layers.3.adaLN_modulation   |               222336 |                        0 |                        0 |       0 |
| model.predictor.transformer.layers.3.adaLN_modulation.0 |                    0 |                        0 |                        0 |       0 |
| model.predictor.transformer.layers.3.adaLN_modulation.1 |               222336 |                        0 |                        0 |       0 |
| model.predictor.transformer.layers.4                    |              1798400 |                        0 |                        0 |       0 |
| model.predictor.transformer.layers.4.attn               |               787008 |                        0 |                        0 |       0 |
| model.predictor.transformer.layers.4.attn.norm          |                  384 |                        0 |                        0 |       0 |
| model.predictor.transformer.layers.4.attn.attend        |                    0 |                        0 |                        0 |       0 |
| model.predictor.transformer.layers.4.attn.to_qkv        |               589824 |                        0 |                        0 |       0 |
| model.predictor.transformer.layers.4.attn.to_out        |               196800 |                        0 |                        0 |       0 |
| model.predictor.transformer.layers.4.attn.to_out.0      |               196800 |                        0 |                        0 |       0 |
| model.predictor.transformer.layers.4.attn.to_out.1      |                    0 |                        0 |                        0 |       0 |
| model.predictor.transformer.layers.4.mlp                |               789056 |                        0 |                        0 |       0 |
| model.predictor.transformer.layers.4.mlp.net            |               789056 |                        0 |                        0 |       0 |
| model.predictor.transformer.layers.4.mlp.net.0          |                  384 |                        0 |                        0 |       0 |
| model.predictor.transformer.layers.4.mlp.net.1          |               395264 |                        0 |                        0 |       0 |
| model.predictor.transformer.layers.4.mlp.net.2          |                    0 |                        0 |                        0 |       0 |
| model.predictor.transformer.layers.4.mlp.net.3          |                    0 |                        0 |                        0 |       0 |
| model.predictor.transformer.layers.4.mlp.net.4          |               393408 |                        0 |                        0 |       0 |
| model.predictor.transformer.layers.4.mlp.net.5          |                    0 |                        0 |                        0 |       0 |
| model.predictor.transformer.layers.4.norm1              |                    0 |                        0 |                        0 |       0 |
| model.predictor.transformer.layers.4.norm2              |                    0 |                        0 |                        0 |       0 |
| model.predictor.transformer.layers.4.adaLN_modulation   |               222336 |                        0 |                        0 |       0 |
| model.predictor.transformer.layers.4.adaLN_modulation.0 |                    0 |                        0 |                        0 |       0 |
| model.predictor.transformer.layers.4.adaLN_modulation.1 |               222336 |                        0 |                        0 |       0 |
| model.predictor.transformer.layers.5                    |              1798400 |                        0 |                        0 |       0 |
| model.predictor.transformer.layers.5.attn               |               787008 |                        0 |                        0 |       0 |
| model.predictor.transformer.layers.5.attn.norm          |                  384 |                        0 |                        0 |       0 |
| model.predictor.transformer.layers.5.attn.attend        |                    0 |                        0 |                        0 |       0 |
| model.predictor.transformer.layers.5.attn.to_qkv        |               589824 |                        0 |                        0 |       0 |
| model.predictor.transformer.layers.5.attn.to_out        |               196800 |                        0 |                        0 |       0 |
| model.predictor.transformer.layers.5.attn.to_out.0      |               196800 |                        0 |                        0 |       0 |
| model.predictor.transformer.layers.5.attn.to_out.1      |                    0 |                        0 |                        0 |       0 |
| model.predictor.transformer.layers.5.mlp                |               789056 |                        0 |                        0 |       0 |
| model.predictor.transformer.layers.5.mlp.net            |               789056 |                        0 |                        0 |       0 |
| model.predictor.transformer.layers.5.mlp.net.0          |                  384 |                        0 |                        0 |       0 |
| model.predictor.transformer.layers.5.mlp.net.1          |               395264 |                        0 |                        0 |       0 |
| model.predictor.transformer.layers.5.mlp.net.2          |                    0 |                        0 |                        0 |       0 |
| model.predictor.transformer.layers.5.mlp.net.3          |                    0 |                        0 |                        0 |       0 |
| model.predictor.transformer.layers.5.mlp.net.4          |               393408 |                        0 |                        0 |       0 |
| model.predictor.transformer.layers.5.mlp.net.5          |                    0 |                        0 |                        0 |       0 |
| model.predictor.transformer.layers.5.norm1              |                    0 |                        0 |                        0 |       0 |
| model.predictor.transformer.layers.5.norm2              |                    0 |                        0 |                        0 |       0 |
| model.predictor.transformer.layers.5.adaLN_modulation   |               222336 |                        0 |                        0 |       0 |
| model.predictor.transformer.layers.5.adaLN_modulation.0 |                    0 |                        0 |                        0 |       0 |
| model.predictor.transformer.layers.5.adaLN_modulation.1 |               222336 |                        0 |                        0 |       0 |
| model.predictor.transformer.input_proj                  |                    0 |                        0 |                        0 |       0 |
| model.predictor.transformer.cond_proj                   |                    0 |                        0 |                        0 |       0 |
| model.predictor.transformer.output_proj                 |                    0 |                        0 |                        0 |       0 |
| model.action_encoder                                    |               156126 |                        0 |                        0 |       0 |
| model.action_encoder.patch_embed                        |                   30 |                        0 |                        0 |       0 |
| model.action_encoder.embed                              |               156096 |                        0 |                        0 |       0 |
| model.action_encoder.embed.0                            |                 8448 |                        0 |                        0 |       0 |
| model.action_encoder.embed.1                            |                    0 |                        0 |                        0 |       0 |
| model.action_encoder.embed.2                            |               147648 |                        0 |                        0 |       0 |
| model.projector                                         |               792768 |                        0 |                        0 |    4097 |
| model.projector.net                                     |               792768 |                        0 |                        0 |    4097 |
| model.projector.net.0                                   |               395264 |                        0 |                        0 |       0 |
| model.projector.net.1                                   |                 4096 |                        0 |                        0 |    4097 |
| model.projector.net.2                                   |                    0 |                        0 |                        0 |       0 |
| model.projector.net.3                                   |               393408 |                        0 |                        0 |       0 |
| model.pred_proj                                         |               792768 |                        0 |                        0 |    4097 |
| model.pred_proj.net                                     |               792768 |                        0 |                        0 |    4097 |
| model.pred_proj.net.0                                   |               395264 |                        0 |                        0 |       0 |
| model.pred_proj.net.1                                   |                 4096 |                        0 |                        0 |    4097 |
| model.pred_proj.net.2                                   |                    0 |                        0 |                        0 |       0 |
| model.pred_proj.net.3                                   |               393408 |                        0 |                        0 |       0 |
| model.probe_head                                        |                 3076 |                        0 |                        0 |       0 |
| sigreg                                                  |                    0 |                        0 |                        0 |      51 |
+---------------------------------------------------------+----------------------+--------------------------+--------------------------+---------+
01:59:05 | INFO  | utils.py    | ── SLURM ─────────────────────────────────────────
01:59:05 | INFO  | trainer_inf~|   Job ID: N/A
01:59:05 | INFO  | trainer_inf~|   Task ID: N/A
01:59:05 | INFO  | trainer_inf~|   Job Name: N/A
01:59:05 | INFO  | trainer_inf~|   Nodes: N/A
01:59:05 | INFO  | trainer_inf~|   Tasks: N/A
01:59:05 | INFO  | trainer_inf~|   CPUs per node: N/A
01:59:05 | INFO  | trainer_inf~|   CPUs per task: N/A
01:59:05 | INFO  | trainer_inf~|   Memory per node: N/A
01:59:05 | INFO  | trainer_inf~|   Memory per CPU: N/A
01:59:05 | INFO  | trainer_inf~|   Time limit: N/A
01:59:05 | INFO  | trainer_inf~|   Partition: N/A
01:59:05 | INFO  | trainer_inf~|   Node List: N/A
01:59:05 | INFO  | trainer_inf~|   Submit Directory: N/A
01:59:05 | INFO  | utils.py    | ── HardwareMonitor ───────────────────────────────
01:59:05 | INFO  | hardware_mo~|   interval: 10.0s
01:59:05 | INFO  | hardware_mo~|   prefix:   'hardware/'
01:59:05 | INFO  | hardware_mo~|   metrics:  cpu=True ram=True disk=True net=True gpu=True
01:59:05 | INFO  | hardware_mo~|   per-rank: rank 0 only
01:59:05 | WARN  | hardware_mo~| HardwareMonitor: pynvml unavailable (ModuleNotFoundError("No module named 'pynvml'")); GPU metrics disabled.
LOCAL_RANK: 0 - CUDA_VISIBLE_DEVICES: [5]
01:59:05 | INFO  | utils.py    | ── Optimizers ────────────────────────────────────
01:59:05 | INFO  | module.py   |   Optimizer specified by Dict with keys ['model_opt']
01:59:05 | INFO  | module.py   | 
┏━━━━━━━━━━━━━┳━━━━━━━━━━━┳━━━━━━━━━━━━━━━━━━━┳━━━━━━━━━━━━━━━━━┳━━━━━━━━━━━━━━━━┳━━━━━━━━━━━━━━━━━━━━━━━━┓
┃ Optimizer   ┃ Pattern   ┃   Matched Modules ┃   Param Tensors ┃   Total Params ┃   RequiresGrad Tensors ┃
┣━━━━━━━━━━━━━╋━━━━━━━━━━━╋━━━━━━━━━━━━━━━━━━━╋━━━━━━━━━━━━━━━━━╋━━━━━━━━━━━━━━━━╋━━━━━━━━━━━━━━━━━━━━━━━━┫
┃ model_opt   ┃ model     ┃               317 ┃             299 ┃       18037474 ┃                    299 ┃
┗━━━━━━━━━━━━━┻━━━━━━━━━━━┻━━━━━━━━━━━━━━━━━━━┻━━━━━━━━━━━━━━━━━┻━━━━━━━━━━━━━━━━┻━━━━━━━━━━━━━━━━━━━━━━━━┛
01:59:05 | INFO  | lr_schedule~| 	User provided a dict
Loading `train_dataloader` to estimate number of stepping batches.
/home/likun-share/junjxu/wm/le-wm/.venv/lib/python3.10/site-packages/lance/__init__.py:320: UserWarning: lance is not fork-safe. If you are using multiprocessing, use spawn or forkserver instead.
  warnings.warn(
/usr/lib/python3.10/multiprocessing/popen_fork.py:66: RuntimeWarning: lancedb fork support is experimental: the internal async runtime has been reset in the forked child, but a small chance of deadlock remains if other state was mid-operation at fork time. The 'forkserver' or 'spawn' multiprocessing start method is likely a safer alternative.
  self.pid = os.fork()
/usr/lib/python3.10/multiprocessing/popen_fork.py:66: RuntimeWarning: lancedb fork support is experimental: the internal async runtime has been reset in the forked child, but a small chance of deadlock remains if other state was mid-operation at fork time. The 'forkserver' or 'spawn' multiprocessing start method is likely a safer alternative.
  self.pid = os.fork()
01:59:05 | INFO  | module.py   |   Configured optimizer 'model_opt' (modules=317, param_tensors=299, total_params=18037474) with LinearWarmupCosineAnnealingLR scheduler.
/home/likun-share/junjxu/wm/le-wm/.venv/lib/python3.10/site-packages/lightning/pytorch/utilities/model_summary/model_summary.py:242: Precision bf16-mixed is not supported by the model summary.  Estimated model size in MB will not be accurate. Using 32 bits instead.
┏━━━┳━━━━━━━━━━━━━━━━━━━┳━━━━━━━━━━━━┳━━━━━━━━┳━━━━━━━┳━━━━━━━┓
┃   ┃ Name              ┃ Type       ┃ Params ┃ Mode  ┃ FLOPs ┃
┡━━━╇━━━━━━━━━━━━━━━━━━━╇━━━━━━━━━━━━╇━━━━━━━━╇━━━━━━━╇━━━━━━━┩
│ 0 │ callbacks_modules │ ModuleDict │      0 │ train │     0 │
│ 1 │ callbacks_metrics │ ModuleDict │      0 │ train │     0 │
│ 2 │ model             │ JEPA       │ 18.0 M │ train │     0 │
│ 3 │ sigreg            │ SIGReg     │      0 │ train │     0 │
└───┴───────────────────┴────────────┴────────┴───────┴───────┘
Trainable params: 18.0 M                                                        
Non-trainable params: 0                                                         
Total params: 18.0 M                                                            
Total estimated model params size (MB): 72.150                                  
Modules in train mode: 320                                                      
Modules in eval mode: 0                                                         
Total FLOPs: 0                                                                  
01:59:05 | INFO  | logger.py   | [RegistryLogger] summary.json flushed (0 metrics, step=0, epoch=0) → /data1/likun-share/junjxu/.cache_stable-pretraining/runs/20260608/015901/4b57eb069fbb/summary.json
/home/likun-share/junjxu/wm/le-wm/.venv/lib/python3.10/site-packages/lance/__init__.py:320: UserWarning: lance is not fork-safe. If you are using multiprocessing, use spawn or forkserver instead.
  warnings.warn(
01:59:06 | OK    | env_info.py | ✓ NVIDIA Driver: 580.65.06
/usr/lib/python3.10/multiprocessing/popen_fork.py:66: RuntimeWarning: lancedb fork support is experimental: the internal async runtime has been reset in the forked child, but a small chance of deadlock remains if other state was mid-operation at fork time. The 'forkserver' or 'spawn' multiprocessing start method is likely a safer alternative.
  self.pid = os.fork()
/home/likun-share/junjxu/wm/le-wm/.venv/lib/python3.10/site-packages/lance/__init__.py:320: UserWarning: lance is not fork-safe. If you are using multiprocessing, use spawn or forkserver instead.
  warnings.warn(
/usr/lib/python3.10/multiprocessing/popen_fork.py:66: RuntimeWarning: lancedb fork support is experimental: the internal async runtime has been reset in the forked child, but a small chance of deadlock remains if other state was mid-operation at fork time. The 'forkserver' or 'spawn' multiprocessing start method is likely a safer alternative.
  self.pid = os.fork()
01:59:06 | OK    | env_info.py | ✓ Git: main @ 1b3f371a
01:59:06 | INFO  | env_info.py |   Remote: git@github.com-xuustc99:XuUSTC99/wm.git
01:59:06 | OK    | env_info.py | ✓ Environment: 4 relevant variables captured
01:59:06 | INFO  | env_info.py |   Serializing environment data...
01:59:06 | INFO  | env_info.py |   File exists, using version 120: environment_v120.json
01:59:06 | INFO  | env_info.py |   File exists, using version 121: requirements_frozen_v121.txt
01:59:06 | INFO  | env_info.py |   Save directory: /home/likun-share/.cache/stable-pretraining
01:59:06 | INFO  | env_info.py |   Writing environment to temp file...
01:59:06 | INFO  | env_info.py |   Moving to: environment_v120.json
01:59:06 | OK    | env_info.py | ✓ Environment file saved (2.3 KB)
01:59:06 | OK    | env_info.py | ✓ Requirements file saved (0.1 KB)
/home/likun-share/junjxu/wm/le-wm/.venv/lib/python3.10/site-packages/lightning/pytorch/utilities/data.py:79: Trying to infer the `batch_size` from an ambiguous collection. The batch size we found is 128. To avoid any miscalculations, use `self.log(..., batch_size=batch_size)`.
01:59:12 | INFO  | trainer_inf~| \n+----------------------------+---------------------+
|           Metric           |        Value        |
+----------------------------+---------------------+
|       [0;34;40mvalidate/loss[0m        |  [0;32;40m50.803375244140625[0m |
|    [0;34;40mvalidate/loss_epoch[0m     |  [0;32;40m50.803375244140625[0m |
|     [0;34;40mvalidate/pred_loss[0m     | [0;32;40m0.35233476758003235[0m |
|  [0;34;40mvalidate/pred_loss_epoch[0m  | [0;32;40m0.35233476758003235[0m |
|    [0;34;40mvalidate/probe_loss[0m     |  [0;32;40m0.8427708745002747[0m |
| [0;34;40mvalidate/probe_loss_epoch[0m  |  [0;32;40m0.8427708745002747[0m |
|    [0;34;40mvalidate/sigreg_loss[0m    |         [0;32;40m92.5[0m        |
| [0;34;40mvalidate/sigreg_loss_epoch[0m |         [0;32;40m92.5[0m        |
+----------------------------+---------------------+
01:59:12 | WARN  | hf_models.py| ! No Hugging Face (PreTrainedModel) submodules found in LightningModule.
01:59:12 | INFO  | utils.py    | ── Optimizers ────────────────────────────────────
01:59:12 | INFO  | module.py   |   self.optimizers() gave us 1 optimizers
01:59:12 | WARN  | module.py   | ! No clip val found for optimizer default_0
01:59:12 | WARN  | module.py   | ! Will use the Trainer's value of 1.0
01:59:12 | WARN  | module.py   | ! No clip algorithm found for optimizer default_0
01:59:12 | WARN  | module.py   | ! Will use the Trainer's value of None
01:59:12 | OK    | module.py   | ✓ Optimizer check complete:
+------------+-----------+----------------+-----------+-----------+
| Opt. Index | Opt. name |      opt       | clip val. | clip alg. |
+------------+-----------+----------------+-----------+-----------+
|     0      | default_0 | LightningAdamW |    1.0    |    None   |
+------------+-----------+----------------+-----------+-----------+
01:59:12 | INFO  | utils.py    | ── LogUnusedParametersOnce ───────────────────────
01:59:12 | INFO  | unused_para~|   registered hooks on 299 leaf parameters
01:59:12 | OK    | unused_para~| ✓ all tracked parameters received gradients on the first backward pass
01:59:12 | INFO  | unused_para~|   hooks removed, callback disabled
[Epoch 0/20] step 50/203 (1.9 it/s)
[Epoch 0/20] step 100/203 (1.7 it/s)
[Epoch 0/20] step 150/203 (1.7 it/s)
[Epoch 0/20] step 200/203 (1.7 it/s)
/home/likun-share/junjxu/wm/le-wm/.venv/lib/python3.10/site-packages/lightning/pytorch/utilities/data.py:79: Trying to infer the `batch_size` from an ambiguous collection. The batch size we found is 83. To avoid any miscalculations, use `self.log(..., batch_size=batch_size)`.
02:01:24 | INFO  | trainer_inf~| \n+----------------------------+------------------------+
|           Metric           |         Value          |
+----------------------------+------------------------+
|          [0;34;40mfit/loss[0m          |   [0;32;40m7.509894371032715[0m    |
|       [0;34;40mfit/pred_loss[0m        |  [0;32;40m0.03229928016662598[0m   |
|       [0;34;40mfit/probe_loss[0m       |  [0;32;40m0.12423940747976303[0m   |
|      [0;34;40mfit/sigreg_loss[0m       |        [0;32;40m14.0625[0m         |
|    [0;34;40mhardware/cpu_percent[0m    |   [0;32;40m50.20000076293945[0m    |
|  [0;34;40mhardware/disk_read_mb_s[0m   |          [0;32;40m0.0[0m           |
|  [0;34;40mhardware/disk_write_mb_s[0m  |   [0;32;40m44.67786407470703[0m    |
|   [0;34;40mhardware/net_recv_mb_s[0m   |  [0;32;40m0.01492406241595745[0m   |
|   [0;34;40mhardware/net_sent_mb_s[0m   |   [0;32;40m0.0465446375310421[0m   |
|    [0;34;40mhardware/ram_used_gb[0m    |   [0;32;40m367.69854736328125[0m   |
|   [0;34;40mhardware/ram_used_pct[0m    |          [0;32;40m36.5[0m          |
|    [0;34;40mhparams/lr_default_0[0m    | [0;32;40m4.9797443352872506e-05[0m |
|       [0;34;40mvalidate/loss[0m        |   [0;32;40m9.675955772399902[0m    |
|    [0;34;40mvalidate/loss_epoch[0m     |   [0;32;40m9.675955772399902[0m    |
|     [0;34;40mvalidate/pred_loss[0m     |  [0;32;40m0.060903292149305344[0m  |
|  [0;34;40mvalidate/pred_loss_epoch[0m  |  [0;32;40m0.060903292149305344[0m  |
|    [0;34;40mvalidate/probe_loss[0m     |  [0;32;40m0.16274785995483398[0m   |
| [0;34;40mvalidate/probe_loss_epoch[0m  |  [0;32;40m0.16274785995483398[0m   |
|    [0;34;40mvalidate/sigreg_loss[0m    |   [0;32;40m16.412059783935547[0m   |
| [0;34;40mvalidate/sigreg_loss_epoch[0m |   [0;32;40m16.412059783935547[0m   |
+----------------------------+------------------------+
[Epoch 0/20] done in 132.4s
02:01:24 | INFO  | checkpoint_~|   Checking for non PyTorch modules to save
02:01:24 | INFO  | atomic_chec~| [atomic_save] → /data1/likun-share/junjxu/.cache_stable-pretraining/runs/20260608/015901/4b57eb069fbb/checkpoints/epoch=0-step=203.ckpt
02:01:25 | INFO  | atomic_chec~| [atomic_save] ✓ epoch=0-step=203.ckpt saved (206.8 MiB, serialise=0.50s write=0.32s rename=0.1ms)
02:01:25 | INFO  | checkpoint_~|   Checking for non PyTorch modules to save
02:01:25 | INFO  | atomic_chec~| [atomic_save] → /data1/likun-share/junjxu/.cache_stable-pretraining/runs/20260608/015901/4b57eb069fbb/checkpoints/last.ckpt
02:01:26 | INFO  | atomic_chec~| [atomic_save] ✓ last.ckpt saved (206.8 MiB, serialise=0.47s write=0.29s rename=0.1ms)
[Epoch 1/20] step 50/203 (1.7 it/s)
[Epoch 1/20] step 100/203 (1.7 it/s)
[Epoch 1/20] step 150/203 (1.7 it/s)
[Epoch 1/20] step 200/203 (1.7 it/s)
02:03:35 | INFO  | trainer_inf~| \n+----------------------------+-----------------------+
|           Metric           |         Value         |
+----------------------------+-----------------------+
|          [0;34;40mfit/loss[0m          |   [0;32;40m5.913906574249268[0m   |
|       [0;34;40mfit/pred_loss[0m        |  [0;32;40m0.025958070531487465[0m |
|       [0;34;40mfit/probe_loss[0m       |  [0;32;40m0.08994647115468979[0m  |
|      [0;34;40mfit/sigreg_loss[0m       |        [0;32;40m15.4375[0m        |
|    [0;34;40mhardware/cpu_percent[0m    |   [0;32;40m49.70000076293945[0m   |
|  [0;34;40mhardware/disk_read_mb_s[0m   |          [0;32;40m0.0[0m          |
|  [0;34;40mhardware/disk_write_mb_s[0m  |   [0;32;40m83.01563262939453[0m   |
|   [0;34;40mhardware/net_recv_mb_s[0m   |  [0;32;40m0.011594021692872047[0m |
|   [0;34;40mhardware/net_sent_mb_s[0m   |  [0;32;40m0.04522378742694855[0m  |
|    [0;34;40mhardware/ram_used_gb[0m    |   [0;32;40m372.52105712890625[0m  |
|   [0;34;40mhardware/ram_used_pct[0m    |          [0;32;40m37.0[0m         |
|    [0;34;40mhparams/lr_default_0[0m    | [0;32;40m4.898431870969944e-05[0m |
|       [0;34;40mvalidate/loss[0m        |   [0;32;40m6.1748762130737305[0m  |
|    [0;34;40mvalidate/loss_epoch[0m     |   [0;32;40m6.1748762130737305[0m  |
|     [0;34;40mvalidate/pred_loss[0m     |  [0;32;40m0.031111957505345345[0m |
|  [0;34;40mvalidate/pred_loss_epoch[0m  |  [0;32;40m0.031111957505345345[0m |
|    [0;34;40mvalidate/probe_loss[0m     |  [0;32;40m0.08396591246128082[0m  |
| [0;34;40mvalidate/probe_loss_epoch[0m  |  [0;32;40m0.08396591246128082[0m  |
|    [0;34;40mvalidate/sigreg_loss[0m    |   [0;32;40m21.61344337463379[0m   |
| [0;34;40mvalidate/sigreg_loss_epoch[0m |   [0;32;40m21.61344337463379[0m   |
+----------------------------+-----------------------+
[Epoch 1/20] done in 129.8s
02:03:35 | INFO  | checkpoint_~|   Checking for non PyTorch modules to save
02:03:35 | INFO  | atomic_chec~| [atomic_save] → /data1/likun-share/junjxu/.cache_stable-pretraining/runs/20260608/015901/4b57eb069fbb/checkpoints/epoch=1-step=406.ckpt
02:03:36 | INFO  | atomic_chec~| [atomic_save] ✓ epoch=1-step=406.ckpt saved (206.8 MiB, serialise=0.44s write=0.32s rename=0.1ms)
02:03:36 | INFO  | checkpoint_~|   Checking for non PyTorch modules to save
02:03:36 | INFO  | atomic_chec~| [atomic_save] → /data1/likun-share/junjxu/.cache_stable-pretraining/runs/20260608/015901/4b57eb069fbb/checkpoints/last.ckpt
02:03:37 | INFO  | atomic_chec~| [atomic_save] ✓ last.ckpt saved (206.8 MiB, serialise=0.43s write=0.30s rename=53.1ms)
[Epoch 2/20] step 50/203 (1.7 it/s)
[Epoch 2/20] step 100/203 (1.6 it/s)
[Epoch 2/20] step 150/203 (1.6 it/s)
[Epoch 2/20] step 200/203 (1.7 it/s)
02:05:48 | INFO  | trainer_inf~| \n+----------------------------+-----------------------+
|           Metric           |         Value         |
+----------------------------+-----------------------+
|          [0;34;40mfit/loss[0m          |   [0;32;40m4.536496162414551[0m   |
|       [0;34;40mfit/pred_loss[0m        |  [0;32;40m0.022578878328204155[0m |
|       [0;34;40mfit/probe_loss[0m       |   [0;32;40m0.0546533465385437[0m  |
|      [0;34;40mfit/sigreg_loss[0m       |         [0;32;40m19.75[0m         |
|    [0;34;40mhardware/cpu_percent[0m    |   [0;32;40m50.29999923706055[0m   |
|  [0;34;40mhardware/disk_read_mb_s[0m   |          [0;32;40m0.0[0m          |
|  [0;34;40mhardware/disk_write_mb_s[0m  |   [0;32;40m88.61054229736328[0m   |
|   [0;34;40mhardware/net_recv_mb_s[0m   |  [0;32;40m0.017472002655267715[0m |
|   [0;34;40mhardware/net_sent_mb_s[0m   |  [0;32;40m0.047912564128637314[0m |
|    [0;34;40mhardware/ram_used_gb[0m    |   [0;32;40m373.4133605957031[0m   |
|   [0;34;40mhardware/ram_used_pct[0m    |   [0;32;40m37.099998474121094[0m  |
|    [0;34;40mhparams/lr_default_0[0m    | [0;32;40m4.756883572554216e-05[0m |
|       [0;34;40mvalidate/loss[0m        |   [0;32;40m6.399702072143555[0m   |
|    [0;34;40mvalidate/loss_epoch[0m     |   [0;32;40m6.399702072143555[0m   |
|     [0;34;40mvalidate/pred_loss[0m     |  [0;32;40m0.025892598554491997[0m |
|  [0;34;40mvalidate/pred_loss_epoch[0m  |  [0;32;40m0.025892598554491997[0m |
|    [0;34;40mvalidate/probe_loss[0m     |  [0;32;40m0.08352503925561905[0m  |
| [0;34;40mvalidate/probe_loss_epoch[0m  |  [0;32;40m0.08352503925561905[0m  |
|    [0;34;40mvalidate/sigreg_loss[0m    |   [0;32;40m24.41147804260254[0m   |
| [0;34;40mvalidate/sigreg_loss_epoch[0m |   [0;32;40m24.41147804260254[0m   |
+----------------------------+-----------------------+
[Epoch 2/20] done in 130.7s
02:05:48 | INFO  | checkpoint_~|   Checking for non PyTorch modules to save
02:05:48 | INFO  | atomic_chec~| [atomic_save] → /data1/likun-share/junjxu/.cache_stable-pretraining/runs/20260608/015901/4b57eb069fbb/checkpoints/epoch=2-step=609.ckpt
02:05:49 | INFO  | atomic_chec~| [atomic_save] ✓ epoch=2-step=609.ckpt saved (206.8 MiB, serialise=0.48s write=0.34s rename=0.1ms)
02:05:49 | INFO  | checkpoint_~|   Checking for non PyTorch modules to save
02:05:49 | INFO  | atomic_chec~| [atomic_save] → /data1/likun-share/junjxu/.cache_stable-pretraining/runs/20260608/015901/4b57eb069fbb/checkpoints/last.ckpt
02:05:50 | INFO  | atomic_chec~| [atomic_save] ✓ last.ckpt saved (206.8 MiB, serialise=0.52s write=0.33s rename=60.4ms)
[Epoch 3/20] step 50/203 (1.6 it/s)
[Epoch 3/20] step 100/203 (1.6 it/s)
[Epoch 3/20] step 150/203 (1.6 it/s)
[Epoch 3/20] step 200/203 (1.7 it/s)
02:07:58 | INFO  | trainer_inf~| \n+----------------------------+-----------------------+
|           Metric           |         Value         |
+----------------------------+-----------------------+
|          [0;34;40mfit/loss[0m          |   [0;32;40m5.421930313110352[0m   |
|       [0;34;40mfit/pred_loss[0m        |  [0;32;40m0.020697440952062607[0m |
|       [0;34;40mfit/probe_loss[0m       |  [0;32;40m0.07224340736865997[0m  |
|      [0;34;40mfit/sigreg_loss[0m       |         [0;32;40m19.875[0m        |
|    [0;34;40mhardware/cpu_percent[0m    |   [0;32;40m50.20000076293945[0m   |
|  [0;34;40mhardware/disk_read_mb_s[0m   |          [0;32;40m0.0[0m          |
|  [0;34;40mhardware/disk_write_mb_s[0m  |    [0;32;40m41.6700553894043[0m   |
|   [0;34;40mhardware/net_recv_mb_s[0m   |  [0;32;40m0.011604921892285347[0m |
|   [0;34;40mhardware/net_sent_mb_s[0m   |  [0;32;40m0.009594393894076347[0m |
|    [0;34;40mhardware/ram_used_gb[0m    |   [0;32;40m377.16961669921875[0m  |
|   [0;34;40mhardware/ram_used_pct[0m    |   [0;32;40m37.400001525878906[0m  |
|    [0;34;40mhparams/lr_default_0[0m    | [0;32;40m4.558654109132476e-05[0m |
|       [0;34;40mvalidate/loss[0m        |   [0;32;40m4.948820114135742[0m   |
|    [0;34;40mvalidate/loss_epoch[0m     |   [0;32;40m4.948820114135742[0m   |
|     [0;34;40mvalidate/pred_loss[0m     |  [0;32;40m0.015094812028110027[0m |
|  [0;34;40mvalidate/pred_loss_epoch[0m  |  [0;32;40m0.015094812028110027[0m |
|    [0;34;40mvalidate/probe_loss[0m     |  [0;32;40m0.060628775507211685[0m |
| [0;34;40mvalidate/probe_loss_epoch[0m  |  [0;32;40m0.060628775507211685[0m |
|    [0;34;40mvalidate/sigreg_loss[0m    |   [0;32;40m21.150440216064453[0m  |
| [0;34;40mvalidate/sigreg_loss_epoch[0m |   [0;32;40m21.150440216064453[0m  |
+----------------------------+-----------------------+
[Epoch 3/20] done in 128.2s
02:07:58 | INFO  | checkpoint_~|   Checking for non PyTorch modules to save
02:07:58 | INFO  | atomic_chec~| [atomic_save] → /data1/likun-share/junjxu/.cache_stable-pretraining/runs/20260608/015901/4b57eb069fbb/checkpoints/epoch=3-step=812.ckpt
02:07:59 | INFO  | atomic_chec~| [atomic_save] ✓ epoch=3-step=812.ckpt saved (206.8 MiB, serialise=0.42s write=0.32s rename=0.1ms)
02:07:59 | INFO  | checkpoint_~|   Checking for non PyTorch modules to save
02:07:59 | INFO  | atomic_chec~| [atomic_save] → /data1/likun-share/junjxu/.cache_stable-pretraining/runs/20260608/015901/4b57eb069fbb/checkpoints/last.ckpt
02:08:00 | INFO  | atomic_chec~| [atomic_save] ✓ last.ckpt saved (206.8 MiB, serialise=0.42s write=0.31s rename=62.4ms)
[Epoch 4/20] step 50/203 (1.7 it/s)
[Epoch 4/20] step 100/203 (1.7 it/s)
[Epoch 4/20] step 150/203 (1.7 it/s)
[Epoch 4/20] step 200/203 (1.7 it/s)
02:10:07 | INFO  | trainer_inf~| \n+----------------------------+----------------------+
|           Metric           |        Value         |
+----------------------------+----------------------+
|          [0;34;40mfit/loss[0m          |   [0;32;40m3.55076003074646[0m   |
|       [0;34;40mfit/pred_loss[0m        | [0;32;40m0.014793964102864265[0m |
|       [0;34;40mfit/probe_loss[0m       | [0;32;40m0.03962557017803192[0m  |
|      [0;34;40mfit/sigreg_loss[0m       |        [0;32;40m17.25[0m         |
|    [0;34;40mhardware/cpu_percent[0m    |  [0;32;40m51.70000076293945[0m   |
|  [0;34;40mhardware/disk_read_mb_s[0m   |         [0;32;40m0.0[0m          |
|  [0;34;40mhardware/disk_write_mb_s[0m  |  [0;32;40m106.58811950683594[0m  |
|   [0;34;40mhardware/net_recv_mb_s[0m   | [0;32;40m0.013456087559461594[0m |
|   [0;34;40mhardware/net_sent_mb_s[0m   | [0;32;40m0.045331284403800964[0m |
|    [0;34;40mhardware/ram_used_gb[0m    |  [0;32;40m378.31011962890625[0m  |
|   [0;34;40mhardware/ram_used_pct[0m    |  [0;32;40m37.599998474121094[0m  |
|    [0;34;40mhparams/lr_default_0[0m    | [0;32;40m4.30872205470223e-05[0m |
|       [0;34;40mvalidate/loss[0m        |  [0;32;40m4.366567134857178[0m   |
|    [0;34;40mvalidate/loss_epoch[0m     |  [0;32;40m4.366567134857178[0m   |
|     [0;34;40mvalidate/pred_loss[0m     | [0;32;40m0.017069244757294655[0m |
|  [0;34;40mvalidate/pred_loss_epoch[0m  | [0;32;40m0.017069244757294655[0m |
|    [0;34;40mvalidate/probe_loss[0m     | [0;32;40m0.046974342316389084[0m |
| [0;34;40mvalidate/probe_loss_epoch[0m  | [0;32;40m0.046974342316389084[0m |
|    [0;34;40mvalidate/sigreg_loss[0m    |  [0;32;40m22.222490310668945[0m  |
| [0;34;40mvalidate/sigreg_loss_epoch[0m |  [0;32;40m22.222490310668945[0m  |
+----------------------------+----------------------+
[Epoch 4/20] done in 128.1s
02:10:08 | INFO  | checkpoint_~|   Checking for non PyTorch modules to save
02:10:08 | INFO  | atomic_chec~| [atomic_save] → /data1/likun-share/junjxu/.cache_stable-pretraining/runs/20260608/015901/4b57eb069fbb/checkpoints/epoch=4-step=1015.ckpt
02:10:08 | INFO  | atomic_chec~| [atomic_save] ✓ epoch=4-step=1015.ckpt saved (206.8 MiB, serialise=0.36s write=0.24s rename=0.1ms)
02:10:08 | INFO  | checkpoint_~|   Checking for non PyTorch modules to save
02:10:08 | INFO  | atomic_chec~| [atomic_save] → /data1/likun-share/junjxu/.cache_stable-pretraining/runs/20260608/015901/4b57eb069fbb/checkpoints/last.ckpt
02:10:09 | INFO  | atomic_chec~| [atomic_save] ✓ last.ckpt saved (206.8 MiB, serialise=0.43s write=0.30s rename=57.7ms)
[Epoch 5/20] step 50/203 (1.6 it/s)
[Epoch 5/20] step 100/203 (1.7 it/s)
[Epoch 5/20] step 150/203 (1.6 it/s)
[Epoch 5/20] step 200/203 (1.7 it/s)
02:12:18 | INFO  | trainer_inf~| \n+----------------------------+------------------------+
|           Metric           |         Value          |
+----------------------------+------------------------+
|          [0;34;40mfit/loss[0m          |   [0;32;40m3.4159321784973145[0m   |
|       [0;34;40mfit/pred_loss[0m        |  [0;32;40m0.01902942918241024[0m   |
|       [0;34;40mfit/probe_loss[0m       |   [0;32;40m0.0348130539059639[0m   |
|      [0;34;40mfit/sigreg_loss[0m       |         [0;32;40m18.375[0m         |
|    [0;34;40mhardware/cpu_percent[0m    |          [0;32;40m53.0[0m          |
|  [0;34;40mhardware/disk_read_mb_s[0m   |          [0;32;40m0.0[0m           |
|  [0;34;40mhardware/disk_write_mb_s[0m  |   [0;32;40m125.84351348876953[0m   |
|   [0;34;40mhardware/net_recv_mb_s[0m   |  [0;32;40m0.012666759081184864[0m  |
|   [0;34;40mhardware/net_sent_mb_s[0m   |  [0;32;40m0.045430079102516174[0m  |
|    [0;34;40mhardware/ram_used_gb[0m    |   [0;32;40m377.6141052246094[0m    |
|   [0;34;40mhardware/ram_used_pct[0m    |          [0;32;40m37.5[0m          |
|    [0;34;40mhparams/lr_default_0[0m    | [0;32;40m4.0133647416951135e-05[0m |
|       [0;34;40mvalidate/loss[0m        |   [0;32;40m3.817795753479004[0m    |
|    [0;34;40mvalidate/loss_epoch[0m     |   [0;32;40m3.817795753479004[0m    |
|     [0;34;40mvalidate/pred_loss[0m     |  [0;32;40m0.015028209425508976[0m  |
|  [0;34;40mvalidate/pred_loss_epoch[0m  |  [0;32;40m0.015028209425508976[0m  |
|    [0;34;40mvalidate/probe_loss[0m     |  [0;32;40m0.04144546762108803[0m   |
| [0;34;40mvalidate/probe_loss_epoch[0m  |  [0;32;40m0.04144546762108803[0m   |
|    [0;34;40mvalidate/sigreg_loss[0m    |   [0;32;40m19.22449493408203[0m    |
| [0;34;40mvalidate/sigreg_loss_epoch[0m |   [0;32;40m19.22449493408203[0m    |
+----------------------------+------------------------+
[Epoch 5/20] done in 128.6s
02:12:18 | INFO  | checkpoint_~|   Checking for non PyTorch modules to save
02:12:18 | INFO  | atomic_chec~| [atomic_save] → /data1/likun-share/junjxu/.cache_stable-pretraining/runs/20260608/015901/4b57eb069fbb/checkpoints/epoch=5-step=1218.ckpt
02:12:18 | INFO  | atomic_chec~| [atomic_save] ✓ epoch=5-step=1218.ckpt saved (206.8 MiB, serialise=0.44s write=0.30s rename=0.1ms)
02:12:19 | INFO  | checkpoint_~|   Checking for non PyTorch modules to save
02:12:19 | INFO  | atomic_chec~| [atomic_save] → /data1/likun-share/junjxu/.cache_stable-pretraining/runs/20260608/015901/4b57eb069fbb/checkpoints/last.ckpt
02:12:19 | INFO  | atomic_chec~| [atomic_save] ✓ last.ckpt saved (206.8 MiB, serialise=0.41s write=0.28s rename=35.4ms)
[Epoch 6/20] step 50/203 (1.6 it/s)
[Epoch 6/20] step 100/203 (1.6 it/s)
[Epoch 6/20] step 150/203 (1.6 it/s)
[Epoch 6/20] step 200/203 (1.7 it/s)
02:14:29 | INFO  | trainer_inf~| \n+----------------------------+-----------------------+
|           Metric           |         Value         |
+----------------------------+-----------------------+
|          [0;34;40mfit/loss[0m          |   [0;32;40m3.8871774673461914[0m  |
|       [0;34;40mfit/pred_loss[0m        |  [0;32;40m0.019769299775362015[0m |
|       [0;34;40mfit/probe_loss[0m       |  [0;32;40m0.04422316327691078[0m  |
|      [0;34;40mfit/sigreg_loss[0m       |         [0;32;40m18.375[0m        |
|    [0;34;40mhardware/cpu_percent[0m    |   [0;32;40m53.29999923706055[0m   |
|  [0;34;40mhardware/disk_read_mb_s[0m   |          [0;32;40m0.0[0m          |
|  [0;34;40mhardware/disk_write_mb_s[0m  |   [0;32;40m127.34296417236328[0m  |
|   [0;34;40mhardware/net_recv_mb_s[0m   |  [0;32;40m0.021404102444648743[0m |
|   [0;34;40mhardware/net_sent_mb_s[0m   |  [0;32;40m0.013712647370994091[0m |
|    [0;34;40mhardware/ram_used_gb[0m    |     [0;32;40m378.892578125[0m     |
|   [0;34;40mhardware/ram_used_pct[0m    |   [0;32;40m37.599998474121094[0m  |
|    [0;34;40mhparams/lr_default_0[0m    | [0;32;40m3.679999281303026e-05[0m |
|       [0;34;40mvalidate/loss[0m        |   [0;32;40m4.628946304321289[0m   |
|    [0;34;40mvalidate/loss_epoch[0m     |   [0;32;40m4.628946304321289[0m   |
|     [0;34;40mvalidate/pred_loss[0m     |  [0;32;40m0.018422985449433327[0m |
|  [0;34;40mvalidate/pred_loss_epoch[0m  |  [0;32;40m0.018422985449433327[0m |
|    [0;34;40mvalidate/probe_loss[0m     |  [0;32;40m0.053109802305698395[0m |
| [0;34;40mvalidate/probe_loss_epoch[0m  |  [0;32;40m0.053109802305698395[0m |
|    [0;34;40mvalidate/sigreg_loss[0m    |   [0;32;40m21.733808517456055[0m  |
| [0;34;40mvalidate/sigreg_loss_epoch[0m |   [0;32;40m21.733808517456055[0m  |
+----------------------------+-----------------------+
[Epoch 6/20] done in 129.7s
02:14:29 | INFO  | checkpoint_~|   Checking for non PyTorch modules to save
02:14:29 | INFO  | atomic_chec~| [atomic_save] → /data1/likun-share/junjxu/.cache_stable-pretraining/runs/20260608/015901/4b57eb069fbb/checkpoints/epoch=6-step=1421.ckpt
02:14:30 | INFO  | atomic_chec~| [atomic_save] ✓ epoch=6-step=1421.ckpt saved (206.8 MiB, serialise=0.32s write=0.25s rename=0.0ms)
02:14:30 | INFO  | checkpoint_~|   Checking for non PyTorch modules to save
02:14:30 | INFO  | atomic_chec~| [atomic_save] → /data1/likun-share/junjxu/.cache_stable-pretraining/runs/20260608/015901/4b57eb069fbb/checkpoints/last.ckpt
02:14:30 | INFO  | atomic_chec~| [atomic_save] ✓ last.ckpt saved (206.8 MiB, serialise=0.31s write=0.24s rename=35.1ms)
[Epoch 7/20] step 50/203 (1.6 it/s)
[Epoch 7/20] step 100/203 (1.6 it/s)
[Epoch 7/20] step 150/203 (1.6 it/s)
[Epoch 7/20] step 200/203 (1.7 it/s)
02:16:37 | INFO  | trainer_inf~| \n+----------------------------+-----------------------+
|           Metric           |         Value         |
+----------------------------+-----------------------+
|          [0;34;40mfit/loss[0m          |   [0;32;40m4.982645034790039[0m   |
|       [0;34;40mfit/pred_loss[0m        |  [0;32;40m0.018924707546830177[0m |
|       [0;34;40mfit/probe_loss[0m       |  [0;32;40m0.06208690255880356[0m  |
|      [0;34;40mfit/sigreg_loss[0m       |         [0;32;40m20.625[0m        |
|    [0;34;40mhardware/cpu_percent[0m    |   [0;32;40m53.599998474121094[0m  |
|  [0;34;40mhardware/disk_read_mb_s[0m   |          [0;32;40m0.0[0m          |
|  [0;34;40mhardware/disk_write_mb_s[0m  |   [0;32;40m123.8638687133789[0m   |
|   [0;34;40mhardware/net_recv_mb_s[0m   |  [0;32;40m0.011871764436364174[0m |
|   [0;34;40mhardware/net_sent_mb_s[0m   |  [0;32;40m0.04573127254843712[0m  |
|    [0;34;40mhardware/ram_used_gb[0m    |   [0;32;40m380.6574401855469[0m   |
|   [0;34;40mhardware/ram_used_pct[0m    |   [0;32;40m37.79999923706055[0m   |
|    [0;34;40mhparams/lr_default_0[0m    | [0;32;40m3.316998481750488e-05[0m |
|       [0;34;40mvalidate/loss[0m        |   [0;32;40m5.154714107513428[0m   |
|    [0;34;40mvalidate/loss_epoch[0m     |   [0;32;40m5.154714107513428[0m   |
|     [0;34;40mvalidate/pred_loss[0m     |  [0;32;40m0.015954405069351196[0m |
|  [0;34;40mvalidate/pred_loss_epoch[0m  |  [0;32;40m0.015954405069351196[0m |
|    [0;34;40mvalidate/probe_loss[0m     |  [0;32;40m0.06448488682508469[0m  |
| [0;34;40mvalidate/probe_loss_epoch[0m  |  [0;32;40m0.06448488682508469[0m  |
|    [0;34;40mvalidate/sigreg_loss[0m    |   [0;32;40m21.280786514282227[0m  |
| [0;34;40mvalidate/sigreg_loss_epoch[0m |   [0;32;40m21.280786514282227[0m  |
+----------------------------+-----------------------+
[Epoch 7/20] done in 126.6s
02:16:37 | INFO  | checkpoint_~|   Checking for non PyTorch modules to save
02:16:37 | INFO  | atomic_chec~| [atomic_save] → /data1/likun-share/junjxu/.cache_stable-pretraining/runs/20260608/015901/4b57eb069fbb/checkpoints/epoch=7-step=1624.ckpt
02:16:38 | INFO  | atomic_chec~| [atomic_save] ✓ epoch=7-step=1624.ckpt saved (206.8 MiB, serialise=0.35s write=0.31s rename=0.1ms)
02:16:38 | INFO  | checkpoint_~|   Checking for non PyTorch modules to save
02:16:38 | INFO  | atomic_chec~| [atomic_save] → /data1/likun-share/junjxu/.cache_stable-pretraining/runs/20260608/015901/4b57eb069fbb/checkpoints/last.ckpt
02:16:38 | INFO  | atomic_chec~| [atomic_save] ✓ last.ckpt saved (206.8 MiB, serialise=0.42s write=0.25s rename=39.9ms)
[Epoch 8/20] step 50/203 (1.7 it/s)
[Epoch 8/20] step 100/203 (1.7 it/s)
[Epoch 8/20] step 150/203 (1.7 it/s)
[Epoch 8/20] step 200/203 (1.7 it/s)
02:18:43 | INFO  | trainer_inf~| \n+----------------------------+------------------------+
|           Metric           |         Value          |
+----------------------------+------------------------+
|          [0;34;40mfit/loss[0m          |   [0;32;40m3.1813769340515137[0m   |
|       [0;34;40mfit/pred_loss[0m        |  [0;32;40m0.014481710270047188[0m  |
|       [0;34;40mfit/probe_loss[0m       |  [0;32;40m0.03427540883421898[0m   |
|      [0;34;40mfit/sigreg_loss[0m       |         [0;32;40m16.125[0m         |
|    [0;34;40mhardware/cpu_percent[0m    |   [0;32;40m53.20000076293945[0m    |
|  [0;34;40mhardware/disk_read_mb_s[0m   |          [0;32;40m0.0[0m           |
|  [0;34;40mhardware/disk_write_mb_s[0m  |   [0;32;40m125.92806243896484[0m   |
|   [0;34;40mhardware/net_recv_mb_s[0m   |  [0;32;40m0.011439025402069092[0m  |
|   [0;34;40mhardware/net_sent_mb_s[0m   |  [0;32;40m0.044794030487537384[0m  |
|    [0;34;40mhardware/ram_used_gb[0m    |   [0;32;40m378.4822998046875[0m    |
|   [0;34;40mhardware/ram_used_pct[0m    |   [0;32;40m37.599998474121094[0m   |
|    [0;34;40mhparams/lr_default_0[0m    | [0;32;40m2.9334791179280728e-05[0m |
|       [0;34;40mvalidate/loss[0m        |   [0;32;40m3.5907280445098877[0m   |
|    [0;34;40mvalidate/loss_epoch[0m     |   [0;32;40m3.5907280445098877[0m   |
|     [0;34;40mvalidate/pred_loss[0m     |  [0;32;40m0.013608911074697971[0m  |
|  [0;34;40mvalidate/pred_loss_epoch[0m  |  [0;32;40m0.013608911074697971[0m  |
|    [0;34;40mvalidate/probe_loss[0m     |  [0;32;40m0.036332666873931885[0m  |
| [0;34;40mvalidate/probe_loss_epoch[0m  |  [0;32;40m0.036332666873931885[0m  |
|    [0;34;40mvalidate/sigreg_loss[0m    |    [0;32;40m19.5517635345459[0m    |
| [0;34;40mvalidate/sigreg_loss_epoch[0m |    [0;32;40m19.5517635345459[0m    |
+----------------------------+------------------------+
[Epoch 8/20] done in 125.0s
02:18:43 | INFO  | checkpoint_~|   Checking for non PyTorch modules to save
02:18:43 | INFO  | atomic_chec~| [atomic_save] → /data1/likun-share/junjxu/.cache_stable-pretraining/runs/20260608/015901/4b57eb069fbb/checkpoints/epoch=8-step=1827.ckpt
02:18:44 | INFO  | atomic_chec~| [atomic_save] ✓ epoch=8-step=1827.ckpt saved (206.8 MiB, serialise=0.29s write=0.26s rename=0.1ms)
02:18:44 | INFO  | checkpoint_~|   Checking for non PyTorch modules to save
02:18:44 | INFO  | atomic_chec~| [atomic_save] → /data1/likun-share/junjxu/.cache_stable-pretraining/runs/20260608/015901/4b57eb069fbb/checkpoints/last.ckpt
02:18:45 | INFO  | atomic_chec~| [atomic_save] ✓ last.ckpt saved (206.8 MiB, serialise=0.39s write=0.33s rename=50.7ms)
[Epoch 9/20] step 50/203 (1.7 it/s)
[Epoch 9/20] step 100/203 (1.7 it/s)
[Epoch 9/20] step 150/203 (1.7 it/s)
[Epoch 9/20] step 200/203 (1.7 it/s)
02:20:52 | INFO  | trainer_inf~| \n+----------------------------+-----------------------+
|           Metric           |         Value         |
+----------------------------+-----------------------+
|          [0;34;40mfit/loss[0m          |   [0;32;40m3.1981911659240723[0m  |
|       [0;34;40mfit/pred_loss[0m        |  [0;32;40m0.012295625172555447[0m |
|       [0;34;40mfit/probe_loss[0m       |  [0;32;40m0.033092912286520004[0m |
|      [0;34;40mfit/sigreg_loss[0m       |          [0;32;40m17.0[0m         |
|    [0;34;40mhardware/cpu_percent[0m    |          [0;32;40m51.5[0m         |
|  [0;34;40mhardware/disk_read_mb_s[0m   |          [0;32;40m0.0[0m          |
|  [0;34;40mhardware/disk_write_mb_s[0m  |   [0;32;40m163.82327270507812[0m  |
|   [0;34;40mhardware/net_recv_mb_s[0m   |   [0;32;40m0.0084481006488204[0m  |
|   [0;34;40mhardware/net_sent_mb_s[0m   |  [0;32;40m0.04245820268988609[0m  |
|    [0;34;40mhardware/ram_used_gb[0m    |   [0;32;40m381.2451477050781[0m   |
|   [0;34;40mhardware/ram_used_pct[0m    |   [0;32;40m37.79999923706055[0m   |
|    [0;34;40mhparams/lr_default_0[0m    | [0;32;40m2.539072920626495e-05[0m |
|       [0;34;40mvalidate/loss[0m        |   [0;32;40m3.195744752883911[0m   |
|    [0;34;40mvalidate/loss_epoch[0m     |   [0;32;40m3.195744752883911[0m   |
|     [0;34;40mvalidate/pred_loss[0m     |  [0;32;40m0.010346170514822006[0m |
|  [0;34;40mvalidate/pred_loss_epoch[0m  |  [0;32;40m0.010346170514822006[0m |
|    [0;34;40mvalidate/probe_loss[0m     |  [0;32;40m0.029143789783120155[0m |
| [0;34;40mvalidate/probe_loss_epoch[0m  |  [0;32;40m0.029143789783120155[0m |
|    [0;34;40mvalidate/sigreg_loss[0m    |   [0;32;40m19.194873809814453[0m  |
| [0;34;40mvalidate/sigreg_loss_epoch[0m |   [0;32;40m19.194873809814453[0m  |
+----------------------------+-----------------------+
[Epoch 9/20] done in 127.7s
02:20:53 | INFO  | checkpoint_~|   Checking for non PyTorch modules to save
02:20:53 | INFO  | atomic_chec~| [atomic_save] → /data1/likun-share/junjxu/.cache_stable-pretraining/runs/20260608/015901/4b57eb069fbb/checkpoints/epoch=9-step=2030.ckpt
02:20:53 | INFO  | atomic_chec~| [atomic_save] ✓ epoch=9-step=2030.ckpt saved (206.8 MiB, serialise=0.44s write=0.31s rename=0.1ms)
02:20:53 | INFO  | checkpoint_~|   Checking for non PyTorch modules to save
02:20:53 | INFO  | atomic_chec~| [atomic_save] → /data1/likun-share/junjxu/.cache_stable-pretraining/runs/20260608/015901/4b57eb069fbb/checkpoints/last.ckpt
02:20:54 | INFO  | atomic_chec~| [atomic_save] ✓ last.ckpt saved (206.8 MiB, serialise=0.43s write=0.31s rename=64.5ms)
[Epoch 10/20] step 50/203 (1.8 it/s)
[Epoch 10/20] step 100/203 (1.7 it/s)
[Epoch 10/20] step 150/203 (1.7 it/s)
[Epoch 10/20] step 200/203 (1.7 it/s)
02:22:59 | INFO  | trainer_inf~| \n+----------------------------+------------------------+
|           Metric           |         Value          |
+----------------------------+------------------------+
|          [0;34;40mfit/loss[0m          |   [0;32;40m3.138265371322632[0m    |
|       [0;34;40mfit/pred_loss[0m        |  [0;32;40m0.012639079242944717[0m  |
|       [0;34;40mfit/probe_loss[0m       |  [0;32;40m0.03282502666115761[0m   |
|      [0;34;40mfit/sigreg_loss[0m       |          [0;32;40m16.5[0m          |
|    [0;34;40mhardware/cpu_percent[0m    |   [0;32;40m50.79999923706055[0m    |
|  [0;34;40mhardware/disk_read_mb_s[0m   |   [0;32;40m0.1538456380367279[0m   |
|  [0;34;40mhardware/disk_write_mb_s[0m  |   [0;32;40m124.0558090209961[0m    |
|   [0;34;40mhardware/net_recv_mb_s[0m   |  [0;32;40m0.005861643236130476[0m  |
|   [0;34;40mhardware/net_sent_mb_s[0m   |  [0;32;40m0.006308930926024914[0m  |
|    [0;34;40mhardware/ram_used_gb[0m    |     [0;32;40m380.759765625[0m      |
|   [0;34;40mhardware/ram_used_pct[0m    |   [0;32;40m37.79999923706055[0m    |
|    [0;34;40mhparams/lr_default_0[0m    | [0;32;40m2.1436855604406446e-05[0m |
|       [0;34;40mvalidate/loss[0m        |   [0;32;40m3.2884366512298584[0m   |
|    [0;34;40mvalidate/loss_epoch[0m     |   [0;32;40m3.2884366512298584[0m   |
|     [0;34;40mvalidate/pred_loss[0m     |  [0;32;40m0.010877558030188084[0m  |
|  [0;34;40mvalidate/pred_loss_epoch[0m  |  [0;32;40m0.010877558030188084[0m  |
|    [0;34;40mvalidate/probe_loss[0m     |  [0;32;40m0.03326493501663208[0m   |
| [0;34;40mvalidate/probe_loss_epoch[0m  |  [0;32;40m0.03326493501663208[0m   |
|    [0;34;40mvalidate/sigreg_loss[0m    |   [0;32;40m17.941661834716797[0m   |
| [0;34;40mvalidate/sigreg_loss_epoch[0m |   [0;32;40m17.941661834716797[0m   |
+----------------------------+------------------------+
[Epoch 10/20] done in 124.8s
02:22:59 | INFO  | checkpoint_~|   Checking for non PyTorch modules to save
02:22:59 | INFO  | atomic_chec~| [atomic_save] → /data1/likun-share/junjxu/.cache_stable-pretraining/runs/20260608/015901/4b57eb069fbb/checkpoints/epoch=10-step=2233.ckpt
02:23:00 | INFO  | atomic_chec~| [atomic_save] ✓ epoch=10-step=2233.ckpt saved (206.8 MiB, serialise=0.32s write=0.26s rename=0.0ms)
02:23:00 | INFO  | checkpoint_~|   Checking for non PyTorch modules to save
02:23:00 | INFO  | atomic_chec~| [atomic_save] → /data1/likun-share/junjxu/.cache_stable-pretraining/runs/20260608/015901/4b57eb069fbb/checkpoints/last.ckpt
02:23:01 | INFO  | atomic_chec~| [atomic_save] ✓ last.ckpt saved (206.8 MiB, serialise=0.45s write=0.30s rename=57.8ms)
[Epoch 11/20] step 50/203 (1.7 it/s)
[Epoch 11/20] step 100/203 (1.7 it/s)
[Epoch 11/20] step 150/203 (1.6 it/s)
[Epoch 11/20] step 200/203 (1.7 it/s)
02:25:10 | INFO  | trainer_inf~| \n+----------------------------+-----------------------+
|           Metric           |         Value         |
+----------------------------+-----------------------+
|          [0;34;40mfit/loss[0m          |   [0;32;40m3.1047182083129883[0m  |
|       [0;34;40mfit/pred_loss[0m        |  [0;32;40m0.01287414412945509[0m  |
|       [0;34;40mfit/probe_loss[0m       |  [0;32;40m0.03277438133955002[0m  |
|      [0;34;40mfit/sigreg_loss[0m       |         [0;32;40m16.125[0m        |
|    [0;34;40mhardware/cpu_percent[0m    |          [0;32;40m51.5[0m         |
|  [0;34;40mhardware/disk_read_mb_s[0m   |          [0;32;40m0.0[0m          |
|  [0;34;40mhardware/disk_write_mb_s[0m  |   [0;32;40m82.90515899658203[0m   |
|   [0;34;40mhardware/net_recv_mb_s[0m   |  [0;32;40m0.005397706758230925[0m |
|   [0;34;40mhardware/net_sent_mb_s[0m   |  [0;32;40m0.042182888835668564[0m |
|    [0;34;40mhardware/ram_used_gb[0m    |   [0;32;40m379.9325866699219[0m   |
|   [0;34;40mhardware/ram_used_pct[0m    |   [0;32;40m37.70000076293945[0m   |
|    [0;34;40mhparams/lr_default_0[0m    | [0;32;40m1.757246718625538e-05[0m |
|       [0;34;40mvalidate/loss[0m        |   [0;32;40m2.914742946624756[0m   |
|    [0;34;40mvalidate/loss_epoch[0m     |   [0;32;40m2.914742946624756[0m   |
|     [0;34;40mvalidate/pred_loss[0m     |  [0;32;40m0.009734035469591618[0m |
|  [0;34;40mvalidate/pred_loss_epoch[0m  |  [0;32;40m0.009734035469591618[0m |
|    [0;34;40mvalidate/probe_loss[0m     |  [0;32;40m0.026608044281601906[0m |
| [0;34;40mvalidate/probe_loss_epoch[0m  |  [0;32;40m0.026608044281601906[0m |
|    [0;34;40mvalidate/sigreg_loss[0m    |   [0;32;40m17.494544982910156[0m  |
| [0;34;40mvalidate/sigreg_loss_epoch[0m |   [0;32;40m17.494544982910156[0m  |
+----------------------------+-----------------------+
[Epoch 11/20] done in 129.5s
02:25:10 | INFO  | checkpoint_~|   Checking for non PyTorch modules to save
02:25:10 | INFO  | atomic_chec~| [atomic_save] → /data1/likun-share/junjxu/.cache_stable-pretraining/runs/20260608/015901/4b57eb069fbb/checkpoints/epoch=11-step=2436.ckpt
02:25:11 | INFO  | atomic_chec~| [atomic_save] ✓ epoch=11-step=2436.ckpt saved (206.8 MiB, serialise=0.39s write=0.28s rename=0.1ms)
02:25:11 | INFO  | checkpoint_~|   Checking for non PyTorch modules to save
02:25:11 | INFO  | atomic_chec~| [atomic_save] → /data1/likun-share/junjxu/.cache_stable-pretraining/runs/20260608/015901/4b57eb069fbb/checkpoints/last.ckpt
02:25:12 | INFO  | atomic_chec~| [atomic_save] ✓ last.ckpt saved (206.8 MiB, serialise=0.37s write=0.22s rename=34.7ms)
[Epoch 12/20] step 50/203 (1.8 it/s)
[Epoch 12/20] step 100/203 (1.7 it/s)
[Epoch 12/20] step 150/203 (1.7 it/s)
[Epoch 12/20] step 200/203 (1.8 it/s)
02:27:16 | INFO  | trainer_inf~| \n+----------------------------+------------------------+
|           Metric           |         Value          |
+----------------------------+------------------------+
|          [0;34;40mfit/loss[0m          |   [0;32;40m2.555593967437744[0m    |
|       [0;34;40mfit/pred_loss[0m        |  [0;32;40m0.011994234286248684[0m  |
|       [0;34;40mfit/probe_loss[0m       |  [0;32;40m0.023996995761990547[0m  |
|      [0;34;40mfit/sigreg_loss[0m       |        [0;32;40m14.9375[0m         |
|    [0;34;40mhardware/cpu_percent[0m    |          [0;32;40m51.0[0m          |
|  [0;34;40mhardware/disk_read_mb_s[0m   |          [0;32;40m0.0[0m           |
|  [0;34;40mhardware/disk_write_mb_s[0m  |   [0;32;40m79.77244567871094[0m    |
|   [0;34;40mhardware/net_recv_mb_s[0m   |  [0;32;40m0.006096165627241135[0m  |
|   [0;34;40mhardware/net_sent_mb_s[0m   |  [0;32;40m0.041789911687374115[0m  |
|    [0;34;40mhardware/ram_used_gb[0m    |   [0;32;40m380.35064697265625[0m   |
|   [0;34;40mhardware/ram_used_pct[0m    |   [0;32;40m37.79999923706055[0m    |
|    [0;34;40mhparams/lr_default_0[0m    | [0;32;40m1.3894621588406153e-05[0m |
|       [0;34;40mvalidate/loss[0m        |   [0;32;40m2.8629419803619385[0m   |
|    [0;34;40mvalidate/loss_epoch[0m     |   [0;32;40m2.8629419803619385[0m   |
|     [0;34;40mvalidate/pred_loss[0m     |  [0;32;40m0.008660059422254562[0m  |
|  [0;34;40mvalidate/pred_loss_epoch[0m  |  [0;32;40m0.008660059422254562[0m  |
|    [0;34;40mvalidate/probe_loss[0m     |  [0;32;40m0.026918653398752213[0m  |
| [0;34;40mvalidate/probe_loss_epoch[0m  |  [0;32;40m0.026918653398752213[0m  |
|    [0;34;40mvalidate/sigreg_loss[0m    |   [0;32;40m16.75467872619629[0m    |
| [0;34;40mvalidate/sigreg_loss_epoch[0m |   [0;32;40m16.75467872619629[0m    |
+----------------------------+------------------------+
[Epoch 12/20] done in 124.6s
02:27:16 | INFO  | checkpoint_~|   Checking for non PyTorch modules to save
02:27:16 | INFO  | atomic_chec~| [atomic_save] → /data1/likun-share/junjxu/.cache_stable-pretraining/runs/20260608/015901/4b57eb069fbb/checkpoints/epoch=12-step=2639.ckpt
02:27:17 | INFO  | atomic_chec~| [atomic_save] ✓ epoch=12-step=2639.ckpt saved (206.8 MiB, serialise=0.29s write=0.28s rename=0.0ms)
02:27:17 | INFO  | checkpoint_~|   Checking for non PyTorch modules to save
02:27:17 | INFO  | atomic_chec~| [atomic_save] → /data1/likun-share/junjxu/.cache_stable-pretraining/runs/20260608/015901/4b57eb069fbb/checkpoints/last.ckpt
02:27:17 | INFO  | atomic_chec~| [atomic_save] ✓ last.ckpt saved (206.8 MiB, serialise=0.31s write=0.22s rename=34.5ms)
[Epoch 13/20] step 50/203 (1.7 it/s)
[Epoch 13/20] step 100/203 (1.7 it/s)
[Epoch 13/20] step 150/203 (1.7 it/s)
[Epoch 13/20] step 200/203 (1.8 it/s)
02:29:22 | INFO  | trainer_inf~| \n+----------------------------+------------------------+
|           Metric           |         Value          |
+----------------------------+------------------------+
|          [0;34;40mfit/loss[0m          |    [0;32;40m4.03667688369751[0m    |
|       [0;34;40mfit/pred_loss[0m        |  [0;32;40m0.016461461782455444[0m  |
|       [0;34;40mfit/probe_loss[0m       |  [0;32;40m0.050091810524463654[0m  |
|      [0;34;40mfit/sigreg_loss[0m       |         [0;32;40m16.875[0m         |
|    [0;34;40mhardware/cpu_percent[0m    |   [0;32;40m50.70000076293945[0m    |
|  [0;34;40mhardware/disk_read_mb_s[0m   |          [0;32;40m0.0[0m           |
|  [0;34;40mhardware/disk_write_mb_s[0m  |   [0;32;40m121.8760757446289[0m    |
|   [0;34;40mhardware/net_recv_mb_s[0m   |  [0;32;40m0.006474980618804693[0m  |
|   [0;34;40mhardware/net_sent_mb_s[0m   |   [0;32;40m0.0423782654106617[0m   |
|    [0;34;40mhardware/ram_used_gb[0m    |   [0;32;40m380.2776184082031[0m    |
|   [0;34;40mhardware/ram_used_pct[0m    |   [0;32;40m37.70000076293945[0m    |
|    [0;34;40mhparams/lr_default_0[0m    | [0;32;40m1.0495683454792015e-05[0m |
|       [0;34;40mvalidate/loss[0m        |   [0;32;40m2.8842434883117676[0m   |
|    [0;34;40mvalidate/loss_epoch[0m     |   [0;32;40m2.8842434883117676[0m   |
|     [0;34;40mvalidate/pred_loss[0m     |  [0;32;40m0.007707654964178801[0m  |
|  [0;34;40mvalidate/pred_loss_epoch[0m  |  [0;32;40m0.007707654964178801[0m  |
|    [0;34;40mvalidate/probe_loss[0m     |  [0;32;40m0.027596253901720047[0m  |
| [0;34;40mvalidate/probe_loss_epoch[0m  |  [0;32;40m0.027596253901720047[0m  |
|    [0;34;40mvalidate/sigreg_loss[0m    |   [0;32;40m16.624828338623047[0m   |
| [0;34;40mvalidate/sigreg_loss_epoch[0m |   [0;32;40m16.624828338623047[0m   |
+----------------------------+------------------------+
[Epoch 13/20] done in 124.7s
02:29:22 | INFO  | checkpoint_~|   Checking for non PyTorch modules to save
02:29:22 | INFO  | atomic_chec~| [atomic_save] → /data1/likun-share/junjxu/.cache_stable-pretraining/runs/20260608/015901/4b57eb069fbb/checkpoints/epoch=13-step=2842.ckpt
02:29:23 | INFO  | atomic_chec~| [atomic_save] ✓ epoch=13-step=2842.ckpt saved (206.8 MiB, serialise=0.39s write=0.27s rename=0.1ms)
02:29:23 | INFO  | checkpoint_~|   Checking for non PyTorch modules to save
02:29:23 | INFO  | atomic_chec~| [atomic_save] → /data1/likun-share/junjxu/.cache_stable-pretraining/runs/20260608/015901/4b57eb069fbb/checkpoints/last.ckpt
02:29:24 | INFO  | atomic_chec~| [atomic_save] ✓ last.ckpt saved (206.8 MiB, serialise=0.36s write=0.27s rename=63.3ms)
[Epoch 14/20] step 50/203 (1.8 it/s)
[Epoch 14/20] step 100/203 (1.7 it/s)
[Epoch 14/20] step 150/203 (1.7 it/s)
[Epoch 14/20] step 200/203 (1.7 it/s)
02:31:31 | INFO  | trainer_inf~| \n+----------------------------+-----------------------+
|           Metric           |         Value         |
+----------------------------+-----------------------+
|          [0;34;40mfit/loss[0m          |   [0;32;40m2.952423572540283[0m   |
|       [0;34;40mfit/pred_loss[0m        |  [0;32;40m0.009859268553555012[0m |
|       [0;34;40mfit/probe_loss[0m       |  [0;32;40m0.028226282447576523[0m |
|      [0;34;40mfit/sigreg_loss[0m       |          [0;32;40m17.0[0m         |
|    [0;34;40mhardware/cpu_percent[0m    |   [0;32;40m49.400001525878906[0m  |
|  [0;34;40mhardware/disk_read_mb_s[0m   |          [0;32;40m0.0[0m          |
|  [0;34;40mhardware/disk_write_mb_s[0m  |    [0;32;40m94.2145004272461[0m   |
|   [0;34;40mhardware/net_recv_mb_s[0m   |  [0;32;40m0.009195944294333458[0m |
|   [0;34;40mhardware/net_sent_mb_s[0m   |  [0;32;40m0.008272592909634113[0m |
|    [0;34;40mhardware/ram_used_gb[0m    |    [0;32;40m378.887939453125[0m   |
|   [0;34;40mhardware/ram_used_pct[0m    |   [0;32;40m37.599998474121094[0m  |
|    [0;34;40mhparams/lr_default_0[0m    | [0;32;40m7.461018412868725e-06[0m |
|       [0;34;40mvalidate/loss[0m        |   [0;32;40m2.601292610168457[0m   |
|    [0;34;40mvalidate/loss_epoch[0m     |   [0;32;40m2.601292610168457[0m   |
|     [0;34;40mvalidate/pred_loss[0m     |  [0;32;40m0.007458183914422989[0m |
|  [0;34;40mvalidate/pred_loss_epoch[0m  |  [0;32;40m0.007458183914422989[0m |
|    [0;34;40mvalidate/probe_loss[0m     |  [0;32;40m0.021346120163798332[0m |
| [0;34;40mvalidate/probe_loss_epoch[0m  |  [0;32;40m0.021346120163798332[0m |
|    [0;34;40mvalidate/sigreg_loss[0m    |   [0;32;40m16.945240020751953[0m  |
| [0;34;40mvalidate/sigreg_loss_epoch[0m |   [0;32;40m16.945240020751953[0m  |
+----------------------------+-----------------------+
[Epoch 14/20] done in 127.9s
02:31:31 | INFO  | checkpoint_~|   Checking for non PyTorch modules to save
02:31:31 | INFO  | atomic_chec~| [atomic_save] → /data1/likun-share/junjxu/.cache_stable-pretraining/runs/20260608/015901/4b57eb069fbb/checkpoints/epoch=14-step=3045.ckpt
02:31:32 | INFO  | atomic_chec~| [atomic_save] ✓ epoch=14-step=3045.ckpt saved (206.8 MiB, serialise=0.34s write=0.30s rename=0.1ms)
02:31:32 | INFO  | checkpoint_~|   Checking for non PyTorch modules to save
02:31:32 | INFO  | atomic_chec~| [atomic_save] → /data1/likun-share/junjxu/.cache_stable-pretraining/runs/20260608/015901/4b57eb069fbb/checkpoints/last.ckpt
02:31:33 | INFO  | atomic_chec~| [atomic_save] ✓ last.ckpt saved (206.8 MiB, serialise=0.36s write=0.27s rename=49.0ms)
[Epoch 15/20] step 50/203 (1.8 it/s)
[Epoch 15/20] step 100/203 (1.7 it/s)
[Epoch 15/20] step 150/203 (1.7 it/s)
[Epoch 15/20] step 200/203 (1.8 it/s)
02:33:35 | INFO  | trainer_inf~| \n+----------------------------+-----------------------+
|           Metric           |         Value         |
+----------------------------+-----------------------+
|          [0;34;40mfit/loss[0m          |   [0;32;40m3.3577985763549805[0m  |
|       [0;34;40mfit/pred_loss[0m        |  [0;32;40m0.012625138275325298[0m |
|       [0;34;40mfit/probe_loss[0m       |   [0;32;40m0.0358097180724144[0m  |
|      [0;34;40mfit/sigreg_loss[0m       |         [0;32;40m17.25[0m         |
|    [0;34;40mhardware/cpu_percent[0m    |   [0;32;40m50.900001525878906[0m  |
|  [0;34;40mhardware/disk_read_mb_s[0m   |          [0;32;40m0.0[0m          |
|  [0;34;40mhardware/disk_write_mb_s[0m  |   [0;32;40m40.86031723022461[0m   |
|   [0;34;40mhardware/net_recv_mb_s[0m   |  [0;32;40m0.00465711485594511[0m  |
|   [0;34;40mhardware/net_sent_mb_s[0m   |  [0;32;40m0.04113438352942467[0m  |
|    [0;34;40mhardware/ram_used_gb[0m    |    [0;32;40m379.583251953125[0m   |
|   [0;34;40mhardware/ram_used_pct[0m    |   [0;32;40m37.70000076293945[0m   |
|    [0;34;40mhparams/lr_default_0[0m    | [0;32;40m4.866839390160749e-06[0m |
|       [0;34;40mvalidate/loss[0m        |   [0;32;40m2.6905064582824707[0m  |
|    [0;34;40mvalidate/loss_epoch[0m     |   [0;32;40m2.6905064582824707[0m  |
|     [0;34;40mvalidate/pred_loss[0m     |  [0;32;40m0.007463942747563124[0m |
|  [0;34;40mvalidate/pred_loss_epoch[0m  |  [0;32;40m0.007463942747563124[0m |
|    [0;34;40mvalidate/probe_loss[0m     |  [0;32;40m0.023289145901799202[0m |
| [0;34;40mvalidate/probe_loss_epoch[0m  |  [0;32;40m0.023289145901799202[0m |
|    [0;34;40mvalidate/sigreg_loss[0m    |   [0;32;40m16.874309539794922[0m  |
| [0;34;40mvalidate/sigreg_loss_epoch[0m |   [0;32;40m16.874309539794922[0m  |
+----------------------------+-----------------------+
[Epoch 15/20] done in 122.5s
02:33:35 | INFO  | checkpoint_~|   Checking for non PyTorch modules to save
02:33:35 | INFO  | atomic_chec~| [atomic_save] → /data1/likun-share/junjxu/.cache_stable-pretraining/runs/20260608/015901/4b57eb069fbb/checkpoints/epoch=15-step=3248.ckpt
02:33:36 | INFO  | atomic_chec~| [atomic_save] ✓ epoch=15-step=3248.ckpt saved (206.8 MiB, serialise=0.41s write=0.26s rename=0.1ms)
02:33:36 | INFO  | checkpoint_~|   Checking for non PyTorch modules to save
02:33:36 | INFO  | atomic_chec~| [atomic_save] → /data1/likun-share/junjxu/.cache_stable-pretraining/runs/20260608/015901/4b57eb069fbb/checkpoints/last.ckpt
02:33:37 | INFO  | atomic_chec~| [atomic_save] ✓ last.ckpt saved (206.8 MiB, serialise=0.38s write=0.29s rename=61.7ms)
[Epoch 16/20] step 50/203 (1.7 it/s)
[Epoch 16/20] step 100/203 (1.6 it/s)
[Epoch 16/20] step 150/203 (1.7 it/s)
[Epoch 16/20] step 200/203 (1.7 it/s)
02:35:41 | INFO  | trainer_inf~| \n+----------------------------+------------------------+
|           Metric           |         Value          |
+----------------------------+------------------------+
|          [0;34;40mfit/loss[0m          |   [0;32;40m3.211120367050171[0m    |
|       [0;34;40mfit/pred_loss[0m        |  [0;32;40m0.010250160470604897[0m  |
|       [0;34;40mfit/probe_loss[0m       |  [0;32;40m0.03245490416884422[0m   |
|      [0;34;40mfit/sigreg_loss[0m       |          [0;32;40m17.5[0m          |
|    [0;34;40mhardware/cpu_percent[0m    |   [0;32;40m50.900001525878906[0m   |
|  [0;34;40mhardware/disk_read_mb_s[0m   |          [0;32;40m0.0[0m           |
|  [0;34;40mhardware/disk_write_mb_s[0m  |   [0;32;40m123.44679260253906[0m   |
|   [0;34;40mhardware/net_recv_mb_s[0m   |  [0;32;40m0.006075215060263872[0m  |
|   [0;34;40mhardware/net_sent_mb_s[0m   |  [0;32;40m0.041878148913383484[0m  |
|    [0;34;40mhardware/ram_used_gb[0m    |   [0;32;40m380.4851989746094[0m    |
|   [0;34;40mhardware/ram_used_pct[0m    |   [0;32;40m37.79999923706055[0m    |
|    [0;34;40mhparams/lr_default_0[0m    | [0;32;40m2.7783000859926688e-06[0m |
|       [0;34;40mvalidate/loss[0m        |   [0;32;40m2.6267824172973633[0m   |
|    [0;34;40mvalidate/loss_epoch[0m     |   [0;32;40m2.6267824172973633[0m   |
|     [0;34;40mvalidate/pred_loss[0m     |  [0;32;40m0.007618883159011602[0m  |
|  [0;34;40mvalidate/pred_loss_epoch[0m  |  [0;32;40m0.007618883159011602[0m  |
|    [0;34;40mvalidate/probe_loss[0m     |  [0;32;40m0.02137686125934124[0m   |
| [0;34;40mvalidate/probe_loss_epoch[0m  |  [0;32;40m0.02137686125934124[0m   |
|    [0;34;40mvalidate/sigreg_loss[0m    |   [0;32;40m17.23581314086914[0m    |
| [0;34;40mvalidate/sigreg_loss_epoch[0m |   [0;32;40m17.23581314086914[0m    |
+----------------------------+------------------------+
[Epoch 16/20] done in 124.3s
02:35:41 | INFO  | checkpoint_~|   Checking for non PyTorch modules to save
02:35:41 | INFO  | atomic_chec~| [atomic_save] → /data1/likun-share/junjxu/.cache_stable-pretraining/runs/20260608/015901/4b57eb069fbb/checkpoints/epoch=16-step=3451.ckpt
02:35:42 | INFO  | atomic_chec~| [atomic_save] ✓ epoch=16-step=3451.ckpt saved (206.8 MiB, serialise=0.44s write=0.28s rename=0.1ms)
02:35:42 | INFO  | checkpoint_~|   Checking for non PyTorch modules to save
02:35:42 | INFO  | atomic_chec~| [atomic_save] → /data1/likun-share/junjxu/.cache_stable-pretraining/runs/20260608/015901/4b57eb069fbb/checkpoints/last.ckpt
02:35:43 | INFO  | atomic_chec~| [atomic_save] ✓ last.ckpt saved (206.8 MiB, serialise=0.42s write=0.35s rename=73.3ms)
[Epoch 17/20] step 50/203 (1.7 it/s)
[Epoch 17/20] step 100/203 (1.7 it/s)
[Epoch 17/20] step 150/203 (1.7 it/s)
[Epoch 17/20] step 200/203 (1.8 it/s)
02:37:46 | INFO  | trainer_inf~| \n+----------------------------+-----------------------+
|           Metric           |         Value         |
+----------------------------+-----------------------+
|          [0;34;40mfit/loss[0m          |   [0;32;40m2.926692008972168[0m   |
|       [0;34;40mfit/pred_loss[0m        |  [0;32;40m0.009790968149900436[0m |
|       [0;34;40mfit/probe_loss[0m       |  [0;32;40m0.030213020741939545[0m |
|      [0;34;40mfit/sigreg_loss[0m       |         [0;32;40m15.625[0m        |
|    [0;34;40mhardware/cpu_percent[0m    |   [0;32;40m51.099998474121094[0m  |
|  [0;34;40mhardware/disk_read_mb_s[0m   |          [0;32;40m0.0[0m          |
|  [0;34;40mhardware/disk_write_mb_s[0m  |   [0;32;40m122.3528823852539[0m   |
|   [0;34;40mhardware/net_recv_mb_s[0m   |  [0;32;40m0.008332593366503716[0m |
|   [0;34;40mhardware/net_sent_mb_s[0m   |  [0;32;40m0.04227680712938309[0m  |
|    [0;34;40mhardware/ram_used_gb[0m    |   [0;32;40m379.55902099609375[0m  |
|   [0;34;40mhardware/ram_used_pct[0m    |   [0;32;40m37.70000076293945[0m   |
|    [0;34;40mhparams/lr_default_0[0m    | [0;32;40m1.247852651431458e-06[0m |
|       [0;34;40mvalidate/loss[0m        |    [0;32;40m2.56695556640625[0m   |
|    [0;34;40mvalidate/loss_epoch[0m     |    [0;32;40m2.56695556640625[0m   |
|     [0;34;40mvalidate/pred_loss[0m     |  [0;32;40m0.007165431976318359[0m |
|  [0;34;40mvalidate/pred_loss_epoch[0m  |  [0;32;40m0.007165431976318359[0m |
|    [0;34;40mvalidate/probe_loss[0m     |  [0;32;40m0.019848918542265892[0m |
| [0;34;40mvalidate/probe_loss_epoch[0m  |  [0;32;40m0.019848918542265892[0m |
|    [0;34;40mvalidate/sigreg_loss[0m    |   [0;32;40m17.40787696838379[0m   |
| [0;34;40mvalidate/sigreg_loss_epoch[0m |   [0;32;40m17.40787696838379[0m   |
+----------------------------+-----------------------+
[Epoch 17/20] done in 122.9s
02:37:46 | INFO  | checkpoint_~|   Checking for non PyTorch modules to save
02:37:46 | INFO  | atomic_chec~| [atomic_save] → /data1/likun-share/junjxu/.cache_stable-pretraining/runs/20260608/015901/4b57eb069fbb/checkpoints/epoch=17-step=3654.ckpt
02:37:46 | INFO  | atomic_chec~| [atomic_save] ✓ epoch=17-step=3654.ckpt saved (206.8 MiB, serialise=0.35s write=0.23s rename=0.1ms)
02:37:47 | INFO  | checkpoint_~|   Checking for non PyTorch modules to save
02:37:47 | INFO  | atomic_chec~| [atomic_save] → /data1/likun-share/junjxu/.cache_stable-pretraining/runs/20260608/015901/4b57eb069fbb/checkpoints/last.ckpt
02:37:47 | INFO  | atomic_chec~| [atomic_save] ✓ last.ckpt saved (206.8 MiB, serialise=0.35s write=0.26s rename=61.7ms)
[Epoch 18/20] step 50/203 (1.6 it/s)
[Epoch 18/20] step 100/203 (1.7 it/s)
[Epoch 18/20] step 150/203 (1.7 it/s)
[Epoch 18/20] step 200/203 (1.7 it/s)
02:39:54 | INFO  | trainer_inf~| \n+----------------------------+------------------------+
|           Metric           |         Value          |
+----------------------------+------------------------+
|          [0;34;40mfit/loss[0m          |   [0;32;40m2.472658157348633[0m    |
|       [0;34;40mfit/pred_loss[0m        |   [0;32;40m0.0084470110014081[0m   |
|       [0;34;40mfit/probe_loss[0m       |  [0;32;40m0.017721720039844513[0m  |
|      [0;34;40mfit/sigreg_loss[0m       |          [0;32;40m17.5[0m          |
|    [0;34;40mhardware/cpu_percent[0m    |   [0;32;40m49.20000076293945[0m    |
|  [0;34;40mhardware/disk_read_mb_s[0m   |          [0;32;40m0.0[0m           |
|  [0;34;40mhardware/disk_write_mb_s[0m  |   [0;32;40m89.88265228271484[0m    |
|   [0;34;40mhardware/net_recv_mb_s[0m   | [0;32;40m0.0055793956853449345[0m  |
|   [0;34;40mhardware/net_sent_mb_s[0m   |  [0;32;40m0.005415778141468763[0m  |
|    [0;34;40mhardware/ram_used_gb[0m    |   [0;32;40m379.2209777832031[0m    |
|   [0;34;40mhardware/ram_used_pct[0m    |   [0;32;40m37.599998474121094[0m   |
|    [0;34;40mhparams/lr_default_0[0m    | [0;32;40m3.1393423682857247e-07[0m |
|       [0;34;40mvalidate/loss[0m        |   [0;32;40m2.5074851512908936[0m   |
|    [0;34;40mvalidate/loss_epoch[0m     |   [0;32;40m2.5074851512908936[0m   |
|     [0;34;40mvalidate/pred_loss[0m     |  [0;32;40m0.006784193683415651[0m  |
|  [0;34;40mvalidate/pred_loss_epoch[0m  |  [0;32;40m0.006784193683415651[0m  |
|    [0;34;40mvalidate/probe_loss[0m     |  [0;32;40m0.019952761009335518[0m  |
| [0;34;40mvalidate/probe_loss_epoch[0m  |  [0;32;40m0.019952761009335518[0m  |
|    [0;34;40mvalidate/sigreg_loss[0m    |   [0;32;40m16.700456619262695[0m   |
| [0;34;40mvalidate/sigreg_loss_epoch[0m |   [0;32;40m16.700456619262695[0m   |
+----------------------------+------------------------+
[Epoch 18/20] done in 127.1s
02:39:54 | INFO  | checkpoint_~|   Checking for non PyTorch modules to save
02:39:54 | INFO  | atomic_chec~| [atomic_save] → /data1/likun-share/junjxu/.cache_stable-pretraining/runs/20260608/015901/4b57eb069fbb/checkpoints/epoch=18-step=3857.ckpt
02:39:55 | INFO  | atomic_chec~| [atomic_save] ✓ epoch=18-step=3857.ckpt saved (206.8 MiB, serialise=0.38s write=0.27s rename=0.1ms)
02:39:55 | INFO  | checkpoint_~|   Checking for non PyTorch modules to save
02:39:55 | INFO  | atomic_chec~| [atomic_save] → /data1/likun-share/junjxu/.cache_stable-pretraining/runs/20260608/015901/4b57eb069fbb/checkpoints/last.ckpt
02:39:56 | INFO  | atomic_chec~| [atomic_save] ✓ last.ckpt saved (206.8 MiB, serialise=0.37s write=0.23s rename=46.6ms)
[Epoch 19/20] step 50/203 (1.7 it/s)
[Epoch 19/20] step 100/203 (1.7 it/s)
[Epoch 19/20] step 150/203 (1.7 it/s)
[Epoch 19/20] step 200/203 (1.8 it/s)
02:41:56 | INFO  | trainer_inf~| \n+----------------------------+-----------------------+
|           Metric           |         Value         |
+----------------------------+-----------------------+
|          [0;34;40mfit/loss[0m          |   [0;32;40m2.2681150436401367[0m  |
|       [0;34;40mfit/pred_loss[0m        |  [0;32;40m0.010632339864969254[0m |
|       [0;34;40mfit/probe_loss[0m       |  [0;32;40m0.017962155863642693[0m |
|      [0;34;40mfit/sigreg_loss[0m       |        [0;32;40m15.0625[0m        |
|    [0;34;40mhardware/cpu_percent[0m    |          [0;32;40m53.5[0m         |
|  [0;34;40mhardware/disk_read_mb_s[0m   |  [0;32;40m0.07029657065868378[0m  |
|  [0;34;40mhardware/disk_write_mb_s[0m  |   [0;32;40m94.62191772460938[0m   |
|   [0;34;40mhardware/net_recv_mb_s[0m   |  [0;32;40m0.007736646104604006[0m |
|   [0;34;40mhardware/net_sent_mb_s[0m   | [0;32;40m0.0057946424931287766[0m |
|    [0;34;40mhardware/ram_used_gb[0m    |   [0;32;40m325.8941650390625[0m   |
|   [0;34;40mhardware/ram_used_pct[0m    |   [0;32;40m32.400001525878906[0m  |
|    [0;34;40mhparams/lr_default_0[0m    |          [0;32;40m0.0[0m          |
|       [0;34;40mvalidate/loss[0m        |   [0;32;40m2.5115652084350586[0m  |
|    [0;34;40mvalidate/loss_epoch[0m     |   [0;32;40m2.5115652084350586[0m  |
|     [0;34;40mvalidate/pred_loss[0m     | [0;32;40m0.0068281651474535465[0m |
|  [0;34;40mvalidate/pred_loss_epoch[0m  | [0;32;40m0.0068281651474535465[0m |
|    [0;34;40mvalidate/probe_loss[0m     |  [0;32;40m0.01993614435195923[0m  |
| [0;34;40mvalidate/probe_loss_epoch[0m  |  [0;32;40m0.01993614435195923[0m  |
|    [0;34;40mvalidate/sigreg_loss[0m    |   [0;32;40m16.755130767822266[0m  |
| [0;34;40mvalidate/sigreg_loss_epoch[0m |   [0;32;40m16.755130767822266[0m  |
+----------------------------+-----------------------+
[Epoch 19/20] done in 120.6s
02:41:56 | INFO  | checkpoint_~|   Checking for non PyTorch modules to save
02:41:56 | INFO  | atomic_chec~| [atomic_save] → /data1/likun-share/junjxu/.cache_stable-pretraining/runs/20260608/015901/4b57eb069fbb/checkpoints/epoch=19-step=4060.ckpt
02:41:57 | INFO  | atomic_chec~| [atomic_save] ✓ epoch=19-step=4060.ckpt saved (206.8 MiB, serialise=0.37s write=0.26s rename=0.0ms)
02:41:57 | INFO  | checkpoint_~|   Checking for non PyTorch modules to save
02:41:57 | INFO  | atomic_chec~| [atomic_save] → /data1/likun-share/junjxu/.cache_stable-pretraining/runs/20260608/015901/4b57eb069fbb/checkpoints/last.ckpt
02:41:58 | INFO  | atomic_chec~| [atomic_save] ✓ last.ckpt saved (206.8 MiB, serialise=0.31s write=0.26s rename=38.6ms)
`Trainer.fit` stopped: `max_epochs=20` reached.
Epoch 19/19 ━━━━━━━━━━━━━━━━━━━━━━━━━━━━━━━ 203/203 0:01:52 • 0:00:00 2.14it/s 
02:41:58 | INFO  | utils.py    | ── SignalHandlers (after Trainer.fit() returned) ──
02:41:58 | INFO  | manager.py  |   SIGUSR1  → SIG_DFL (default OS action — terminate process)
02:41:58 | INFO  | manager.py  |   SIGUSR2  → SIG_DFL (default OS action — terminate process)
02:41:58 | INFO  | manager.py  |   SIGCONT  → SIG_DFL (default OS action — terminate process)
02:41:58 | INFO  | manager.py  |   SIGTERM  → SIG_DFL (default OS action — terminate process)
