00:30:01 | INFO  | __init__.py | PyTorch version 2.9.1+cu128 available.
00:30:01 | INFO  | __init__.py | JAX version 0.6.2 available.
00:30:05 | INFO  | atomic_chec~| [atomic_save] installed crash-safe checkpoint plugin (write to sibling .tmp + fsync + atomic rename)
[2026-06-26 00:30:05,478][root][INFO] - Cached 'action' from '/data1/likun-share/junjxu/.stable_worldmodel/datasets/phyworld_collision_id1k.h5'
[2026-06-26 00:30:05,479][root][INFO] - Cached 'proprio' from '/data1/likun-share/junjxu/.stable_worldmodel/datasets/phyworld_collision_id1k.h5'
[2026-06-26 00:30:05,480][root][INFO] - Cached 'state' from '/data1/likun-share/junjxu/.stable_worldmodel/datasets/phyworld_collision_id1k.h5'
00:30:05 | INFO  | utils.py    | Created ViT-tiny from scratch with config: {'hidden_size': 192, 'num_hidden_layers': 12, 'num_attention_heads': 3, 'intermediate_size': 768, 'image_size': 224, 'patch_size': 14}
[init_from_ckpt] /data1/likun-share/junjxu/.stable_worldmodel/lewm_paper_pusht/weights.pt
[init_from_ckpt] prefixes=('encoder.', 'projector.', 'pred_proj.') loaded=216 unexpected=0 missing=89
00:30:05 | INFO  | module.py   | Setting up DataModule
00:30:05 | INFO  | utils.py    | ── Module ────────────────────────────────────────
00:30:05 | WARN  | module.py   | ! No hyperparameters provided - hyperparameter logging is disabled.
00:30:05 | INFO  | module.py   |   Setting custom forward method.
00:30:05 | INFO  | module.py   |   Setting attribute: self.model = <class 'jepa.JEPA'>
00:30:05 | INFO  | module.py   |   Setting attribute: self.sigreg = <class 'module.SIGReg'>
00:30:05 | INFO  | module.py   |   Setting attribute: self.optim = <class 'dict'>
00:30:05 | INFO  | module.py   |   No metrics configuration provided - automatic metric tracking is disabled.
/home/likun-share/junjxu/wm/le-wm/.venv/lib/python3.10/site-packages/lightning/fabric/connector.py:571: `precision=bf16` is supported for historical reasons but its usage is discouraged. Please set your precision to bf16-mixed instead!
Using bfloat16 Automatic Mixed Precision (AMP)
00:30:06 | INFO  | env_info.py |   EnvironmentDumpCallback initialized (filename=environment.json, async=True)
00:30:06 | INFO  | utils.py    | ── HuggingFaceCheckpoint ─────────────────────────
00:30:06 | INFO  | hf_models.py|   save_dir: <cyan>hf_exports</cyan>
00:30:06 | INFO  | hf_models.py|   per_step: <cyan>False</cyan>  (False ⇒ overwrite single 'last/' subdir; True ⇒ keep step_N/)
Adding 14 callbacks from entry point 'stablepretraining_callbacks': PrintProgressBar, ModuleRegistryCallback, LoggingCallback, EnvironmentDumpCallback, TrainerInfo, SklearnCheckpoint, WandbCheckpoint, TrackioCheckpoint, SwanLabCheckpoint, ModuleSummary, SLURMInfo, LogUnusedParametersOnce, HuggingFaceCheckpointCallback, HardwareMonitor
GPU available: True (cuda), used: True
TPU available: False, using: 0 TPU cores
💡 Tip: For seamless cloud logging and experiment tracking, try installing [litlogger](https://pypi.org/project/litlogger/) to enable LitLogger, which logs metrics and artifacts automatically to the Lightning Experiments platform.
00:30:06 | INFO  | utils.py    | ── SIGTERM preempt handler — install ─────────────
00:30:06 | INFO  | manager.py  |   SLURM_JOB_ID         = None
00:30:06 | INFO  | manager.py  |   SLURM_RESTART_COUNT  = '0'
00:30:06 | INFO  | manager.py  |   SLURM_PROCID         = '?'
00:30:06 | INFO  | manager.py  |   SLURM_NODEID         = '?'
00:30:06 | INFO  | manager.py  |   → not under SLURM (SLURM_JOB_ID unset); leaving SIGTERM handler as-is. Forwarding to submitit's USR signal would be a no-op since submitit isn't running upstream.
00:30:06 | WARN  | manager.py  | User didn't specify seed, runs won't be exactly reproducible!
00:30:06 | INFO  | manager.py  |   Manager init: ckpt_path=None, weights_only=True
00:30:06 | INFO  | utils.py    | ── WorkingDirectory ──────────────────────────────
00:30:06 | INFO  | manager.py  |   cwd: /home/likun-share/junjxu/wm/le-wm
00:30:06 | INFO  | utils.py    | ── Seed ──────────────────────────────────────────
00:30:06 | INFO  | manager.py  |   seed: None
/home/likun-share/junjxu/wm/le-wm/.venv/lib/python3.10/site-packages/lightning/fabric/utilities/seed.py:44: No seed found, seed set to 0
Seed set to 0
00:30:06 | INFO  | utils.py    | ── RunDirectory ──────────────────────────────────
00:30:06 | INFO  | manager.py  |   cache_dir = /data1/likun-share/junjxu/.cache_stable-pretraining
00:30:06 | INFO  | manager.py  |   ddp: launch_key=(single-process) rank=0 is_rank_zero=True
00:30:06 | INFO  | utils.py    | ── RunDirectory: requeue probe ───────────────────
00:30:06 | INFO  | manager.py  |   SLURM session key   = (no SLURM)
00:30:06 | INFO  | manager.py  |   SLURM_RESTART_COUNT = 0
00:30:06 | INFO  | manager.py  |   in_requeue          = False
00:30:06 | INFO  | utils.py    | ── RunDirectory: fresh ───────────────────────────
00:30:06 | INFO  | manager.py  |   no user ckpt_path — training from scratch / pretrained backbone.
00:30:06 | INFO  | manager.py  |   created run_dir = /data1/likun-share/junjxu/.cache_stable-pretraining/runs/20260626/003006/39cae41ef516
00:30:06 | INFO  | manager.py  |   wrote run_meta.json with run_id=39cae41ef516
00:30:06 | INFO  | manager.py  |   SLURM index = (no SLURM, skipped)
00:30:06 | WARN  | manager.py  | ! cache_dir is set but the Trainer was passed as an already-instantiated object. Cannot override default_root_dir cleanly. Consider passing the trainer as a config dict instead.
00:30:06 | WARN  | manager.py  | ! Hydra run.dir='outputs/2026-06-26/00-30-05' will be ignored for trainer outputs (cache_dir takes precedence).
00:30:06 | WARN  | manager.py  | ! Hydra sweep.dir='multirun/2026-06-26/00-30-05' will be ignored for trainer outputs (cache_dir takes precedence).
00:30:06 | INFO  | logger.py   | [RegistryLogger] run_id=39cae41ef516 run_dir=/data1/likun-share/junjxu/.cache_stable-pretraining/runs/20260626/003006/39cae41ef516 — sidecar.json + summary.json + metrics.csv will live here
00:30:06 | INFO  | utils.py    | ── RegistryLogger ────────────────────────────────
00:30:06 | INFO  | manager.py  |   run_dir: /data1/likun-share/junjxu/.cache_stable-pretraining/runs/20260626/003006/39cae41ef516
00:30:06 | INFO  | manager.py  |   run_id:  39cae41ef516
00:30:06 | INFO  | utils.py    | ── CSVLogger ─────────────────────────────────────
00:30:06 | INFO  | manager.py  |   root_dir: /data1/likun-share/junjxu/.cache_stable-pretraining/runs/20260626/003006/39cae41ef516/
00:30:06 | INFO  | manager.py  |   save_dir: /data1/likun-share/junjxu/.cache_stable-pretraining/runs/20260626/003006/39cae41ef516
00:30:06 | INFO  | manager.py  |   log_dir: /data1/likun-share/junjxu/.cache_stable-pretraining/runs/20260626/003006/39cae41ef516/
00:30:06 | INFO  | utils.py    | ── SignalHandlers (after submitit setup (spt SIGTERM installed in __init__)) ──
00:30:06 | INFO  | manager.py  |   SIGUSR1  → SIG_DFL (default OS action — terminate process)
00:30:06 | INFO  | manager.py  |   SIGUSR2  → SIG_DFL (default OS action — terminate process)
00:30:06 | INFO  | manager.py  |   SIGCONT  → SIG_DFL (default OS action — terminate process)
00:30:06 | INFO  | manager.py  |   SIGTERM  → SIG_DFL (default OS action — terminate process)
00:30:06 | INFO  | utils.py    | ── Callbacks ─────────────────────────────────────
00:30:06 | INFO  | manager.py  |   count: 19
00:30:06 | INFO  | utils.py    | ── CacheDirCheckpointing ─────────────────────────
00:30:06 | INFO  | manager.py  |   Saving checkpoints to: /data1/likun-share/junjxu/.cache_stable-pretraining/runs/20260626/003006/39cae41ef516/checkpoints
00:30:06 | WARN  | manager.py  |   Redirecting HuggingFaceCheckpointCallback from 'hf_exports' to '/data1/likun-share/junjxu/.cache_stable-pretraining/runs/20260626/003006/39cae41ef516/hf_exports' (cache_dir is active — prevents races on a shared cache)
00:30:06 | INFO  | manager.py  |   Added requeue checkpoint (filename='last')
00:30:06 | INFO  | utils.py    | ── LoadPath resolution ───────────────────────────
00:30:06 | INFO  | manager.py  |   in_requeue = False
00:30:06 | INFO  | manager.py  |   user ckpt_path = None
00:30:06 | INFO  | manager.py  |   user weights_only = True
00:30:06 | INFO  | manager.py  |   → no ckpt_path; training from scratch.
00:30:06 | INFO  | utils.py    | ── TrainerFit ────────────────────────────────────
00:30:06 | INFO  | manager.py  |   ckpt_path:     None
00:30:06 | INFO  | manager.py  |   weights_only:  None
00:30:06 | INFO  | utils.py    | ── SignalHandlers (before Trainer.fit() (handler installed in __init__)) ──
00:30:06 | INFO  | manager.py  |   SIGUSR1  → SIG_DFL (default OS action — terminate process)
00:30:06 | INFO  | manager.py  |   SIGUSR2  → SIG_DFL (default OS action — terminate process)
00:30:06 | INFO  | manager.py  |   SIGCONT  → SIG_DFL (default OS action — terminate process)
00:30:06 | INFO  | manager.py  |   SIGTERM  → SIG_DFL (default OS action — terminate process)
00:30:06 | INFO  | manager.py  |   → entering Trainer.fit(); lightning's _SignalConnector will now register its own handlers. SIGTERM will become _HandlersCompose([_sigterm_notifier_fn, _sigterm_handler_fn, spt._handler]); USR-sig binding from submitit is preserved (lightning skips USR registration when one already exists).
💡 Tip: For seamless cloud uploads and versioning, try installing [litmodels](https://pypi.org/project/litmodels/) to enable LitModelCheckpoint, which syncs automatically with the Lightning model registry.
You are using a CUDA device ('NVIDIA A800-SXM4-80GB') that has Tensor Cores. To properly utilize them, you should set `torch.set_float32_matmul_precision('medium' | 'high')` which will trade-off precision for performance. For more details, read https://pytorch.org/docs/stable/generated/torch.set_float32_matmul_precision.html#torch.set_float32_matmul_precision
00:30:06 | OK    | module.py   | ✓ dataset for fit loaded
00:30:06 | INFO  | module.py   |   setup was done by user
00:30:06 | INFO  | utils.py    | ── EnvironmentDump ───────────────────────────────
00:30:06 | INFO  | env_info.py |   log_dir: /home/likun-share/.cache/stable-pretraining
00:30:06 | INFO  | env_info.py |   Running environment dump in background thread (non-blocking)
00:30:06 | INFO  | env_info.py |   Collecting environment information...
00:30:06 | OK    | env_info.py | ✓ Background thread started successfully
00:30:06 | OK    | env_info.py | ✓ Python 3.10.12
00:30:06 | INFO  | trainer_inf~|   linking trainer to DataModule
00:30:06 | OK    | env_info.py | ✓ System: Linux 5.15.0-113-generic (x86_64)
00:30:06 | INFO  | utils.py    | ── Callbacks (in order) ──────────────────────────
00:30:06 | INFO  | env_info.py |   Hostname: 10-116-90-13
00:30:06 | INFO  | utils.py    |     [ 0] ModelObjectCallBack
00:30:06 | INFO  | utils.py    |     [ 1] RichProgressBar
00:30:06 | INFO  | utils.py    |     [ 2] RichModelSummary
00:30:06 | INFO  | utils.py    |     [ 3] PrintProgressBar
00:30:06 | INFO  | utils.py    |     [ 4] ModuleRegistryCallback
00:30:06 | INFO  | utils.py    |     [ 5] LoggingCallback
00:30:06 | INFO  | utils.py    |     [ 6] EnvironmentDumpCallback
00:30:06 | INFO  | utils.py    |     [ 7] TrainerInfo
00:30:06 | INFO  | utils.py    |     [ 8] SklearnCheckpoint
00:30:06 | INFO  | utils.py    |     [ 9] WandbCheckpoint
00:30:06 | INFO  | utils.py    |     [10] TrackioCheckpoint
00:30:06 | INFO  | utils.py    |     [11] SwanLabCheckpoint
00:30:06 | INFO  | utils.py    |     [12] ModuleSummary
00:30:06 | INFO  | utils.py    |     [13] SLURMInfo
00:30:06 | INFO  | utils.py    |     [14] LogUnusedParametersOnce
00:30:06 | INFO  | utils.py    |     [15] HuggingFaceCheckpointCallback
00:30:06 | INFO  | utils.py    |     [16] HardwareMonitor
00:30:06 | INFO  | utils.py    |     [17] ModelCheckpoint
00:30:06 | INFO  | utils.py    |     [18] _RunDirCallback
00:30:06 | INFO  | utils.py    |     [19] ModelCheckpoint
00:30:06 | INFO  | utils.py    |   ⚑ marks order-sensitive callbacks; see AGENTS.md → Callback ordering for the full rules.
00:30:06 | INFO  | utils.py    | ── SklearnCheckpoint ─────────────────────────────
00:30:06 | INFO  | checkpoint_~|   Sklearn Modules:
00:30:06 | INFO  | checkpoint_~| 
┏━━━━━━━━━━┳━━━━━━━━┳━━━━━━━━┓
┃ Module   ┃ Name   ┃ Type   ┃
┣━━━━━━━━━━╋━━━━━━━━╋━━━━━━━━┫
┗━━━━━━━━━━┻━━━━━━━━┻━━━━━━━━┛
00:30:06 | INFO  | utils.py    | ── WandbCheckpoint ───────────────────────────────
00:30:06 | INFO  | utils.py    | ── TrackioCheckpoint ─────────────────────────────
00:30:06 | INFO  | utils.py    | ── SwanLabCheckpoint ─────────────────────────────
00:30:06 | INFO  | utils.py    | ── PyTorch Modules ───────────────────────────────
00:30:06 | WARN  | module.py   | ! You are calling self.parameters which also gives callbacks parameters, to remove them, pass `with_callbacks=False`
00:30:06 | INFO  | trainer_inf~| \n+---------------------------------------------------------+----------------------+--------------------------+--------------------------+---------+
| Module                                                  | Trainable parameters | Non Trainable parameters | Uninitialized parameters | Buffers |
+---------------------------------------------------------+----------------------+--------------------------+--------------------------+---------+
|                                                         |             18037498 |                        0 |                        0 |    8245 |
| callbacks_modules                                       |                    0 |                        0 |                        0 |       0 |
| callbacks_metrics                                       |                    0 |                        0 |                        0 |       0 |
| model                                                   |             18037498 |                        0 |                        0 |    8194 |
| model.encoder                                           |              5501376 |                        0 |                        0 |       0 |
| model.encoder.embeddings                                |               162624 |                        0 |                        0 |       0 |
| model.encoder.embeddings.patch_embeddings               |               113088 |                        0 |                        0 |       0 |
| model.encoder.embeddings.patch_embeddings.projection    |               113088 |                        0 |                        0 |       0 |
| model.encoder.embeddings.dropout                        |                    0 |                        0 |                        0 |       0 |
| model.encoder.layers                                    |              5338368 |                        0 |                        0 |       0 |
| model.encoder.layers.0                                  |               444864 |                        0 |                        0 |       0 |
| model.encoder.layers.0.attention                        |               148224 |                        0 |                        0 |       0 |
| model.encoder.layers.0.attention.q_proj                 |                37056 |                        0 |                        0 |       0 |
| model.encoder.layers.0.attention.k_proj                 |                37056 |                        0 |                        0 |       0 |
| model.encoder.layers.0.attention.v_proj                 |                37056 |                        0 |                        0 |       0 |
| model.encoder.layers.0.attention.o_proj                 |                37056 |                        0 |                        0 |       0 |
| model.encoder.layers.0.layernorm_before                 |                  384 |                        0 |                        0 |       0 |
| model.encoder.layers.0.layernorm_after                  |                  384 |                        0 |                        0 |       0 |
| model.encoder.layers.0.mlp                              |               295872 |                        0 |                        0 |       0 |
| model.encoder.layers.0.mlp.activation_fn                |                    0 |                        0 |                        0 |       0 |
| model.encoder.layers.0.mlp.fc1                          |               148224 |                        0 |                        0 |       0 |
| model.encoder.layers.0.mlp.fc2                          |               147648 |                        0 |                        0 |       0 |
| model.encoder.layers.0.dropout                          |                    0 |                        0 |                        0 |       0 |
| model.encoder.layers.1                                  |               444864 |                        0 |                        0 |       0 |
| model.encoder.layers.1.attention                        |               148224 |                        0 |                        0 |       0 |
| model.encoder.layers.1.attention.q_proj                 |                37056 |                        0 |                        0 |       0 |
| model.encoder.layers.1.attention.k_proj                 |                37056 |                        0 |                        0 |       0 |
| model.encoder.layers.1.attention.v_proj                 |                37056 |                        0 |                        0 |       0 |
| model.encoder.layers.1.attention.o_proj                 |                37056 |                        0 |                        0 |       0 |
| model.encoder.layers.1.layernorm_before                 |                  384 |                        0 |                        0 |       0 |
| model.encoder.layers.1.layernorm_after                  |                  384 |                        0 |                        0 |       0 |
| model.encoder.layers.1.mlp                              |               295872 |                        0 |                        0 |       0 |
| model.encoder.layers.1.mlp.activation_fn                |                    0 |                        0 |                        0 |       0 |
| model.encoder.layers.1.mlp.fc1                          |               148224 |                        0 |                        0 |       0 |
| model.encoder.layers.1.mlp.fc2                          |               147648 |                        0 |                        0 |       0 |
| model.encoder.layers.1.dropout                          |                    0 |                        0 |                        0 |       0 |
| model.encoder.layers.2                                  |               444864 |                        0 |                        0 |       0 |
| model.encoder.layers.2.attention                        |               148224 |                        0 |                        0 |       0 |
| model.encoder.layers.2.attention.q_proj                 |                37056 |                        0 |                        0 |       0 |
| model.encoder.layers.2.attention.k_proj                 |                37056 |                        0 |                        0 |       0 |
| model.encoder.layers.2.attention.v_proj                 |                37056 |                        0 |                        0 |       0 |
| model.encoder.layers.2.attention.o_proj                 |                37056 |                        0 |                        0 |       0 |
| model.encoder.layers.2.layernorm_before                 |                  384 |                        0 |                        0 |       0 |
| model.encoder.layers.2.layernorm_after                  |                  384 |                        0 |                        0 |       0 |
| model.encoder.layers.2.mlp                              |               295872 |                        0 |                        0 |       0 |
| model.encoder.layers.2.mlp.activation_fn                |                    0 |                        0 |                        0 |       0 |
| model.encoder.layers.2.mlp.fc1                          |               148224 |                        0 |                        0 |       0 |
| model.encoder.layers.2.mlp.fc2                          |               147648 |                        0 |                        0 |       0 |
| model.encoder.layers.2.dropout                          |                    0 |                        0 |                        0 |       0 |
| model.encoder.layers.3                                  |               444864 |                        0 |                        0 |       0 |
| model.encoder.layers.3.attention                        |               148224 |                        0 |                        0 |       0 |
| model.encoder.layers.3.attention.q_proj                 |                37056 |                        0 |                        0 |       0 |
| model.encoder.layers.3.attention.k_proj                 |                37056 |                        0 |                        0 |       0 |
| model.encoder.layers.3.attention.v_proj                 |                37056 |                        0 |                        0 |       0 |
| model.encoder.layers.3.attention.o_proj                 |                37056 |                        0 |                        0 |       0 |
| model.encoder.layers.3.layernorm_before                 |                  384 |                        0 |                        0 |       0 |
| model.encoder.layers.3.layernorm_after                  |                  384 |                        0 |                        0 |       0 |
| model.encoder.layers.3.mlp                              |               295872 |                        0 |                        0 |       0 |
| model.encoder.layers.3.mlp.activation_fn                |                    0 |                        0 |                        0 |       0 |
| model.encoder.layers.3.mlp.fc1                          |               148224 |                        0 |                        0 |       0 |
| model.encoder.layers.3.mlp.fc2                          |               147648 |                        0 |                        0 |       0 |
| model.encoder.layers.3.dropout                          |                    0 |                        0 |                        0 |       0 |
| model.encoder.layers.4                                  |               444864 |                        0 |                        0 |       0 |
| model.encoder.layers.4.attention                        |               148224 |                        0 |                        0 |       0 |
| model.encoder.layers.4.attention.q_proj                 |                37056 |                        0 |                        0 |       0 |
| model.encoder.layers.4.attention.k_proj                 |                37056 |                        0 |                        0 |       0 |
| model.encoder.layers.4.attention.v_proj                 |                37056 |                        0 |                        0 |       0 |
| model.encoder.layers.4.attention.o_proj                 |                37056 |                        0 |                        0 |       0 |
| model.encoder.layers.4.layernorm_before                 |                  384 |                        0 |                        0 |       0 |
| model.encoder.layers.4.layernorm_after                  |                  384 |                        0 |                        0 |       0 |
| model.encoder.layers.4.mlp                              |               295872 |                        0 |                        0 |       0 |
| model.encoder.layers.4.mlp.activation_fn                |                    0 |                        0 |                        0 |       0 |
| model.encoder.layers.4.mlp.fc1                          |               148224 |                        0 |                        0 |       0 |
| model.encoder.layers.4.mlp.fc2                          |               147648 |                        0 |                        0 |       0 |
| model.encoder.layers.4.dropout                          |                    0 |                        0 |                        0 |       0 |
| model.encoder.layers.5                                  |               444864 |                        0 |                        0 |       0 |
| model.encoder.layers.5.attention                        |               148224 |                        0 |                        0 |       0 |
| model.encoder.layers.5.attention.q_proj                 |                37056 |                        0 |                        0 |       0 |
| model.encoder.layers.5.attention.k_proj                 |                37056 |                        0 |                        0 |       0 |
| model.encoder.layers.5.attention.v_proj                 |                37056 |                        0 |                        0 |       0 |
| model.encoder.layers.5.attention.o_proj                 |                37056 |                        0 |                        0 |       0 |
| model.encoder.layers.5.layernorm_before                 |                  384 |                        0 |                        0 |       0 |
| model.encoder.layers.5.layernorm_after                  |                  384 |                        0 |                        0 |       0 |
| model.encoder.layers.5.mlp                              |               295872 |                        0 |                        0 |       0 |
| model.encoder.layers.5.mlp.activation_fn                |                    0 |                        0 |                        0 |       0 |
| model.encoder.layers.5.mlp.fc1                          |               148224 |                        0 |                        0 |       0 |
| model.encoder.layers.5.mlp.fc2                          |               147648 |                        0 |                        0 |       0 |
| model.encoder.layers.5.dropout                          |                    0 |                        0 |                        0 |       0 |
| model.encoder.layers.6                                  |               444864 |                        0 |                        0 |       0 |
| model.encoder.layers.6.attention                        |               148224 |                        0 |                        0 |       0 |
| model.encoder.layers.6.attention.q_proj                 |                37056 |                        0 |                        0 |       0 |
| model.encoder.layers.6.attention.k_proj                 |                37056 |                        0 |                        0 |       0 |
| model.encoder.layers.6.attention.v_proj                 |                37056 |                        0 |                        0 |       0 |
| model.encoder.layers.6.attention.o_proj                 |                37056 |                        0 |                        0 |       0 |
| model.encoder.layers.6.layernorm_before                 |                  384 |                        0 |                        0 |       0 |
| model.encoder.layers.6.layernorm_after                  |                  384 |                        0 |                        0 |       0 |
| model.encoder.layers.6.mlp                              |               295872 |                        0 |                        0 |       0 |
| model.encoder.layers.6.mlp.activation_fn                |                    0 |                        0 |                        0 |       0 |
| model.encoder.layers.6.mlp.fc1                          |               148224 |                        0 |                        0 |       0 |
| model.encoder.layers.6.mlp.fc2                          |               147648 |                        0 |                        0 |       0 |
| model.encoder.layers.6.dropout                          |                    0 |                        0 |                        0 |       0 |
| model.encoder.layers.7                                  |               444864 |                        0 |                        0 |       0 |
| model.encoder.layers.7.attention                        |               148224 |                        0 |                        0 |       0 |
| model.encoder.layers.7.attention.q_proj                 |                37056 |                        0 |                        0 |       0 |
| model.encoder.layers.7.attention.k_proj                 |                37056 |                        0 |                        0 |       0 |
| model.encoder.layers.7.attention.v_proj                 |                37056 |                        0 |                        0 |       0 |
| model.encoder.layers.7.attention.o_proj                 |                37056 |                        0 |                        0 |       0 |
| model.encoder.layers.7.layernorm_before                 |                  384 |                        0 |                        0 |       0 |
| model.encoder.layers.7.layernorm_after                  |                  384 |                        0 |                        0 |       0 |
| model.encoder.layers.7.mlp                              |               295872 |                        0 |                        0 |       0 |
| model.encoder.layers.7.mlp.activation_fn                |                    0 |                        0 |                        0 |       0 |
| model.encoder.layers.7.mlp.fc1                          |               148224 |                        0 |                        0 |       0 |
| model.encoder.layers.7.mlp.fc2                          |               147648 |                        0 |                        0 |       0 |
| model.encoder.layers.7.dropout                          |                    0 |                        0 |                        0 |       0 |
| model.encoder.layers.8                                  |               444864 |                        0 |                        0 |       0 |
| model.encoder.layers.8.attention                        |               148224 |                        0 |                        0 |       0 |
| model.encoder.layers.8.attention.q_proj                 |                37056 |                        0 |                        0 |       0 |
| model.encoder.layers.8.attention.k_proj                 |                37056 |                        0 |                        0 |       0 |
| model.encoder.layers.8.attention.v_proj                 |                37056 |                        0 |                        0 |       0 |
| model.encoder.layers.8.attention.o_proj                 |                37056 |                        0 |                        0 |       0 |
| model.encoder.layers.8.layernorm_before                 |                  384 |                        0 |                        0 |       0 |
| model.encoder.layers.8.layernorm_after                  |                  384 |                        0 |                        0 |       0 |
| model.encoder.layers.8.mlp                              |               295872 |                        0 |                        0 |       0 |
| model.encoder.layers.8.mlp.activation_fn                |                    0 |                        0 |                        0 |       0 |
| model.encoder.layers.8.mlp.fc1                          |               148224 |                        0 |                        0 |       0 |
| model.encoder.layers.8.mlp.fc2                          |               147648 |                        0 |                        0 |       0 |
| model.encoder.layers.8.dropout                          |                    0 |                        0 |                        0 |       0 |
| model.encoder.layers.9                                  |               444864 |                        0 |                        0 |       0 |
| model.encoder.layers.9.attention                        |               148224 |                        0 |                        0 |       0 |
| model.encoder.layers.9.attention.q_proj                 |                37056 |                        0 |                        0 |       0 |
| model.encoder.layers.9.attention.k_proj                 |                37056 |                        0 |                        0 |       0 |
| model.encoder.layers.9.attention.v_proj                 |                37056 |                        0 |                        0 |       0 |
| model.encoder.layers.9.attention.o_proj                 |                37056 |                        0 |                        0 |       0 |
| model.encoder.layers.9.layernorm_before                 |                  384 |                        0 |                        0 |       0 |
| model.encoder.layers.9.layernorm_after                  |                  384 |                        0 |                        0 |       0 |
| model.encoder.layers.9.mlp                              |               295872 |                        0 |                        0 |       0 |
| model.encoder.layers.9.mlp.activation_fn                |                    0 |                        0 |                        0 |       0 |
| model.encoder.layers.9.mlp.fc1                          |               148224 |                        0 |                        0 |       0 |
| model.encoder.layers.9.mlp.fc2                          |               147648 |                        0 |                        0 |       0 |
| model.encoder.layers.9.dropout                          |                    0 |                        0 |                        0 |       0 |
| model.encoder.layers.10                                 |               444864 |                        0 |                        0 |       0 |
| model.encoder.layers.10.attention                       |               148224 |                        0 |                        0 |       0 |
| model.encoder.layers.10.attention.q_proj                |                37056 |                        0 |                        0 |       0 |
| model.encoder.layers.10.attention.k_proj                |                37056 |                        0 |                        0 |       0 |
| model.encoder.layers.10.attention.v_proj                |                37056 |                        0 |                        0 |       0 |
| model.encoder.layers.10.attention.o_proj                |                37056 |                        0 |                        0 |       0 |
| model.encoder.layers.10.layernorm_before                |                  384 |                        0 |                        0 |       0 |
| model.encoder.layers.10.layernorm_after                 |                  384 |                        0 |                        0 |       0 |
| model.encoder.layers.10.mlp                             |               295872 |                        0 |                        0 |       0 |
| model.encoder.layers.10.mlp.activation_fn               |                    0 |                        0 |                        0 |       0 |
| model.encoder.layers.10.mlp.fc1                         |               148224 |                        0 |                        0 |       0 |
| model.encoder.layers.10.mlp.fc2                         |               147648 |                        0 |                        0 |       0 |
| model.encoder.layers.10.dropout                         |                    0 |                        0 |                        0 |       0 |
| model.encoder.layers.11                                 |               444864 |                        0 |                        0 |       0 |
| model.encoder.layers.11.attention                       |               148224 |                        0 |                        0 |       0 |
| model.encoder.layers.11.attention.q_proj                |                37056 |                        0 |                        0 |       0 |
| model.encoder.layers.11.attention.k_proj                |                37056 |                        0 |                        0 |       0 |
| model.encoder.layers.11.attention.v_proj                |                37056 |                        0 |                        0 |       0 |
| model.encoder.layers.11.attention.o_proj                |                37056 |                        0 |                        0 |       0 |
| model.encoder.layers.11.layernorm_before                |                  384 |                        0 |                        0 |       0 |
| model.encoder.layers.11.layernorm_after                 |                  384 |                        0 |                        0 |       0 |
| model.encoder.layers.11.mlp                             |               295872 |                        0 |                        0 |       0 |
| model.encoder.layers.11.mlp.activation_fn               |                    0 |                        0 |                        0 |       0 |
| model.encoder.layers.11.mlp.fc1                         |               148224 |                        0 |                        0 |       0 |
| model.encoder.layers.11.mlp.fc2                         |               147648 |                        0 |                        0 |       0 |
| model.encoder.layers.11.dropout                         |                    0 |                        0 |                        0 |       0 |
| model.encoder.layernorm                                 |                  384 |                        0 |                        0 |       0 |
| model.predictor                                         |             10791360 |                        0 |                        0 |       0 |
| model.predictor.dropout                                 |                    0 |                        0 |                        0 |       0 |
| model.predictor.transformer                             |             10790784 |                        0 |                        0 |       0 |
| model.predictor.transformer.norm                        |                  384 |                        0 |                        0 |       0 |
| model.predictor.transformer.layers                      |             10790400 |                        0 |                        0 |       0 |
| model.predictor.transformer.layers.0                    |              1798400 |                        0 |                        0 |       0 |
| model.predictor.transformer.layers.0.attn               |               787008 |                        0 |                        0 |       0 |
| model.predictor.transformer.layers.0.attn.norm          |                  384 |                        0 |                        0 |       0 |
| model.predictor.transformer.layers.0.attn.attend        |                    0 |                        0 |                        0 |       0 |
| model.predictor.transformer.layers.0.attn.to_qkv        |               589824 |                        0 |                        0 |       0 |
| model.predictor.transformer.layers.0.attn.to_out        |               196800 |                        0 |                        0 |       0 |
| model.predictor.transformer.layers.0.attn.to_out.0      |               196800 |                        0 |                        0 |       0 |
| model.predictor.transformer.layers.0.attn.to_out.1      |                    0 |                        0 |                        0 |       0 |
| model.predictor.transformer.layers.0.mlp                |               789056 |                        0 |                        0 |       0 |
| model.predictor.transformer.layers.0.mlp.net            |               789056 |                        0 |                        0 |       0 |
| model.predictor.transformer.layers.0.mlp.net.0          |                  384 |                        0 |                        0 |       0 |
| model.predictor.transformer.layers.0.mlp.net.1          |               395264 |                        0 |                        0 |       0 |
| model.predictor.transformer.layers.0.mlp.net.2          |                    0 |                        0 |                        0 |       0 |
| model.predictor.transformer.layers.0.mlp.net.3          |                    0 |                        0 |                        0 |       0 |
| model.predictor.transformer.layers.0.mlp.net.4          |               393408 |                        0 |                        0 |       0 |
| model.predictor.transformer.layers.0.mlp.net.5          |                    0 |                        0 |                        0 |       0 |
| model.predictor.transformer.layers.0.norm1              |                    0 |                        0 |                        0 |       0 |
| model.predictor.transformer.layers.0.norm2              |                    0 |                        0 |                        0 |       0 |
| model.predictor.transformer.layers.0.adaLN_modulation   |               222336 |                        0 |                        0 |       0 |
| model.predictor.transformer.layers.0.adaLN_modulation.0 |                    0 |                        0 |                        0 |       0 |
| model.predictor.transformer.layers.0.adaLN_modulation.1 |               222336 |                        0 |                        0 |       0 |
| model.predictor.transformer.layers.1                    |              1798400 |                        0 |                        0 |       0 |
| model.predictor.transformer.layers.1.attn               |               787008 |                        0 |                        0 |       0 |
| model.predictor.transformer.layers.1.attn.norm          |                  384 |                        0 |                        0 |       0 |
| model.predictor.transformer.layers.1.attn.attend        |                    0 |                        0 |                        0 |       0 |
| model.predictor.transformer.layers.1.attn.to_qkv        |               589824 |                        0 |                        0 |       0 |
| model.predictor.transformer.layers.1.attn.to_out        |               196800 |                        0 |                        0 |       0 |
| model.predictor.transformer.layers.1.attn.to_out.0      |               196800 |                        0 |                        0 |       0 |
| model.predictor.transformer.layers.1.attn.to_out.1      |                    0 |                        0 |                        0 |       0 |
| model.predictor.transformer.layers.1.mlp                |               789056 |                        0 |                        0 |       0 |
| model.predictor.transformer.layers.1.mlp.net            |               789056 |                        0 |                        0 |       0 |
| model.predictor.transformer.layers.1.mlp.net.0          |                  384 |                        0 |                        0 |       0 |
| model.predictor.transformer.layers.1.mlp.net.1          |               395264 |                        0 |                        0 |       0 |
| model.predictor.transformer.layers.1.mlp.net.2          |                    0 |                        0 |                        0 |       0 |
| model.predictor.transformer.layers.1.mlp.net.3          |                    0 |                        0 |                        0 |       0 |
| model.predictor.transformer.layers.1.mlp.net.4          |               393408 |                        0 |                        0 |       0 |
| model.predictor.transformer.layers.1.mlp.net.5          |                    0 |                        0 |                        0 |       0 |
| model.predictor.transformer.layers.1.norm1              |                    0 |                        0 |                        0 |       0 |
| model.predictor.transformer.layers.1.norm2              |                    0 |                        0 |                        0 |       0 |
| model.predictor.transformer.layers.1.adaLN_modulation   |               222336 |                        0 |                        0 |       0 |
| model.predictor.transformer.layers.1.adaLN_modulation.0 |                    0 |                        0 |                        0 |       0 |
| model.predictor.transformer.layers.1.adaLN_modulation.1 |               222336 |                        0 |                        0 |       0 |
| model.predictor.transformer.layers.2                    |              1798400 |                        0 |                        0 |       0 |
| model.predictor.transformer.layers.2.attn               |               787008 |                        0 |                        0 |       0 |
| model.predictor.transformer.layers.2.attn.norm          |                  384 |                        0 |                        0 |       0 |
| model.predictor.transformer.layers.2.attn.attend        |                    0 |                        0 |                        0 |       0 |
| model.predictor.transformer.layers.2.attn.to_qkv        |               589824 |                        0 |                        0 |       0 |
| model.predictor.transformer.layers.2.attn.to_out        |               196800 |                        0 |                        0 |       0 |
| model.predictor.transformer.layers.2.attn.to_out.0      |               196800 |                        0 |                        0 |       0 |
| model.predictor.transformer.layers.2.attn.to_out.1      |                    0 |                        0 |                        0 |       0 |
| model.predictor.transformer.layers.2.mlp                |               789056 |                        0 |                        0 |       0 |
| model.predictor.transformer.layers.2.mlp.net            |               789056 |                        0 |                        0 |       0 |
| model.predictor.transformer.layers.2.mlp.net.0          |                  384 |                        0 |                        0 |       0 |
| model.predictor.transformer.layers.2.mlp.net.1          |               395264 |                        0 |                        0 |       0 |
| model.predictor.transformer.layers.2.mlp.net.2          |                    0 |                        0 |                        0 |       0 |
| model.predictor.transformer.layers.2.mlp.net.3          |                    0 |                        0 |                        0 |       0 |
| model.predictor.transformer.layers.2.mlp.net.4          |               393408 |                        0 |                        0 |       0 |
| model.predictor.transformer.layers.2.mlp.net.5          |                    0 |                        0 |                        0 |       0 |
| model.predictor.transformer.layers.2.norm1              |                    0 |                        0 |                        0 |       0 |
| model.predictor.transformer.layers.2.norm2              |                    0 |                        0 |                        0 |       0 |
| model.predictor.transformer.layers.2.adaLN_modulation   |               222336 |                        0 |                        0 |       0 |
| model.predictor.transformer.layers.2.adaLN_modulation.0 |                    0 |                        0 |                        0 |       0 |
| model.predictor.transformer.layers.2.adaLN_modulation.1 |               222336 |                        0 |                        0 |       0 |
| model.predictor.transformer.layers.3                    |              1798400 |                        0 |                        0 |       0 |
| model.predictor.transformer.layers.3.attn               |               787008 |                        0 |                        0 |       0 |
| model.predictor.transformer.layers.3.attn.norm          |                  384 |                        0 |                        0 |       0 |
| model.predictor.transformer.layers.3.attn.attend        |                    0 |                        0 |                        0 |       0 |
| model.predictor.transformer.layers.3.attn.to_qkv        |               589824 |                        0 |                        0 |       0 |
| model.predictor.transformer.layers.3.attn.to_out        |               196800 |                        0 |                        0 |       0 |
| model.predictor.transformer.layers.3.attn.to_out.0      |               196800 |                        0 |                        0 |       0 |
| model.predictor.transformer.layers.3.attn.to_out.1      |                    0 |                        0 |                        0 |       0 |
| model.predictor.transformer.layers.3.mlp                |               789056 |                        0 |                        0 |       0 |
| model.predictor.transformer.layers.3.mlp.net            |               789056 |                        0 |                        0 |       0 |
| model.predictor.transformer.layers.3.mlp.net.0          |                  384 |                        0 |                        0 |       0 |
| model.predictor.transformer.layers.3.mlp.net.1          |               395264 |                        0 |                        0 |       0 |
| model.predictor.transformer.layers.3.mlp.net.2          |                    0 |                        0 |                        0 |       0 |
| model.predictor.transformer.layers.3.mlp.net.3          |                    0 |                        0 |                        0 |       0 |
| model.predictor.transformer.layers.3.mlp.net.4          |               393408 |                        0 |                        0 |       0 |
| model.predictor.transformer.layers.3.mlp.net.5          |                    0 |                        0 |                        0 |       0 |
| model.predictor.transformer.layers.3.norm1              |                    0 |                        0 |                        0 |       0 |
| model.predictor.transformer.layers.3.norm2              |                    0 |                        0 |                        0 |       0 |
| model.predictor.transformer.layers.3.adaLN_modulation   |               222336 |                        0 |                        0 |       0 |
| model.predictor.transformer.layers.3.adaLN_modulation.0 |                    0 |                        0 |                        0 |       0 |
| model.predictor.transformer.layers.3.adaLN_modulation.1 |               222336 |                        0 |                        0 |       0 |
| model.predictor.transformer.layers.4                    |              1798400 |                        0 |                        0 |       0 |
| model.predictor.transformer.layers.4.attn               |               787008 |                        0 |                        0 |       0 |
| model.predictor.transformer.layers.4.attn.norm          |                  384 |                        0 |                        0 |       0 |
| model.predictor.transformer.layers.4.attn.attend        |                    0 |                        0 |                        0 |       0 |
| model.predictor.transformer.layers.4.attn.to_qkv        |               589824 |                        0 |                        0 |       0 |
| model.predictor.transformer.layers.4.attn.to_out        |               196800 |                        0 |                        0 |       0 |
| model.predictor.transformer.layers.4.attn.to_out.0      |               196800 |                        0 |                        0 |       0 |
| model.predictor.transformer.layers.4.attn.to_out.1      |                    0 |                        0 |                        0 |       0 |
| model.predictor.transformer.layers.4.mlp                |               789056 |                        0 |                        0 |       0 |
| model.predictor.transformer.layers.4.mlp.net            |               789056 |                        0 |                        0 |       0 |
| model.predictor.transformer.layers.4.mlp.net.0          |                  384 |                        0 |                        0 |       0 |
| model.predictor.transformer.layers.4.mlp.net.1          |               395264 |                        0 |                        0 |       0 |
| model.predictor.transformer.layers.4.mlp.net.2          |                    0 |                        0 |                        0 |       0 |
| model.predictor.transformer.layers.4.mlp.net.3          |                    0 |                        0 |                        0 |       0 |
| model.predictor.transformer.layers.4.mlp.net.4          |               393408 |                        0 |                        0 |       0 |
| model.predictor.transformer.layers.4.mlp.net.5          |                    0 |                        0 |                        0 |       0 |
| model.predictor.transformer.layers.4.norm1              |                    0 |                        0 |                        0 |       0 |
| model.predictor.transformer.layers.4.norm2              |                    0 |                        0 |                        0 |       0 |
| model.predictor.transformer.layers.4.adaLN_modulation   |               222336 |                        0 |                        0 |       0 |
| model.predictor.transformer.layers.4.adaLN_modulation.0 |                    0 |                        0 |                        0 |       0 |
| model.predictor.transformer.layers.4.adaLN_modulation.1 |               222336 |                        0 |                        0 |       0 |
| model.predictor.transformer.layers.5                    |              1798400 |                        0 |                        0 |       0 |
| model.predictor.transformer.layers.5.attn               |               787008 |                        0 |                        0 |       0 |
| model.predictor.transformer.layers.5.attn.norm          |                  384 |                        0 |                        0 |       0 |
| model.predictor.transformer.layers.5.attn.attend        |                    0 |                        0 |                        0 |       0 |
| model.predictor.transformer.layers.5.attn.to_qkv        |               589824 |                        0 |                        0 |       0 |
| model.predictor.transformer.layers.5.attn.to_out        |               196800 |                        0 |                        0 |       0 |
| model.predictor.transformer.layers.5.attn.to_out.0      |               196800 |                        0 |                        0 |       0 |
| model.predictor.transformer.layers.5.attn.to_out.1      |                    0 |                        0 |                        0 |       0 |
| model.predictor.transformer.layers.5.mlp                |               789056 |                        0 |                        0 |       0 |
| model.predictor.transformer.layers.5.mlp.net            |               789056 |                        0 |                        0 |       0 |
| model.predictor.transformer.layers.5.mlp.net.0          |                  384 |                        0 |                        0 |       0 |
| model.predictor.transformer.layers.5.mlp.net.1          |               395264 |                        0 |                        0 |       0 |
| model.predictor.transformer.layers.5.mlp.net.2          |                    0 |                        0 |                        0 |       0 |
| model.predictor.transformer.layers.5.mlp.net.3          |                    0 |                        0 |                        0 |       0 |
| model.predictor.transformer.layers.5.mlp.net.4          |               393408 |                        0 |                        0 |       0 |
| model.predictor.transformer.layers.5.mlp.net.5          |                    0 |                        0 |                        0 |       0 |
| model.predictor.transformer.layers.5.norm1              |                    0 |                        0 |                        0 |       0 |
| model.predictor.transformer.layers.5.norm2              |                    0 |                        0 |                        0 |       0 |
| model.predictor.transformer.layers.5.adaLN_modulation   |               222336 |                        0 |                        0 |       0 |
| model.predictor.transformer.layers.5.adaLN_modulation.0 |                    0 |                        0 |                        0 |       0 |
| model.predictor.transformer.layers.5.adaLN_modulation.1 |               222336 |                        0 |                        0 |       0 |
| model.predictor.transformer.input_proj                  |                    0 |                        0 |                        0 |       0 |
| model.predictor.transformer.cond_proj                   |                    0 |                        0 |                        0 |       0 |
| model.predictor.transformer.output_proj                 |                    0 |                        0 |                        0 |       0 |
| model.action_encoder                                    |               156146 |                        0 |                        0 |       0 |
| model.action_encoder.patch_embed                        |                   50 |                        0 |                        0 |       0 |
| model.action_encoder.embed                              |               156096 |                        0 |                        0 |       0 |
| model.action_encoder.embed.0                            |                 8448 |                        0 |                        0 |       0 |
| model.action_encoder.embed.1                            |                    0 |                        0 |                        0 |       0 |
| model.action_encoder.embed.2                            |               147648 |                        0 |                        0 |       0 |
| model.projector                                         |               792768 |                        0 |                        0 |    4097 |
| model.projector.net                                     |               792768 |                        0 |                        0 |    4097 |
| model.projector.net.0                                   |               395264 |                        0 |                        0 |       0 |
| model.projector.net.1                                   |                 4096 |                        0 |                        0 |    4097 |
| model.projector.net.2                                   |                    0 |                        0 |                        0 |       0 |
| model.projector.net.3                                   |               393408 |                        0 |                        0 |       0 |
| model.pred_proj                                         |               792768 |                        0 |                        0 |    4097 |
| model.pred_proj.net                                     |               792768 |                        0 |                        0 |    4097 |
| model.pred_proj.net.0                                   |               395264 |                        0 |                        0 |       0 |
| model.pred_proj.net.1                                   |                 4096 |                        0 |                        0 |    4097 |
| model.pred_proj.net.2                                   |                    0 |                        0 |                        0 |       0 |
| model.pred_proj.net.3                                   |               393408 |                        0 |                        0 |       0 |
| model.probe_head                                        |                 3080 |                        0 |                        0 |       0 |
| sigreg                                                  |                    0 |                        0 |                        0 |      51 |
+---------------------------------------------------------+----------------------+--------------------------+--------------------------+---------+
00:30:06 | INFO  | utils.py    | ── SLURM ─────────────────────────────────────────
00:30:06 | INFO  | trainer_inf~|   Job ID: N/A
00:30:06 | INFO  | trainer_inf~|   Task ID: N/A
00:30:06 | INFO  | trainer_inf~|   Job Name: N/A
00:30:06 | INFO  | trainer_inf~|   Nodes: N/A
00:30:06 | INFO  | trainer_inf~|   Tasks: N/A
00:30:06 | INFO  | trainer_inf~|   CPUs per node: N/A
00:30:06 | INFO  | trainer_inf~|   CPUs per task: N/A
00:30:06 | INFO  | trainer_inf~|   Memory per node: N/A
00:30:06 | INFO  | trainer_inf~|   Memory per CPU: N/A
00:30:06 | INFO  | trainer_inf~|   Time limit: N/A
00:30:06 | INFO  | trainer_inf~|   Partition: N/A
00:30:06 | INFO  | trainer_inf~|   Node List: N/A
00:30:06 | INFO  | trainer_inf~|   Submit Directory: N/A
00:30:06 | INFO  | utils.py    | ── HardwareMonitor ───────────────────────────────
00:30:06 | INFO  | hardware_mo~|   interval: 10.0s
00:30:06 | INFO  | hardware_mo~|   prefix:   'hardware/'
00:30:06 | INFO  | hardware_mo~|   metrics:  cpu=True ram=True disk=True net=True gpu=True
00:30:06 | INFO  | hardware_mo~|   per-rank: rank 0 only
LOCAL_RANK: 0 - CUDA_VISIBLE_DEVICES: [6]
00:30:06 | WARN  | env_info.py | ! pip freeze failed: Command '['/home/likun-share/junjxu/wm/le-wm/.venv/bin/python', '-m', 'pip', 'freeze']' returned non-zero exit status 1.
00:30:06 | OK    | env_info.py | ✓ Packages: 0 packages collected in 0.02s
00:30:06 | WARN  | hardware_mo~| HardwareMonitor: pynvml unavailable (ModuleNotFoundError("No module named 'pynvml'")); GPU metrics disabled.
00:30:06 | INFO  | utils.py    | ── Optimizers ────────────────────────────────────
00:30:06 | INFO  | module.py   |   Optimizer specified by Dict with keys ['model_opt']
00:30:06 | INFO  | module.py   | 
┏━━━━━━━━━━━━━┳━━━━━━━━━━━┳━━━━━━━━━━━━━━━━━━━┳━━━━━━━━━━━━━━━━━┳━━━━━━━━━━━━━━━━┳━━━━━━━━━━━━━━━━━━━━━━━━┓
┃ Optimizer   ┃ Pattern   ┃   Matched Modules ┃   Param Tensors ┃   Total Params ┃   RequiresGrad Tensors ┃
┣━━━━━━━━━━━━━╋━━━━━━━━━━━╋━━━━━━━━━━━━━━━━━━━╋━━━━━━━━━━━━━━━━━╋━━━━━━━━━━━━━━━━╋━━━━━━━━━━━━━━━━━━━━━━━━┫
┃ model_opt   ┃ model     ┃               317 ┃             299 ┃       18037498 ┃                    299 ┃
┗━━━━━━━━━━━━━┻━━━━━━━━━━━┻━━━━━━━━━━━━━━━━━━━┻━━━━━━━━━━━━━━━━━┻━━━━━━━━━━━━━━━━┻━━━━━━━━━━━━━━━━━━━━━━━━┛
00:30:06 | INFO  | lr_schedule~| 	User provided a dict
Loading `train_dataloader` to estimate number of stepping batches.
/home/likun-share/junjxu/wm/le-wm/.venv/lib/python3.10/site-packages/lance/__init__.py:320: UserWarning: lance is not fork-safe. If you are using multiprocessing, use spawn or forkserver instead.
  warnings.warn(
/usr/lib/python3.10/multiprocessing/popen_fork.py:66: RuntimeWarning: lancedb fork support is experimental: the internal async runtime has been reset in the forked child, but a small chance of deadlock remains if other state was mid-operation at fork time. The 'forkserver' or 'spawn' multiprocessing start method is likely a safer alternative.
  self.pid = os.fork()
/home/likun-share/junjxu/wm/le-wm/.venv/lib/python3.10/site-packages/lance/__init__.py:320: UserWarning: lance is not fork-safe. If you are using multiprocessing, use spawn or forkserver instead.
  warnings.warn(
/usr/lib/python3.10/multiprocessing/popen_fork.py:66: RuntimeWarning: lancedb fork support is experimental: the internal async runtime has been reset in the forked child, but a small chance of deadlock remains if other state was mid-operation at fork time. The 'forkserver' or 'spawn' multiprocessing start method is likely a safer alternative.
  self.pid = os.fork()
/usr/lib/python3.10/multiprocessing/popen_fork.py:66: RuntimeWarning: lancedb fork support is experimental: the internal async runtime has been reset in the forked child, but a small chance of deadlock remains if other state was mid-operation at fork time. The 'forkserver' or 'spawn' multiprocessing start method is likely a safer alternative.
  self.pid = os.fork()
/usr/lib/python3.10/multiprocessing/popen_fork.py:66: RuntimeWarning: lancedb fork support is experimental: the internal async runtime has been reset in the forked child, but a small chance of deadlock remains if other state was mid-operation at fork time. The 'forkserver' or 'spawn' multiprocessing start method is likely a safer alternative.
  self.pid = os.fork()
/usr/lib/python3.10/multiprocessing/popen_fork.py:66: RuntimeWarning: lancedb fork support is experimental: the internal async runtime has been reset in the forked child, but a small chance of deadlock remains if other state was mid-operation at fork time. The 'forkserver' or 'spawn' multiprocessing start method is likely a safer alternative.
  self.pid = os.fork()
/usr/lib/python3.10/multiprocessing/popen_fork.py:66: RuntimeWarning: lancedb fork support is experimental: the internal async runtime has been reset in the forked child, but a small chance of deadlock remains if other state was mid-operation at fork time. The 'forkserver' or 'spawn' multiprocessing start method is likely a safer alternative.
  self.pid = os.fork()
00:30:07 | INFO  | module.py   |   Configured optimizer 'model_opt' (modules=317, param_tensors=299, total_params=18037498) with LinearWarmupCosineAnnealingLR scheduler.
/home/likun-share/junjxu/wm/le-wm/.venv/lib/python3.10/site-packages/lightning/pytorch/utilities/model_summary/model_summary.py:242: Precision bf16-mixed is not supported by the model summary.  Estimated model size in MB will not be accurate. Using 32 bits instead.
┏━━━┳━━━━━━━━━━━━━━━━━━━┳━━━━━━━━━━━━┳━━━━━━━━┳━━━━━━━┳━━━━━━━┓
┃   ┃ Name              ┃ Type       ┃ Params ┃ Mode  ┃ FLOPs ┃
┡━━━╇━━━━━━━━━━━━━━━━━━━╇━━━━━━━━━━━━╇━━━━━━━━╇━━━━━━━╇━━━━━━━┩
│ 0 │ callbacks_modules │ ModuleDict │      0 │ train │     0 │
│ 1 │ callbacks_metrics │ ModuleDict │      0 │ train │     0 │
│ 2 │ model             │ JEPA       │ 18.0 M │ train │     0 │
│ 3 │ sigreg            │ SIGReg     │      0 │ train │     0 │
└───┴───────────────────┴────────────┴────────┴───────┴───────┘
Trainable params: 18.0 M                                                        
Non-trainable params: 0                                                         
Total params: 18.0 M                                                            
Total estimated model params size (MB): 72.150                                  
Modules in train mode: 320                                                      
Modules in eval mode: 0                                                         
Total FLOPs: 0                                                                  
00:30:07 | INFO  | logger.py   | [RegistryLogger] summary.json flushed (0 metrics, step=0, epoch=0) → /data1/likun-share/junjxu/.cache_stable-pretraining/runs/20260626/003006/39cae41ef516/summary.json
/usr/lib/python3.10/multiprocessing/popen_fork.py:66: RuntimeWarning: lancedb fork support is experimental: the internal async runtime has been reset in the forked child, but a small chance of deadlock remains if other state was mid-operation at fork time. The 'forkserver' or 'spawn' multiprocessing start method is likely a safer alternative.
  self.pid = os.fork()
/usr/lib/python3.10/multiprocessing/popen_fork.py:66: RuntimeWarning: lancedb fork support is experimental: the internal async runtime has been reset in the forked child, but a small chance of deadlock remains if other state was mid-operation at fork time. The 'forkserver' or 'spawn' multiprocessing start method is likely a safer alternative.
  self.pid = os.fork()
/usr/lib/python3.10/multiprocessing/popen_fork.py:66: RuntimeWarning: lancedb fork support is experimental: the internal async runtime has been reset in the forked child, but a small chance of deadlock remains if other state was mid-operation at fork time. The 'forkserver' or 'spawn' multiprocessing start method is likely a safer alternative.
  self.pid = os.fork()
/usr/lib/python3.10/multiprocessing/popen_fork.py:66: RuntimeWarning: lancedb fork support is experimental: the internal async runtime has been reset in the forked child, but a small chance of deadlock remains if other state was mid-operation at fork time. The 'forkserver' or 'spawn' multiprocessing start method is likely a safer alternative.
  self.pid = os.fork()
/usr/lib/python3.10/multiprocessing/popen_fork.py:66: RuntimeWarning: lancedb fork support is experimental: the internal async runtime has been reset in the forked child, but a small chance of deadlock remains if other state was mid-operation at fork time. The 'forkserver' or 'spawn' multiprocessing start method is likely a safer alternative.
  self.pid = os.fork()
/usr/lib/python3.10/multiprocessing/popen_fork.py:66: RuntimeWarning: lancedb fork support is experimental: the internal async runtime has been reset in the forked child, but a small chance of deadlock remains if other state was mid-operation at fork time. The 'forkserver' or 'spawn' multiprocessing start method is likely a safer alternative.
  self.pid = os.fork()
/home/likun-share/junjxu/wm/le-wm/.venv/lib/python3.10/site-packages/lightning/pytorch/utilities/data.py:79: Trying to infer the `batch_size` from an ambiguous collection. The batch size we found is 128. To avoid any miscalculations, use `self.log(..., batch_size=batch_size)`.
00:30:15 | INFO  | trainer_inf~| \n+----------------------------+--------------------+
|           Metric           |       Value        |
+----------------------------+--------------------+
|       [0;34;40mvalidate/loss[0m        | [0;32;40m14.672977447509766[0m |
|    [0;34;40mvalidate/loss_epoch[0m     | [0;32;40m14.672977447509766[0m |
|     [0;34;40mvalidate/pred_loss[0m     | [0;32;40m0.4085690677165985[0m |
|  [0;34;40mvalidate/pred_loss_epoch[0m  | [0;32;40m0.4085690677165985[0m |
|    [0;34;40mvalidate/probe_loss[0m     | [0;32;40m0.9858157634735107[0m |
| [0;34;40mvalidate/probe_loss_epoch[0m  | [0;32;40m0.9858157634735107[0m |
|    [0;34;40mvalidate/sigreg_loss[0m    |        [0;32;40m49.0[0m        |
| [0;34;40mvalidate/sigreg_loss_epoch[0m |        [0;32;40m49.0[0m        |
+----------------------------+--------------------+
00:30:15 | WARN  | hf_models.py| ! No Hugging Face (PreTrainedModel) submodules found in LightningModule.
00:30:15 | INFO  | utils.py    | ── Optimizers ────────────────────────────────────
00:30:15 | INFO  | module.py   |   self.optimizers() gave us 1 optimizers
00:30:15 | WARN  | module.py   | ! No clip val found for optimizer default_0
00:30:15 | WARN  | module.py   | ! Will use the Trainer's value of 1.0
00:30:15 | WARN  | module.py   | ! No clip algorithm found for optimizer default_0
00:30:15 | WARN  | module.py   | ! Will use the Trainer's value of None
00:30:15 | OK    | module.py   | ✓ Optimizer check complete:
+------------+-----------+----------------+-----------+-----------+
| Opt. Index | Opt. name |      opt       | clip val. | clip alg. |
+------------+-----------+----------------+-----------+-----------+
|     0      | default_0 | LightningAdamW |    1.0    |    None   |
+------------+-----------+----------------+-----------+-----------+
00:30:15 | INFO  | utils.py    | ── LogUnusedParametersOnce ───────────────────────
00:30:15 | INFO  | unused_para~|   registered hooks on 299 leaf parameters
00:30:16 | OK    | unused_para~| ✓ all tracked parameters received gradients on the first backward pass
00:30:16 | INFO  | unused_para~|   hooks removed, callback disabled
00:30:17 | WARN  | env_info.py | ! nvidia-smi timed out
00:30:17 | OK    | env_info.py | ✓ Git: main @ d08f4ef4
00:30:17 | INFO  | env_info.py |   Remote: git@github.com-xuustc99:XuUSTC99/wm.git
00:30:17 | WARN  | env_info.py | ! Working directory has uncommitted changes
00:30:17 | OK    | env_info.py | ✓ Environment: 4 relevant variables captured
00:30:17 | INFO  | env_info.py |   Serializing environment data...
00:30:17 | INFO  | env_info.py |   File exists, using version 159: environment_v159.json
00:30:17 | INFO  | env_info.py |   File exists, using version 161: requirements_frozen_v161.txt
00:30:17 | INFO  | env_info.py |   Save directory: /home/likun-share/.cache/stable-pretraining
00:30:17 | INFO  | env_info.py |   Writing environment to temp file...
00:30:17 | INFO  | env_info.py |   Moving to: environment_v159.json
00:30:17 | OK    | env_info.py | ✓ Environment file saved (2.8 KB)
00:30:17 | OK    | env_info.py | ✓ Requirements file saved (0.1 KB)
[Epoch 0/20] step 50/203 (3.3 it/s)
[Epoch 0/20] step 100/203 (3.1 it/s)
[Epoch 0/20] step 150/203 (3.2 it/s)
[Epoch 0/20] step 200/203 (3.2 it/s)
/home/likun-share/junjxu/wm/le-wm/.venv/lib/python3.10/site-packages/lightning/pytorch/utilities/data.py:79: Trying to infer the `batch_size` from an ambiguous collection. The batch size we found is 83. To avoid any miscalculations, use `self.log(..., batch_size=batch_size)`.
00:31:26 | INFO  | trainer_inf~| \n+----------------------------+------------------------+
|           Metric           |         Value          |
+----------------------------+------------------------+
|          [0;34;40mfit/loss[0m          |   [0;32;40m1.0479451417922974[0m   |
|       [0;34;40mfit/pred_loss[0m        |  [0;32;40m0.04524638503789902[0m   |
|       [0;34;40mfit/probe_loss[0m       |  [0;32;40m0.06765268743038177[0m   |
|      [0;34;40mfit/sigreg_loss[0m       |         [0;32;40m3.625[0m          |
|    [0;34;40mhardware/cpu_percent[0m    |          [0;32;40m43.5[0m          |
|  [0;34;40mhardware/disk_read_mb_s[0m   | [0;32;40m0.0015621187631040812[0m  |
|  [0;34;40mhardware/disk_write_mb_s[0m  |   [0;32;40m50.481040954589844[0m   |
|   [0;34;40mhardware/net_recv_mb_s[0m   |  [0;32;40m0.024065343663096428[0m  |
|   [0;34;40mhardware/net_sent_mb_s[0m   |  [0;32;40m0.061051443219184875[0m  |
|    [0;34;40mhardware/ram_used_gb[0m    |   [0;32;40m141.78077697753906[0m   |
|   [0;34;40mhardware/ram_used_pct[0m    |   [0;32;40m14.100000381469727[0m   |
|    [0;34;40mhparams/lr_default_0[0m    | [0;32;40m4.9797443352872506e-05[0m |
|       [0;34;40mvalidate/loss[0m        |   [0;32;40m1.1700094938278198[0m   |
|    [0;34;40mvalidate/loss_epoch[0m     |   [0;32;40m1.1700094938278198[0m   |
|     [0;34;40mvalidate/pred_loss[0m     |   [0;32;40m0.0451483391225338[0m   |
|  [0;34;40mvalidate/pred_loss_epoch[0m  |   [0;32;40m0.0451483391225338[0m   |
|    [0;34;40mvalidate/probe_loss[0m     |  [0;32;40m0.07294830679893494[0m   |
| [0;34;40mvalidate/probe_loss_epoch[0m  |  [0;32;40m0.07294830679893494[0m   |
|    [0;34;40mvalidate/sigreg_loss[0m    |   [0;32;40m4.391417503356934[0m    |
| [0;34;40mvalidate/sigreg_loss_epoch[0m |   [0;32;40m4.391417503356934[0m    |
+----------------------------+------------------------+
[Epoch 0/20] done in 71.7s
00:31:26 | INFO  | checkpoint_~|   Checking for non PyTorch modules to save
00:31:26 | INFO  | atomic_chec~| [atomic_save] → /data1/likun-share/junjxu/.cache_stable-pretraining/runs/20260626/003006/39cae41ef516/checkpoints/epoch=0-step=203.ckpt
00:31:27 | INFO  | atomic_chec~| [atomic_save] ✓ epoch=0-step=203.ckpt saved (206.8 MiB, serialise=0.31s write=0.20s rename=0.0ms)
00:31:27 | INFO  | checkpoint_~|   Checking for non PyTorch modules to save
00:31:27 | INFO  | atomic_chec~| [atomic_save] → /data1/likun-share/junjxu/.cache_stable-pretraining/runs/20260626/003006/39cae41ef516/checkpoints/last.ckpt
00:31:27 | INFO  | atomic_chec~| [atomic_save] ✓ last.ckpt saved (206.8 MiB, serialise=0.30s write=0.22s rename=0.0ms)
[Epoch 1/20] step 50/203 (2.8 it/s)
[Epoch 1/20] step 100/203 (3.1 it/s)
[Epoch 1/20] step 150/203 (3.2 it/s)
[Epoch 1/20] step 200/203 (3.2 it/s)
00:32:39 | INFO  | trainer_inf~| \n+----------------------------+-----------------------+
|           Metric           |         Value         |
+----------------------------+-----------------------+
|          [0;34;40mfit/loss[0m          |   [0;32;40m0.8509277701377869[0m  |
|       [0;34;40mfit/pred_loss[0m        |  [0;32;40m0.04125797748565674[0m  |
|       [0;34;40mfit/probe_loss[0m       |  [0;32;40m0.05518572777509689[0m  |
|      [0;34;40mfit/sigreg_loss[0m       |        [0;32;40m2.859375[0m       |
|    [0;34;40mhardware/cpu_percent[0m    |   [0;32;40m36.70000076293945[0m   |
|  [0;34;40mhardware/disk_read_mb_s[0m   | [0;32;40m0.0011716618901118636[0m |
|  [0;34;40mhardware/disk_write_mb_s[0m  |   [0;32;40m57.22357940673828[0m   |
|   [0;34;40mhardware/net_recv_mb_s[0m   |  [0;32;40m0.023993801325559616[0m |
|   [0;34;40mhardware/net_sent_mb_s[0m   |  [0;32;40m0.05977621302008629[0m  |
|    [0;34;40mhardware/ram_used_gb[0m    |   [0;32;40m140.76173400878906[0m  |
|   [0;34;40mhardware/ram_used_pct[0m    |          [0;32;40m14.0[0m         |
|    [0;34;40mhparams/lr_default_0[0m    | [0;32;40m4.898431870969944e-05[0m |
|       [0;34;40mvalidate/loss[0m        |   [0;32;40m1.0097737312316895[0m  |
|    [0;34;40mvalidate/loss_epoch[0m     |   [0;32;40m1.0097737312316895[0m  |
|     [0;34;40mvalidate/pred_loss[0m     |  [0;32;40m0.03532697632908821[0m  |
|  [0;34;40mvalidate/pred_loss_epoch[0m  |  [0;32;40m0.03532697632908821[0m  |
|    [0;34;40mvalidate/probe_loss[0m     |  [0;32;40m0.05842287093400955[0m  |
| [0;34;40mvalidate/probe_loss_epoch[0m  |  [0;32;40m0.05842287093400955[0m  |
|    [0;34;40mvalidate/sigreg_loss[0m    |   [0;32;40m4.3359293937683105[0m  |
| [0;34;40mvalidate/sigreg_loss_epoch[0m |   [0;32;40m4.3359293937683105[0m  |
+----------------------------+-----------------------+
[Epoch 1/20] done in 71.4s
00:32:39 | INFO  | checkpoint_~|   Checking for non PyTorch modules to save
00:32:39 | INFO  | atomic_chec~| [atomic_save] → /data1/likun-share/junjxu/.cache_stable-pretraining/runs/20260626/003006/39cae41ef516/checkpoints/epoch=1-step=406.ckpt
00:32:39 | INFO  | atomic_chec~| [atomic_save] ✓ epoch=1-step=406.ckpt saved (206.8 MiB, serialise=0.27s write=0.20s rename=0.1ms)
00:32:39 | INFO  | checkpoint_~|   Checking for non PyTorch modules to save
00:32:39 | INFO  | atomic_chec~| [atomic_save] → /data1/likun-share/junjxu/.cache_stable-pretraining/runs/20260626/003006/39cae41ef516/checkpoints/last.ckpt
00:32:40 | INFO  | atomic_chec~| [atomic_save] ✓ last.ckpt saved (206.8 MiB, serialise=0.29s write=0.19s rename=23.8ms)
[Epoch 2/20] step 50/203 (3.0 it/s)
[Epoch 2/20] step 100/203 (3.2 it/s)
[Epoch 2/20] step 150/203 (3.3 it/s)
[Epoch 2/20] step 200/203 (3.3 it/s)
00:33:49 | INFO  | trainer_inf~| \n+----------------------------+-----------------------+
|           Metric           |         Value         |
+----------------------------+-----------------------+
|          [0;34;40mfit/loss[0m          |   [0;32;40m0.826619029045105[0m   |
|       [0;34;40mfit/pred_loss[0m        |  [0;32;40m0.03881927207112312[0m  |
|       [0;34;40mfit/probe_loss[0m       |  [0;32;40m0.056319039314985275[0m |
|      [0;34;40mfit/sigreg_loss[0m       |          [0;32;40m2.5[0m          |
|    [0;34;40mhardware/cpu_percent[0m    |   [0;32;40m35.099998474121094[0m  |
|  [0;34;40mhardware/disk_read_mb_s[0m   |  [0;32;40m0.45381590723991394[0m  |
|  [0;34;40mhardware/disk_write_mb_s[0m  |   [0;32;40m52.153682708740234[0m  |
|   [0;34;40mhardware/net_recv_mb_s[0m   |  [0;32;40m0.08126091212034225[0m  |
|   [0;34;40mhardware/net_sent_mb_s[0m   |  [0;32;40m0.08029865473508835[0m  |
|    [0;34;40mhardware/ram_used_gb[0m    |   [0;32;40m140.54916381835938[0m  |
|   [0;34;40mhardware/ram_used_pct[0m    |          [0;32;40m14.0[0m         |
|    [0;34;40mhparams/lr_default_0[0m    | [0;32;40m4.756883572554216e-05[0m |
|       [0;34;40mvalidate/loss[0m        |   [0;32;40m1.0219340324401855[0m  |
|    [0;34;40mvalidate/loss_epoch[0m     |   [0;32;40m1.0219340324401855[0m  |
|     [0;34;40mvalidate/pred_loss[0m     |  [0;32;40m0.03364088386297226[0m  |
|  [0;34;40mvalidate/pred_loss_epoch[0m  |  [0;32;40m0.03364088386297226[0m  |
|    [0;34;40mvalidate/probe_loss[0m     |  [0;32;40m0.058059267699718475[0m |
| [0;34;40mvalidate/probe_loss_epoch[0m  |  [0;32;40m0.058059267699718475[0m |
|    [0;34;40mvalidate/sigreg_loss[0m    |   [0;32;40m4.527903079986572[0m   |
| [0;34;40mvalidate/sigreg_loss_epoch[0m |   [0;32;40m4.527903079986572[0m   |
+----------------------------+-----------------------+
[Epoch 2/20] done in 69.7s
00:33:49 | INFO  | checkpoint_~|   Checking for non PyTorch modules to save
00:33:49 | INFO  | atomic_chec~| [atomic_save] → /data1/likun-share/junjxu/.cache_stable-pretraining/runs/20260626/003006/39cae41ef516/checkpoints/epoch=2-step=609.ckpt
00:33:50 | INFO  | atomic_chec~| [atomic_save] ✓ epoch=2-step=609.ckpt saved (206.8 MiB, serialise=0.31s write=0.19s rename=0.0ms)
00:33:50 | INFO  | checkpoint_~|   Checking for non PyTorch modules to save
00:33:50 | INFO  | atomic_chec~| [atomic_save] → /data1/likun-share/junjxu/.cache_stable-pretraining/runs/20260626/003006/39cae41ef516/checkpoints/last.ckpt
00:33:50 | INFO  | atomic_chec~| [atomic_save] ✓ last.ckpt saved (206.8 MiB, serialise=0.26s write=0.19s rename=26.5ms)
[Epoch 3/20] step 50/203 (3.0 it/s)
[Epoch 3/20] step 100/203 (3.2 it/s)
[Epoch 3/20] step 150/203 (3.3 it/s)
[Epoch 3/20] step 200/203 (3.3 it/s)
00:35:00 | INFO  | trainer_inf~| \n+----------------------------+-----------------------+
|           Metric           |         Value         |
+----------------------------+-----------------------+
|          [0;34;40mfit/loss[0m          |   [0;32;40m0.8153895139694214[0m  |
|       [0;34;40mfit/pred_loss[0m        |  [0;32;40m0.032186899334192276[0m |
|       [0;34;40mfit/probe_loss[0m       |  [0;32;40m0.05712885409593582[0m  |
|      [0;34;40mfit/sigreg_loss[0m       |        [0;32;40m2.359375[0m       |
|    [0;34;40mhardware/cpu_percent[0m    |   [0;32;40m37.099998474121094[0m  |
|  [0;34;40mhardware/disk_read_mb_s[0m   |  [0;32;40m0.001171654206700623[0m |
|  [0;34;40mhardware/disk_write_mb_s[0m  |   [0;32;40m52.61703872680664[0m   |
|   [0;34;40mhardware/net_recv_mb_s[0m   |  [0;32;40m0.08185217529535294[0m  |
|   [0;34;40mhardware/net_sent_mb_s[0m   |  [0;32;40m0.10521737486124039[0m  |
|    [0;34;40mhardware/ram_used_gb[0m    |   [0;32;40m141.24307250976562[0m  |
|   [0;34;40mhardware/ram_used_pct[0m    |          [0;32;40m14.0[0m         |
|    [0;34;40mhparams/lr_default_0[0m    | [0;32;40m4.558654109132476e-05[0m |
|       [0;34;40mvalidate/loss[0m        |   [0;32;40m0.7562874555587769[0m  |
|    [0;34;40mvalidate/loss_epoch[0m     |   [0;32;40m0.7562874555587769[0m  |
|     [0;34;40mvalidate/pred_loss[0m     |  [0;32;40m0.03040304034948349[0m  |
|  [0;34;40mvalidate/pred_loss_epoch[0m  |  [0;32;40m0.03040304034948349[0m  |
|    [0;34;40mvalidate/probe_loss[0m     |  [0;32;40m0.04339488595724106[0m  |
| [0;34;40mvalidate/probe_loss_epoch[0m  |  [0;32;40m0.04339488595724106[0m  |
|    [0;34;40mvalidate/sigreg_loss[0m    |   [0;32;40m3.243591547012329[0m   |
| [0;34;40mvalidate/sigreg_loss_epoch[0m |   [0;32;40m3.243591547012329[0m   |
+----------------------------+-----------------------+
[Epoch 3/20] done in 69.6s
00:35:00 | INFO  | checkpoint_~|   Checking for non PyTorch modules to save
00:35:00 | INFO  | atomic_chec~| [atomic_save] → /data1/likun-share/junjxu/.cache_stable-pretraining/runs/20260626/003006/39cae41ef516/checkpoints/epoch=3-step=812.ckpt
00:35:01 | INFO  | atomic_chec~| [atomic_save] ✓ epoch=3-step=812.ckpt saved (206.8 MiB, serialise=0.25s write=0.19s rename=0.1ms)
00:35:01 | INFO  | checkpoint_~|   Checking for non PyTorch modules to save
00:35:01 | INFO  | atomic_chec~| [atomic_save] → /data1/likun-share/junjxu/.cache_stable-pretraining/runs/20260626/003006/39cae41ef516/checkpoints/last.ckpt
00:35:01 | INFO  | atomic_chec~| [atomic_save] ✓ last.ckpt saved (206.8 MiB, serialise=0.26s write=0.21s rename=26.3ms)
[Epoch 4/20] step 50/203 (3.0 it/s)
[Epoch 4/20] step 100/203 (3.2 it/s)
[Epoch 4/20] step 150/203 (3.3 it/s)
[Epoch 4/20] step 200/203 (3.3 it/s)
00:36:11 | INFO  | trainer_inf~| \n+----------------------------+----------------------+
|           Metric           |        Value         |
+----------------------------+----------------------+
|          [0;34;40mfit/loss[0m          |  [0;32;40m0.6266230344772339[0m  |
|       [0;34;40mfit/pred_loss[0m        | [0;32;40m0.030509889125823975[0m |
|       [0;34;40mfit/probe_loss[0m       | [0;32;40m0.03890819102525711[0m  |
|      [0;34;40mfit/sigreg_loss[0m       |       [0;32;40m2.296875[0m       |
|    [0;34;40mhardware/cpu_percent[0m    |  [0;32;40m37.599998474121094[0m  |
|  [0;34;40mhardware/disk_read_mb_s[0m   |         [0;32;40m0.0[0m          |
|  [0;34;40mhardware/disk_write_mb_s[0m  |  [0;32;40m9.449748039245605[0m   |
|   [0;34;40mhardware/net_recv_mb_s[0m   | [0;32;40m0.10689333081245422[0m  |
|   [0;34;40mhardware/net_sent_mb_s[0m   |  [0;32;40m0.2851830720901489[0m  |
|    [0;34;40mhardware/ram_used_gb[0m    |  [0;32;40m141.76942443847656[0m  |
|   [0;34;40mhardware/ram_used_pct[0m    |  [0;32;40m14.100000381469727[0m  |
|    [0;34;40mhparams/lr_default_0[0m    | [0;32;40m4.30872205470223e-05[0m |
|       [0;34;40mvalidate/loss[0m        |  [0;32;40m0.7145989537239075[0m  |
|    [0;34;40mvalidate/loss_epoch[0m     |  [0;32;40m0.7145989537239075[0m  |
|     [0;34;40mvalidate/pred_loss[0m     | [0;32;40m0.028199980035424232[0m |
|  [0;34;40mvalidate/pred_loss_epoch[0m  | [0;32;40m0.028199980035424232[0m |
|    [0;34;40mvalidate/probe_loss[0m     | [0;32;40m0.03929366171360016[0m  |
| [0;34;40mvalidate/probe_loss_epoch[0m  | [0;32;40m0.03929366171360016[0m  |
|    [0;34;40mvalidate/sigreg_loss[0m    |  [0;32;40m3.2608766555786133[0m  |
| [0;34;40mvalidate/sigreg_loss_epoch[0m |  [0;32;40m3.2608766555786133[0m  |
+----------------------------+----------------------+
[Epoch 4/20] done in 69.8s
00:36:11 | INFO  | checkpoint_~|   Checking for non PyTorch modules to save
00:36:11 | INFO  | atomic_chec~| [atomic_save] → /data1/likun-share/junjxu/.cache_stable-pretraining/runs/20260626/003006/39cae41ef516/checkpoints/epoch=4-step=1015.ckpt
00:36:11 | INFO  | atomic_chec~| [atomic_save] ✓ epoch=4-step=1015.ckpt saved (206.8 MiB, serialise=0.30s write=0.19s rename=0.0ms)
00:36:11 | INFO  | checkpoint_~|   Checking for non PyTorch modules to save
00:36:11 | INFO  | atomic_chec~| [atomic_save] → /data1/likun-share/junjxu/.cache_stable-pretraining/runs/20260626/003006/39cae41ef516/checkpoints/last.ckpt
00:36:12 | INFO  | atomic_chec~| [atomic_save] ✓ last.ckpt saved (206.8 MiB, serialise=0.31s write=0.23s rename=28.9ms)
[Epoch 5/20] step 50/203 (3.0 it/s)
[Epoch 5/20] step 100/203 (3.2 it/s)
[Epoch 5/20] step 150/203 (3.2 it/s)
[Epoch 5/20] step 200/203 (3.2 it/s)
00:37:22 | INFO  | trainer_inf~| \n+----------------------------+------------------------+
|           Metric           |         Value          |
+----------------------------+------------------------+
|          [0;34;40mfit/loss[0m          |   [0;32;40m0.5753412246704102[0m   |
|       [0;34;40mfit/pred_loss[0m        |  [0;32;40m0.025956209748983383[0m  |
|       [0;34;40mfit/probe_loss[0m       |  [0;32;40m0.03540724888443947[0m   |
|      [0;34;40mfit/sigreg_loss[0m       |        [0;32;40m2.171875[0m        |
|    [0;34;40mhardware/cpu_percent[0m    |   [0;32;40m38.20000076293945[0m    |
|  [0;34;40mhardware/disk_read_mb_s[0m   |  [0;32;40m0.06639289110898972[0m   |
|  [0;34;40mhardware/disk_write_mb_s[0m  |   [0;32;40m13.393399238586426[0m   |
|   [0;34;40mhardware/net_recv_mb_s[0m   |   [0;32;40m0.0537448525428772[0m   |
|   [0;34;40mhardware/net_sent_mb_s[0m   |  [0;32;40m0.08466724306344986[0m   |
|    [0;34;40mhardware/ram_used_gb[0m    |   [0;32;40m141.1864013671875[0m    |
|   [0;34;40mhardware/ram_used_pct[0m    |          [0;32;40m14.0[0m          |
|    [0;34;40mhparams/lr_default_0[0m    | [0;32;40m4.0133647416951135e-05[0m |
|       [0;34;40mvalidate/loss[0m        |   [0;32;40m0.7090017199516296[0m   |
|    [0;34;40mvalidate/loss_epoch[0m     |   [0;32;40m0.7090017199516296[0m   |
|     [0;34;40mvalidate/pred_loss[0m     |  [0;32;40m0.02442975528538227[0m   |
|  [0;34;40mvalidate/pred_loss_epoch[0m  |  [0;32;40m0.02442975528538227[0m   |
|    [0;34;40mvalidate/probe_loss[0m     |  [0;32;40m0.042607732117176056[0m  |
| [0;34;40mvalidate/probe_loss_epoch[0m  |  [0;32;40m0.042607732117176056[0m  |
|    [0;34;40mvalidate/sigreg_loss[0m    |   [0;32;40m2.872412919998169[0m    |
| [0;34;40mvalidate/sigreg_loss_epoch[0m |   [0;32;40m2.872412919998169[0m    |
+----------------------------+------------------------+
[Epoch 5/20] done in 70.5s
00:37:23 | INFO  | checkpoint_~|   Checking for non PyTorch modules to save
00:37:23 | INFO  | atomic_chec~| [atomic_save] → /data1/likun-share/junjxu/.cache_stable-pretraining/runs/20260626/003006/39cae41ef516/checkpoints/epoch=5-step=1218.ckpt
00:37:23 | INFO  | atomic_chec~| [atomic_save] ✓ epoch=5-step=1218.ckpt saved (206.8 MiB, serialise=0.27s write=0.19s rename=0.0ms)
00:37:23 | INFO  | checkpoint_~|   Checking for non PyTorch modules to save
00:37:23 | INFO  | atomic_chec~| [atomic_save] → /data1/likun-share/junjxu/.cache_stable-pretraining/runs/20260626/003006/39cae41ef516/checkpoints/last.ckpt
00:37:24 | INFO  | atomic_chec~| [atomic_save] ✓ last.ckpt saved (206.8 MiB, serialise=0.26s write=0.19s rename=26.0ms)
[Epoch 6/20] step 50/203 (3.0 it/s)
[Epoch 6/20] step 100/203 (3.2 it/s)
[Epoch 6/20] step 150/203 (3.3 it/s)
[Epoch 6/20] step 200/203 (3.3 it/s)
00:38:33 | INFO  | trainer_inf~| \n+----------------------------+-----------------------+
|           Metric           |         Value         |
+----------------------------+-----------------------+
|          [0;34;40mfit/loss[0m          |   [0;32;40m0.5994569659233093[0m  |
|       [0;34;40mfit/pred_loss[0m        |  [0;32;40m0.026423977687954903[0m |
|       [0;34;40mfit/probe_loss[0m       |  [0;32;40m0.03855329751968384[0m  |
|      [0;34;40mfit/sigreg_loss[0m       |        [0;32;40m2.078125[0m       |
|    [0;34;40mhardware/cpu_percent[0m    |   [0;32;40m38.29999923706055[0m   |
|  [0;34;40mhardware/disk_read_mb_s[0m   | [0;32;40m0.0011716348817571998[0m |
|  [0;34;40mhardware/disk_write_mb_s[0m  |   [0;32;40m9.147734642028809[0m   |
|   [0;34;40mhardware/net_recv_mb_s[0m   |  [0;32;40m0.21994678676128387[0m  |
|   [0;34;40mhardware/net_sent_mb_s[0m   |   [0;32;40m0.6073475480079651[0m  |
|    [0;34;40mhardware/ram_used_gb[0m    |   [0;32;40m141.16018676757812[0m  |
|   [0;34;40mhardware/ram_used_pct[0m    |          [0;32;40m14.0[0m         |
|    [0;34;40mhparams/lr_default_0[0m    | [0;32;40m3.679999281303026e-05[0m |
|       [0;34;40mvalidate/loss[0m        |   [0;32;40m0.673081636428833[0m   |
|    [0;34;40mvalidate/loss_epoch[0m     |   [0;32;40m0.673081636428833[0m   |
|     [0;34;40mvalidate/pred_loss[0m     |  [0;32;40m0.026631968095898628[0m |
|  [0;34;40mvalidate/pred_loss_epoch[0m  |  [0;32;40m0.026631968095898628[0m |
|    [0;34;40mvalidate/probe_loss[0m     |  [0;32;40m0.038981612771749496[0m |
| [0;34;40mvalidate/probe_loss_epoch[0m  |  [0;32;40m0.038981612771749496[0m |
|    [0;34;40mvalidate/sigreg_loss[0m    |   [0;32;40m2.8502609729766846[0m  |
| [0;34;40mvalidate/sigreg_loss_epoch[0m |   [0;32;40m2.8502609729766846[0m  |
+----------------------------+-----------------------+
[Epoch 6/20] done in 69.9s
00:38:33 | INFO  | checkpoint_~|   Checking for non PyTorch modules to save
00:38:33 | INFO  | atomic_chec~| [atomic_save] → /data1/likun-share/junjxu/.cache_stable-pretraining/runs/20260626/003006/39cae41ef516/checkpoints/epoch=6-step=1421.ckpt
00:38:34 | INFO  | atomic_chec~| [atomic_save] ✓ epoch=6-step=1421.ckpt saved (206.8 MiB, serialise=0.25s write=0.19s rename=0.0ms)
00:38:34 | INFO  | checkpoint_~|   Checking for non PyTorch modules to save
00:38:34 | INFO  | atomic_chec~| [atomic_save] → /data1/likun-share/junjxu/.cache_stable-pretraining/runs/20260626/003006/39cae41ef516/checkpoints/last.ckpt
00:38:34 | INFO  | atomic_chec~| [atomic_save] ✓ last.ckpt saved (206.8 MiB, serialise=0.25s write=0.21s rename=27.1ms)
[Epoch 7/20] step 50/203 (3.0 it/s)
[Epoch 7/20] step 100/203 (3.2 it/s)
[Epoch 7/20] step 150/203 (3.2 it/s)
[Epoch 7/20] step 200/203 (3.2 it/s)
00:39:45 | INFO  | trainer_inf~| \n+----------------------------+-----------------------+
|           Metric           |         Value         |
+----------------------------+-----------------------+
|          [0;34;40mfit/loss[0m          |   [0;32;40m0.4717608094215393[0m  |
|       [0;34;40mfit/pred_loss[0m        |  [0;32;40m0.024084994569420815[0m |
|       [0;34;40mfit/probe_loss[0m       |  [0;32;40m0.026603519916534424[0m |
|      [0;34;40mfit/sigreg_loss[0m       |        [0;32;40m2.015625[0m       |
|    [0;34;40mhardware/cpu_percent[0m    |   [0;32;40m33.79999923706055[0m   |
|  [0;34;40mhardware/disk_read_mb_s[0m   |          [0;32;40m0.0[0m          |
|  [0;34;40mhardware/disk_write_mb_s[0m  |   [0;32;40m13.04417896270752[0m   |
|   [0;34;40mhardware/net_recv_mb_s[0m   |   [0;32;40m0.1091158390045166[0m  |
|   [0;34;40mhardware/net_sent_mb_s[0m   |  [0;32;40m0.25991836190223694[0m  |
|    [0;34;40mhardware/ram_used_gb[0m    |   [0;32;40m136.8544464111328[0m   |
|   [0;34;40mhardware/ram_used_pct[0m    |   [0;32;40m13.600000381469727[0m  |
|    [0;34;40mhparams/lr_default_0[0m    | [0;32;40m3.316998481750488e-05[0m |
|       [0;34;40mvalidate/loss[0m        |   [0;32;40m0.6770778894424438[0m  |
|    [0;34;40mvalidate/loss_epoch[0m     |   [0;32;40m0.6770778894424438[0m  |
|     [0;34;40mvalidate/pred_loss[0m     |  [0;32;40m0.026717737317085266[0m |
|  [0;34;40mvalidate/pred_loss_epoch[0m  |  [0;32;40m0.026717737317085266[0m |
|    [0;34;40mvalidate/probe_loss[0m     |  [0;32;40m0.03789778798818588[0m  |
| [0;34;40mvalidate/probe_loss_epoch[0m  |  [0;32;40m0.03789778798818588[0m  |
|    [0;34;40mvalidate/sigreg_loss[0m    |   [0;32;40m3.0142505168914795[0m  |
| [0;34;40mvalidate/sigreg_loss_epoch[0m |   [0;32;40m3.0142505168914795[0m  |
+----------------------------+-----------------------+
[Epoch 7/20] done in 70.4s
00:39:45 | INFO  | checkpoint_~|   Checking for non PyTorch modules to save
00:39:45 | INFO  | atomic_chec~| [atomic_save] → /data1/likun-share/junjxu/.cache_stable-pretraining/runs/20260626/003006/39cae41ef516/checkpoints/epoch=7-step=1624.ckpt
00:39:45 | INFO  | atomic_chec~| [atomic_save] ✓ epoch=7-step=1624.ckpt saved (206.8 MiB, serialise=0.27s write=0.20s rename=0.0ms)
00:39:45 | INFO  | checkpoint_~|   Checking for non PyTorch modules to save
00:39:45 | INFO  | atomic_chec~| [atomic_save] → /data1/likun-share/junjxu/.cache_stable-pretraining/runs/20260626/003006/39cae41ef516/checkpoints/last.ckpt
00:39:46 | INFO  | atomic_chec~| [atomic_save] ✓ last.ckpt saved (206.8 MiB, serialise=0.26s write=0.19s rename=55.5ms)
[Epoch 8/20] step 50/203 (3.0 it/s)
[Epoch 8/20] step 100/203 (3.2 it/s)
[Epoch 8/20] step 150/203 (3.3 it/s)
[Epoch 8/20] step 200/203 (3.3 it/s)
00:40:55 | INFO  | trainer_inf~| \n+----------------------------+------------------------+
|           Metric           |         Value          |
+----------------------------+------------------------+
|          [0;34;40mfit/loss[0m          |   [0;32;40m0.5295700430870056[0m   |
|       [0;34;40mfit/pred_loss[0m        |  [0;32;40m0.02728390321135521[0m   |
|       [0;34;40mfit/probe_loss[0m       |  [0;32;40m0.03304111212491989[0m   |
|      [0;34;40mfit/sigreg_loss[0m       |        [0;32;40m1.90625[0m         |
|    [0;34;40mhardware/cpu_percent[0m    |   [0;32;40m31.799999237060547[0m   |
|  [0;34;40mhardware/disk_read_mb_s[0m   | [0;32;40m0.00039051962085068226[0m |
|  [0;34;40mhardware/disk_write_mb_s[0m  |   [0;32;40m8.929621696472168[0m    |
|   [0;34;40mhardware/net_recv_mb_s[0m   |  [0;32;40m0.12321028113365173[0m   |
|   [0;34;40mhardware/net_sent_mb_s[0m   |  [0;32;40m0.31687235832214355[0m   |
|    [0;34;40mhardware/ram_used_gb[0m    |   [0;32;40m135.62985229492188[0m   |
|   [0;34;40mhardware/ram_used_pct[0m    |          [0;32;40m13.5[0m          |
|    [0;34;40mhparams/lr_default_0[0m    | [0;32;40m2.9334791179280728e-05[0m |
|       [0;34;40mvalidate/loss[0m        |   [0;32;40m0.6425594091415405[0m   |
|    [0;34;40mvalidate/loss_epoch[0m     |   [0;32;40m0.6425594091415405[0m   |
|     [0;34;40mvalidate/pred_loss[0m     |  [0;32;40m0.022343028336763382[0m  |
|  [0;34;40mvalidate/pred_loss_epoch[0m  |  [0;32;40m0.022343028336763382[0m  |
|    [0;34;40mvalidate/probe_loss[0m     |   [0;32;40m0.0379767008125782[0m   |
| [0;34;40mvalidate/probe_loss_epoch[0m  |   [0;32;40m0.0379767008125782[0m   |
|    [0;34;40mvalidate/sigreg_loss[0m    |   [0;32;40m2.6728129386901855[0m   |
| [0;34;40mvalidate/sigreg_loss_epoch[0m |   [0;32;40m2.6728129386901855[0m   |
+----------------------------+------------------------+
[Epoch 8/20] done in 69.1s
00:40:55 | INFO  | checkpoint_~|   Checking for non PyTorch modules to save
00:40:55 | INFO  | atomic_chec~| [atomic_save] → /data1/likun-share/junjxu/.cache_stable-pretraining/runs/20260626/003006/39cae41ef516/checkpoints/epoch=8-step=1827.ckpt
00:40:55 | INFO  | atomic_chec~| [atomic_save] ✓ epoch=8-step=1827.ckpt saved (206.8 MiB, serialise=0.27s write=0.20s rename=0.1ms)
00:40:55 | INFO  | checkpoint_~|   Checking for non PyTorch modules to save
00:40:55 | INFO  | atomic_chec~| [atomic_save] → /data1/likun-share/junjxu/.cache_stable-pretraining/runs/20260626/003006/39cae41ef516/checkpoints/last.ckpt
00:40:56 | INFO  | atomic_chec~| [atomic_save] ✓ last.ckpt saved (206.8 MiB, serialise=0.26s write=0.20s rename=27.3ms)
[Epoch 9/20] step 50/203 (3.0 it/s)
[Epoch 9/20] step 100/203 (3.3 it/s)
[Epoch 9/20] step 150/203 (3.3 it/s)
[Epoch 9/20] step 200/203 (3.3 it/s)
00:42:05 | INFO  | trainer_inf~| \n+----------------------------+-----------------------+
|           Metric           |         Value         |
+----------------------------+-----------------------+
|          [0;34;40mfit/loss[0m          |   [0;32;40m0.5936959981918335[0m  |
|       [0;34;40mfit/pred_loss[0m        |  [0;32;40m0.02270386926829815[0m  |
|       [0;34;40mfit/probe_loss[0m       |  [0;32;40m0.03913046047091484[0m  |
|      [0;34;40mfit/sigreg_loss[0m       |       [0;32;40m1.9921875[0m       |
|    [0;34;40mhardware/cpu_percent[0m    |   [0;32;40m31.799999237060547[0m  |
|  [0;34;40mhardware/disk_read_mb_s[0m   |          [0;32;40m0.0[0m          |
|  [0;34;40mhardware/disk_write_mb_s[0m  |   [0;32;40m15.612831115722656[0m  |
|   [0;34;40mhardware/net_recv_mb_s[0m   |  [0;32;40m0.02361525595188141[0m  |
|   [0;34;40mhardware/net_sent_mb_s[0m   |   [0;32;40m0.0596315898001194[0m  |
|    [0;34;40mhardware/ram_used_gb[0m    |   [0;32;40m134.83091735839844[0m  |
|   [0;34;40mhardware/ram_used_pct[0m    |   [0;32;40m13.399999618530273[0m  |
|    [0;34;40mhparams/lr_default_0[0m    | [0;32;40m2.539072920626495e-05[0m |
|       [0;34;40mvalidate/loss[0m        |   [0;32;40m0.6032803654670715[0m  |
|    [0;34;40mvalidate/loss_epoch[0m     |   [0;32;40m0.6032803654670715[0m  |
|     [0;34;40mvalidate/pred_loss[0m     |  [0;32;40m0.022091761231422424[0m |
|  [0;34;40mvalidate/pred_loss_epoch[0m  |  [0;32;40m0.022091761231422424[0m |
|    [0;34;40mvalidate/probe_loss[0m     |  [0;32;40m0.03439066931605339[0m  |
| [0;34;40mvalidate/probe_loss_epoch[0m  |  [0;32;40m0.03439066931605339[0m  |
|    [0;34;40mvalidate/sigreg_loss[0m    |   [0;32;40m2.636415481567383[0m   |
| [0;34;40mvalidate/sigreg_loss_epoch[0m |   [0;32;40m2.636415481567383[0m   |
+----------------------------+-----------------------+
[Epoch 9/20] done in 69.2s
00:42:05 | INFO  | checkpoint_~|   Checking for non PyTorch modules to save
00:42:05 | INFO  | atomic_chec~| [atomic_save] → /data1/likun-share/junjxu/.cache_stable-pretraining/runs/20260626/003006/39cae41ef516/checkpoints/epoch=9-step=2030.ckpt
00:42:06 | INFO  | atomic_chec~| [atomic_save] ✓ epoch=9-step=2030.ckpt saved (206.8 MiB, serialise=0.26s write=0.20s rename=0.1ms)
00:42:06 | INFO  | checkpoint_~|   Checking for non PyTorch modules to save
00:42:06 | INFO  | atomic_chec~| [atomic_save] → /data1/likun-share/junjxu/.cache_stable-pretraining/runs/20260626/003006/39cae41ef516/checkpoints/last.ckpt
00:42:06 | INFO  | atomic_chec~| [atomic_save] ✓ last.ckpt saved (206.8 MiB, serialise=0.26s write=0.20s rename=31.4ms)
[Epoch 10/20] step 50/203 (3.0 it/s)
[Epoch 10/20] step 100/203 (3.2 it/s)
[Epoch 10/20] step 150/203 (3.3 it/s)
[Epoch 10/20] step 200/203 (3.3 it/s)
00:43:16 | INFO  | trainer_inf~| \n+----------------------------+------------------------+
|           Metric           |         Value          |
+----------------------------+------------------------+
|          [0;34;40mfit/loss[0m          |   [0;32;40m0.5570983290672302[0m   |
|       [0;34;40mfit/pred_loss[0m        |  [0;32;40m0.02449454553425312[0m   |
|       [0;34;40mfit/probe_loss[0m       |  [0;32;40m0.037244752049446106[0m  |
|      [0;34;40mfit/sigreg_loss[0m       |        [0;32;40m1.78125[0m         |
|    [0;34;40mhardware/cpu_percent[0m    |   [0;32;40m39.900001525878906[0m   |
|  [0;34;40mhardware/disk_read_mb_s[0m   | [0;32;40m0.0003905008197762072[0m  |
|  [0;34;40mhardware/disk_write_mb_s[0m  |   [0;32;40m16.724760055541992[0m   |
|   [0;34;40mhardware/net_recv_mb_s[0m   |  [0;32;40m0.12225069105625153[0m   |
|   [0;34;40mhardware/net_sent_mb_s[0m   |  [0;32;40m0.29149580001831055[0m   |
|    [0;34;40mhardware/ram_used_gb[0m    |   [0;32;40m143.28663635253906[0m   |
|   [0;34;40mhardware/ram_used_pct[0m    |   [0;32;40m14.199999809265137[0m   |
|    [0;34;40mhparams/lr_default_0[0m    | [0;32;40m2.1436855604406446e-05[0m |
|       [0;34;40mvalidate/loss[0m        |   [0;32;40m0.5848783850669861[0m   |
|    [0;34;40mvalidate/loss_epoch[0m     |   [0;32;40m0.5848783850669861[0m   |
|     [0;34;40mvalidate/pred_loss[0m     |  [0;32;40m0.01944645680487156[0m   |
|  [0;34;40mvalidate/pred_loss_epoch[0m  |  [0;32;40m0.01944645680487156[0m   |
|    [0;34;40mvalidate/probe_loss[0m     |  [0;32;40m0.034219954162836075[0m  |
| [0;34;40mvalidate/probe_loss_epoch[0m  |  [0;32;40m0.034219954162836075[0m  |
|    [0;34;40mvalidate/sigreg_loss[0m    |   [0;32;40m2.4791953563690186[0m   |
| [0;34;40mvalidate/sigreg_loss_epoch[0m |   [0;32;40m2.4791953563690186[0m   |
+----------------------------+------------------------+
[Epoch 10/20] done in 69.8s
00:43:16 | INFO  | checkpoint_~|   Checking for non PyTorch modules to save
00:43:16 | INFO  | atomic_chec~| [atomic_save] → /data1/likun-share/junjxu/.cache_stable-pretraining/runs/20260626/003006/39cae41ef516/checkpoints/epoch=10-step=2233.ckpt
00:43:16 | INFO  | atomic_chec~| [atomic_save] ✓ epoch=10-step=2233.ckpt saved (206.8 MiB, serialise=0.26s write=0.21s rename=0.0ms)
00:43:16 | INFO  | checkpoint_~|   Checking for non PyTorch modules to save
00:43:16 | INFO  | atomic_chec~| [atomic_save] → /data1/likun-share/junjxu/.cache_stable-pretraining/runs/20260626/003006/39cae41ef516/checkpoints/last.ckpt
00:43:17 | INFO  | atomic_chec~| [atomic_save] ✓ last.ckpt saved (206.8 MiB, serialise=0.26s write=0.20s rename=26.7ms)
[Epoch 11/20] step 50/203 (3.0 it/s)
[Epoch 11/20] step 100/203 (3.2 it/s)
[Epoch 11/20] step 150/203 (3.3 it/s)
[Epoch 11/20] step 200/203 (3.3 it/s)
00:44:26 | INFO  | trainer_inf~| \n+----------------------------+-----------------------+
|           Metric           |         Value         |
+----------------------------+-----------------------+
|          [0;34;40mfit/loss[0m          |   [0;32;40m0.5458624958992004[0m  |
|       [0;34;40mfit/pred_loss[0m        |  [0;32;40m0.025644587352871895[0m |
|       [0;34;40mfit/probe_loss[0m       |  [0;32;40m0.03483428806066513[0m  |
|      [0;34;40mfit/sigreg_loss[0m       |        [0;32;40m1.90625[0m        |
|    [0;34;40mhardware/cpu_percent[0m    |   [0;32;40m39.400001525878906[0m  |
|  [0;34;40mhardware/disk_read_mb_s[0m   |          [0;32;40m0.0[0m          |
|  [0;34;40mhardware/disk_write_mb_s[0m  |   [0;32;40m42.30853271484375[0m   |
|   [0;34;40mhardware/net_recv_mb_s[0m   |  [0;32;40m0.061412252485752106[0m |
|   [0;34;40mhardware/net_sent_mb_s[0m   |  [0;32;40m0.11193061619997025[0m  |
|    [0;34;40mhardware/ram_used_gb[0m    |   [0;32;40m144.05877685546875[0m  |
|   [0;34;40mhardware/ram_used_pct[0m    |   [0;32;40m14.300000190734863[0m  |
|    [0;34;40mhparams/lr_default_0[0m    | [0;32;40m1.757246718625538e-05[0m |
|       [0;34;40mvalidate/loss[0m        |   [0;32;40m0.5836543440818787[0m  |
|    [0;34;40mvalidate/loss_epoch[0m     |   [0;32;40m0.5836543440818787[0m  |
|     [0;34;40mvalidate/pred_loss[0m     |  [0;32;40m0.021556738764047623[0m |
|  [0;34;40mvalidate/pred_loss_epoch[0m  |  [0;32;40m0.021556738764047623[0m |
|    [0;34;40mvalidate/probe_loss[0m     |   [0;32;40m0.0334700345993042[0m  |
| [0;34;40mvalidate/probe_loss_epoch[0m  |   [0;32;40m0.0334700345993042[0m  |
|    [0;34;40mvalidate/sigreg_loss[0m    |   [0;32;40m2.5267603397369385[0m  |
| [0;34;40mvalidate/sigreg_loss_epoch[0m |   [0;32;40m2.5267603397369385[0m  |
+----------------------------+-----------------------+
[Epoch 11/20] done in 69.5s
00:44:26 | INFO  | checkpoint_~|   Checking for non PyTorch modules to save
00:44:26 | INFO  | atomic_chec~| [atomic_save] → /data1/likun-share/junjxu/.cache_stable-pretraining/runs/20260626/003006/39cae41ef516/checkpoints/epoch=11-step=2436.ckpt
00:44:27 | INFO  | atomic_chec~| [atomic_save] ✓ epoch=11-step=2436.ckpt saved (206.8 MiB, serialise=0.29s write=0.20s rename=0.0ms)
00:44:27 | INFO  | checkpoint_~|   Checking for non PyTorch modules to save
00:44:27 | INFO  | atomic_chec~| [atomic_save] → /data1/likun-share/junjxu/.cache_stable-pretraining/runs/20260626/003006/39cae41ef516/checkpoints/last.ckpt
00:44:27 | INFO  | atomic_chec~| [atomic_save] ✓ last.ckpt saved (206.8 MiB, serialise=0.26s write=0.19s rename=27.9ms)
[Epoch 12/20] step 50/203 (3.1 it/s)
[Epoch 12/20] step 100/203 (3.2 it/s)
[Epoch 12/20] step 150/203 (3.3 it/s)
[Epoch 12/20] step 200/203 (3.3 it/s)
00:45:37 | INFO  | trainer_inf~| \n+----------------------------+------------------------+
|           Metric           |         Value          |
+----------------------------+------------------------+
|          [0;34;40mfit/loss[0m          |   [0;32;40m0.5190191864967346[0m   |
|       [0;34;40mfit/pred_loss[0m        |  [0;32;40m0.021893978118896484[0m  |
|       [0;34;40mfit/probe_loss[0m       |  [0;32;40m0.032329708337783813[0m  |
|      [0;34;40mfit/sigreg_loss[0m       |       [0;32;40m1.9296875[0m        |
|    [0;34;40mhardware/cpu_percent[0m    |   [0;32;40m40.79999923706055[0m    |
|  [0;34;40mhardware/disk_read_mb_s[0m   |   [0;32;40m2.489729642868042[0m    |
|  [0;34;40mhardware/disk_write_mb_s[0m  |   [0;32;40m10.312752723693848[0m   |
|   [0;34;40mhardware/net_recv_mb_s[0m   |  [0;32;40m0.035365182906389236[0m  |
|   [0;34;40mhardware/net_sent_mb_s[0m   |  [0;32;40m0.07044336944818497[0m   |
|    [0;34;40mhardware/ram_used_gb[0m    |   [0;32;40m150.0454559326172[0m    |
|   [0;34;40mhardware/ram_used_pct[0m    |   [0;32;40m14.899999618530273[0m   |
|    [0;34;40mhparams/lr_default_0[0m    | [0;32;40m1.3894621588406153e-05[0m |
|       [0;34;40mvalidate/loss[0m        |   [0;32;40m0.5567188858985901[0m   |
|    [0;34;40mvalidate/loss_epoch[0m     |   [0;32;40m0.5567188858985901[0m   |
|     [0;34;40mvalidate/pred_loss[0m     |  [0;32;40m0.020121721550822258[0m  |
|  [0;34;40mvalidate/pred_loss_epoch[0m  |  [0;32;40m0.020121721550822258[0m  |
|    [0;34;40mvalidate/probe_loss[0m     |  [0;32;40m0.03172281011939049[0m   |
| [0;34;40mvalidate/probe_loss_epoch[0m  |  [0;32;40m0.03172281011939049[0m   |
|    [0;34;40mvalidate/sigreg_loss[0m    |    [0;32;40m2.4371497631073[0m     |
| [0;34;40mvalidate/sigreg_loss_epoch[0m |    [0;32;40m2.4371497631073[0m     |
+----------------------------+------------------------+
[Epoch 12/20] done in 69.4s
00:45:37 | INFO  | checkpoint_~|   Checking for non PyTorch modules to save
00:45:37 | INFO  | atomic_chec~| [atomic_save] → /data1/likun-share/junjxu/.cache_stable-pretraining/runs/20260626/003006/39cae41ef516/checkpoints/epoch=12-step=2639.ckpt
00:45:37 | INFO  | atomic_chec~| [atomic_save] ✓ epoch=12-step=2639.ckpt saved (206.8 MiB, serialise=0.26s write=0.19s rename=0.0ms)
00:45:37 | INFO  | checkpoint_~|   Checking for non PyTorch modules to save
00:45:37 | INFO  | atomic_chec~| [atomic_save] → /data1/likun-share/junjxu/.cache_stable-pretraining/runs/20260626/003006/39cae41ef516/checkpoints/last.ckpt
00:45:38 | INFO  | atomic_chec~| [atomic_save] ✓ last.ckpt saved (206.8 MiB, serialise=0.28s write=0.20s rename=27.9ms)
[Epoch 13/20] step 50/203 (3.0 it/s)
[Epoch 13/20] step 100/203 (3.2 it/s)
[Epoch 13/20] step 150/203 (3.3 it/s)
[Epoch 13/20] step 200/203 (3.3 it/s)
00:46:47 | INFO  | trainer_inf~| \n+----------------------------+------------------------+
|           Metric           |         Value          |
+----------------------------+------------------------+
|          [0;34;40mfit/loss[0m          |  [0;32;40m0.45337989926338196[0m   |
|       [0;34;40mfit/pred_loss[0m        |  [0;32;40m0.02416464127600193[0m   |
|       [0;34;40mfit/probe_loss[0m       |  [0;32;40m0.025343401357531548[0m  |
|      [0;34;40mfit/sigreg_loss[0m       |        [0;32;40m1.953125[0m        |
|    [0;34;40mhardware/cpu_percent[0m    |   [0;32;40m39.20000076293945[0m    |
|  [0;34;40mhardware/disk_read_mb_s[0m   |          [0;32;40m0.0[0m           |
|  [0;34;40mhardware/disk_write_mb_s[0m  |    [0;32;40m9.40625286102295[0m    |
|   [0;34;40mhardware/net_recv_mb_s[0m   |  [0;32;40m0.12439720332622528[0m   |
|   [0;34;40mhardware/net_sent_mb_s[0m   |   [0;32;40m0.3113696873188019[0m   |
|    [0;34;40mhardware/ram_used_gb[0m    |   [0;32;40m146.15713500976562[0m   |
|   [0;34;40mhardware/ram_used_pct[0m    |          [0;32;40m14.5[0m          |
|    [0;34;40mhparams/lr_default_0[0m    | [0;32;40m1.0495683454792015e-05[0m |
|       [0;34;40mvalidate/loss[0m        |   [0;32;40m0.5484521985054016[0m   |
|    [0;34;40mvalidate/loss_epoch[0m     |   [0;32;40m0.5484521985054016[0m   |
|     [0;34;40mvalidate/pred_loss[0m     |  [0;32;40m0.020012352615594864[0m  |
|  [0;34;40mvalidate/pred_loss_epoch[0m  |  [0;32;40m0.020012352615594864[0m  |
|    [0;34;40mvalidate/probe_loss[0m     |  [0;32;40m0.031129198148846626[0m  |
| [0;34;40mvalidate/probe_loss_epoch[0m  |  [0;32;40m0.031129198148846626[0m  |
|    [0;34;40mvalidate/sigreg_loss[0m    |   [0;32;40m2.4126853942871094[0m   |
| [0;34;40mvalidate/sigreg_loss_epoch[0m |   [0;32;40m2.4126853942871094[0m   |
+----------------------------+------------------------+
[Epoch 13/20] done in 69.4s
00:46:47 | INFO  | checkpoint_~|   Checking for non PyTorch modules to save
00:46:47 | INFO  | atomic_chec~| [atomic_save] → /data1/likun-share/junjxu/.cache_stable-pretraining/runs/20260626/003006/39cae41ef516/checkpoints/epoch=13-step=2842.ckpt
00:46:48 | INFO  | atomic_chec~| [atomic_save] ✓ epoch=13-step=2842.ckpt saved (206.8 MiB, serialise=0.29s write=0.20s rename=0.0ms)
00:46:48 | INFO  | checkpoint_~|   Checking for non PyTorch modules to save
00:46:48 | INFO  | atomic_chec~| [atomic_save] → /data1/likun-share/junjxu/.cache_stable-pretraining/runs/20260626/003006/39cae41ef516/checkpoints/last.ckpt
00:46:48 | INFO  | atomic_chec~| [atomic_save] ✓ last.ckpt saved (206.8 MiB, serialise=0.27s write=0.20s rename=26.3ms)
[Epoch 14/20] step 50/203 (3.0 it/s)
[Epoch 14/20] step 100/203 (3.2 it/s)
[Epoch 14/20] step 150/203 (3.3 it/s)
[Epoch 14/20] step 200/203 (3.3 it/s)
00:47:58 | INFO  | trainer_inf~| \n+----------------------------+-----------------------+
|           Metric           |         Value         |
+----------------------------+-----------------------+
|          [0;34;40mfit/loss[0m          |   [0;32;40m0.4424159824848175[0m  |
|       [0;34;40mfit/pred_loss[0m        |  [0;32;40m0.020751632750034332[0m |
|       [0;34;40mfit/probe_loss[0m       |  [0;32;40m0.025564871728420258[0m |
|      [0;34;40mfit/sigreg_loss[0m       |        [0;32;40m1.84375[0m        |
|    [0;34;40mhardware/cpu_percent[0m    |   [0;32;40m39.20000076293945[0m   |
|  [0;34;40mhardware/disk_read_mb_s[0m   |          [0;32;40m0.0[0m          |
|  [0;34;40mhardware/disk_write_mb_s[0m  |   [0;32;40m10.101265907287598[0m  |
|   [0;34;40mhardware/net_recv_mb_s[0m   |  [0;32;40m0.03336239606142044[0m  |
|   [0;34;40mhardware/net_sent_mb_s[0m   |  [0;32;40m0.06907660514116287[0m  |
|    [0;34;40mhardware/ram_used_gb[0m    |   [0;32;40m145.79287719726562[0m  |
|   [0;34;40mhardware/ram_used_pct[0m    |          [0;32;40m14.5[0m         |
|    [0;34;40mhparams/lr_default_0[0m    | [0;32;40m7.461018412868725e-06[0m |
|       [0;34;40mvalidate/loss[0m        |   [0;32;40m0.5250873565673828[0m  |
|    [0;34;40mvalidate/loss_epoch[0m     |   [0;32;40m0.5250873565673828[0m  |
|     [0;34;40mvalidate/pred_loss[0m     |  [0;32;40m0.019331758841872215[0m |
|  [0;34;40mvalidate/pred_loss_epoch[0m  |  [0;32;40m0.019331758841872215[0m |
|    [0;34;40mvalidate/probe_loss[0m     |  [0;32;40m0.02939658798277378[0m  |
| [0;34;40mvalidate/probe_loss_epoch[0m  |  [0;32;40m0.02939658798277378[0m  |
|    [0;34;40mvalidate/sigreg_loss[0m    |   [0;32;40m2.3519396781921387[0m  |
| [0;34;40mvalidate/sigreg_loss_epoch[0m |   [0;32;40m2.3519396781921387[0m  |
+----------------------------+-----------------------+
[Epoch 14/20] done in 69.3s
00:47:58 | INFO  | checkpoint_~|   Checking for non PyTorch modules to save
00:47:58 | INFO  | atomic_chec~| [atomic_save] → /data1/likun-share/junjxu/.cache_stable-pretraining/runs/20260626/003006/39cae41ef516/checkpoints/epoch=14-step=3045.ckpt
00:47:58 | INFO  | atomic_chec~| [atomic_save] ✓ epoch=14-step=3045.ckpt saved (206.8 MiB, serialise=0.26s write=0.19s rename=0.1ms)
00:47:58 | INFO  | checkpoint_~|   Checking for non PyTorch modules to save
00:47:58 | INFO  | atomic_chec~| [atomic_save] → /data1/likun-share/junjxu/.cache_stable-pretraining/runs/20260626/003006/39cae41ef516/checkpoints/last.ckpt
00:47:59 | INFO  | atomic_chec~| [atomic_save] ✓ last.ckpt saved (206.8 MiB, serialise=0.26s write=0.24s rename=30.0ms)
[Epoch 15/20] step 50/203 (3.1 it/s)
[Epoch 15/20] step 100/203 (3.2 it/s)
[Epoch 15/20] step 150/203 (3.3 it/s)
[Epoch 15/20] step 200/203 (3.3 it/s)
00:49:08 | INFO  | trainer_inf~| \n+----------------------------+-----------------------+
|           Metric           |         Value         |
+----------------------------+-----------------------+
|          [0;34;40mfit/loss[0m          |   [0;32;40m0.5480316877365112[0m  |
|       [0;34;40mfit/pred_loss[0m        |  [0;32;40m0.022761469706892967[0m |
|       [0;34;40mfit/probe_loss[0m       |  [0;32;40m0.03514420986175537[0m  |
|      [0;34;40mfit/sigreg_loss[0m       |       [0;32;40m1.9296875[0m       |
|    [0;34;40mhardware/cpu_percent[0m    |   [0;32;40m38.70000076293945[0m   |
|  [0;34;40mhardware/disk_read_mb_s[0m   |  [0;32;40m0.001171656185761094[0m |
|  [0;34;40mhardware/disk_write_mb_s[0m  |   [0;32;40m51.877418518066406[0m  |
|   [0;34;40mhardware/net_recv_mb_s[0m   |  [0;32;40m0.048322997987270355[0m |
|   [0;34;40mhardware/net_sent_mb_s[0m   |   [0;32;40m0.0916203036904335[0m  |
|    [0;34;40mhardware/ram_used_gb[0m    |   [0;32;40m144.6800537109375[0m   |
|   [0;34;40mhardware/ram_used_pct[0m    |   [0;32;40m14.399999618530273[0m  |
|    [0;34;40mhparams/lr_default_0[0m    | [0;32;40m4.866839390160749e-06[0m |
|       [0;34;40mvalidate/loss[0m        |   [0;32;40m0.5193731784820557[0m  |
|    [0;34;40mvalidate/loss_epoch[0m     |   [0;32;40m0.5193731784820557[0m  |
|     [0;34;40mvalidate/pred_loss[0m     |  [0;32;40m0.019111603498458862[0m |
|  [0;34;40mvalidate/pred_loss_epoch[0m  |  [0;32;40m0.019111603498458862[0m |
|    [0;34;40mvalidate/probe_loss[0m     |  [0;32;40m0.028918733820319176[0m |
| [0;34;40mvalidate/probe_loss_epoch[0m  |  [0;32;40m0.028918733820319176[0m |
|    [0;34;40mvalidate/sigreg_loss[0m    |   [0;32;40m2.347372055053711[0m   |
| [0;34;40mvalidate/sigreg_loss_epoch[0m |   [0;32;40m2.347372055053711[0m   |
+----------------------------+-----------------------+
[Epoch 15/20] done in 68.9s
00:49:08 | INFO  | checkpoint_~|   Checking for non PyTorch modules to save
00:49:08 | INFO  | atomic_chec~| [atomic_save] → /data1/likun-share/junjxu/.cache_stable-pretraining/runs/20260626/003006/39cae41ef516/checkpoints/epoch=15-step=3248.ckpt
00:49:08 | INFO  | atomic_chec~| [atomic_save] ✓ epoch=15-step=3248.ckpt saved (206.8 MiB, serialise=0.26s write=0.20s rename=0.0ms)
00:49:08 | INFO  | checkpoint_~|   Checking for non PyTorch modules to save
00:49:08 | INFO  | atomic_chec~| [atomic_save] → /data1/likun-share/junjxu/.cache_stable-pretraining/runs/20260626/003006/39cae41ef516/checkpoints/last.ckpt
00:49:09 | INFO  | atomic_chec~| [atomic_save] ✓ last.ckpt saved (206.8 MiB, serialise=0.25s write=0.18s rename=27.4ms)
[Epoch 16/20] step 50/203 (3.0 it/s)
[Epoch 16/20] step 100/203 (3.3 it/s)
[Epoch 16/20] step 150/203 (3.3 it/s)
[Epoch 16/20] step 200/203 (3.3 it/s)
00:50:18 | INFO  | trainer_inf~| \n+----------------------------+------------------------+
|           Metric           |         Value          |
+----------------------------+------------------------+
|          [0;34;40mfit/loss[0m          |   [0;32;40m0.4192913770675659[0m   |
|       [0;34;40mfit/pred_loss[0m        |  [0;32;40m0.022859759628772736[0m  |
|       [0;34;40mfit/probe_loss[0m       |  [0;32;40m0.022260349243879318[0m  |
|      [0;34;40mfit/sigreg_loss[0m       |       [0;32;40m1.9296875[0m        |
|    [0;34;40mhardware/cpu_percent[0m    |          [0;32;40m37.5[0m          |
|  [0;34;40mhardware/disk_read_mb_s[0m   | [0;32;40m0.0011715410510078073[0m  |
|  [0;34;40mhardware/disk_write_mb_s[0m  |   [0;32;40m51.46853256225586[0m    |
|   [0;34;40mhardware/net_recv_mb_s[0m   |  [0;32;40m0.05810721591114998[0m   |
|   [0;34;40mhardware/net_sent_mb_s[0m   |  [0;32;40m0.06086293235421181[0m   |
|    [0;34;40mhardware/ram_used_gb[0m    |   [0;32;40m144.54913330078125[0m   |
|   [0;34;40mhardware/ram_used_pct[0m    |   [0;32;40m14.300000190734863[0m   |
|    [0;34;40mhparams/lr_default_0[0m    | [0;32;40m2.7783000859926688e-06[0m |
|       [0;34;40mvalidate/loss[0m        |   [0;32;40m0.5157551765441895[0m   |
|    [0;34;40mvalidate/loss_epoch[0m     |   [0;32;40m0.5157551765441895[0m   |
|     [0;34;40mvalidate/pred_loss[0m     |  [0;32;40m0.018949557095766068[0m  |
|  [0;34;40mvalidate/pred_loss_epoch[0m  |  [0;32;40m0.018949557095766068[0m  |
|    [0;34;40mvalidate/probe_loss[0m     |  [0;32;40m0.02900046855211258[0m   |
| [0;34;40mvalidate/probe_loss_epoch[0m  |  [0;32;40m0.02900046855211258[0m   |
|    [0;34;40mvalidate/sigreg_loss[0m    |   [0;32;40m2.298332929611206[0m    |
| [0;34;40mvalidate/sigreg_loss_epoch[0m |   [0;32;40m2.298332929611206[0m    |
+----------------------------+------------------------+
[Epoch 16/20] done in 69.0s
00:50:18 | INFO  | checkpoint_~|   Checking for non PyTorch modules to save
00:50:18 | INFO  | atomic_chec~| [atomic_save] → /data1/likun-share/junjxu/.cache_stable-pretraining/runs/20260626/003006/39cae41ef516/checkpoints/epoch=16-step=3451.ckpt
00:50:18 | INFO  | atomic_chec~| [atomic_save] ✓ epoch=16-step=3451.ckpt saved (206.8 MiB, serialise=0.27s write=0.19s rename=0.0ms)
00:50:18 | INFO  | checkpoint_~|   Checking for non PyTorch modules to save
00:50:18 | INFO  | atomic_chec~| [atomic_save] → /data1/likun-share/junjxu/.cache_stable-pretraining/runs/20260626/003006/39cae41ef516/checkpoints/last.ckpt
00:50:19 | INFO  | atomic_chec~| [atomic_save] ✓ last.ckpt saved (206.8 MiB, serialise=0.26s write=0.19s rename=26.4ms)
[Epoch 17/20] step 50/203 (3.0 it/s)
[Epoch 17/20] step 100/203 (3.2 it/s)
[Epoch 17/20] step 150/203 (3.3 it/s)
[Epoch 17/20] step 200/203 (3.3 it/s)
00:51:28 | INFO  | trainer_inf~| \n+----------------------------+-----------------------+
|           Metric           |         Value         |
+----------------------------+-----------------------+
|          [0;34;40mfit/loss[0m          |   [0;32;40m0.6161684989929199[0m  |
|       [0;34;40mfit/pred_loss[0m        |  [0;32;40m0.020282739773392677[0m |
|       [0;34;40mfit/probe_loss[0m       |  [0;32;40m0.04435420036315918[0m  |
|      [0;34;40mfit/sigreg_loss[0m       |         [0;32;40m1.6875[0m        |
|    [0;34;40mhardware/cpu_percent[0m    |          [0;32;40m37.0[0m         |
|  [0;34;40mhardware/disk_read_mb_s[0m   |          [0;32;40m0.0[0m          |
|  [0;34;40mhardware/disk_write_mb_s[0m  |    [0;32;40m10.642333984375[0m    |
|   [0;34;40mhardware/net_recv_mb_s[0m   |  [0;32;40m0.06551553308963776[0m  |
|   [0;34;40mhardware/net_sent_mb_s[0m   |  [0;32;40m0.08945868909358978[0m  |
|    [0;34;40mhardware/ram_used_gb[0m    |   [0;32;40m144.6510772705078[0m   |
|   [0;34;40mhardware/ram_used_pct[0m    |   [0;32;40m14.399999618530273[0m  |
|    [0;34;40mhparams/lr_default_0[0m    | [0;32;40m1.247852651431458e-06[0m |
|       [0;34;40mvalidate/loss[0m        |   [0;32;40m0.5126050114631653[0m  |
|    [0;34;40mvalidate/loss_epoch[0m     |   [0;32;40m0.5126050114631653[0m  |
|     [0;34;40mvalidate/pred_loss[0m     |  [0;32;40m0.019230470061302185[0m |
|  [0;34;40mvalidate/pred_loss_epoch[0m  |  [0;32;40m0.019230470061302185[0m |
|    [0;34;40mvalidate/probe_loss[0m     |  [0;32;40m0.028620554134249687[0m |
| [0;34;40mvalidate/probe_loss_epoch[0m  |  [0;32;40m0.028620554134249687[0m |
|    [0;34;40mvalidate/sigreg_loss[0m    |   [0;32;40m2.302415609359741[0m   |
| [0;34;40mvalidate/sigreg_loss_epoch[0m |   [0;32;40m2.302415609359741[0m   |
+----------------------------+-----------------------+
[Epoch 17/20] done in 69.1s
00:51:28 | INFO  | checkpoint_~|   Checking for non PyTorch modules to save
00:51:28 | INFO  | atomic_chec~| [atomic_save] → /data1/likun-share/junjxu/.cache_stable-pretraining/runs/20260626/003006/39cae41ef516/checkpoints/epoch=17-step=3654.ckpt
00:51:28 | INFO  | atomic_chec~| [atomic_save] ✓ epoch=17-step=3654.ckpt saved (206.8 MiB, serialise=0.26s write=0.20s rename=0.1ms)
00:51:28 | INFO  | checkpoint_~|   Checking for non PyTorch modules to save
00:51:28 | INFO  | atomic_chec~| [atomic_save] → /data1/likun-share/junjxu/.cache_stable-pretraining/runs/20260626/003006/39cae41ef516/checkpoints/last.ckpt
00:51:29 | INFO  | atomic_chec~| [atomic_save] ✓ last.ckpt saved (206.8 MiB, serialise=0.26s write=0.19s rename=29.3ms)
[Epoch 18/20] step 50/203 (3.1 it/s)
[Epoch 18/20] step 100/203 (3.2 it/s)
[Epoch 18/20] step 150/203 (3.3 it/s)
[Epoch 18/20] step 200/203 (3.3 it/s)
00:52:38 | INFO  | trainer_inf~| \n+----------------------------+------------------------+
|           Metric           |         Value          |
+----------------------------+------------------------+
|          [0;34;40mfit/loss[0m          |   [0;32;40m0.4864799976348877[0m   |
|       [0;34;40mfit/pred_loss[0m        |  [0;32;40m0.021534409373998642[0m  |
|       [0;34;40mfit/probe_loss[0m       |  [0;32;40m0.029111746698617935[0m  |
|      [0;34;40mfit/sigreg_loss[0m       |       [0;32;40m1.9296875[0m        |
|    [0;34;40mhardware/cpu_percent[0m    |   [0;32;40m39.599998474121094[0m   |
|  [0;34;40mhardware/disk_read_mb_s[0m   |   [0;32;40m3.855865716934204[0m    |
|  [0;34;40mhardware/disk_write_mb_s[0m  |   [0;32;40m20.62359046936035[0m    |
|   [0;34;40mhardware/net_recv_mb_s[0m   |   [0;32;40m0.0957360565662384[0m   |
|   [0;34;40mhardware/net_sent_mb_s[0m   |  [0;32;40m0.16964411735534668[0m   |
|    [0;34;40mhardware/ram_used_gb[0m    |     [0;32;40m145.697265625[0m      |
|   [0;34;40mhardware/ram_used_pct[0m    |          [0;32;40m14.5[0m          |
|    [0;34;40mhparams/lr_default_0[0m    | [0;32;40m3.1393423682857247e-07[0m |
|       [0;34;40mvalidate/loss[0m        |   [0;32;40m0.5106651782989502[0m   |
|    [0;34;40mvalidate/loss_epoch[0m     |   [0;32;40m0.5106651782989502[0m   |
|     [0;34;40mvalidate/pred_loss[0m     |  [0;32;40m0.01885630190372467[0m   |
|  [0;34;40mvalidate/pred_loss_epoch[0m  |  [0;32;40m0.01885630190372467[0m   |
|    [0;34;40mvalidate/probe_loss[0m     |  [0;32;40m0.02858296036720276[0m   |
| [0;34;40mvalidate/probe_loss_epoch[0m  |  [0;32;40m0.02858296036720276[0m   |
|    [0;34;40mvalidate/sigreg_loss[0m    |   [0;32;40m2.2893455028533936[0m   |
| [0;34;40mvalidate/sigreg_loss_epoch[0m |   [0;32;40m2.2893455028533936[0m   |
+----------------------------+------------------------+
[Epoch 18/20] done in 69.7s
00:52:39 | INFO  | checkpoint_~|   Checking for non PyTorch modules to save
00:52:39 | INFO  | atomic_chec~| [atomic_save] → /data1/likun-share/junjxu/.cache_stable-pretraining/runs/20260626/003006/39cae41ef516/checkpoints/epoch=18-step=3857.ckpt
00:52:39 | INFO  | atomic_chec~| [atomic_save] ✓ epoch=18-step=3857.ckpt saved (206.8 MiB, serialise=0.27s write=0.20s rename=0.0ms)
00:52:39 | INFO  | checkpoint_~|   Checking for non PyTorch modules to save
00:52:39 | INFO  | atomic_chec~| [atomic_save] → /data1/likun-share/junjxu/.cache_stable-pretraining/runs/20260626/003006/39cae41ef516/checkpoints/last.ckpt
00:52:40 | INFO  | atomic_chec~| [atomic_save] ✓ last.ckpt saved (206.8 MiB, serialise=0.27s write=0.18s rename=45.6ms)
[Epoch 19/20] step 50/203 (2.9 it/s)
[Epoch 19/20] step 100/203 (3.2 it/s)
[Epoch 19/20] step 150/203 (3.2 it/s)
[Epoch 19/20] step 200/203 (3.2 it/s)
00:53:50 | INFO  | trainer_inf~| \n+----------------------------+----------------------+
|           Metric           |        Value         |
+----------------------------+----------------------+
|          [0;34;40mfit/loss[0m          |  [0;32;40m0.409248411655426[0m   |
|       [0;34;40mfit/pred_loss[0m        | [0;32;40m0.01829605922102928[0m  |
|       [0;34;40mfit/probe_loss[0m       | [0;32;40m0.023177266120910645[0m |
|      [0;34;40mfit/sigreg_loss[0m       |       [0;32;40m1.765625[0m       |
|    [0;34;40mhardware/cpu_percent[0m    |  [0;32;40m36.400001525878906[0m  |
|  [0;34;40mhardware/disk_read_mb_s[0m   |         [0;32;40m0.0[0m          |
|  [0;34;40mhardware/disk_write_mb_s[0m  |  [0;32;40m18.214303970336914[0m  |
|   [0;34;40mhardware/net_recv_mb_s[0m   |  [0;32;40m0.1638215184211731[0m  |
|   [0;34;40mhardware/net_sent_mb_s[0m   | [0;32;40m0.09024409204721451[0m  |
|    [0;34;40mhardware/ram_used_gb[0m    |  [0;32;40m121.50970458984375[0m  |
|   [0;34;40mhardware/ram_used_pct[0m    |  [0;32;40m12.100000381469727[0m  |
|    [0;34;40mhparams/lr_default_0[0m    |         [0;32;40m0.0[0m          |
|       [0;34;40mvalidate/loss[0m        |  [0;32;40m0.5106467604637146[0m  |
|    [0;34;40mvalidate/loss_epoch[0m     |  [0;32;40m0.5106467604637146[0m  |
|     [0;34;40mvalidate/pred_loss[0m     | [0;32;40m0.01894311234354973[0m  |
|  [0;34;40mvalidate/pred_loss_epoch[0m  | [0;32;40m0.01894311234354973[0m  |
|    [0;34;40mvalidate/probe_loss[0m     | [0;32;40m0.02868512086570263[0m  |
| [0;34;40mvalidate/probe_loss_epoch[0m  | [0;32;40m0.02868512086570263[0m  |
|    [0;34;40mvalidate/sigreg_loss[0m    |  [0;32;40m2.2758655548095703[0m  |
| [0;34;40mvalidate/sigreg_loss_epoch[0m |  [0;32;40m2.2758655548095703[0m  |
+----------------------------+----------------------+
[Epoch 19/20] done in 70.3s
00:53:50 | INFO  | checkpoint_~|   Checking for non PyTorch modules to save
00:53:50 | INFO  | atomic_chec~| [atomic_save] → /data1/likun-share/junjxu/.cache_stable-pretraining/runs/20260626/003006/39cae41ef516/checkpoints/epoch=19-step=4060.ckpt
00:53:50 | INFO  | atomic_chec~| [atomic_save] ✓ epoch=19-step=4060.ckpt saved (206.8 MiB, serialise=0.30s write=0.19s rename=0.1ms)
00:53:50 | INFO  | checkpoint_~|   Checking for non PyTorch modules to save
00:53:50 | INFO  | atomic_chec~| [atomic_save] → /data1/likun-share/junjxu/.cache_stable-pretraining/runs/20260626/003006/39cae41ef516/checkpoints/last.ckpt
00:53:51 | INFO  | atomic_chec~| [atomic_save] ✓ last.ckpt saved (206.8 MiB, serialise=0.34s write=0.19s rename=25.6ms)
`Trainer.fit` stopped: `max_epochs=20` reached.
Epoch 19/19 ━━━━━━━━━━━━━━━━━━━━━━━━━━━━━━━ 203/203 0:01:02 • 0:00:00 3.41it/s 
00:53:51 | INFO  | utils.py    | ── SignalHandlers (after Trainer.fit() returned) ──
00:53:51 | INFO  | manager.py  |   SIGUSR1  → SIG_DFL (default OS action — terminate process)
00:53:51 | INFO  | manager.py  |   SIGUSR2  → SIG_DFL (default OS action — terminate process)
00:53:51 | INFO  | manager.py  |   SIGCONT  → SIG_DFL (default OS action — terminate process)
00:53:51 | INFO  | manager.py  |   SIGTERM  → SIG_DFL (default OS action — terminate process)
