00:02:55 | INFO  | __init__.py | PyTorch version 2.9.1+cu128 available.
00:02:55 | INFO  | __init__.py | JAX version 0.6.2 available.
00:02:58 | INFO  | atomic_chec~| [atomic_save] installed crash-safe checkpoint plugin (write to sibling .tmp + fsync + atomic rename)
[2026-06-26 00:02:59,077][root][INFO] - Cached 'action' from '/data1/likun-share/junjxu/.stable_worldmodel/datasets/phyworld_uniform_motion_id1k.h5'
[2026-06-26 00:02:59,078][root][INFO] - Cached 'proprio' from '/data1/likun-share/junjxu/.stable_worldmodel/datasets/phyworld_uniform_motion_id1k.h5'
00:02:59 | INFO  | utils.py    | Created ViT-tiny from scratch with config: {'hidden_size': 192, 'num_hidden_layers': 12, 'num_attention_heads': 3, 'intermediate_size': 768, 'image_size': 224, 'patch_size': 14}
[init_from_ckpt] /data1/likun-share/junjxu/.stable_worldmodel/lewm_paper_pusht/weights.pt
[init_from_ckpt] prefixes=('encoder.', 'projector.', 'pred_proj.') loaded=216 unexpected=0 missing=89
00:02:59 | INFO  | module.py   | Setting up DataModule
00:02:59 | INFO  | utils.py    | ── Module ────────────────────────────────────────
00:02:59 | WARN  | module.py   | ! No hyperparameters provided - hyperparameter logging is disabled.
00:02:59 | INFO  | module.py   |   Setting custom forward method.
00:02:59 | INFO  | module.py   |   Setting attribute: self.model = <class 'jepa.JEPA'>
00:02:59 | INFO  | module.py   |   Setting attribute: self.sigreg = <class 'module.SIGReg'>
00:02:59 | INFO  | module.py   |   Setting attribute: self.optim = <class 'dict'>
00:02:59 | INFO  | module.py   |   No metrics configuration provided - automatic metric tracking is disabled.
/home/likun-share/junjxu/wm/le-wm/.venv/lib/python3.10/site-packages/lightning/fabric/connector.py:571: `precision=bf16` is supported for historical reasons but its usage is discouraged. Please set your precision to bf16-mixed instead!
Using bfloat16 Automatic Mixed Precision (AMP)
00:02:59 | INFO  | env_info.py |   EnvironmentDumpCallback initialized (filename=environment.json, async=True)
00:02:59 | INFO  | utils.py    | ── HuggingFaceCheckpoint ─────────────────────────
00:02:59 | INFO  | hf_models.py|   save_dir: <cyan>hf_exports</cyan>
00:02:59 | INFO  | hf_models.py|   per_step: <cyan>False</cyan>  (False ⇒ overwrite single 'last/' subdir; True ⇒ keep step_N/)
Adding 14 callbacks from entry point 'stablepretraining_callbacks': PrintProgressBar, ModuleRegistryCallback, LoggingCallback, EnvironmentDumpCallback, TrainerInfo, SklearnCheckpoint, WandbCheckpoint, TrackioCheckpoint, SwanLabCheckpoint, ModuleSummary, SLURMInfo, LogUnusedParametersOnce, HuggingFaceCheckpointCallback, HardwareMonitor
GPU available: True (cuda), used: True
TPU available: False, using: 0 TPU cores
💡 Tip: For seamless cloud logging and experiment tracking, try installing [litlogger](https://pypi.org/project/litlogger/) to enable LitLogger, which logs metrics and artifacts automatically to the Lightning Experiments platform.
00:02:59 | INFO  | utils.py    | ── SIGTERM preempt handler — install ─────────────
00:02:59 | INFO  | manager.py  |   SLURM_JOB_ID         = None
00:02:59 | INFO  | manager.py  |   SLURM_RESTART_COUNT  = '0'
00:02:59 | INFO  | manager.py  |   SLURM_PROCID         = '?'
00:02:59 | INFO  | manager.py  |   SLURM_NODEID         = '?'
00:02:59 | INFO  | manager.py  |   → not under SLURM (SLURM_JOB_ID unset); leaving SIGTERM handler as-is. Forwarding to submitit's USR signal would be a no-op since submitit isn't running upstream.
00:02:59 | WARN  | manager.py  | User didn't specify seed, runs won't be exactly reproducible!
00:02:59 | INFO  | manager.py  |   Manager init: ckpt_path=None, weights_only=True
00:02:59 | INFO  | utils.py    | ── WorkingDirectory ──────────────────────────────
00:02:59 | INFO  | manager.py  |   cwd: /home/likun-share/junjxu/wm/le-wm
00:02:59 | INFO  | utils.py    | ── Seed ──────────────────────────────────────────
00:02:59 | INFO  | manager.py  |   seed: None
/home/likun-share/junjxu/wm/le-wm/.venv/lib/python3.10/site-packages/lightning/fabric/utilities/seed.py:44: No seed found, seed set to 0
Seed set to 0
00:02:59 | INFO  | utils.py    | ── RunDirectory ──────────────────────────────────
00:02:59 | INFO  | manager.py  |   cache_dir = /data1/likun-share/junjxu/.cache_stable-pretraining
00:02:59 | INFO  | manager.py  |   ddp: launch_key=(single-process) rank=0 is_rank_zero=True
00:02:59 | INFO  | utils.py    | ── RunDirectory: requeue probe ───────────────────
00:02:59 | INFO  | manager.py  |   SLURM session key   = (no SLURM)
00:02:59 | INFO  | manager.py  |   SLURM_RESTART_COUNT = 0
00:02:59 | INFO  | manager.py  |   in_requeue          = False
00:02:59 | INFO  | utils.py    | ── RunDirectory: fresh ───────────────────────────
00:02:59 | INFO  | manager.py  |   no user ckpt_path — training from scratch / pretrained backbone.
00:02:59 | INFO  | manager.py  |   created run_dir = /data1/likun-share/junjxu/.cache_stable-pretraining/runs/20260626/000259/f13e4826b446
00:02:59 | INFO  | manager.py  |   wrote run_meta.json with run_id=f13e4826b446
00:02:59 | INFO  | manager.py  |   SLURM index = (no SLURM, skipped)
00:02:59 | WARN  | manager.py  | ! cache_dir is set but the Trainer was passed as an already-instantiated object. Cannot override default_root_dir cleanly. Consider passing the trainer as a config dict instead.
00:02:59 | WARN  | manager.py  | ! Hydra run.dir='outputs/2026-06-26/00-02-59' will be ignored for trainer outputs (cache_dir takes precedence).
00:02:59 | WARN  | manager.py  | ! Hydra sweep.dir='multirun/2026-06-26/00-02-59' will be ignored for trainer outputs (cache_dir takes precedence).
00:02:59 | INFO  | logger.py   | [RegistryLogger] run_id=f13e4826b446 run_dir=/data1/likun-share/junjxu/.cache_stable-pretraining/runs/20260626/000259/f13e4826b446 — sidecar.json + summary.json + metrics.csv will live here
00:02:59 | INFO  | utils.py    | ── RegistryLogger ────────────────────────────────
00:02:59 | INFO  | manager.py  |   run_dir: /data1/likun-share/junjxu/.cache_stable-pretraining/runs/20260626/000259/f13e4826b446
00:02:59 | INFO  | manager.py  |   run_id:  f13e4826b446
00:02:59 | INFO  | utils.py    | ── CSVLogger ─────────────────────────────────────
00:02:59 | INFO  | manager.py  |   root_dir: /data1/likun-share/junjxu/.cache_stable-pretraining/runs/20260626/000259/f13e4826b446/
00:02:59 | INFO  | manager.py  |   save_dir: /data1/likun-share/junjxu/.cache_stable-pretraining/runs/20260626/000259/f13e4826b446
00:02:59 | INFO  | manager.py  |   log_dir: /data1/likun-share/junjxu/.cache_stable-pretraining/runs/20260626/000259/f13e4826b446/
00:02:59 | INFO  | utils.py    | ── SignalHandlers (after submitit setup (spt SIGTERM installed in __init__)) ──
00:02:59 | INFO  | manager.py  |   SIGUSR1  → SIG_DFL (default OS action — terminate process)
00:02:59 | INFO  | manager.py  |   SIGUSR2  → SIG_DFL (default OS action — terminate process)
00:02:59 | INFO  | manager.py  |   SIGCONT  → SIG_DFL (default OS action — terminate process)
00:02:59 | INFO  | manager.py  |   SIGTERM  → SIG_DFL (default OS action — terminate process)
00:02:59 | INFO  | utils.py    | ── Callbacks ─────────────────────────────────────
00:02:59 | INFO  | manager.py  |   count: 19
00:02:59 | INFO  | utils.py    | ── CacheDirCheckpointing ─────────────────────────
00:02:59 | INFO  | manager.py  |   Saving checkpoints to: /data1/likun-share/junjxu/.cache_stable-pretraining/runs/20260626/000259/f13e4826b446/checkpoints
00:02:59 | WARN  | manager.py  |   Redirecting HuggingFaceCheckpointCallback from 'hf_exports' to '/data1/likun-share/junjxu/.cache_stable-pretraining/runs/20260626/000259/f13e4826b446/hf_exports' (cache_dir is active — prevents races on a shared cache)
00:02:59 | INFO  | manager.py  |   Added requeue checkpoint (filename='last')
00:02:59 | INFO  | utils.py    | ── LoadPath resolution ───────────────────────────
00:02:59 | INFO  | manager.py  |   in_requeue = False
00:02:59 | INFO  | manager.py  |   user ckpt_path = None
00:02:59 | INFO  | manager.py  |   user weights_only = True
00:02:59 | INFO  | manager.py  |   → no ckpt_path; training from scratch.
00:02:59 | INFO  | utils.py    | ── TrainerFit ────────────────────────────────────
00:02:59 | INFO  | manager.py  |   ckpt_path:     None
00:02:59 | INFO  | manager.py  |   weights_only:  None
00:02:59 | INFO  | utils.py    | ── SignalHandlers (before Trainer.fit() (handler installed in __init__)) ──
00:02:59 | INFO  | manager.py  |   SIGUSR1  → SIG_DFL (default OS action — terminate process)
00:02:59 | INFO  | manager.py  |   SIGUSR2  → SIG_DFL (default OS action — terminate process)
00:02:59 | INFO  | manager.py  |   SIGCONT  → SIG_DFL (default OS action — terminate process)
00:02:59 | INFO  | manager.py  |   SIGTERM  → SIG_DFL (default OS action — terminate process)
00:02:59 | INFO  | manager.py  |   → entering Trainer.fit(); lightning's _SignalConnector will now register its own handlers. SIGTERM will become _HandlersCompose([_sigterm_notifier_fn, _sigterm_handler_fn, spt._handler]); USR-sig binding from submitit is preserved (lightning skips USR registration when one already exists).
💡 Tip: For seamless cloud uploads and versioning, try installing [litmodels](https://pypi.org/project/litmodels/) to enable LitModelCheckpoint, which syncs automatically with the Lightning model registry.
You are using a CUDA device ('NVIDIA A800-SXM4-80GB') that has Tensor Cores. To properly utilize them, you should set `torch.set_float32_matmul_precision('medium' | 'high')` which will trade-off precision for performance. For more details, read https://pytorch.org/docs/stable/generated/torch.set_float32_matmul_precision.html#torch.set_float32_matmul_precision
00:03:01 | OK    | module.py   | ✓ dataset for fit loaded
00:03:01 | INFO  | module.py   |   setup was done by user
00:03:01 | INFO  | utils.py    | ── EnvironmentDump ───────────────────────────────
00:03:01 | INFO  | env_info.py |   log_dir: /home/likun-share/.cache/stable-pretraining
00:03:01 | INFO  | env_info.py |   Running environment dump in background thread (non-blocking)
00:03:01 | INFO  | env_info.py |   Collecting environment information...
00:03:01 | OK    | env_info.py | ✓ Background thread started successfully
00:03:01 | OK    | env_info.py | ✓ Python 3.10.12
00:03:01 | INFO  | trainer_inf~|   linking trainer to DataModule
00:03:01 | OK    | env_info.py | ✓ System: Linux 5.15.0-113-generic (x86_64)
00:03:01 | INFO  | utils.py    | ── Callbacks (in order) ──────────────────────────
00:03:01 | INFO  | env_info.py |   Hostname: 10-116-90-13
00:03:01 | INFO  | utils.py    |     [ 0] ModelObjectCallBack
00:03:01 | INFO  | utils.py    |     [ 1] RichProgressBar
00:03:01 | INFO  | utils.py    |     [ 2] RichModelSummary
00:03:01 | INFO  | utils.py    |     [ 3] PrintProgressBar
00:03:01 | INFO  | utils.py    |     [ 4] ModuleRegistryCallback
00:03:01 | INFO  | utils.py    |     [ 5] LoggingCallback
00:03:01 | INFO  | utils.py    |     [ 6] EnvironmentDumpCallback
00:03:01 | INFO  | utils.py    |     [ 7] TrainerInfo
00:03:01 | INFO  | utils.py    |     [ 8] SklearnCheckpoint
00:03:01 | INFO  | utils.py    |     [ 9] WandbCheckpoint
00:03:01 | INFO  | utils.py    |     [10] TrackioCheckpoint
00:03:01 | INFO  | utils.py    |     [11] SwanLabCheckpoint
00:03:01 | INFO  | utils.py    |     [12] ModuleSummary
00:03:01 | INFO  | utils.py    |     [13] SLURMInfo
00:03:01 | INFO  | utils.py    |     [14] LogUnusedParametersOnce
00:03:01 | INFO  | utils.py    |     [15] HuggingFaceCheckpointCallback
00:03:01 | INFO  | utils.py    |     [16] HardwareMonitor
00:03:01 | INFO  | utils.py    |     [17] ModelCheckpoint
00:03:01 | INFO  | utils.py    |     [18] _RunDirCallback
00:03:01 | INFO  | utils.py    |     [19] ModelCheckpoint
00:03:01 | INFO  | utils.py    |   ⚑ marks order-sensitive callbacks; see AGENTS.md → Callback ordering for the full rules.
00:03:01 | INFO  | utils.py    | ── SklearnCheckpoint ─────────────────────────────
00:03:01 | INFO  | checkpoint_~|   Sklearn Modules:
00:03:01 | INFO  | checkpoint_~| 
┏━━━━━━━━━━┳━━━━━━━━┳━━━━━━━━┓
┃ Module   ┃ Name   ┃ Type   ┃
┣━━━━━━━━━━╋━━━━━━━━╋━━━━━━━━┫
┗━━━━━━━━━━┻━━━━━━━━┻━━━━━━━━┛
00:03:01 | INFO  | utils.py    | ── WandbCheckpoint ───────────────────────────────
00:03:01 | INFO  | utils.py    | ── TrackioCheckpoint ─────────────────────────────
00:03:01 | INFO  | utils.py    | ── SwanLabCheckpoint ─────────────────────────────
00:03:01 | INFO  | utils.py    | ── PyTorch Modules ───────────────────────────────
00:03:01 | WARN  | module.py   | ! You are calling self.parameters which also gives callbacks parameters, to remove them, pass `with_callbacks=False`
00:03:01 | INFO  | trainer_inf~| \n+---------------------------------------------------------+----------------------+--------------------------+--------------------------+---------+
| Module                                                  | Trainable parameters | Non Trainable parameters | Uninitialized parameters | Buffers |
+---------------------------------------------------------+----------------------+--------------------------+--------------------------+---------+
|                                                         |             18035938 |                        0 |                        0 |    8245 |
| callbacks_modules                                       |                    0 |                        0 |                        0 |       0 |
| callbacks_metrics                                       |                    0 |                        0 |                        0 |       0 |
| model                                                   |             18035938 |                        0 |                        0 |    8194 |
| model.encoder                                           |              5501376 |                        0 |                        0 |       0 |
| model.encoder.embeddings                                |               162624 |                        0 |                        0 |       0 |
| model.encoder.embeddings.patch_embeddings               |               113088 |                        0 |                        0 |       0 |
| model.encoder.embeddings.patch_embeddings.projection    |               113088 |                        0 |                        0 |       0 |
| model.encoder.embeddings.dropout                        |                    0 |                        0 |                        0 |       0 |
| model.encoder.layers                                    |              5338368 |                        0 |                        0 |       0 |
| model.encoder.layers.0                                  |               444864 |                        0 |                        0 |       0 |
| model.encoder.layers.0.attention                        |               148224 |                        0 |                        0 |       0 |
| model.encoder.layers.0.attention.q_proj                 |                37056 |                        0 |                        0 |       0 |
| model.encoder.layers.0.attention.k_proj                 |                37056 |                        0 |                        0 |       0 |
| model.encoder.layers.0.attention.v_proj                 |                37056 |                        0 |                        0 |       0 |
| model.encoder.layers.0.attention.o_proj                 |                37056 |                        0 |                        0 |       0 |
| model.encoder.layers.0.layernorm_before                 |                  384 |                        0 |                        0 |       0 |
| model.encoder.layers.0.layernorm_after                  |                  384 |                        0 |                        0 |       0 |
| model.encoder.layers.0.mlp                              |               295872 |                        0 |                        0 |       0 |
| model.encoder.layers.0.mlp.activation_fn                |                    0 |                        0 |                        0 |       0 |
| model.encoder.layers.0.mlp.fc1                          |               148224 |                        0 |                        0 |       0 |
| model.encoder.layers.0.mlp.fc2                          |               147648 |                        0 |                        0 |       0 |
| model.encoder.layers.0.dropout                          |                    0 |                        0 |                        0 |       0 |
| model.encoder.layers.1                                  |               444864 |                        0 |                        0 |       0 |
| model.encoder.layers.1.attention                        |               148224 |                        0 |                        0 |       0 |
| model.encoder.layers.1.attention.q_proj                 |                37056 |                        0 |                        0 |       0 |
| model.encoder.layers.1.attention.k_proj                 |                37056 |                        0 |                        0 |       0 |
| model.encoder.layers.1.attention.v_proj                 |                37056 |                        0 |                        0 |       0 |
| model.encoder.layers.1.attention.o_proj                 |                37056 |                        0 |                        0 |       0 |
| model.encoder.layers.1.layernorm_before                 |                  384 |                        0 |                        0 |       0 |
| model.encoder.layers.1.layernorm_after                  |                  384 |                        0 |                        0 |       0 |
| model.encoder.layers.1.mlp                              |               295872 |                        0 |                        0 |       0 |
| model.encoder.layers.1.mlp.activation_fn                |                    0 |                        0 |                        0 |       0 |
| model.encoder.layers.1.mlp.fc1                          |               148224 |                        0 |                        0 |       0 |
| model.encoder.layers.1.mlp.fc2                          |               147648 |                        0 |                        0 |       0 |
| model.encoder.layers.1.dropout                          |                    0 |                        0 |                        0 |       0 |
| model.encoder.layers.2                                  |               444864 |                        0 |                        0 |       0 |
| model.encoder.layers.2.attention                        |               148224 |                        0 |                        0 |       0 |
| model.encoder.layers.2.attention.q_proj                 |                37056 |                        0 |                        0 |       0 |
| model.encoder.layers.2.attention.k_proj                 |                37056 |                        0 |                        0 |       0 |
| model.encoder.layers.2.attention.v_proj                 |                37056 |                        0 |                        0 |       0 |
| model.encoder.layers.2.attention.o_proj                 |                37056 |                        0 |                        0 |       0 |
| model.encoder.layers.2.layernorm_before                 |                  384 |                        0 |                        0 |       0 |
| model.encoder.layers.2.layernorm_after                  |                  384 |                        0 |                        0 |       0 |
| model.encoder.layers.2.mlp                              |               295872 |                        0 |                        0 |       0 |
| model.encoder.layers.2.mlp.activation_fn                |                    0 |                        0 |                        0 |       0 |
| model.encoder.layers.2.mlp.fc1                          |               148224 |                        0 |                        0 |       0 |
| model.encoder.layers.2.mlp.fc2                          |               147648 |                        0 |                        0 |       0 |
| model.encoder.layers.2.dropout                          |                    0 |                        0 |                        0 |       0 |
| model.encoder.layers.3                                  |               444864 |                        0 |                        0 |       0 |
| model.encoder.layers.3.attention                        |               148224 |                        0 |                        0 |       0 |
| model.encoder.layers.3.attention.q_proj                 |                37056 |                        0 |                        0 |       0 |
| model.encoder.layers.3.attention.k_proj                 |                37056 |                        0 |                        0 |       0 |
| model.encoder.layers.3.attention.v_proj                 |                37056 |                        0 |                        0 |       0 |
| model.encoder.layers.3.attention.o_proj                 |                37056 |                        0 |                        0 |       0 |
| model.encoder.layers.3.layernorm_before                 |                  384 |                        0 |                        0 |       0 |
| model.encoder.layers.3.layernorm_after                  |                  384 |                        0 |                        0 |       0 |
| model.encoder.layers.3.mlp                              |               295872 |                        0 |                        0 |       0 |
| model.encoder.layers.3.mlp.activation_fn                |                    0 |                        0 |                        0 |       0 |
| model.encoder.layers.3.mlp.fc1                          |               148224 |                        0 |                        0 |       0 |
| model.encoder.layers.3.mlp.fc2                          |               147648 |                        0 |                        0 |       0 |
| model.encoder.layers.3.dropout                          |                    0 |                        0 |                        0 |       0 |
| model.encoder.layers.4                                  |               444864 |                        0 |                        0 |       0 |
| model.encoder.layers.4.attention                        |               148224 |                        0 |                        0 |       0 |
| model.encoder.layers.4.attention.q_proj                 |                37056 |                        0 |                        0 |       0 |
| model.encoder.layers.4.attention.k_proj                 |                37056 |                        0 |                        0 |       0 |
| model.encoder.layers.4.attention.v_proj                 |                37056 |                        0 |                        0 |       0 |
| model.encoder.layers.4.attention.o_proj                 |                37056 |                        0 |                        0 |       0 |
| model.encoder.layers.4.layernorm_before                 |                  384 |                        0 |                        0 |       0 |
| model.encoder.layers.4.layernorm_after                  |                  384 |                        0 |                        0 |       0 |
| model.encoder.layers.4.mlp                              |               295872 |                        0 |                        0 |       0 |
| model.encoder.layers.4.mlp.activation_fn                |                    0 |                        0 |                        0 |       0 |
| model.encoder.layers.4.mlp.fc1                          |               148224 |                        0 |                        0 |       0 |
| model.encoder.layers.4.mlp.fc2                          |               147648 |                        0 |                        0 |       0 |
| model.encoder.layers.4.dropout                          |                    0 |                        0 |                        0 |       0 |
| model.encoder.layers.5                                  |               444864 |                        0 |                        0 |       0 |
| model.encoder.layers.5.attention                        |               148224 |                        0 |                        0 |       0 |
| model.encoder.layers.5.attention.q_proj                 |                37056 |                        0 |                        0 |       0 |
| model.encoder.layers.5.attention.k_proj                 |                37056 |                        0 |                        0 |       0 |
| model.encoder.layers.5.attention.v_proj                 |                37056 |                        0 |                        0 |       0 |
| model.encoder.layers.5.attention.o_proj                 |                37056 |                        0 |                        0 |       0 |
| model.encoder.layers.5.layernorm_before                 |                  384 |                        0 |                        0 |       0 |
| model.encoder.layers.5.layernorm_after                  |                  384 |                        0 |                        0 |       0 |
| model.encoder.layers.5.mlp                              |               295872 |                        0 |                        0 |       0 |
| model.encoder.layers.5.mlp.activation_fn                |                    0 |                        0 |                        0 |       0 |
| model.encoder.layers.5.mlp.fc1                          |               148224 |                        0 |                        0 |       0 |
| model.encoder.layers.5.mlp.fc2                          |               147648 |                        0 |                        0 |       0 |
| model.encoder.layers.5.dropout                          |                    0 |                        0 |                        0 |       0 |
| model.encoder.layers.6                                  |               444864 |                        0 |                        0 |       0 |
| model.encoder.layers.6.attention                        |               148224 |                        0 |                        0 |       0 |
| model.encoder.layers.6.attention.q_proj                 |                37056 |                        0 |                        0 |       0 |
| model.encoder.layers.6.attention.k_proj                 |                37056 |                        0 |                        0 |       0 |
| model.encoder.layers.6.attention.v_proj                 |                37056 |                        0 |                        0 |       0 |
| model.encoder.layers.6.attention.o_proj                 |                37056 |                        0 |                        0 |       0 |
| model.encoder.layers.6.layernorm_before                 |                  384 |                        0 |                        0 |       0 |
| model.encoder.layers.6.layernorm_after                  |                  384 |                        0 |                        0 |       0 |
| model.encoder.layers.6.mlp                              |               295872 |                        0 |                        0 |       0 |
| model.encoder.layers.6.mlp.activation_fn                |                    0 |                        0 |                        0 |       0 |
| model.encoder.layers.6.mlp.fc1                          |               148224 |                        0 |                        0 |       0 |
| model.encoder.layers.6.mlp.fc2                          |               147648 |                        0 |                        0 |       0 |
| model.encoder.layers.6.dropout                          |                    0 |                        0 |                        0 |       0 |
| model.encoder.layers.7                                  |               444864 |                        0 |                        0 |       0 |
| model.encoder.layers.7.attention                        |               148224 |                        0 |                        0 |       0 |
| model.encoder.layers.7.attention.q_proj                 |                37056 |                        0 |                        0 |       0 |
| model.encoder.layers.7.attention.k_proj                 |                37056 |                        0 |                        0 |       0 |
| model.encoder.layers.7.attention.v_proj                 |                37056 |                        0 |                        0 |       0 |
| model.encoder.layers.7.attention.o_proj                 |                37056 |                        0 |                        0 |       0 |
| model.encoder.layers.7.layernorm_before                 |                  384 |                        0 |                        0 |       0 |
| model.encoder.layers.7.layernorm_after                  |                  384 |                        0 |                        0 |       0 |
| model.encoder.layers.7.mlp                              |               295872 |                        0 |                        0 |       0 |
| model.encoder.layers.7.mlp.activation_fn                |                    0 |                        0 |                        0 |       0 |
| model.encoder.layers.7.mlp.fc1                          |               148224 |                        0 |                        0 |       0 |
| model.encoder.layers.7.mlp.fc2                          |               147648 |                        0 |                        0 |       0 |
| model.encoder.layers.7.dropout                          |                    0 |                        0 |                        0 |       0 |
| model.encoder.layers.8                                  |               444864 |                        0 |                        0 |       0 |
| model.encoder.layers.8.attention                        |               148224 |                        0 |                        0 |       0 |
| model.encoder.layers.8.attention.q_proj                 |                37056 |                        0 |                        0 |       0 |
| model.encoder.layers.8.attention.k_proj                 |                37056 |                        0 |                        0 |       0 |
| model.encoder.layers.8.attention.v_proj                 |                37056 |                        0 |                        0 |       0 |
| model.encoder.layers.8.attention.o_proj                 |                37056 |                        0 |                        0 |       0 |
| model.encoder.layers.8.layernorm_before                 |                  384 |                        0 |                        0 |       0 |
| model.encoder.layers.8.layernorm_after                  |                  384 |                        0 |                        0 |       0 |
| model.encoder.layers.8.mlp                              |               295872 |                        0 |                        0 |       0 |
| model.encoder.layers.8.mlp.activation_fn                |                    0 |                        0 |                        0 |       0 |
| model.encoder.layers.8.mlp.fc1                          |               148224 |                        0 |                        0 |       0 |
| model.encoder.layers.8.mlp.fc2                          |               147648 |                        0 |                        0 |       0 |
| model.encoder.layers.8.dropout                          |                    0 |                        0 |                        0 |       0 |
| model.encoder.layers.9                                  |               444864 |                        0 |                        0 |       0 |
| model.encoder.layers.9.attention                        |               148224 |                        0 |                        0 |       0 |
| model.encoder.layers.9.attention.q_proj                 |                37056 |                        0 |                        0 |       0 |
| model.encoder.layers.9.attention.k_proj                 |                37056 |                        0 |                        0 |       0 |
| model.encoder.layers.9.attention.v_proj                 |                37056 |                        0 |                        0 |       0 |
| model.encoder.layers.9.attention.o_proj                 |                37056 |                        0 |                        0 |       0 |
| model.encoder.layers.9.layernorm_before                 |                  384 |                        0 |                        0 |       0 |
| model.encoder.layers.9.layernorm_after                  |                  384 |                        0 |                        0 |       0 |
| model.encoder.layers.9.mlp                              |               295872 |                        0 |                        0 |       0 |
| model.encoder.layers.9.mlp.activation_fn                |                    0 |                        0 |                        0 |       0 |
| model.encoder.layers.9.mlp.fc1                          |               148224 |                        0 |                        0 |       0 |
| model.encoder.layers.9.mlp.fc2                          |               147648 |                        0 |                        0 |       0 |
| model.encoder.layers.9.dropout                          |                    0 |                        0 |                        0 |       0 |
| model.encoder.layers.10                                 |               444864 |                        0 |                        0 |       0 |
| model.encoder.layers.10.attention                       |               148224 |                        0 |                        0 |       0 |
| model.encoder.layers.10.attention.q_proj                |                37056 |                        0 |                        0 |       0 |
| model.encoder.layers.10.attention.k_proj                |                37056 |                        0 |                        0 |       0 |
| model.encoder.layers.10.attention.v_proj                |                37056 |                        0 |                        0 |       0 |
| model.encoder.layers.10.attention.o_proj                |                37056 |                        0 |                        0 |       0 |
| model.encoder.layers.10.layernorm_before                |                  384 |                        0 |                        0 |       0 |
| model.encoder.layers.10.layernorm_after                 |                  384 |                        0 |                        0 |       0 |
| model.encoder.layers.10.mlp                             |               295872 |                        0 |                        0 |       0 |
| model.encoder.layers.10.mlp.activation_fn               |                    0 |                        0 |                        0 |       0 |
| model.encoder.layers.10.mlp.fc1                         |               148224 |                        0 |                        0 |       0 |
| model.encoder.layers.10.mlp.fc2                         |               147648 |                        0 |                        0 |       0 |
| model.encoder.layers.10.dropout                         |                    0 |                        0 |                        0 |       0 |
| model.encoder.layers.11                                 |               444864 |                        0 |                        0 |       0 |
| model.encoder.layers.11.attention                       |               148224 |                        0 |                        0 |       0 |
| model.encoder.layers.11.attention.q_proj                |                37056 |                        0 |                        0 |       0 |
| model.encoder.layers.11.attention.k_proj                |                37056 |                        0 |                        0 |       0 |
| model.encoder.layers.11.attention.v_proj                |                37056 |                        0 |                        0 |       0 |
| model.encoder.layers.11.attention.o_proj                |                37056 |                        0 |                        0 |       0 |
| model.encoder.layers.11.layernorm_before                |                  384 |                        0 |                        0 |       0 |
| model.encoder.layers.11.layernorm_after                 |                  384 |                        0 |                        0 |       0 |
| model.encoder.layers.11.mlp                             |               295872 |                        0 |                        0 |       0 |
| model.encoder.layers.11.mlp.activation_fn               |                    0 |                        0 |                        0 |       0 |
| model.encoder.layers.11.mlp.fc1                         |               148224 |                        0 |                        0 |       0 |
| model.encoder.layers.11.mlp.fc2                         |               147648 |                        0 |                        0 |       0 |
| model.encoder.layers.11.dropout                         |                    0 |                        0 |                        0 |       0 |
| model.encoder.layernorm                                 |                  384 |                        0 |                        0 |       0 |
| model.predictor                                         |             10791360 |                        0 |                        0 |       0 |
| model.predictor.dropout                                 |                    0 |                        0 |                        0 |       0 |
| model.predictor.transformer                             |             10790784 |                        0 |                        0 |       0 |
| model.predictor.transformer.norm                        |                  384 |                        0 |                        0 |       0 |
| model.predictor.transformer.layers                      |             10790400 |                        0 |                        0 |       0 |
| model.predictor.transformer.layers.0                    |              1798400 |                        0 |                        0 |       0 |
| model.predictor.transformer.layers.0.attn               |               787008 |                        0 |                        0 |       0 |
| model.predictor.transformer.layers.0.attn.norm          |                  384 |                        0 |                        0 |       0 |
| model.predictor.transformer.layers.0.attn.attend        |                    0 |                        0 |                        0 |       0 |
| model.predictor.transformer.layers.0.attn.to_qkv        |               589824 |                        0 |                        0 |       0 |
| model.predictor.transformer.layers.0.attn.to_out        |               196800 |                        0 |                        0 |       0 |
| model.predictor.transformer.layers.0.attn.to_out.0      |               196800 |                        0 |                        0 |       0 |
| model.predictor.transformer.layers.0.attn.to_out.1      |                    0 |                        0 |                        0 |       0 |
| model.predictor.transformer.layers.0.mlp                |               789056 |                        0 |                        0 |       0 |
| model.predictor.transformer.layers.0.mlp.net            |               789056 |                        0 |                        0 |       0 |
| model.predictor.transformer.layers.0.mlp.net.0          |                  384 |                        0 |                        0 |       0 |
| model.predictor.transformer.layers.0.mlp.net.1          |               395264 |                        0 |                        0 |       0 |
| model.predictor.transformer.layers.0.mlp.net.2          |                    0 |                        0 |                        0 |       0 |
| model.predictor.transformer.layers.0.mlp.net.3          |                    0 |                        0 |                        0 |       0 |
| model.predictor.transformer.layers.0.mlp.net.4          |               393408 |                        0 |                        0 |       0 |
| model.predictor.transformer.layers.0.mlp.net.5          |                    0 |                        0 |                        0 |       0 |
| model.predictor.transformer.layers.0.norm1              |                    0 |                        0 |                        0 |       0 |
| model.predictor.transformer.layers.0.norm2              |                    0 |                        0 |                        0 |       0 |
| model.predictor.transformer.layers.0.adaLN_modulation   |               222336 |                        0 |                        0 |       0 |
| model.predictor.transformer.layers.0.adaLN_modulation.0 |                    0 |                        0 |                        0 |       0 |
| model.predictor.transformer.layers.0.adaLN_modulation.1 |               222336 |                        0 |                        0 |       0 |
| model.predictor.transformer.layers.1                    |              1798400 |                        0 |                        0 |       0 |
| model.predictor.transformer.layers.1.attn               |               787008 |                        0 |                        0 |       0 |
| model.predictor.transformer.layers.1.attn.norm          |                  384 |                        0 |                        0 |       0 |
| model.predictor.transformer.layers.1.attn.attend        |                    0 |                        0 |                        0 |       0 |
| model.predictor.transformer.layers.1.attn.to_qkv        |               589824 |                        0 |                        0 |       0 |
| model.predictor.transformer.layers.1.attn.to_out        |               196800 |                        0 |                        0 |       0 |
| model.predictor.transformer.layers.1.attn.to_out.0      |               196800 |                        0 |                        0 |       0 |
| model.predictor.transformer.layers.1.attn.to_out.1      |                    0 |                        0 |                        0 |       0 |
| model.predictor.transformer.layers.1.mlp                |               789056 |                        0 |                        0 |       0 |
| model.predictor.transformer.layers.1.mlp.net            |               789056 |                        0 |                        0 |       0 |
| model.predictor.transformer.layers.1.mlp.net.0          |                  384 |                        0 |                        0 |       0 |
| model.predictor.transformer.layers.1.mlp.net.1          |               395264 |                        0 |                        0 |       0 |
| model.predictor.transformer.layers.1.mlp.net.2          |                    0 |                        0 |                        0 |       0 |
| model.predictor.transformer.layers.1.mlp.net.3          |                    0 |                        0 |                        0 |       0 |
| model.predictor.transformer.layers.1.mlp.net.4          |               393408 |                        0 |                        0 |       0 |
| model.predictor.transformer.layers.1.mlp.net.5          |                    0 |                        0 |                        0 |       0 |
| model.predictor.transformer.layers.1.norm1              |                    0 |                        0 |                        0 |       0 |
| model.predictor.transformer.layers.1.norm2              |                    0 |                        0 |                        0 |       0 |
| model.predictor.transformer.layers.1.adaLN_modulation   |               222336 |                        0 |                        0 |       0 |
| model.predictor.transformer.layers.1.adaLN_modulation.0 |                    0 |                        0 |                        0 |       0 |
| model.predictor.transformer.layers.1.adaLN_modulation.1 |               222336 |                        0 |                        0 |       0 |
| model.predictor.transformer.layers.2                    |              1798400 |                        0 |                        0 |       0 |
| model.predictor.transformer.layers.2.attn               |               787008 |                        0 |                        0 |       0 |
| model.predictor.transformer.layers.2.attn.norm          |                  384 |                        0 |                        0 |       0 |
| model.predictor.transformer.layers.2.attn.attend        |                    0 |                        0 |                        0 |       0 |
| model.predictor.transformer.layers.2.attn.to_qkv        |               589824 |                        0 |                        0 |       0 |
| model.predictor.transformer.layers.2.attn.to_out        |               196800 |                        0 |                        0 |       0 |
| model.predictor.transformer.layers.2.attn.to_out.0      |               196800 |                        0 |                        0 |       0 |
| model.predictor.transformer.layers.2.attn.to_out.1      |                    0 |                        0 |                        0 |       0 |
| model.predictor.transformer.layers.2.mlp                |               789056 |                        0 |                        0 |       0 |
| model.predictor.transformer.layers.2.mlp.net            |               789056 |                        0 |                        0 |       0 |
| model.predictor.transformer.layers.2.mlp.net.0          |                  384 |                        0 |                        0 |       0 |
| model.predictor.transformer.layers.2.mlp.net.1          |               395264 |                        0 |                        0 |       0 |
| model.predictor.transformer.layers.2.mlp.net.2          |                    0 |                        0 |                        0 |       0 |
| model.predictor.transformer.layers.2.mlp.net.3          |                    0 |                        0 |                        0 |       0 |
| model.predictor.transformer.layers.2.mlp.net.4          |               393408 |                        0 |                        0 |       0 |
| model.predictor.transformer.layers.2.mlp.net.5          |                    0 |                        0 |                        0 |       0 |
| model.predictor.transformer.layers.2.norm1              |                    0 |                        0 |                        0 |       0 |
| model.predictor.transformer.layers.2.norm2              |                    0 |                        0 |                        0 |       0 |
| model.predictor.transformer.layers.2.adaLN_modulation   |               222336 |                        0 |                        0 |       0 |
| model.predictor.transformer.layers.2.adaLN_modulation.0 |                    0 |                        0 |                        0 |       0 |
| model.predictor.transformer.layers.2.adaLN_modulation.1 |               222336 |                        0 |                        0 |       0 |
| model.predictor.transformer.layers.3                    |              1798400 |                        0 |                        0 |       0 |
| model.predictor.transformer.layers.3.attn               |               787008 |                        0 |                        0 |       0 |
| model.predictor.transformer.layers.3.attn.norm          |                  384 |                        0 |                        0 |       0 |
| model.predictor.transformer.layers.3.attn.attend        |                    0 |                        0 |                        0 |       0 |
| model.predictor.transformer.layers.3.attn.to_qkv        |               589824 |                        0 |                        0 |       0 |
| model.predictor.transformer.layers.3.attn.to_out        |               196800 |                        0 |                        0 |       0 |
| model.predictor.transformer.layers.3.attn.to_out.0      |               196800 |                        0 |                        0 |       0 |
| model.predictor.transformer.layers.3.attn.to_out.1      |                    0 |                        0 |                        0 |       0 |
| model.predictor.transformer.layers.3.mlp                |               789056 |                        0 |                        0 |       0 |
| model.predictor.transformer.layers.3.mlp.net            |               789056 |                        0 |                        0 |       0 |
| model.predictor.transformer.layers.3.mlp.net.0          |                  384 |                        0 |                        0 |       0 |
| model.predictor.transformer.layers.3.mlp.net.1          |               395264 |                        0 |                        0 |       0 |
| model.predictor.transformer.layers.3.mlp.net.2          |                    0 |                        0 |                        0 |       0 |
| model.predictor.transformer.layers.3.mlp.net.3          |                    0 |                        0 |                        0 |       0 |
| model.predictor.transformer.layers.3.mlp.net.4          |               393408 |                        0 |                        0 |       0 |
| model.predictor.transformer.layers.3.mlp.net.5          |                    0 |                        0 |                        0 |       0 |
| model.predictor.transformer.layers.3.norm1              |                    0 |                        0 |                        0 |       0 |
| model.predictor.transformer.layers.3.norm2              |                    0 |                        0 |                        0 |       0 |
| model.predictor.transformer.layers.3.adaLN_modulation   |               222336 |                        0 |                        0 |       0 |
| model.predictor.transformer.layers.3.adaLN_modulation.0 |                    0 |                        0 |                        0 |       0 |
| model.predictor.transformer.layers.3.adaLN_modulation.1 |               222336 |                        0 |                        0 |       0 |
| model.predictor.transformer.layers.4                    |              1798400 |                        0 |                        0 |       0 |
| model.predictor.transformer.layers.4.attn               |               787008 |                        0 |                        0 |       0 |
| model.predictor.transformer.layers.4.attn.norm          |                  384 |                        0 |                        0 |       0 |
| model.predictor.transformer.layers.4.attn.attend        |                    0 |                        0 |                        0 |       0 |
| model.predictor.transformer.layers.4.attn.to_qkv        |               589824 |                        0 |                        0 |       0 |
| model.predictor.transformer.layers.4.attn.to_out        |               196800 |                        0 |                        0 |       0 |
| model.predictor.transformer.layers.4.attn.to_out.0      |               196800 |                        0 |                        0 |       0 |
| model.predictor.transformer.layers.4.attn.to_out.1      |                    0 |                        0 |                        0 |       0 |
| model.predictor.transformer.layers.4.mlp                |               789056 |                        0 |                        0 |       0 |
| model.predictor.transformer.layers.4.mlp.net            |               789056 |                        0 |                        0 |       0 |
| model.predictor.transformer.layers.4.mlp.net.0          |                  384 |                        0 |                        0 |       0 |
| model.predictor.transformer.layers.4.mlp.net.1          |               395264 |                        0 |                        0 |       0 |
| model.predictor.transformer.layers.4.mlp.net.2          |                    0 |                        0 |                        0 |       0 |
| model.predictor.transformer.layers.4.mlp.net.3          |                    0 |                        0 |                        0 |       0 |
| model.predictor.transformer.layers.4.mlp.net.4          |               393408 |                        0 |                        0 |       0 |
| model.predictor.transformer.layers.4.mlp.net.5          |                    0 |                        0 |                        0 |       0 |
| model.predictor.transformer.layers.4.norm1              |                    0 |                        0 |                        0 |       0 |
| model.predictor.transformer.layers.4.norm2              |                    0 |                        0 |                        0 |       0 |
| model.predictor.transformer.layers.4.adaLN_modulation   |               222336 |                        0 |                        0 |       0 |
| model.predictor.transformer.layers.4.adaLN_modulation.0 |                    0 |                        0 |                        0 |       0 |
| model.predictor.transformer.layers.4.adaLN_modulation.1 |               222336 |                        0 |                        0 |       0 |
| model.predictor.transformer.layers.5                    |              1798400 |                        0 |                        0 |       0 |
| model.predictor.transformer.layers.5.attn               |               787008 |                        0 |                        0 |       0 |
| model.predictor.transformer.layers.5.attn.norm          |                  384 |                        0 |                        0 |       0 |
| model.predictor.transformer.layers.5.attn.attend        |                    0 |                        0 |                        0 |       0 |
| model.predictor.transformer.layers.5.attn.to_qkv        |               589824 |                        0 |                        0 |       0 |
| model.predictor.transformer.layers.5.attn.to_out        |               196800 |                        0 |                        0 |       0 |
| model.predictor.transformer.layers.5.attn.to_out.0      |               196800 |                        0 |                        0 |       0 |
| model.predictor.transformer.layers.5.attn.to_out.1      |                    0 |                        0 |                        0 |       0 |
| model.predictor.transformer.layers.5.mlp                |               789056 |                        0 |                        0 |       0 |
| model.predictor.transformer.layers.5.mlp.net            |               789056 |                        0 |                        0 |       0 |
| model.predictor.transformer.layers.5.mlp.net.0          |                  384 |                        0 |                        0 |       0 |
| model.predictor.transformer.layers.5.mlp.net.1          |               395264 |                        0 |                        0 |       0 |
| model.predictor.transformer.layers.5.mlp.net.2          |                    0 |                        0 |                        0 |       0 |
| model.predictor.transformer.layers.5.mlp.net.3          |                    0 |                        0 |                        0 |       0 |
| model.predictor.transformer.layers.5.mlp.net.4          |               393408 |                        0 |                        0 |       0 |
| model.predictor.transformer.layers.5.mlp.net.5          |                    0 |                        0 |                        0 |       0 |
| model.predictor.transformer.layers.5.norm1              |                    0 |                        0 |                        0 |       0 |
| model.predictor.transformer.layers.5.norm2              |                    0 |                        0 |                        0 |       0 |
| model.predictor.transformer.layers.5.adaLN_modulation   |               222336 |                        0 |                        0 |       0 |
| model.predictor.transformer.layers.5.adaLN_modulation.0 |                    0 |                        0 |                        0 |       0 |
| model.predictor.transformer.layers.5.adaLN_modulation.1 |               222336 |                        0 |                        0 |       0 |
| model.predictor.transformer.input_proj                  |                    0 |                        0 |                        0 |       0 |
| model.predictor.transformer.cond_proj                   |                    0 |                        0 |                        0 |       0 |
| model.predictor.transformer.output_proj                 |                    0 |                        0 |                        0 |       0 |
| model.action_encoder                                    |               156126 |                        0 |                        0 |       0 |
| model.action_encoder.patch_embed                        |                   30 |                        0 |                        0 |       0 |
| model.action_encoder.embed                              |               156096 |                        0 |                        0 |       0 |
| model.action_encoder.embed.0                            |                 8448 |                        0 |                        0 |       0 |
| model.action_encoder.embed.1                            |                    0 |                        0 |                        0 |       0 |
| model.action_encoder.embed.2                            |               147648 |                        0 |                        0 |       0 |
| model.projector                                         |               792768 |                        0 |                        0 |    4097 |
| model.projector.net                                     |               792768 |                        0 |                        0 |    4097 |
| model.projector.net.0                                   |               395264 |                        0 |                        0 |       0 |
| model.projector.net.1                                   |                 4096 |                        0 |                        0 |    4097 |
| model.projector.net.2                                   |                    0 |                        0 |                        0 |       0 |
| model.projector.net.3                                   |               393408 |                        0 |                        0 |       0 |
| model.pred_proj                                         |               792768 |                        0 |                        0 |    4097 |
| model.pred_proj.net                                     |               792768 |                        0 |                        0 |    4097 |
| model.pred_proj.net.0                                   |               395264 |                        0 |                        0 |       0 |
| model.pred_proj.net.1                                   |                 4096 |                        0 |                        0 |    4097 |
| model.pred_proj.net.2                                   |                    0 |                        0 |                        0 |       0 |
| model.pred_proj.net.3                                   |               393408 |                        0 |                        0 |       0 |
| model.probe_head                                        |                 1540 |                        0 |                        0 |       0 |
| sigreg                                                  |                    0 |                        0 |                        0 |      51 |
+---------------------------------------------------------+----------------------+--------------------------+--------------------------+---------+
00:03:01 | INFO  | utils.py    | ── SLURM ─────────────────────────────────────────
00:03:01 | INFO  | trainer_inf~|   Job ID: N/A
00:03:01 | INFO  | trainer_inf~|   Task ID: N/A
00:03:01 | INFO  | trainer_inf~|   Job Name: N/A
00:03:01 | INFO  | trainer_inf~|   Nodes: N/A
00:03:01 | INFO  | trainer_inf~|   Tasks: N/A
00:03:01 | INFO  | trainer_inf~|   CPUs per node: N/A
00:03:01 | INFO  | trainer_inf~|   CPUs per task: N/A
00:03:01 | INFO  | trainer_inf~|   Memory per node: N/A
00:03:01 | INFO  | trainer_inf~|   Memory per CPU: N/A
00:03:01 | INFO  | trainer_inf~|   Time limit: N/A
00:03:01 | INFO  | trainer_inf~|   Partition: N/A
00:03:01 | INFO  | trainer_inf~|   Node List: N/A
00:03:01 | INFO  | trainer_inf~|   Submit Directory: N/A
00:03:01 | INFO  | utils.py    | ── HardwareMonitor ───────────────────────────────
00:03:01 | INFO  | hardware_mo~|   interval: 10.0s
00:03:01 | INFO  | hardware_mo~|   prefix:   'hardware/'
00:03:01 | INFO  | hardware_mo~|   metrics:  cpu=True ram=True disk=True net=True gpu=True
00:03:01 | INFO  | hardware_mo~|   per-rank: rank 0 only
00:03:01 | WARN  | env_info.py | ! pip freeze failed: Command '['/home/likun-share/junjxu/wm/le-wm/.venv/bin/python', '-m', 'pip', 'freeze']' returned non-zero exit status 1.
00:03:01 | OK    | env_info.py | ✓ Packages: 0 packages collected in 0.02s
LOCAL_RANK: 0 - CUDA_VISIBLE_DEVICES: [6]
00:03:01 | WARN  | hardware_mo~| HardwareMonitor: pynvml unavailable (ModuleNotFoundError("No module named 'pynvml'")); GPU metrics disabled.
00:03:01 | INFO  | utils.py    | ── Optimizers ────────────────────────────────────
00:03:01 | INFO  | module.py   |   Optimizer specified by Dict with keys ['model_opt']
00:03:01 | INFO  | module.py   | 
┏━━━━━━━━━━━━━┳━━━━━━━━━━━┳━━━━━━━━━━━━━━━━━━━┳━━━━━━━━━━━━━━━━━┳━━━━━━━━━━━━━━━━┳━━━━━━━━━━━━━━━━━━━━━━━━┓
┃ Optimizer   ┃ Pattern   ┃   Matched Modules ┃   Param Tensors ┃   Total Params ┃   RequiresGrad Tensors ┃
┣━━━━━━━━━━━━━╋━━━━━━━━━━━╋━━━━━━━━━━━━━━━━━━━╋━━━━━━━━━━━━━━━━━╋━━━━━━━━━━━━━━━━╋━━━━━━━━━━━━━━━━━━━━━━━━┫
┃ model_opt   ┃ model     ┃               317 ┃             299 ┃       18035938 ┃                    299 ┃
┗━━━━━━━━━━━━━┻━━━━━━━━━━━┻━━━━━━━━━━━━━━━━━━━┻━━━━━━━━━━━━━━━━━┻━━━━━━━━━━━━━━━━┻━━━━━━━━━━━━━━━━━━━━━━━━┛
00:03:01 | INFO  | lr_schedule~| 	User provided a dict
Loading `train_dataloader` to estimate number of stepping batches.
/home/likun-share/junjxu/wm/le-wm/.venv/lib/python3.10/site-packages/lance/__init__.py:320: UserWarning: lance is not fork-safe. If you are using multiprocessing, use spawn or forkserver instead.
  warnings.warn(
/usr/lib/python3.10/multiprocessing/popen_fork.py:66: RuntimeWarning: lancedb fork support is experimental: the internal async runtime has been reset in the forked child, but a small chance of deadlock remains if other state was mid-operation at fork time. The 'forkserver' or 'spawn' multiprocessing start method is likely a safer alternative.
  self.pid = os.fork()
/usr/lib/python3.10/multiprocessing/popen_fork.py:66: RuntimeWarning: lancedb fork support is experimental: the internal async runtime has been reset in the forked child, but a small chance of deadlock remains if other state was mid-operation at fork time. The 'forkserver' or 'spawn' multiprocessing start method is likely a safer alternative.
  self.pid = os.fork()
/usr/lib/python3.10/multiprocessing/popen_fork.py:66: RuntimeWarning: lancedb fork support is experimental: the internal async runtime has been reset in the forked child, but a small chance of deadlock remains if other state was mid-operation at fork time. The 'forkserver' or 'spawn' multiprocessing start method is likely a safer alternative.
  self.pid = os.fork()
/usr/lib/python3.10/multiprocessing/popen_fork.py:66: RuntimeWarning: lancedb fork support is experimental: the internal async runtime has been reset in the forked child, but a small chance of deadlock remains if other state was mid-operation at fork time. The 'forkserver' or 'spawn' multiprocessing start method is likely a safer alternative.
  self.pid = os.fork()
/home/likun-share/junjxu/wm/le-wm/.venv/lib/python3.10/site-packages/lance/__init__.py:320: UserWarning: lance is not fork-safe. If you are using multiprocessing, use spawn or forkserver instead.
  warnings.warn(
/usr/lib/python3.10/multiprocessing/popen_fork.py:66: RuntimeWarning: lancedb fork support is experimental: the internal async runtime has been reset in the forked child, but a small chance of deadlock remains if other state was mid-operation at fork time. The 'forkserver' or 'spawn' multiprocessing start method is likely a safer alternative.
  self.pid = os.fork()
/usr/lib/python3.10/multiprocessing/popen_fork.py:66: RuntimeWarning: lancedb fork support is experimental: the internal async runtime has been reset in the forked child, but a small chance of deadlock remains if other state was mid-operation at fork time. The 'forkserver' or 'spawn' multiprocessing start method is likely a safer alternative.
  self.pid = os.fork()
00:03:01 | INFO  | module.py   |   Configured optimizer 'model_opt' (modules=317, param_tensors=299, total_params=18035938) with LinearWarmupCosineAnnealingLR scheduler.
/home/likun-share/junjxu/wm/le-wm/.venv/lib/python3.10/site-packages/lightning/pytorch/utilities/model_summary/model_summary.py:242: Precision bf16-mixed is not supported by the model summary.  Estimated model size in MB will not be accurate. Using 32 bits instead.
┏━━━┳━━━━━━━━━━━━━━━━━━━┳━━━━━━━━━━━━┳━━━━━━━━┳━━━━━━━┳━━━━━━━┓
┃   ┃ Name              ┃ Type       ┃ Params ┃ Mode  ┃ FLOPs ┃
┡━━━╇━━━━━━━━━━━━━━━━━━━╇━━━━━━━━━━━━╇━━━━━━━━╇━━━━━━━╇━━━━━━━┩
│ 0 │ callbacks_modules │ ModuleDict │      0 │ train │     0 │
│ 1 │ callbacks_metrics │ ModuleDict │      0 │ train │     0 │
│ 2 │ model             │ JEPA       │ 18.0 M │ train │     0 │
│ 3 │ sigreg            │ SIGReg     │      0 │ train │     0 │
└───┴───────────────────┴────────────┴────────┴───────┴───────┘
Trainable params: 18.0 M                                                        
Non-trainable params: 0                                                         
Total params: 18.0 M                                                            
Total estimated model params size (MB): 72.144                                  
Modules in train mode: 320                                                      
Modules in eval mode: 0                                                         
Total FLOPs: 0                                                                  
00:03:01 | INFO  | logger.py   | [RegistryLogger] summary.json flushed (0 metrics, step=0, epoch=0) → /data1/likun-share/junjxu/.cache_stable-pretraining/runs/20260626/000259/f13e4826b446/summary.json
/usr/lib/python3.10/multiprocessing/popen_fork.py:66: RuntimeWarning: lancedb fork support is experimental: the internal async runtime has been reset in the forked child, but a small chance of deadlock remains if other state was mid-operation at fork time. The 'forkserver' or 'spawn' multiprocessing start method is likely a safer alternative.
  self.pid = os.fork()
/usr/lib/python3.10/multiprocessing/popen_fork.py:66: RuntimeWarning: lancedb fork support is experimental: the internal async runtime has been reset in the forked child, but a small chance of deadlock remains if other state was mid-operation at fork time. The 'forkserver' or 'spawn' multiprocessing start method is likely a safer alternative.
  self.pid = os.fork()
/usr/lib/python3.10/multiprocessing/popen_fork.py:66: RuntimeWarning: lancedb fork support is experimental: the internal async runtime has been reset in the forked child, but a small chance of deadlock remains if other state was mid-operation at fork time. The 'forkserver' or 'spawn' multiprocessing start method is likely a safer alternative.
  self.pid = os.fork()
00:03:01 | OK    | env_info.py | ✓ NVIDIA Driver: 580.65.06
/usr/lib/python3.10/multiprocessing/popen_fork.py:66: RuntimeWarning: lancedb fork support is experimental: the internal async runtime has been reset in the forked child, but a small chance of deadlock remains if other state was mid-operation at fork time. The 'forkserver' or 'spawn' multiprocessing start method is likely a safer alternative.
  self.pid = os.fork()
/home/likun-share/junjxu/wm/le-wm/.venv/lib/python3.10/site-packages/lance/__init__.py:320: UserWarning: lance is not fork-safe. If you are using multiprocessing, use spawn or forkserver instead.
  warnings.warn(
/usr/lib/python3.10/multiprocessing/popen_fork.py:66: RuntimeWarning: lancedb fork support is experimental: the internal async runtime has been reset in the forked child, but a small chance of deadlock remains if other state was mid-operation at fork time. The 'forkserver' or 'spawn' multiprocessing start method is likely a safer alternative.
  self.pid = os.fork()
/usr/lib/python3.10/multiprocessing/popen_fork.py:66: RuntimeWarning: lancedb fork support is experimental: the internal async runtime has been reset in the forked child, but a small chance of deadlock remains if other state was mid-operation at fork time. The 'forkserver' or 'spawn' multiprocessing start method is likely a safer alternative.
  self.pid = os.fork()
00:03:06 | WARN  | env_info.py | ! git command timed out
00:03:06 | OK    | env_info.py | ✓ Environment: 4 relevant variables captured
00:03:06 | INFO  | env_info.py |   Serializing environment data...
00:03:06 | INFO  | env_info.py |   File exists, using version 153: environment_v153.json
00:03:06 | INFO  | env_info.py |   File exists, using version 155: requirements_frozen_v155.txt
00:03:06 | INFO  | env_info.py |   Save directory: /home/likun-share/.cache/stable-pretraining
00:03:06 | INFO  | env_info.py |   Writing environment to temp file...
00:03:06 | INFO  | env_info.py |   Moving to: environment_v153.json
00:03:06 | OK    | env_info.py | ✓ Environment file saved (2.1 KB)
00:03:06 | OK    | env_info.py | ✓ Requirements file saved (0.1 KB)
/home/likun-share/junjxu/wm/le-wm/.venv/lib/python3.10/site-packages/lightning/pytorch/utilities/data.py:79: Trying to infer the `batch_size` from an ambiguous collection. The batch size we found is 128. To avoid any miscalculations, use `self.log(..., batch_size=batch_size)`.
00:03:15 | INFO  | trainer_inf~| \n+----------------------------+--------------------+
|           Metric           |       Value        |
+----------------------------+--------------------+
|       [0;34;40mvalidate/loss[0m        | [0;32;40m9.544910430908203[0m  |
|    [0;34;40mvalidate/loss_epoch[0m     | [0;32;40m9.544910430908203[0m  |
|     [0;34;40mvalidate/pred_loss[0m     | [0;32;40m0.4069178104400635[0m |
|  [0;34;40mvalidate/pred_loss_epoch[0m  | [0;32;40m0.4069178104400635[0m |
|    [0;34;40mvalidate/probe_loss[0m     | [0;32;40m0.8254929780960083[0m |
| [0;34;40mvalidate/probe_loss_epoch[0m  | [0;32;40m0.8254929780960083[0m |
|    [0;34;40mvalidate/sigreg_loss[0m    |        [0;32;40m92.5[0m        |
| [0;34;40mvalidate/sigreg_loss_epoch[0m |        [0;32;40m92.5[0m        |
+----------------------------+--------------------+
00:03:15 | WARN  | hf_models.py| ! No Hugging Face (PreTrainedModel) submodules found in LightningModule.
00:03:15 | INFO  | utils.py    | ── Optimizers ────────────────────────────────────
00:03:15 | INFO  | module.py   |   self.optimizers() gave us 1 optimizers
00:03:15 | WARN  | module.py   | ! No clip val found for optimizer default_0
00:03:15 | WARN  | module.py   | ! Will use the Trainer's value of 1.0
00:03:15 | WARN  | module.py   | ! No clip algorithm found for optimizer default_0
00:03:15 | WARN  | module.py   | ! Will use the Trainer's value of None
00:03:15 | OK    | module.py   | ✓ Optimizer check complete:
+------------+-----------+----------------+-----------+-----------+
| Opt. Index | Opt. name |      opt       | clip val. | clip alg. |
+------------+-----------+----------------+-----------+-----------+
|     0      | default_0 | LightningAdamW |    1.0    |    None   |
+------------+-----------+----------------+-----------+-----------+
00:03:15 | INFO  | utils.py    | ── LogUnusedParametersOnce ───────────────────────
00:03:15 | INFO  | unused_para~|   registered hooks on 299 leaf parameters
00:03:17 | OK    | unused_para~| ✓ all tracked parameters received gradients on the first backward pass
00:03:17 | INFO  | unused_para~|   hooks removed, callback disabled
[Epoch 0/20] step 50/203 (2.8 it/s)
[Epoch 0/20] step 100/203 (2.6 it/s)
[Epoch 0/20] step 150/203 (2.5 it/s)
[Epoch 0/20] step 200/203 (2.6 it/s)
/home/likun-share/junjxu/wm/le-wm/.venv/lib/python3.10/site-packages/lightning/pytorch/utilities/data.py:79: Trying to infer the `batch_size` from an ambiguous collection. The batch size we found is 83. To avoid any miscalculations, use `self.log(..., batch_size=batch_size)`.
00:04:42 | INFO  | trainer_inf~| \n+----------------------------+------------------------+
|           Metric           |         Value          |
+----------------------------+------------------------+
|          [0;34;40mfit/loss[0m          |   [0;32;40m0.3820610046386719[0m   |
|       [0;34;40mfit/pred_loss[0m        |  [0;32;40m0.02494070865213871[0m   |
|       [0;34;40mfit/probe_loss[0m       |  [0;32;40m0.20379996299743652[0m   |
|      [0;34;40mfit/sigreg_loss[0m       |        [0;32;40m1.703125[0m        |
|    [0;34;40mhardware/cpu_percent[0m    |          [0;32;40m53.0[0m          |
|  [0;34;40mhardware/disk_read_mb_s[0m   | [0;32;40m0.0011715039145201445[0m  |
|  [0;34;40mhardware/disk_write_mb_s[0m  |   [0;32;40m9.352115631103516[0m    |
|   [0;34;40mhardware/net_recv_mb_s[0m   |  [0;32;40m0.08730478584766388[0m   |
|   [0;34;40mhardware/net_sent_mb_s[0m   |  [0;32;40m0.20722490549087524[0m   |
|    [0;34;40mhardware/ram_used_gb[0m    |   [0;32;40m236.54766845703125[0m   |
|   [0;34;40mhardware/ram_used_pct[0m    |          [0;32;40m23.5[0m          |
|    [0;34;40mhparams/lr_default_0[0m    | [0;32;40m4.9797443352872506e-05[0m |
|       [0;34;40mvalidate/loss[0m        |   [0;32;40m0.6410654187202454[0m   |
|    [0;34;40mvalidate/loss_epoch[0m     |   [0;32;40m0.6410654187202454[0m   |
|     [0;34;40mvalidate/pred_loss[0m     |  [0;32;40m0.03621187433600426[0m   |
|  [0;34;40mvalidate/pred_loss_epoch[0m  |  [0;32;40m0.03621187433600426[0m   |
|    [0;34;40mvalidate/probe_loss[0m     |  [0;32;40m0.23960158228874207[0m   |
| [0;34;40mvalidate/probe_loss_epoch[0m  |  [0;32;40m0.23960158228874207[0m   |
|    [0;34;40mvalidate/sigreg_loss[0m    |   [0;32;40m4.058597564697266[0m    |
| [0;34;40mvalidate/sigreg_loss_epoch[0m |   [0;32;40m4.058597564697266[0m    |
+----------------------------+------------------------+
[Epoch 0/20] done in 87.3s
00:04:43 | INFO  | checkpoint_~|   Checking for non PyTorch modules to save
00:04:43 | INFO  | atomic_chec~| [atomic_save] → /data1/likun-share/junjxu/.cache_stable-pretraining/runs/20260626/000259/f13e4826b446/checkpoints/epoch=0-step=203.ckpt
00:04:43 | INFO  | atomic_chec~| [atomic_save] ✓ epoch=0-step=203.ckpt saved (206.8 MiB, serialise=0.52s write=0.28s rename=0.1ms)
00:04:43 | INFO  | checkpoint_~|   Checking for non PyTorch modules to save
00:04:43 | INFO  | atomic_chec~| [atomic_save] → /data1/likun-share/junjxu/.cache_stable-pretraining/runs/20260626/000259/f13e4826b446/checkpoints/last.ckpt
00:04:44 | INFO  | atomic_chec~| [atomic_save] ✓ last.ckpt saved (206.8 MiB, serialise=0.39s write=0.22s rename=0.1ms)
[Epoch 1/20] step 50/203 (2.4 it/s)
[Epoch 1/20] step 100/203 (2.7 it/s)
[Epoch 1/20] step 150/203 (2.7 it/s)
[Epoch 1/20] step 200/203 (2.7 it/s)
00:06:07 | INFO  | trainer_inf~| \n+----------------------------+-----------------------+
|           Metric           |         Value         |
+----------------------------+-----------------------+
|          [0;34;40mfit/loss[0m          |  [0;32;40m0.35361433029174805[0m  |
|       [0;34;40mfit/pred_loss[0m        |  [0;32;40m0.02163507230579853[0m  |
|       [0;34;40mfit/probe_loss[0m       |  [0;32;40m0.20209646224975586[0m  |
|      [0;34;40mfit/sigreg_loss[0m       |       [0;32;40m1.4453125[0m       |
|    [0;34;40mhardware/cpu_percent[0m    |   [0;32;40m55.20000076293945[0m   |
|  [0;34;40mhardware/disk_read_mb_s[0m   |  [0;32;40m0.001171345473267138[0m |
|  [0;34;40mhardware/disk_write_mb_s[0m  |    [0;32;40m57.4443473815918[0m   |
|   [0;34;40mhardware/net_recv_mb_s[0m   |  [0;32;40m0.031281352043151855[0m |
|   [0;34;40mhardware/net_sent_mb_s[0m   |  [0;32;40m0.04465001821517944[0m  |
|    [0;34;40mhardware/ram_used_gb[0m    |   [0;32;40m239.14967346191406[0m  |
|   [0;34;40mhardware/ram_used_pct[0m    |   [0;32;40m23.700000762939453[0m  |
|    [0;34;40mhparams/lr_default_0[0m    | [0;32;40m4.898431870969944e-05[0m |
|       [0;34;40mvalidate/loss[0m        |  [0;32;40m0.41842859983444214[0m  |
|    [0;34;40mvalidate/loss_epoch[0m     |  [0;32;40m0.41842859983444214[0m  |
|     [0;34;40mvalidate/pred_loss[0m     |  [0;32;40m0.018194714561104774[0m |
|  [0;34;40mvalidate/pred_loss_epoch[0m  |  [0;32;40m0.018194714561104774[0m |
|    [0;34;40mvalidate/probe_loss[0m     |   [0;32;40m0.2080397754907608[0m  |
| [0;34;40mvalidate/probe_loss_epoch[0m  |   [0;32;40m0.2080397754907608[0m  |
|    [0;34;40mvalidate/sigreg_loss[0m    |   [0;32;40m2.1360490322113037[0m  |
| [0;34;40mvalidate/sigreg_loss_epoch[0m |   [0;32;40m2.1360490322113037[0m  |
+----------------------------+-----------------------+
[Epoch 1/20] done in 83.1s
00:06:07 | INFO  | checkpoint_~|   Checking for non PyTorch modules to save
00:06:07 | INFO  | atomic_chec~| [atomic_save] → /data1/likun-share/junjxu/.cache_stable-pretraining/runs/20260626/000259/f13e4826b446/checkpoints/epoch=1-step=406.ckpt
00:06:08 | INFO  | atomic_chec~| [atomic_save] ✓ epoch=1-step=406.ckpt saved (206.8 MiB, serialise=0.33s write=0.21s rename=0.1ms)
00:06:08 | INFO  | checkpoint_~|   Checking for non PyTorch modules to save
00:06:08 | INFO  | atomic_chec~| [atomic_save] → /data1/likun-share/junjxu/.cache_stable-pretraining/runs/20260626/000259/f13e4826b446/checkpoints/last.ckpt
00:06:08 | INFO  | atomic_chec~| [atomic_save] ✓ last.ckpt saved (206.8 MiB, serialise=0.34s write=0.21s rename=28.7ms)
[Epoch 2/20] step 50/203 (2.5 it/s)
[Epoch 2/20] step 100/203 (2.6 it/s)
[Epoch 2/20] step 150/203 (2.7 it/s)
[Epoch 2/20] step 200/203 (2.7 it/s)
00:07:32 | INFO  | trainer_inf~| \n+----------------------------+-----------------------+
|           Metric           |         Value         |
+----------------------------+-----------------------+
|          [0;34;40mfit/loss[0m          |   [0;32;40m0.3288308382034302[0m  |
|       [0;34;40mfit/pred_loss[0m        |  [0;32;40m0.019507210701704025[0m |
|       [0;34;40mfit/probe_loss[0m       |  [0;32;40m0.19311267137527466[0m  |
|      [0;34;40mfit/sigreg_loss[0m       |       [0;32;40m1.2890625[0m       |
|    [0;34;40mhardware/cpu_percent[0m    |   [0;32;40m55.400001525878906[0m  |
|  [0;34;40mhardware/disk_read_mb_s[0m   |  [0;32;40m0.008590874262154102[0m |
|  [0;34;40mhardware/disk_write_mb_s[0m  |   [0;32;40m8.891554832458496[0m   |
|   [0;34;40mhardware/net_recv_mb_s[0m   |  [0;32;40m0.21662813425064087[0m  |
|   [0;34;40mhardware/net_sent_mb_s[0m   |   [0;32;40m0.579342246055603[0m   |
|    [0;34;40mhardware/ram_used_gb[0m    |   [0;32;40m237.86007690429688[0m  |
|   [0;34;40mhardware/ram_used_pct[0m    |   [0;32;40m23.600000381469727[0m  |
|    [0;34;40mhparams/lr_default_0[0m    | [0;32;40m4.756883572554216e-05[0m |
|       [0;34;40mvalidate/loss[0m        |   [0;32;40m0.4149051904678345[0m  |
|    [0;34;40mvalidate/loss_epoch[0m     |   [0;32;40m0.4149051904678345[0m  |
|     [0;34;40mvalidate/pred_loss[0m     |  [0;32;40m0.016361311078071594[0m |
|  [0;34;40mvalidate/pred_loss_epoch[0m  |  [0;32;40m0.016361311078071594[0m |
|    [0;34;40mvalidate/probe_loss[0m     |   [0;32;40m0.1965874433517456[0m  |
| [0;34;40mvalidate/probe_loss_epoch[0m  |   [0;32;40m0.1965874433517456[0m  |
|    [0;34;40mvalidate/sigreg_loss[0m    |   [0;32;40m2.2437100410461426[0m  |
| [0;34;40mvalidate/sigreg_loss_epoch[0m |   [0;32;40m2.2437100410461426[0m  |
+----------------------------+-----------------------+
[Epoch 2/20] done in 83.5s
00:07:32 | INFO  | checkpoint_~|   Checking for non PyTorch modules to save
00:07:32 | INFO  | atomic_chec~| [atomic_save] → /data1/likun-share/junjxu/.cache_stable-pretraining/runs/20260626/000259/f13e4826b446/checkpoints/epoch=2-step=609.ckpt
00:07:33 | INFO  | atomic_chec~| [atomic_save] ✓ epoch=2-step=609.ckpt saved (206.8 MiB, serialise=0.40s write=0.23s rename=0.1ms)
00:07:33 | INFO  | checkpoint_~|   Checking for non PyTorch modules to save
00:07:33 | INFO  | atomic_chec~| [atomic_save] → /data1/likun-share/junjxu/.cache_stable-pretraining/runs/20260626/000259/f13e4826b446/checkpoints/last.ckpt
00:07:33 | INFO  | atomic_chec~| [atomic_save] ✓ last.ckpt saved (206.8 MiB, serialise=0.37s write=0.21s rename=30.8ms)
[Epoch 3/20] step 50/203 (2.6 it/s)
[Epoch 3/20] step 100/203 (2.7 it/s)
[Epoch 3/20] step 150/203 (2.7 it/s)
[Epoch 3/20] step 200/203 (2.8 it/s)
00:08:54 | INFO  | trainer_inf~| \n+----------------------------+-----------------------+
|           Metric           |         Value         |
+----------------------------+-----------------------+
|          [0;34;40mfit/loss[0m          |   [0;32;40m0.3574331998825073[0m  |
|       [0;34;40mfit/pred_loss[0m        |  [0;32;40m0.018907291814684868[0m |
|       [0;34;40mfit/probe_loss[0m       |   [0;32;40m0.2213384062051773[0m  |
|      [0;34;40mfit/sigreg_loss[0m       |       [0;32;40m1.3046875[0m       |
|    [0;34;40mhardware/cpu_percent[0m    |   [0;32;40m46.900001525878906[0m  |
|  [0;34;40mhardware/disk_read_mb_s[0m   |   [0;32;40m2.3590261936187744[0m  |
|  [0;34;40mhardware/disk_write_mb_s[0m  |   [0;32;40m7.406998157501221[0m   |
|   [0;34;40mhardware/net_recv_mb_s[0m   |  [0;32;40m0.10133428126573563[0m  |
|   [0;34;40mhardware/net_sent_mb_s[0m   |  [0;32;40m0.24775652587413788[0m  |
|    [0;34;40mhardware/ram_used_gb[0m    |   [0;32;40m159.38082885742188[0m  |
|   [0;34;40mhardware/ram_used_pct[0m    |   [0;32;40m15.800000190734863[0m  |
|    [0;34;40mhparams/lr_default_0[0m    | [0;32;40m4.558654109132476e-05[0m |
|       [0;34;40mvalidate/loss[0m        |  [0;32;40m0.39285460114479065[0m  |
|    [0;34;40mvalidate/loss_epoch[0m     |  [0;32;40m0.39285460114479065[0m  |
|     [0;34;40mvalidate/pred_loss[0m     |  [0;32;40m0.013839131221175194[0m |
|  [0;34;40mvalidate/pred_loss_epoch[0m  |  [0;32;40m0.013839131221175194[0m |
|    [0;34;40mvalidate/probe_loss[0m     |   [0;32;40m0.1841244101524353[0m  |
| [0;34;40mvalidate/probe_loss_epoch[0m  |   [0;32;40m0.1841244101524353[0m  |
|    [0;34;40mvalidate/sigreg_loss[0m    |   [0;32;40m2.1659786701202393[0m  |
| [0;34;40mvalidate/sigreg_loss_epoch[0m |   [0;32;40m2.1659786701202393[0m  |
+----------------------------+-----------------------+
[Epoch 3/20] done in 81.3s
00:08:55 | INFO  | checkpoint_~|   Checking for non PyTorch modules to save
00:08:55 | INFO  | atomic_chec~| [atomic_save] → /data1/likun-share/junjxu/.cache_stable-pretraining/runs/20260626/000259/f13e4826b446/checkpoints/epoch=3-step=812.ckpt
00:08:55 | INFO  | atomic_chec~| [atomic_save] ✓ epoch=3-step=812.ckpt saved (206.8 MiB, serialise=0.31s write=0.20s rename=0.0ms)
00:08:55 | INFO  | checkpoint_~|   Checking for non PyTorch modules to save
00:08:55 | INFO  | atomic_chec~| [atomic_save] → /data1/likun-share/junjxu/.cache_stable-pretraining/runs/20260626/000259/f13e4826b446/checkpoints/last.ckpt
00:08:56 | INFO  | atomic_chec~| [atomic_save] ✓ last.ckpt saved (206.8 MiB, serialise=0.33s write=0.20s rename=31.1ms)
[Epoch 4/20] step 50/203 (2.7 it/s)
[Epoch 4/20] step 100/203 (2.9 it/s)
[Epoch 4/20] step 150/203 (3.0 it/s)
[Epoch 4/20] step 200/203 (3.0 it/s)
00:10:11 | INFO  | trainer_inf~| \n+----------------------------+------------------------+
|           Metric           |         Value          |
+----------------------------+------------------------+
|          [0;34;40mfit/loss[0m          |   [0;32;40m0.2748478651046753[0m   |
|       [0;34;40mfit/pred_loss[0m        |  [0;32;40m0.014603270217776299[0m  |
|       [0;34;40mfit/probe_loss[0m       |  [0;32;40m0.15428756177425385[0m   |
|      [0;34;40mfit/sigreg_loss[0m       |       [0;32;40m1.1796875[0m        |
|    [0;34;40mhardware/cpu_percent[0m    |   [0;32;40m36.20000076293945[0m    |
|  [0;34;40mhardware/disk_read_mb_s[0m   | [0;32;40m0.00039054860826581717[0m |
|  [0;34;40mhardware/disk_write_mb_s[0m  |   [0;32;40m9.189608573913574[0m    |
|   [0;34;40mhardware/net_recv_mb_s[0m   |  [0;32;40m0.04753280058503151[0m   |
|   [0;34;40mhardware/net_sent_mb_s[0m   |  [0;32;40m0.09611529111862183[0m   |
|    [0;34;40mhardware/ram_used_gb[0m    |   [0;32;40m157.29727172851562[0m   |
|   [0;34;40mhardware/ram_used_pct[0m    |   [0;32;40m15.600000381469727[0m   |
|    [0;34;40mhparams/lr_default_0[0m    |  [0;32;40m4.30872205470223e-05[0m  |
|       [0;34;40mvalidate/loss[0m        |  [0;32;40m0.38965141773223877[0m   |
|    [0;34;40mvalidate/loss_epoch[0m     |  [0;32;40m0.38965141773223877[0m   |
|     [0;34;40mvalidate/pred_loss[0m     |  [0;32;40m0.014529022388160229[0m  |
|  [0;34;40mvalidate/pred_loss_epoch[0m  |  [0;32;40m0.014529022388160229[0m  |
|    [0;34;40mvalidate/probe_loss[0m     |  [0;32;40m0.17536035180091858[0m   |
| [0;34;40mvalidate/probe_loss_epoch[0m  |  [0;32;40m0.17536035180091858[0m   |
|    [0;34;40mvalidate/sigreg_loss[0m    |   [0;32;40m2.219499111175537[0m    |
| [0;34;40mvalidate/sigreg_loss_epoch[0m |   [0;32;40m2.219499111175537[0m    |
+----------------------------+------------------------+
[Epoch 4/20] done in 75.2s
00:10:11 | INFO  | checkpoint_~|   Checking for non PyTorch modules to save
00:10:11 | INFO  | atomic_chec~| [atomic_save] → /data1/likun-share/junjxu/.cache_stable-pretraining/runs/20260626/000259/f13e4826b446/checkpoints/epoch=4-step=1015.ckpt
00:10:11 | INFO  | atomic_chec~| [atomic_save] ✓ epoch=4-step=1015.ckpt saved (206.8 MiB, serialise=0.27s write=0.20s rename=0.1ms)
00:10:11 | INFO  | checkpoint_~|   Checking for non PyTorch modules to save
00:10:11 | INFO  | atomic_chec~| [atomic_save] → /data1/likun-share/junjxu/.cache_stable-pretraining/runs/20260626/000259/f13e4826b446/checkpoints/last.ckpt
00:10:12 | INFO  | atomic_chec~| [atomic_save] ✓ last.ckpt saved (206.8 MiB, serialise=0.29s write=0.19s rename=25.9ms)
[Epoch 5/20] step 50/203 (2.9 it/s)
[Epoch 5/20] step 100/203 (3.0 it/s)
[Epoch 5/20] step 150/203 (3.1 it/s)
[Epoch 5/20] step 200/203 (3.1 it/s)
00:11:25 | INFO  | trainer_inf~| \n+----------------------------+------------------------+
|           Metric           |         Value          |
+----------------------------+------------------------+
|          [0;34;40mfit/loss[0m          |  [0;32;40m0.26740896701812744[0m   |
|       [0;34;40mfit/pred_loss[0m        |  [0;32;40m0.014681619592010975[0m  |
|       [0;34;40mfit/probe_loss[0m       |  [0;32;40m0.15067654848098755[0m   |
|      [0;34;40mfit/sigreg_loss[0m       |       [0;32;40m1.1328125[0m        |
|    [0;34;40mhardware/cpu_percent[0m    |   [0;32;40m36.20000076293945[0m    |
|  [0;34;40mhardware/disk_read_mb_s[0m   |          [0;32;40m0.0[0m           |
|  [0;34;40mhardware/disk_write_mb_s[0m  |   [0;32;40m15.421109199523926[0m   |
|   [0;34;40mhardware/net_recv_mb_s[0m   |  [0;32;40m0.041944630444049835[0m  |
|   [0;34;40mhardware/net_sent_mb_s[0m   |  [0;32;40m0.09009242057800293[0m   |
|    [0;34;40mhardware/ram_used_gb[0m    |   [0;32;40m159.10104370117188[0m   |
|   [0;34;40mhardware/ram_used_pct[0m    |   [0;32;40m15.800000190734863[0m   |
|    [0;34;40mhparams/lr_default_0[0m    | [0;32;40m4.0133647416951135e-05[0m |
|       [0;34;40mvalidate/loss[0m        |  [0;32;40m0.35773584246635437[0m   |
|    [0;34;40mvalidate/loss_epoch[0m     |  [0;32;40m0.35773584246635437[0m   |
|     [0;34;40mvalidate/pred_loss[0m     |  [0;32;40m0.01265230868011713[0m   |
|  [0;34;40mvalidate/pred_loss_epoch[0m  |  [0;32;40m0.01265230868011713[0m   |
|    [0;34;40mvalidate/probe_loss[0m     |  [0;32;40m0.16866934299468994[0m   |
| [0;34;40mvalidate/probe_loss_epoch[0m  |  [0;32;40m0.16866934299468994[0m   |
|    [0;34;40mvalidate/sigreg_loss[0m    |    [0;32;40m1.96007239818573[0m    |
| [0;34;40mvalidate/sigreg_loss_epoch[0m |    [0;32;40m1.96007239818573[0m    |
+----------------------------+------------------------+
[Epoch 5/20] done in 72.9s
00:11:25 | INFO  | checkpoint_~|   Checking for non PyTorch modules to save
00:11:25 | INFO  | atomic_chec~| [atomic_save] → /data1/likun-share/junjxu/.cache_stable-pretraining/runs/20260626/000259/f13e4826b446/checkpoints/epoch=5-step=1218.ckpt
00:11:25 | INFO  | atomic_chec~| [atomic_save] ✓ epoch=5-step=1218.ckpt saved (206.8 MiB, serialise=0.30s write=0.20s rename=0.0ms)
00:11:25 | INFO  | checkpoint_~|   Checking for non PyTorch modules to save
00:11:25 | INFO  | atomic_chec~| [atomic_save] → /data1/likun-share/junjxu/.cache_stable-pretraining/runs/20260626/000259/f13e4826b446/checkpoints/last.ckpt
00:11:26 | INFO  | atomic_chec~| [atomic_save] ✓ last.ckpt saved (206.8 MiB, serialise=0.37s write=0.19s rename=25.7ms)
[Epoch 6/20] step 50/203 (2.8 it/s)
[Epoch 6/20] step 100/203 (3.0 it/s)
[Epoch 6/20] step 150/203 (3.1 it/s)
[Epoch 6/20] step 200/203 (3.1 it/s)
00:12:39 | INFO  | trainer_inf~| \n+----------------------------+-----------------------+
|           Metric           |         Value         |
+----------------------------+-----------------------+
|          [0;34;40mfit/loss[0m          |  [0;32;40m0.27061060070991516[0m  |
|       [0;34;40mfit/pred_loss[0m        |  [0;32;40m0.01634238101541996[0m  |
|       [0;34;40mfit/probe_loss[0m       |  [0;32;40m0.15026432275772095[0m  |
|      [0;34;40mfit/sigreg_loss[0m       |        [0;32;40m1.15625[0m        |
|    [0;34;40mhardware/cpu_percent[0m    |   [0;32;40m38.70000076293945[0m   |
|  [0;34;40mhardware/disk_read_mb_s[0m   |   [0;32;40m1.1177537441253662[0m  |
|  [0;34;40mhardware/disk_write_mb_s[0m  |   [0;32;40m8.786591529846191[0m   |
|   [0;34;40mhardware/net_recv_mb_s[0m   |  [0;32;40m0.06311623752117157[0m  |
|   [0;34;40mhardware/net_sent_mb_s[0m   |   [0;32;40m0.1176173985004425[0m  |
|    [0;34;40mhardware/ram_used_gb[0m    |   [0;32;40m157.20138549804688[0m  |
|   [0;34;40mhardware/ram_used_pct[0m    |   [0;32;40m15.600000381469727[0m  |
|    [0;34;40mhparams/lr_default_0[0m    | [0;32;40m3.679999281303026e-05[0m |
|       [0;34;40mvalidate/loss[0m        |   [0;32;40m0.3528169095516205[0m  |
|    [0;34;40mvalidate/loss_epoch[0m     |   [0;32;40m0.3528169095516205[0m  |
|     [0;34;40mvalidate/pred_loss[0m     |  [0;32;40m0.012681582942605019[0m |
|  [0;34;40mvalidate/pred_loss_epoch[0m  |  [0;32;40m0.012681582942605019[0m |
|    [0;34;40mvalidate/probe_loss[0m     |  [0;32;40m0.16700385510921478[0m  |
| [0;34;40mvalidate/probe_loss_epoch[0m  |  [0;32;40m0.16700385510921478[0m  |
|    [0;34;40mvalidate/sigreg_loss[0m    |   [0;32;40m1.9233787059783936[0m  |
| [0;34;40mvalidate/sigreg_loss_epoch[0m |   [0;32;40m1.9233787059783936[0m  |
+----------------------------+-----------------------+
[Epoch 6/20] done in 72.7s
00:12:39 | INFO  | checkpoint_~|   Checking for non PyTorch modules to save
00:12:39 | INFO  | atomic_chec~| [atomic_save] → /data1/likun-share/junjxu/.cache_stable-pretraining/runs/20260626/000259/f13e4826b446/checkpoints/epoch=6-step=1421.ckpt
00:12:40 | INFO  | atomic_chec~| [atomic_save] ✓ epoch=6-step=1421.ckpt saved (206.8 MiB, serialise=0.65s write=0.19s rename=0.0ms)
00:12:40 | INFO  | checkpoint_~|   Checking for non PyTorch modules to save
00:12:40 | INFO  | atomic_chec~| [atomic_save] → /data1/likun-share/junjxu/.cache_stable-pretraining/runs/20260626/000259/f13e4826b446/checkpoints/last.ckpt
00:12:40 | INFO  | atomic_chec~| [atomic_save] ✓ last.ckpt saved (206.8 MiB, serialise=0.29s write=0.19s rename=26.9ms)
[Epoch 7/20] step 50/203 (2.9 it/s)
[Epoch 7/20] step 100/203 (3.1 it/s)
[Epoch 7/20] step 150/203 (3.1 it/s)
[Epoch 7/20] step 200/203 (3.2 it/s)
00:13:52 | INFO  | trainer_inf~| \n+----------------------------+-----------------------+
|           Metric           |         Value         |
+----------------------------+-----------------------+
|          [0;34;40mfit/loss[0m          |   [0;32;40m0.3212258815765381[0m  |
|       [0;34;40mfit/pred_loss[0m        |  [0;32;40m0.01612335816025734[0m  |
|       [0;34;40mfit/probe_loss[0m       |  [0;32;40m0.19816894829273224[0m  |
|      [0;34;40mfit/sigreg_loss[0m       |         [0;32;40m1.1875[0m        |
|    [0;34;40mhardware/cpu_percent[0m    |   [0;32;40m36.099998474121094[0m  |
|  [0;34;40mhardware/disk_read_mb_s[0m   |          [0;32;40m0.0[0m          |
|  [0;34;40mhardware/disk_write_mb_s[0m  |   [0;32;40m9.100483894348145[0m   |
|   [0;34;40mhardware/net_recv_mb_s[0m   |  [0;32;40m0.03525378555059433[0m  |
|   [0;34;40mhardware/net_sent_mb_s[0m   |  [0;32;40m0.07199467718601227[0m  |
|    [0;34;40mhardware/ram_used_gb[0m    |   [0;32;40m159.09463500976562[0m  |
|   [0;34;40mhardware/ram_used_pct[0m    |   [0;32;40m15.800000190734863[0m  |
|    [0;34;40mhparams/lr_default_0[0m    | [0;32;40m3.316998481750488e-05[0m |
|       [0;34;40mvalidate/loss[0m        |   [0;32;40m0.3296425938606262[0m  |
|    [0;34;40mvalidate/loss_epoch[0m     |   [0;32;40m0.3296425938606262[0m  |
|     [0;34;40mvalidate/pred_loss[0m     |   [0;32;40m0.0114243533462286[0m  |
|  [0;34;40mvalidate/pred_loss_epoch[0m  |   [0;32;40m0.0114243533462286[0m  |
|    [0;34;40mvalidate/probe_loss[0m     |  [0;32;40m0.16028763353824615[0m  |
| [0;34;40mvalidate/probe_loss_epoch[0m  |  [0;32;40m0.16028763353824615[0m  |
|    [0;34;40mvalidate/sigreg_loss[0m    |   [0;32;40m1.754532814025879[0m   |
| [0;34;40mvalidate/sigreg_loss_epoch[0m |   [0;32;40m1.754532814025879[0m   |
+----------------------------+-----------------------+
[Epoch 7/20] done in 72.3s
00:13:52 | INFO  | checkpoint_~|   Checking for non PyTorch modules to save
00:13:52 | INFO  | atomic_chec~| [atomic_save] → /data1/likun-share/junjxu/.cache_stable-pretraining/runs/20260626/000259/f13e4826b446/checkpoints/epoch=7-step=1624.ckpt
00:13:53 | INFO  | atomic_chec~| [atomic_save] ✓ epoch=7-step=1624.ckpt saved (206.8 MiB, serialise=0.26s write=0.20s rename=0.0ms)
00:13:53 | INFO  | checkpoint_~|   Checking for non PyTorch modules to save
00:13:53 | INFO  | atomic_chec~| [atomic_save] → /data1/likun-share/junjxu/.cache_stable-pretraining/runs/20260626/000259/f13e4826b446/checkpoints/last.ckpt
00:13:53 | INFO  | atomic_chec~| [atomic_save] ✓ last.ckpt saved (206.8 MiB, serialise=0.27s write=0.19s rename=25.9ms)
[Epoch 8/20] step 50/203 (2.8 it/s)
[Epoch 8/20] step 100/203 (3.0 it/s)
[Epoch 8/20] step 150/203 (3.1 it/s)
[Epoch 8/20] step 200/203 (3.2 it/s)
00:15:06 | INFO  | trainer_inf~| \n+----------------------------+------------------------+
|           Metric           |         Value          |
+----------------------------+------------------------+
|          [0;34;40mfit/loss[0m          |   [0;32;40m0.2591651678085327[0m   |
|       [0;34;40mfit/pred_loss[0m        |  [0;32;40m0.013401515781879425[0m  |
|       [0;34;40mfit/probe_loss[0m       |   [0;32;40m0.1437128782272339[0m   |
|      [0;34;40mfit/sigreg_loss[0m       |       [0;32;40m1.1328125[0m        |
|    [0;34;40mhardware/cpu_percent[0m    |          [0;32;40m36.5[0m          |
|  [0;34;40mhardware/disk_read_mb_s[0m   |          [0;32;40m0.0[0m           |
|  [0;34;40mhardware/disk_write_mb_s[0m  |   [0;32;40m9.421456336975098[0m    |
|   [0;34;40mhardware/net_recv_mb_s[0m   |  [0;32;40m0.07176998257637024[0m   |
|   [0;34;40mhardware/net_sent_mb_s[0m   |   [0;32;40m0.145664781332016[0m    |
|    [0;34;40mhardware/ram_used_gb[0m    |   [0;32;40m159.56240844726562[0m   |
|   [0;34;40mhardware/ram_used_pct[0m    |   [0;32;40m15.800000190734863[0m   |
|    [0;34;40mhparams/lr_default_0[0m    | [0;32;40m2.9334791179280728e-05[0m |
|       [0;34;40mvalidate/loss[0m        |  [0;32;40m0.32201647758483887[0m   |
|    [0;34;40mvalidate/loss_epoch[0m     |  [0;32;40m0.32201647758483887[0m   |
|     [0;34;40mvalidate/pred_loss[0m     |  [0;32;40m0.01102201547473669[0m   |
|  [0;34;40mvalidate/pred_loss_epoch[0m  |  [0;32;40m0.01102201547473669[0m   |
|    [0;34;40mvalidate/probe_loss[0m     |   [0;32;40m0.1512656807899475[0m   |
| [0;34;40mvalidate/probe_loss_epoch[0m  |   [0;32;40m0.1512656807899475[0m   |
|    [0;34;40mvalidate/sigreg_loss[0m    |   [0;32;40m1.7747822999954224[0m   |
| [0;34;40mvalidate/sigreg_loss_epoch[0m |   [0;32;40m1.7747822999954224[0m   |
+----------------------------+------------------------+
[Epoch 8/20] done in 72.4s
00:15:06 | INFO  | checkpoint_~|   Checking for non PyTorch modules to save
00:15:06 | INFO  | atomic_chec~| [atomic_save] → /data1/likun-share/junjxu/.cache_stable-pretraining/runs/20260626/000259/f13e4826b446/checkpoints/epoch=8-step=1827.ckpt
00:15:06 | INFO  | atomic_chec~| [atomic_save] ✓ epoch=8-step=1827.ckpt saved (206.8 MiB, serialise=0.27s write=0.19s rename=0.0ms)
00:15:06 | INFO  | checkpoint_~|   Checking for non PyTorch modules to save
00:15:06 | INFO  | atomic_chec~| [atomic_save] → /data1/likun-share/junjxu/.cache_stable-pretraining/runs/20260626/000259/f13e4826b446/checkpoints/last.ckpt
00:15:07 | INFO  | atomic_chec~| [atomic_save] ✓ last.ckpt saved (206.8 MiB, serialise=0.27s write=0.19s rename=30.5ms)
[Epoch 9/20] step 50/203 (2.9 it/s)
[Epoch 9/20] step 100/203 (3.0 it/s)
[Epoch 9/20] step 150/203 (3.1 it/s)
[Epoch 9/20] step 200/203 (3.2 it/s)
00:16:20 | INFO  | trainer_inf~| \n+----------------------------+-----------------------+
|           Metric           |         Value         |
+----------------------------+-----------------------+
|          [0;34;40mfit/loss[0m          |  [0;32;40m0.24601051211357117[0m  |
|       [0;34;40mfit/pred_loss[0m        |  [0;32;40m0.012078076601028442[0m |
|       [0;34;40mfit/probe_loss[0m       |  [0;32;40m0.14115899801254272[0m  |
|      [0;34;40mfit/sigreg_loss[0m       |        [0;32;40m1.03125[0m        |
|    [0;34;40mhardware/cpu_percent[0m    |   [0;32;40m34.900001525878906[0m  |
|  [0;34;40mhardware/disk_read_mb_s[0m   |  [0;32;40m0.002343082567676902[0m |
|  [0;34;40mhardware/disk_write_mb_s[0m  |   [0;32;40m92.34204864501953[0m   |
|   [0;34;40mhardware/net_recv_mb_s[0m   |  [0;32;40m0.03598818555474281[0m  |
|   [0;34;40mhardware/net_sent_mb_s[0m   |  [0;32;40m0.06989652663469315[0m  |
|    [0;34;40mhardware/ram_used_gb[0m    |   [0;32;40m159.3775634765625[0m   |
|   [0;34;40mhardware/ram_used_pct[0m    |   [0;32;40m15.800000190734863[0m  |
|    [0;34;40mhparams/lr_default_0[0m    | [0;32;40m2.539072920626495e-05[0m |
|       [0;34;40mvalidate/loss[0m        |  [0;32;40m0.31461232900619507[0m  |
|    [0;34;40mvalidate/loss_epoch[0m     |  [0;32;40m0.31461232900619507[0m  |
|     [0;34;40mvalidate/pred_loss[0m     |  [0;32;40m0.011093905195593834[0m |
|  [0;34;40mvalidate/pred_loss_epoch[0m  |  [0;32;40m0.011093905195593834[0m |
|    [0;34;40mvalidate/probe_loss[0m     |  [0;32;40m0.14630569517612457[0m  |
| [0;34;40mvalidate/probe_loss_epoch[0m  |  [0;32;40m0.14630569517612457[0m  |
|    [0;34;40mvalidate/sigreg_loss[0m    |   [0;32;40m1.746720314025879[0m   |
| [0;34;40mvalidate/sigreg_loss_epoch[0m |   [0;32;40m1.746720314025879[0m   |
+----------------------------+-----------------------+
[Epoch 9/20] done in 72.7s
00:16:20 | INFO  | checkpoint_~|   Checking for non PyTorch modules to save
00:16:20 | INFO  | atomic_chec~| [atomic_save] → /data1/likun-share/junjxu/.cache_stable-pretraining/runs/20260626/000259/f13e4826b446/checkpoints/epoch=9-step=2030.ckpt
00:16:20 | INFO  | atomic_chec~| [atomic_save] ✓ epoch=9-step=2030.ckpt saved (206.8 MiB, serialise=0.30s write=0.19s rename=0.0ms)
00:16:20 | INFO  | checkpoint_~|   Checking for non PyTorch modules to save
00:16:20 | INFO  | atomic_chec~| [atomic_save] → /data1/likun-share/junjxu/.cache_stable-pretraining/runs/20260626/000259/f13e4826b446/checkpoints/last.ckpt
00:16:21 | INFO  | atomic_chec~| [atomic_save] ✓ last.ckpt saved (206.8 MiB, serialise=0.31s write=0.21s rename=26.8ms)
[Epoch 10/20] step 50/203 (2.8 it/s)
[Epoch 10/20] step 100/203 (3.0 it/s)
[Epoch 10/20] step 150/203 (3.1 it/s)
[Epoch 10/20] step 200/203 (3.1 it/s)
00:17:33 | INFO  | trainer_inf~| \n+----------------------------+------------------------+
|           Metric           |         Value          |
+----------------------------+------------------------+
|          [0;34;40mfit/loss[0m          |   [0;32;40m0.2374376654624939[0m   |
|       [0;34;40mfit/pred_loss[0m        |  [0;32;40m0.013134794309735298[0m  |
|       [0;34;40mfit/probe_loss[0m       |  [0;32;40m0.13592396676540375[0m   |
|      [0;34;40mfit/sigreg_loss[0m       |        [0;32;40m0.984375[0m        |
|    [0;34;40mhardware/cpu_percent[0m    |   [0;32;40m34.900001525878906[0m   |
|  [0;34;40mhardware/disk_read_mb_s[0m   | [0;32;40m0.0039052392821758986[0m  |
|  [0;34;40mhardware/disk_write_mb_s[0m  |   [0;32;40m132.8406219482422[0m    |
|   [0;34;40mhardware/net_recv_mb_s[0m   |  [0;32;40m0.04261830821633339[0m   |
|   [0;34;40mhardware/net_sent_mb_s[0m   |   [0;32;40m0.0500054657459259[0m   |
|    [0;34;40mhardware/ram_used_gb[0m    |     [0;32;40m162.1474609375[0m     |
|   [0;34;40mhardware/ram_used_pct[0m    |   [0;32;40m16.100000381469727[0m   |
|    [0;34;40mhparams/lr_default_0[0m    | [0;32;40m2.1436855604406446e-05[0m |
|       [0;34;40mvalidate/loss[0m        |  [0;32;40m0.31279072165489197[0m   |
|    [0;34;40mvalidate/loss_epoch[0m     |  [0;32;40m0.31279072165489197[0m   |
|     [0;34;40mvalidate/pred_loss[0m     |  [0;32;40m0.010975330136716366[0m  |
|  [0;34;40mvalidate/pred_loss_epoch[0m  |  [0;32;40m0.010975330136716366[0m  |
|    [0;34;40mvalidate/probe_loss[0m     |  [0;32;40m0.14477981626987457[0m   |
| [0;34;40mvalidate/probe_loss_epoch[0m  |  [0;32;40m0.14477981626987457[0m   |
|    [0;34;40mvalidate/sigreg_loss[0m    |   [0;32;40m1.7450602054595947[0m   |
| [0;34;40mvalidate/sigreg_loss_epoch[0m |   [0;32;40m1.7450602054595947[0m   |
+----------------------------+------------------------+
[Epoch 10/20] done in 72.8s
00:17:33 | INFO  | checkpoint_~|   Checking for non PyTorch modules to save
00:17:33 | INFO  | atomic_chec~| [atomic_save] → /data1/likun-share/junjxu/.cache_stable-pretraining/runs/20260626/000259/f13e4826b446/checkpoints/epoch=10-step=2233.ckpt
00:17:34 | INFO  | atomic_chec~| [atomic_save] ✓ epoch=10-step=2233.ckpt saved (206.8 MiB, serialise=0.30s write=0.19s rename=0.0ms)
00:17:34 | INFO  | checkpoint_~|   Checking for non PyTorch modules to save
00:17:34 | INFO  | atomic_chec~| [atomic_save] → /data1/likun-share/junjxu/.cache_stable-pretraining/runs/20260626/000259/f13e4826b446/checkpoints/last.ckpt
00:17:35 | INFO  | atomic_chec~| [atomic_save] ✓ last.ckpt saved (206.8 MiB, serialise=0.27s write=0.19s rename=26.3ms)
[Epoch 11/20] step 50/203 (2.8 it/s)
[Epoch 11/20] step 100/203 (3.0 it/s)
[Epoch 11/20] step 150/203 (3.1 it/s)
[Epoch 11/20] step 200/203 (3.1 it/s)
00:18:47 | INFO  | trainer_inf~| \n+----------------------------+-----------------------+
|           Metric           |         Value         |
+----------------------------+-----------------------+
|          [0;34;40mfit/loss[0m          |   [0;32;40m0.2683817744255066[0m  |
|       [0;34;40mfit/pred_loss[0m        |   [0;32;40m0.0125516252592206[0m  |
|       [0;34;40mfit/probe_loss[0m       |  [0;32;40m0.16696296632289886[0m  |
|      [0;34;40mfit/sigreg_loss[0m       |       [0;32;40m0.98828125[0m      |
|    [0;34;40mhardware/cpu_percent[0m    |   [0;32;40m33.70000076293945[0m   |
|  [0;34;40mhardware/disk_read_mb_s[0m   |  [0;32;40m0.001171654206700623[0m |
|  [0;34;40mhardware/disk_write_mb_s[0m  |   [0;32;40m54.55182647705078[0m   |
|   [0;34;40mhardware/net_recv_mb_s[0m   |  [0;32;40m0.047830529510974884[0m |
|   [0;34;40mhardware/net_sent_mb_s[0m   |  [0;32;40m0.09800303727388382[0m  |
|    [0;34;40mhardware/ram_used_gb[0m    |   [0;32;40m161.68746948242188[0m  |
|   [0;34;40mhardware/ram_used_pct[0m    |   [0;32;40m16.100000381469727[0m  |
|    [0;34;40mhparams/lr_default_0[0m    | [0;32;40m1.757246718625538e-05[0m |
|       [0;34;40mvalidate/loss[0m        |   [0;32;40m0.2931795120239258[0m  |
|    [0;34;40mvalidate/loss_epoch[0m     |   [0;32;40m0.2931795120239258[0m  |
|     [0;34;40mvalidate/pred_loss[0m     |  [0;32;40m0.010343845933675766[0m |
|  [0;34;40mvalidate/pred_loss_epoch[0m  |  [0;32;40m0.010343845933675766[0m |
|    [0;34;40mvalidate/probe_loss[0m     |   [0;32;40m0.1361885666847229[0m  |
| [0;34;40mvalidate/probe_loss_epoch[0m  |   [0;32;40m0.1361885666847229[0m  |
|    [0;34;40mvalidate/sigreg_loss[0m    |   [0;32;40m1.629616379737854[0m   |
| [0;34;40mvalidate/sigreg_loss_epoch[0m |   [0;32;40m1.629616379737854[0m   |
+----------------------------+-----------------------+
[Epoch 11/20] done in 72.2s
00:18:47 | INFO  | checkpoint_~|   Checking for non PyTorch modules to save
00:18:47 | INFO  | atomic_chec~| [atomic_save] → /data1/likun-share/junjxu/.cache_stable-pretraining/runs/20260626/000259/f13e4826b446/checkpoints/epoch=11-step=2436.ckpt
00:18:47 | INFO  | atomic_chec~| [atomic_save] ✓ epoch=11-step=2436.ckpt saved (206.8 MiB, serialise=0.26s write=0.19s rename=0.0ms)
00:18:47 | INFO  | checkpoint_~|   Checking for non PyTorch modules to save
00:18:47 | INFO  | atomic_chec~| [atomic_save] → /data1/likun-share/junjxu/.cache_stable-pretraining/runs/20260626/000259/f13e4826b446/checkpoints/last.ckpt
00:18:48 | INFO  | atomic_chec~| [atomic_save] ✓ last.ckpt saved (206.8 MiB, serialise=0.26s write=0.19s rename=27.3ms)
[Epoch 12/20] step 50/203 (2.8 it/s)
[Epoch 12/20] step 100/203 (3.0 it/s)
[Epoch 12/20] step 150/203 (3.1 it/s)
[Epoch 12/20] step 200/203 (3.1 it/s)
00:20:01 | INFO  | trainer_inf~| \n+----------------------------+------------------------+
|           Metric           |         Value          |
+----------------------------+------------------------+
|          [0;34;40mfit/loss[0m          |   [0;32;40m0.2312583327293396[0m   |
|       [0;34;40mfit/pred_loss[0m        |  [0;32;40m0.012924219481647015[0m  |
|       [0;34;40mfit/probe_loss[0m       |   [0;32;40m0.1289786398410797[0m   |
|      [0;34;40mfit/sigreg_loss[0m       |       [0;32;40m0.9921875[0m        |
|    [0;34;40mhardware/cpu_percent[0m    |   [0;32;40m38.900001525878906[0m   |
|  [0;34;40mhardware/disk_read_mb_s[0m   |  [0;32;40m0.004295699298381805[0m  |
|  [0;34;40mhardware/disk_write_mb_s[0m  |   [0;32;40m136.2029571533203[0m    |
|   [0;34;40mhardware/net_recv_mb_s[0m   |   [0;32;40m0.2038416862487793[0m   |
|   [0;34;40mhardware/net_sent_mb_s[0m   |   [0;32;40m0.5499725341796875[0m   |
|    [0;34;40mhardware/ram_used_gb[0m    |   [0;32;40m169.39642333984375[0m   |
|   [0;34;40mhardware/ram_used_pct[0m    |   [0;32;40m16.799999237060547[0m   |
|    [0;34;40mhparams/lr_default_0[0m    | [0;32;40m1.3894621588406153e-05[0m |
|       [0;34;40mvalidate/loss[0m        |  [0;32;40m0.28225192427635193[0m   |
|    [0;34;40mvalidate/loss_epoch[0m     |  [0;32;40m0.28225192427635193[0m   |
|     [0;34;40mvalidate/pred_loss[0m     |  [0;32;40m0.010471914894878864[0m  |
|  [0;34;40mvalidate/pred_loss_epoch[0m  |  [0;32;40m0.010471914894878864[0m  |
|    [0;34;40mvalidate/probe_loss[0m     |  [0;32;40m0.12767048180103302[0m   |
| [0;34;40mvalidate/probe_loss_epoch[0m  |  [0;32;40m0.12767048180103302[0m   |
|    [0;34;40mvalidate/sigreg_loss[0m    |   [0;32;40m1.6014331579208374[0m   |
| [0;34;40mvalidate/sigreg_loss_epoch[0m |   [0;32;40m1.6014331579208374[0m   |
+----------------------------+------------------------+
[Epoch 12/20] done in 73.2s
00:20:01 | INFO  | checkpoint_~|   Checking for non PyTorch modules to save
00:20:01 | INFO  | atomic_chec~| [atomic_save] → /data1/likun-share/junjxu/.cache_stable-pretraining/runs/20260626/000259/f13e4826b446/checkpoints/epoch=12-step=2639.ckpt
00:20:01 | INFO  | atomic_chec~| [atomic_save] ✓ epoch=12-step=2639.ckpt saved (206.8 MiB, serialise=0.29s write=0.20s rename=0.1ms)
00:20:01 | INFO  | checkpoint_~|   Checking for non PyTorch modules to save
00:20:01 | INFO  | atomic_chec~| [atomic_save] → /data1/likun-share/junjxu/.cache_stable-pretraining/runs/20260626/000259/f13e4826b446/checkpoints/last.ckpt
00:20:02 | INFO  | atomic_chec~| [atomic_save] ✓ last.ckpt saved (206.8 MiB, serialise=0.27s write=0.19s rename=36.3ms)
[Epoch 13/20] step 50/203 (2.8 it/s)
[Epoch 13/20] step 100/203 (3.0 it/s)
[Epoch 13/20] step 150/203 (3.1 it/s)
[Epoch 13/20] step 200/203 (3.1 it/s)
00:21:15 | INFO  | trainer_inf~| \n+----------------------------+------------------------+
|           Metric           |         Value          |
+----------------------------+------------------------+
|          [0;34;40mfit/loss[0m          |   [0;32;40m0.2733936309814453[0m   |
|       [0;34;40mfit/pred_loss[0m        |  [0;32;40m0.012687423266470432[0m  |
|       [0;34;40mfit/probe_loss[0m       |  [0;32;40m0.15865543484687805[0m   |
|      [0;34;40mfit/sigreg_loss[0m       |       [0;32;40m1.1328125[0m        |
|    [0;34;40mhardware/cpu_percent[0m    |   [0;32;40m39.099998474121094[0m   |
|  [0;34;40mhardware/disk_read_mb_s[0m   | [0;32;40m0.0023432562593370676[0m  |
|  [0;34;40mhardware/disk_write_mb_s[0m  |   [0;32;40m92.54690551757812[0m    |
|   [0;34;40mhardware/net_recv_mb_s[0m   |  [0;32;40m0.04353473708033562[0m   |
|   [0;34;40mhardware/net_sent_mb_s[0m   |  [0;32;40m0.08301025629043579[0m   |
|    [0;34;40mhardware/ram_used_gb[0m    |   [0;32;40m169.16912841796875[0m   |
|   [0;34;40mhardware/ram_used_pct[0m    |   [0;32;40m16.799999237060547[0m   |
|    [0;34;40mhparams/lr_default_0[0m    | [0;32;40m1.0495683454792015e-05[0m |
|       [0;34;40mvalidate/loss[0m        |   [0;32;40m0.274917870759964[0m    |
|    [0;34;40mvalidate/loss_epoch[0m     |   [0;32;40m0.274917870759964[0m    |
|     [0;34;40mvalidate/pred_loss[0m     |  [0;32;40m0.009866168722510338[0m  |
|  [0;34;40mvalidate/pred_loss_epoch[0m  |  [0;32;40m0.009866168722510338[0m  |
|    [0;34;40mvalidate/probe_loss[0m     |  [0;32;40m0.12288084626197815[0m   |
| [0;34;40mvalidate/probe_loss_epoch[0m  |  [0;32;40m0.12288084626197815[0m   |
|    [0;34;40mvalidate/sigreg_loss[0m    |   [0;32;40m1.5799899101257324[0m   |
| [0;34;40mvalidate/sigreg_loss_epoch[0m |   [0;32;40m1.5799899101257324[0m   |
+----------------------------+------------------------+
[Epoch 13/20] done in 73.7s
00:21:16 | INFO  | checkpoint_~|   Checking for non PyTorch modules to save
00:21:16 | INFO  | atomic_chec~| [atomic_save] → /data1/likun-share/junjxu/.cache_stable-pretraining/runs/20260626/000259/f13e4826b446/checkpoints/epoch=13-step=2842.ckpt
00:21:16 | INFO  | atomic_chec~| [atomic_save] ✓ epoch=13-step=2842.ckpt saved (206.8 MiB, serialise=0.27s write=0.21s rename=0.1ms)
00:21:16 | INFO  | checkpoint_~|   Checking for non PyTorch modules to save
00:21:16 | INFO  | atomic_chec~| [atomic_save] → /data1/likun-share/junjxu/.cache_stable-pretraining/runs/20260626/000259/f13e4826b446/checkpoints/last.ckpt
00:21:17 | INFO  | atomic_chec~| [atomic_save] ✓ last.ckpt saved (206.8 MiB, serialise=0.29s write=0.20s rename=28.7ms)
[Epoch 14/20] step 50/203 (2.8 it/s)
[Epoch 14/20] step 100/203 (3.0 it/s)
[Epoch 14/20] step 150/203 (3.1 it/s)
[Epoch 14/20] step 200/203 (3.1 it/s)
00:22:30 | INFO  | trainer_inf~| \n+----------------------------+-----------------------+
|           Metric           |         Value         |
+----------------------------+-----------------------+
|          [0;34;40mfit/loss[0m          |  [0;32;40m0.24069444835186005[0m  |
|       [0;34;40mfit/pred_loss[0m        |  [0;32;40m0.012227741070091724[0m |
|       [0;34;40mfit/probe_loss[0m       |   [0;32;40m0.1308104544878006[0m  |
|      [0;34;40mfit/sigreg_loss[0m       |       [0;32;40m1.0859375[0m       |
|    [0;34;40mhardware/cpu_percent[0m    |   [0;32;40m38.599998474121094[0m  |
|  [0;34;40mhardware/disk_read_mb_s[0m   | [0;32;40m0.0039054735098034143[0m |
|  [0;34;40mhardware/disk_write_mb_s[0m  |   [0;32;40m129.62852478027344[0m  |
|   [0;34;40mhardware/net_recv_mb_s[0m   |  [0;32;40m0.023831112310290337[0m |
|   [0;34;40mhardware/net_sent_mb_s[0m   |  [0;32;40m0.02438737452030182[0m  |
|    [0;34;40mhardware/ram_used_gb[0m    |   [0;32;40m168.46315002441406[0m  |
|   [0;34;40mhardware/ram_used_pct[0m    |   [0;32;40m16.700000762939453[0m  |
|    [0;34;40mhparams/lr_default_0[0m    | [0;32;40m7.461018412868725e-06[0m |
|       [0;34;40mvalidate/loss[0m        |   [0;32;40m0.2729794979095459[0m  |
|    [0;34;40mvalidate/loss_epoch[0m     |   [0;32;40m0.2729794979095459[0m  |
|     [0;34;40mvalidate/pred_loss[0m     |  [0;32;40m0.010209555737674236[0m |
|  [0;34;40mvalidate/pred_loss_epoch[0m  |  [0;32;40m0.010209555737674236[0m |
|    [0;34;40mvalidate/probe_loss[0m     |   [0;32;40m0.1208123043179512[0m  |
| [0;34;40mvalidate/probe_loss_epoch[0m  |   [0;32;40m0.1208123043179512[0m  |
|    [0;34;40mvalidate/sigreg_loss[0m    |   [0;32;40m1.5770255327224731[0m  |
| [0;34;40mvalidate/sigreg_loss_epoch[0m |   [0;32;40m1.5770255327224731[0m  |
+----------------------------+-----------------------+
[Epoch 14/20] done in 73.0s
00:22:30 | INFO  | checkpoint_~|   Checking for non PyTorch modules to save
00:22:30 | INFO  | atomic_chec~| [atomic_save] → /data1/likun-share/junjxu/.cache_stable-pretraining/runs/20260626/000259/f13e4826b446/checkpoints/epoch=14-step=3045.ckpt
00:22:30 | INFO  | atomic_chec~| [atomic_save] ✓ epoch=14-step=3045.ckpt saved (206.8 MiB, serialise=0.26s write=0.19s rename=0.0ms)
00:22:30 | INFO  | checkpoint_~|   Checking for non PyTorch modules to save
00:22:30 | INFO  | atomic_chec~| [atomic_save] → /data1/likun-share/junjxu/.cache_stable-pretraining/runs/20260626/000259/f13e4826b446/checkpoints/last.ckpt
00:22:31 | INFO  | atomic_chec~| [atomic_save] ✓ last.ckpt saved (206.8 MiB, serialise=0.27s write=0.20s rename=29.9ms)
[Epoch 15/20] step 50/203 (2.8 it/s)
[Epoch 15/20] step 100/203 (3.0 it/s)
[Epoch 15/20] step 150/203 (3.1 it/s)
[Epoch 15/20] step 200/203 (3.1 it/s)
00:23:43 | INFO  | trainer_inf~| \n+----------------------------+-----------------------+
|           Metric           |         Value         |
+----------------------------+-----------------------+
|          [0;34;40mfit/loss[0m          |   [0;32;40m0.2154892086982727[0m  |
|       [0;34;40mfit/pred_loss[0m        |  [0;32;40m0.012119085527956486[0m |
|       [0;34;40mfit/probe_loss[0m       |   [0;32;40m0.1096201241016388[0m  |
|      [0;34;40mfit/sigreg_loss[0m       |       [0;32;40m1.0390625[0m       |
|    [0;34;40mhardware/cpu_percent[0m    |   [0;32;40m41.099998474121094[0m  |
|  [0;34;40mhardware/disk_read_mb_s[0m   | [0;32;40m0.0039053568616509438[0m |
|  [0;34;40mhardware/disk_write_mb_s[0m  |   [0;32;40m116.33784484863281[0m  |
|   [0;34;40mhardware/net_recv_mb_s[0m   |  [0;32;40m0.033744629472494125[0m |
|   [0;34;40mhardware/net_sent_mb_s[0m   |  [0;32;40m0.06930682808160782[0m  |
|    [0;34;40mhardware/ram_used_gb[0m    |   [0;32;40m169.7120361328125[0m   |
|   [0;34;40mhardware/ram_used_pct[0m    |   [0;32;40m16.799999237060547[0m  |
|    [0;34;40mhparams/lr_default_0[0m    | [0;32;40m4.866839390160749e-06[0m |
|       [0;34;40mvalidate/loss[0m        |   [0;32;40m0.2615607678890228[0m  |
|    [0;34;40mvalidate/loss_epoch[0m     |   [0;32;40m0.2615607678890228[0m  |
|     [0;34;40mvalidate/pred_loss[0m     |  [0;32;40m0.00992730725556612[0m  |
|  [0;34;40mvalidate/pred_loss_epoch[0m  |  [0;32;40m0.00992730725556612[0m  |
|    [0;34;40mvalidate/probe_loss[0m     |  [0;32;40m0.11432617157697678[0m  |
| [0;34;40mvalidate/probe_loss_epoch[0m  |  [0;32;40m0.11432617157697678[0m  |
|    [0;34;40mvalidate/sigreg_loss[0m    |   [0;32;40m1.525730848312378[0m   |
| [0;34;40mvalidate/sigreg_loss_epoch[0m |   [0;32;40m1.525730848312378[0m   |
+----------------------------+-----------------------+
[Epoch 15/20] done in 72.9s
00:23:44 | INFO  | checkpoint_~|   Checking for non PyTorch modules to save
00:23:44 | INFO  | atomic_chec~| [atomic_save] → /data1/likun-share/junjxu/.cache_stable-pretraining/runs/20260626/000259/f13e4826b446/checkpoints/epoch=15-step=3248.ckpt
00:23:44 | INFO  | atomic_chec~| [atomic_save] ✓ epoch=15-step=3248.ckpt saved (206.8 MiB, serialise=0.26s write=0.20s rename=0.0ms)
00:23:44 | INFO  | checkpoint_~|   Checking for non PyTorch modules to save
00:23:44 | INFO  | atomic_chec~| [atomic_save] → /data1/likun-share/junjxu/.cache_stable-pretraining/runs/20260626/000259/f13e4826b446/checkpoints/last.ckpt
00:23:45 | INFO  | atomic_chec~| [atomic_save] ✓ last.ckpt saved (206.8 MiB, serialise=0.27s write=0.19s rename=25.2ms)
[Epoch 16/20] step 50/203 (2.8 it/s)
[Epoch 16/20] step 100/203 (3.0 it/s)
[Epoch 16/20] step 150/203 (3.1 it/s)
[Epoch 16/20] step 200/203 (3.1 it/s)
00:24:57 | INFO  | trainer_inf~| \n+----------------------------+------------------------+
|           Metric           |         Value          |
+----------------------------+------------------------+
|          [0;34;40mfit/loss[0m          |  [0;32;40m0.23583662509918213[0m   |
|       [0;34;40mfit/pred_loss[0m        |  [0;32;40m0.013296470046043396[0m  |
|       [0;34;40mfit/probe_loss[0m       |  [0;32;40m0.13367296755313873[0m   |
|      [0;34;40mfit/sigreg_loss[0m       |       [0;32;40m0.98828125[0m       |
|    [0;34;40mhardware/cpu_percent[0m    |   [0;32;40m41.099998474121094[0m   |
|  [0;34;40mhardware/disk_read_mb_s[0m   |  [0;32;40m0.002733607543632388[0m  |
|  [0;34;40mhardware/disk_write_mb_s[0m  |   [0;32;40m92.59822082519531[0m    |
|   [0;34;40mhardware/net_recv_mb_s[0m   |  [0;32;40m0.03551487252116203[0m   |
|   [0;34;40mhardware/net_sent_mb_s[0m   |  [0;32;40m0.07477825880050659[0m   |
|    [0;34;40mhardware/ram_used_gb[0m    |   [0;32;40m169.5672149658203[0m    |
|   [0;34;40mhardware/ram_used_pct[0m    |   [0;32;40m16.799999237060547[0m   |
|    [0;34;40mhparams/lr_default_0[0m    | [0;32;40m2.7783000859926688e-06[0m |
|       [0;34;40mvalidate/loss[0m        |  [0;32;40m0.26108217239379883[0m   |
|    [0;34;40mvalidate/loss_epoch[0m     |  [0;32;40m0.26108217239379883[0m   |
|     [0;34;40mvalidate/pred_loss[0m     |  [0;32;40m0.009811989031732082[0m  |
|  [0;34;40mvalidate/pred_loss_epoch[0m  |  [0;32;40m0.009811989031732082[0m  |
|    [0;34;40mvalidate/probe_loss[0m     |  [0;32;40m0.11359170824289322[0m   |
| [0;34;40mvalidate/probe_loss_epoch[0m  |  [0;32;40m0.11359170824289322[0m   |
|    [0;34;40mvalidate/sigreg_loss[0m    |   [0;32;40m1.5294605493545532[0m   |
| [0;34;40mvalidate/sigreg_loss_epoch[0m |   [0;32;40m1.5294605493545532[0m   |
+----------------------------+------------------------+
[Epoch 16/20] done in 72.7s
00:24:57 | INFO  | checkpoint_~|   Checking for non PyTorch modules to save
00:24:57 | INFO  | atomic_chec~| [atomic_save] → /data1/likun-share/junjxu/.cache_stable-pretraining/runs/20260626/000259/f13e4826b446/checkpoints/epoch=16-step=3451.ckpt
00:24:58 | INFO  | atomic_chec~| [atomic_save] ✓ epoch=16-step=3451.ckpt saved (206.8 MiB, serialise=0.26s write=0.20s rename=0.0ms)
00:24:58 | INFO  | checkpoint_~|   Checking for non PyTorch modules to save
00:24:58 | INFO  | atomic_chec~| [atomic_save] → /data1/likun-share/junjxu/.cache_stable-pretraining/runs/20260626/000259/f13e4826b446/checkpoints/last.ckpt
00:24:58 | INFO  | atomic_chec~| [atomic_save] ✓ last.ckpt saved (206.8 MiB, serialise=0.26s write=0.24s rename=60.0ms)
[Epoch 17/20] step 50/203 (2.8 it/s)
[Epoch 17/20] step 100/203 (3.0 it/s)
[Epoch 17/20] step 150/203 (3.1 it/s)
[Epoch 17/20] step 200/203 (3.1 it/s)
00:26:11 | INFO  | trainer_inf~| \n+----------------------------+-----------------------+
|           Metric           |         Value         |
+----------------------------+-----------------------+
|          [0;34;40mfit/loss[0m          |  [0;32;40m0.19863319396972656[0m  |
|       [0;34;40mfit/pred_loss[0m        |  [0;32;40m0.01177291665226221[0m  |
|       [0;34;40mfit/probe_loss[0m       |  [0;32;40m0.09945794194936752[0m  |
|      [0;34;40mfit/sigreg_loss[0m       |       [0;32;40m0.97265625[0m      |
|    [0;34;40mhardware/cpu_percent[0m    |          [0;32;40m42.0[0m         |
|  [0;34;40mhardware/disk_read_mb_s[0m   | [0;32;40m0.0031241311226040125[0m |
|  [0;34;40mhardware/disk_write_mb_s[0m  |   [0;32;40m91.58585357666016[0m   |
|   [0;34;40mhardware/net_recv_mb_s[0m   |  [0;32;40m0.030711786821484566[0m |
|   [0;34;40mhardware/net_sent_mb_s[0m   |  [0;32;40m0.08525823056697845[0m  |
|    [0;34;40mhardware/ram_used_gb[0m    |   [0;32;40m170.34971618652344[0m  |
|   [0;34;40mhardware/ram_used_pct[0m    |   [0;32;40m16.899999618530273[0m  |
|    [0;34;40mhparams/lr_default_0[0m    | [0;32;40m1.247852651431458e-06[0m |
|       [0;34;40mvalidate/loss[0m        |  [0;32;40m0.25798216462135315[0m  |
|    [0;34;40mvalidate/loss_epoch[0m     |  [0;32;40m0.25798216462135315[0m  |
|     [0;34;40mvalidate/pred_loss[0m     |  [0;32;40m0.009796987287700176[0m |
|  [0;34;40mvalidate/pred_loss_epoch[0m  |  [0;32;40m0.009796987287700176[0m |
|    [0;34;40mvalidate/probe_loss[0m     |  [0;32;40m0.11219944059848785[0m  |
| [0;34;40mvalidate/probe_loss_epoch[0m  |  [0;32;40m0.11219944059848785[0m  |
|    [0;34;40mvalidate/sigreg_loss[0m    |   [0;32;40m1.510105848312378[0m   |
| [0;34;40mvalidate/sigreg_loss_epoch[0m |   [0;32;40m1.510105848312378[0m   |
+----------------------------+-----------------------+
[Epoch 17/20] done in 72.9s
00:26:11 | INFO  | checkpoint_~|   Checking for non PyTorch modules to save
00:26:11 | INFO  | atomic_chec~| [atomic_save] → /data1/likun-share/junjxu/.cache_stable-pretraining/runs/20260626/000259/f13e4826b446/checkpoints/epoch=17-step=3654.ckpt
00:26:12 | INFO  | atomic_chec~| [atomic_save] ✓ epoch=17-step=3654.ckpt saved (206.8 MiB, serialise=0.27s write=0.19s rename=0.0ms)
00:26:12 | INFO  | checkpoint_~|   Checking for non PyTorch modules to save
00:26:12 | INFO  | atomic_chec~| [atomic_save] → /data1/likun-share/junjxu/.cache_stable-pretraining/runs/20260626/000259/f13e4826b446/checkpoints/last.ckpt
00:26:12 | INFO  | atomic_chec~| [atomic_save] ✓ last.ckpt saved (206.8 MiB, serialise=0.27s write=0.20s rename=26.0ms)
[Epoch 18/20] step 50/203 (2.8 it/s)
[Epoch 18/20] step 100/203 (3.0 it/s)
[Epoch 18/20] step 150/203 (3.1 it/s)
[Epoch 18/20] step 200/203 (3.1 it/s)
00:27:25 | INFO  | trainer_inf~| \n+----------------------------+------------------------+
|           Metric           |         Value          |
+----------------------------+------------------------+
|          [0;34;40mfit/loss[0m          |  [0;32;40m0.18504348397254944[0m   |
|       [0;34;40mfit/pred_loss[0m        |  [0;32;40m0.011910627596080303[0m  |
|       [0;34;40mfit/probe_loss[0m       |  [0;32;40m0.08670708537101746[0m   |
|      [0;34;40mfit/sigreg_loss[0m       |       [0;32;40m0.9609375[0m        |
|    [0;34;40mhardware/cpu_percent[0m    |   [0;32;40m40.900001525878906[0m   |
|  [0;34;40mhardware/disk_read_mb_s[0m   |  [0;32;40m0.00429595448076725[0m   |
|  [0;34;40mhardware/disk_write_mb_s[0m  |   [0;32;40m134.16616821289062[0m   |
|   [0;34;40mhardware/net_recv_mb_s[0m   |  [0;32;40m0.02510600909590721[0m   |
|   [0;34;40mhardware/net_sent_mb_s[0m   |  [0;32;40m0.06117997318506241[0m   |
|    [0;34;40mhardware/ram_used_gb[0m    |   [0;32;40m168.1985321044922[0m    |
|   [0;34;40mhardware/ram_used_pct[0m    |   [0;32;40m16.700000762939453[0m   |
|    [0;34;40mhparams/lr_default_0[0m    | [0;32;40m3.1393423682857247e-07[0m |
|       [0;34;40mvalidate/loss[0m        |   [0;32;40m0.2565215528011322[0m   |
|    [0;34;40mvalidate/loss_epoch[0m     |   [0;32;40m0.2565215528011322[0m   |
|     [0;34;40mvalidate/pred_loss[0m     |  [0;32;40m0.009794126264750957[0m  |
|  [0;34;40mvalidate/pred_loss_epoch[0m  |  [0;32;40m0.009794126264750957[0m  |
|    [0;34;40mvalidate/probe_loss[0m     |  [0;32;40m0.11114659905433655[0m   |
| [0;34;40mvalidate/probe_loss_epoch[0m  |  [0;32;40m0.11114659905433655[0m   |
|    [0;34;40mvalidate/sigreg_loss[0m    |   [0;32;40m1.5065916776657104[0m   |
| [0;34;40mvalidate/sigreg_loss_epoch[0m |   [0;32;40m1.5065916776657104[0m   |
+----------------------------+------------------------+
[Epoch 18/20] done in 73.1s
00:27:25 | INFO  | checkpoint_~|   Checking for non PyTorch modules to save
00:27:25 | INFO  | atomic_chec~| [atomic_save] → /data1/likun-share/junjxu/.cache_stable-pretraining/runs/20260626/000259/f13e4826b446/checkpoints/epoch=18-step=3857.ckpt
00:27:26 | INFO  | atomic_chec~| [atomic_save] ✓ epoch=18-step=3857.ckpt saved (206.8 MiB, serialise=0.26s write=0.20s rename=0.0ms)
00:27:26 | INFO  | checkpoint_~|   Checking for non PyTorch modules to save
00:27:26 | INFO  | atomic_chec~| [atomic_save] → /data1/likun-share/junjxu/.cache_stable-pretraining/runs/20260626/000259/f13e4826b446/checkpoints/last.ckpt
00:27:26 | INFO  | atomic_chec~| [atomic_save] ✓ last.ckpt saved (206.8 MiB, serialise=0.28s write=0.21s rename=28.7ms)
[Epoch 19/20] step 50/203 (2.9 it/s)
[Epoch 19/20] step 100/203 (3.0 it/s)
[Epoch 19/20] step 150/203 (3.1 it/s)
[Epoch 19/20] step 200/203 (3.1 it/s)
00:28:38 | INFO  | trainer_inf~| \n+----------------------------+-----------------------+
|           Metric           |         Value         |
+----------------------------+-----------------------+
|          [0;34;40mfit/loss[0m          |  [0;32;40m0.19771988689899445[0m  |
|       [0;34;40mfit/pred_loss[0m        |  [0;32;40m0.012642573565244675[0m |
|       [0;34;40mfit/probe_loss[0m       |  [0;32;40m0.09376871585845947[0m  |
|      [0;34;40mfit/sigreg_loss[0m       |        [0;32;40m1.015625[0m       |
|    [0;34;40mhardware/cpu_percent[0m    |          [0;32;40m39.5[0m         |
|  [0;34;40mhardware/disk_read_mb_s[0m   | [0;32;40m0.0031241998076438904[0m |
|  [0;34;40mhardware/disk_write_mb_s[0m  |   [0;32;40m71.40788269042969[0m   |
|   [0;34;40mhardware/net_recv_mb_s[0m   |  [0;32;40m0.023816779255867004[0m |
|   [0;34;40mhardware/net_sent_mb_s[0m   |  [0;32;40m0.02524368278682232[0m  |
|    [0;34;40mhardware/ram_used_gb[0m    |   [0;32;40m158.52682495117188[0m  |
|   [0;34;40mhardware/ram_used_pct[0m    |   [0;32;40m15.699999809265137[0m  |
|    [0;34;40mhparams/lr_default_0[0m    |          [0;32;40m0.0[0m          |
|       [0;34;40mvalidate/loss[0m        |   [0;32;40m0.258362352848053[0m   |
|    [0;34;40mvalidate/loss_epoch[0m     |   [0;32;40m0.258362352848053[0m   |
|     [0;34;40mvalidate/pred_loss[0m     |  [0;32;40m0.009886088781058788[0m |
|  [0;34;40mvalidate/pred_loss_epoch[0m  |  [0;32;40m0.009886088781058788[0m |
|    [0;34;40mvalidate/probe_loss[0m     |  [0;32;40m0.11111713200807571[0m  |
| [0;34;40mvalidate/probe_loss_epoch[0m  |  [0;32;40m0.11111713200807571[0m  |
|    [0;34;40mvalidate/sigreg_loss[0m    |   [0;32;40m1.5264396667480469[0m  |
| [0;34;40mvalidate/sigreg_loss_epoch[0m |   [0;32;40m1.5264396667480469[0m  |
+----------------------------+-----------------------+
[Epoch 19/20] done in 71.9s
00:28:38 | INFO  | checkpoint_~|   Checking for non PyTorch modules to save
00:28:38 | INFO  | atomic_chec~| [atomic_save] → /data1/likun-share/junjxu/.cache_stable-pretraining/runs/20260626/000259/f13e4826b446/checkpoints/epoch=19-step=4060.ckpt
00:28:39 | INFO  | atomic_chec~| [atomic_save] ✓ epoch=19-step=4060.ckpt saved (206.8 MiB, serialise=0.28s write=0.20s rename=0.0ms)
00:28:39 | INFO  | checkpoint_~|   Checking for non PyTorch modules to save
00:28:39 | INFO  | atomic_chec~| [atomic_save] → /data1/likun-share/junjxu/.cache_stable-pretraining/runs/20260626/000259/f13e4826b446/checkpoints/last.ckpt
00:28:39 | INFO  | atomic_chec~| [atomic_save] ✓ last.ckpt saved (206.8 MiB, serialise=0.28s write=0.21s rename=28.8ms)
`Trainer.fit` stopped: `max_epochs=20` reached.
Epoch 19/19 ━━━━━━━━━━━━━━━━━━━━━━━━━━━━━━━ 203/203 0:01:04 • 0:00:00 3.39it/s 
00:28:40 | INFO  | utils.py    | ── SignalHandlers (after Trainer.fit() returned) ──
00:28:40 | INFO  | manager.py  |   SIGUSR1  → SIG_DFL (default OS action — terminate process)
00:28:40 | INFO  | manager.py  |   SIGUSR2  → SIG_DFL (default OS action — terminate process)
00:28:40 | INFO  | manager.py  |   SIGCONT  → SIG_DFL (default OS action — terminate process)
00:28:40 | INFO  | manager.py  |   SIGTERM  → SIG_DFL (default OS action — terminate process)
