12:42:04 | INFO  | __init__.py | PyTorch version 2.9.1+cu128 available.
12:42:04 | INFO  | __init__.py | JAX version 0.6.2 available.
12:42:08 | INFO  | atomic_chec~| [atomic_save] installed crash-safe checkpoint plugin (write to sibling .tmp + fsync + atomic rename)
[2026-07-13 12:42:09,212][root][INFO] - Cached 'action' from '/data1/likun-share/junjxu/.stable_worldmodel/datasets/physionpp_readout.h5'
[2026-07-13 12:42:09,214][root][INFO] - Cached 'proprio' from '/data1/likun-share/junjxu/.stable_worldmodel/datasets/physionpp_readout.h5'
[2026-07-13 12:42:09,216][root][INFO] - Cached 'state' from '/data1/likun-share/junjxu/.stable_worldmodel/datasets/physionpp_readout.h5'
12:42:09 | INFO  | utils.py    | Created ViT-tiny from scratch with config: {'hidden_size': 192, 'num_hidden_layers': 12, 'num_attention_heads': 3, 'intermediate_size': 768, 'image_size': 224, 'patch_size': 14}
[init_from_ckpt] /data1/likun-share/junjxu/.stable_worldmodel/hf_cube/weights.pt
[init_from_ckpt] prefixes=('encoder.', 'projector.', 'pred_proj.') loaded=216 unexpected=0 missing=89
12:42:09 | INFO  | module.py   | Setting up DataModule
12:42:09 | INFO  | utils.py    | ── Module ────────────────────────────────────────
12:42:09 | WARN  | module.py   | ! No hyperparameters provided - hyperparameter logging is disabled.
12:42:09 | INFO  | module.py   |   Setting custom forward method.
12:42:09 | INFO  | module.py   |   Setting attribute: self.model = <class 'jepa.JEPA'>
12:42:09 | INFO  | module.py   |   Setting attribute: self.sigreg = <class 'module.SIGReg'>
12:42:09 | INFO  | module.py   |   Setting attribute: self.optim = <class 'dict'>
12:42:09 | INFO  | module.py   |   No metrics configuration provided - automatic metric tracking is disabled.
/home/likun-share/junjxu/wm/le-wm/.venv/lib/python3.10/site-packages/lightning/fabric/connector.py:571: `precision=bf16` is supported for historical reasons but its usage is discouraged. Please set your precision to bf16-mixed instead!
Using bfloat16 Automatic Mixed Precision (AMP)
12:42:09 | INFO  | env_info.py |   EnvironmentDumpCallback initialized (filename=environment.json, async=True)
12:42:09 | INFO  | utils.py    | ── HuggingFaceCheckpoint ─────────────────────────
12:42:09 | INFO  | hf_models.py|   save_dir: <cyan>hf_exports</cyan>
12:42:09 | INFO  | hf_models.py|   per_step: <cyan>False</cyan>  (False ⇒ overwrite single 'last/' subdir; True ⇒ keep step_N/)
Adding 14 callbacks from entry point 'stablepretraining_callbacks': PrintProgressBar, ModuleRegistryCallback, LoggingCallback, EnvironmentDumpCallback, TrainerInfo, SklearnCheckpoint, WandbCheckpoint, TrackioCheckpoint, SwanLabCheckpoint, ModuleSummary, SLURMInfo, LogUnusedParametersOnce, HuggingFaceCheckpointCallback, HardwareMonitor
GPU available: True (cuda), used: True
TPU available: False, using: 0 TPU cores
💡 Tip: For seamless cloud logging and experiment tracking, try installing [litlogger](https://pypi.org/project/litlogger/) to enable LitLogger, which logs metrics and artifacts automatically to the Lightning Experiments platform.
12:42:09 | INFO  | utils.py    | ── SIGTERM preempt handler — install ─────────────
12:42:09 | INFO  | manager.py  |   SLURM_JOB_ID         = None
12:42:09 | INFO  | manager.py  |   SLURM_RESTART_COUNT  = '0'
12:42:09 | INFO  | manager.py  |   SLURM_PROCID         = '?'
12:42:09 | INFO  | manager.py  |   SLURM_NODEID         = '?'
12:42:09 | INFO  | manager.py  |   → not under SLURM (SLURM_JOB_ID unset); leaving SIGTERM handler as-is. Forwarding to submitit's USR signal would be a no-op since submitit isn't running upstream.
12:42:09 | WARN  | manager.py  | User didn't specify seed, runs won't be exactly reproducible!
12:42:09 | INFO  | manager.py  |   Manager init: ckpt_path=None, weights_only=True
12:42:09 | INFO  | utils.py    | ── WorkingDirectory ──────────────────────────────
12:42:09 | INFO  | manager.py  |   cwd: /home/likun-share/junjxu/wm/le-wm
12:42:09 | INFO  | utils.py    | ── Seed ──────────────────────────────────────────
12:42:09 | INFO  | manager.py  |   seed: None
/home/likun-share/junjxu/wm/le-wm/.venv/lib/python3.10/site-packages/lightning/fabric/utilities/seed.py:44: No seed found, seed set to 0
Seed set to 0
12:42:09 | INFO  | utils.py    | ── RunDirectory ──────────────────────────────────
12:42:09 | INFO  | manager.py  |   cache_dir = /data1/likun-share/junjxu/.cache_stable-pretraining
12:42:09 | INFO  | manager.py  |   ddp: launch_key=(single-process) rank=0 is_rank_zero=True
12:42:09 | INFO  | utils.py    | ── RunDirectory: requeue probe ───────────────────
12:42:09 | INFO  | manager.py  |   SLURM session key   = (no SLURM)
12:42:09 | INFO  | manager.py  |   SLURM_RESTART_COUNT = 0
12:42:09 | INFO  | manager.py  |   in_requeue          = False
12:42:09 | INFO  | utils.py    | ── RunDirectory: fresh ───────────────────────────
12:42:09 | INFO  | manager.py  |   no user ckpt_path — training from scratch / pretrained backbone.
12:42:09 | INFO  | manager.py  |   created run_dir = /data1/likun-share/junjxu/.cache_stable-pretraining/runs/20260713/124209/cfa2970a536a
12:42:09 | INFO  | manager.py  |   wrote run_meta.json with run_id=cfa2970a536a
12:42:09 | INFO  | manager.py  |   SLURM index = (no SLURM, skipped)
12:42:09 | WARN  | manager.py  | ! cache_dir is set but the Trainer was passed as an already-instantiated object. Cannot override default_root_dir cleanly. Consider passing the trainer as a config dict instead.
12:42:09 | WARN  | manager.py  | ! Hydra run.dir='outputs/2026-07-13/12-42-09' will be ignored for trainer outputs (cache_dir takes precedence).
12:42:09 | WARN  | manager.py  | ! Hydra sweep.dir='multirun/2026-07-13/12-42-09' will be ignored for trainer outputs (cache_dir takes precedence).
12:42:09 | INFO  | logger.py   | [RegistryLogger] run_id=cfa2970a536a run_dir=/data1/likun-share/junjxu/.cache_stable-pretraining/runs/20260713/124209/cfa2970a536a — sidecar.json + summary.json + metrics.csv will live here
12:42:09 | INFO  | utils.py    | ── RegistryLogger ────────────────────────────────
12:42:09 | INFO  | manager.py  |   run_dir: /data1/likun-share/junjxu/.cache_stable-pretraining/runs/20260713/124209/cfa2970a536a
12:42:09 | INFO  | manager.py  |   run_id:  cfa2970a536a
12:42:09 | INFO  | utils.py    | ── CSVLogger ─────────────────────────────────────
12:42:09 | INFO  | manager.py  |   root_dir: /data1/likun-share/junjxu/.cache_stable-pretraining/runs/20260713/124209/cfa2970a536a/
12:42:09 | INFO  | manager.py  |   save_dir: /data1/likun-share/junjxu/.cache_stable-pretraining/runs/20260713/124209/cfa2970a536a
12:42:09 | INFO  | manager.py  |   log_dir: /data1/likun-share/junjxu/.cache_stable-pretraining/runs/20260713/124209/cfa2970a536a/
12:42:09 | INFO  | utils.py    | ── SignalHandlers (after submitit setup (spt SIGTERM installed in __init__)) ──
12:42:09 | INFO  | manager.py  |   SIGUSR1  → SIG_DFL (default OS action — terminate process)
12:42:09 | INFO  | manager.py  |   SIGUSR2  → SIG_DFL (default OS action — terminate process)
12:42:09 | INFO  | manager.py  |   SIGCONT  → SIG_DFL (default OS action — terminate process)
12:42:09 | INFO  | manager.py  |   SIGTERM  → SIG_DFL (default OS action — terminate process)
12:42:09 | INFO  | utils.py    | ── Callbacks ─────────────────────────────────────
12:42:09 | INFO  | manager.py  |   count: 19
12:42:09 | INFO  | utils.py    | ── CacheDirCheckpointing ─────────────────────────
12:42:09 | INFO  | manager.py  |   Saving checkpoints to: /data1/likun-share/junjxu/.cache_stable-pretraining/runs/20260713/124209/cfa2970a536a/checkpoints
12:42:09 | WARN  | manager.py  |   Redirecting HuggingFaceCheckpointCallback from 'hf_exports' to '/data1/likun-share/junjxu/.cache_stable-pretraining/runs/20260713/124209/cfa2970a536a/hf_exports' (cache_dir is active — prevents races on a shared cache)
12:42:09 | INFO  | manager.py  |   Added requeue checkpoint (filename='last')
12:42:09 | INFO  | utils.py    | ── LoadPath resolution ───────────────────────────
12:42:09 | INFO  | manager.py  |   in_requeue = False
12:42:09 | INFO  | manager.py  |   user ckpt_path = None
12:42:09 | INFO  | manager.py  |   user weights_only = True
12:42:09 | INFO  | manager.py  |   → no ckpt_path; training from scratch.
12:42:09 | INFO  | utils.py    | ── TrainerFit ────────────────────────────────────
12:42:09 | INFO  | manager.py  |   ckpt_path:     None
12:42:09 | INFO  | manager.py  |   weights_only:  None
12:42:09 | INFO  | utils.py    | ── SignalHandlers (before Trainer.fit() (handler installed in __init__)) ──
12:42:09 | INFO  | manager.py  |   SIGUSR1  → SIG_DFL (default OS action — terminate process)
12:42:09 | INFO  | manager.py  |   SIGUSR2  → SIG_DFL (default OS action — terminate process)
12:42:09 | INFO  | manager.py  |   SIGCONT  → SIG_DFL (default OS action — terminate process)
12:42:09 | INFO  | manager.py  |   SIGTERM  → SIG_DFL (default OS action — terminate process)
12:42:09 | INFO  | manager.py  |   → entering Trainer.fit(); lightning's _SignalConnector will now register its own handlers. SIGTERM will become _HandlersCompose([_sigterm_notifier_fn, _sigterm_handler_fn, spt._handler]); USR-sig binding from submitit is preserved (lightning skips USR registration when one already exists).
💡 Tip: For seamless cloud uploads and versioning, try installing [litmodels](https://pypi.org/project/litmodels/) to enable LitModelCheckpoint, which syncs automatically with the Lightning model registry.
You are using a CUDA device ('NVIDIA A800-SXM4-80GB') that has Tensor Cores. To properly utilize them, you should set `torch.set_float32_matmul_precision('medium' | 'high')` which will trade-off precision for performance. For more details, read https://pytorch.org/docs/stable/generated/torch.set_float32_matmul_precision.html#torch.set_float32_matmul_precision
12:42:10 | OK    | module.py   | ✓ dataset for fit loaded
12:42:10 | INFO  | module.py   |   setup was done by user
12:42:10 | INFO  | utils.py    | ── EnvironmentDump ───────────────────────────────
12:42:10 | INFO  | env_info.py |   log_dir: /home/likun-share/.cache/stable-pretraining
12:42:10 | INFO  | env_info.py |   Running environment dump in background thread (non-blocking)
12:42:10 | INFO  | env_info.py |   Collecting environment information...
12:42:10 | OK    | env_info.py | ✓ Background thread started successfully
12:42:10 | OK    | env_info.py | ✓ Python 3.10.12
12:42:10 | INFO  | trainer_inf~|   linking trainer to DataModule
12:42:10 | OK    | env_info.py | ✓ System: Linux 5.15.0-113-generic (x86_64)
12:42:10 | INFO  | utils.py    | ── Callbacks (in order) ──────────────────────────
12:42:10 | INFO  | env_info.py |   Hostname: 10-116-90-13
12:42:10 | INFO  | utils.py    |     [ 0] ModelObjectCallBack
12:42:10 | INFO  | utils.py    |     [ 1] RichProgressBar
12:42:10 | INFO  | utils.py    |     [ 2] RichModelSummary
12:42:10 | INFO  | utils.py    |     [ 3] PrintProgressBar
12:42:10 | INFO  | utils.py    |     [ 4] ModuleRegistryCallback
12:42:10 | INFO  | utils.py    |     [ 5] LoggingCallback
12:42:10 | INFO  | utils.py    |     [ 6] EnvironmentDumpCallback
12:42:10 | INFO  | utils.py    |     [ 7] TrainerInfo
12:42:10 | INFO  | utils.py    |     [ 8] SklearnCheckpoint
12:42:10 | INFO  | utils.py    |     [ 9] WandbCheckpoint
12:42:10 | INFO  | utils.py    |     [10] TrackioCheckpoint
12:42:10 | INFO  | utils.py    |     [11] SwanLabCheckpoint
12:42:10 | INFO  | utils.py    |     [12] ModuleSummary
12:42:10 | INFO  | utils.py    |     [13] SLURMInfo
12:42:10 | INFO  | utils.py    |     [14] LogUnusedParametersOnce
12:42:10 | INFO  | utils.py    |     [15] HuggingFaceCheckpointCallback
12:42:10 | INFO  | utils.py    |     [16] HardwareMonitor
12:42:10 | INFO  | utils.py    |     [17] ModelCheckpoint
12:42:10 | INFO  | utils.py    |     [18] _RunDirCallback
12:42:10 | INFO  | utils.py    |     [19] ModelCheckpoint
12:42:10 | INFO  | utils.py    |   ⚑ marks order-sensitive callbacks; see AGENTS.md → Callback ordering for the full rules.
12:42:10 | INFO  | utils.py    | ── SklearnCheckpoint ─────────────────────────────
12:42:10 | INFO  | checkpoint_~|   Sklearn Modules:
12:42:10 | INFO  | checkpoint_~| 
┏━━━━━━━━━━┳━━━━━━━━┳━━━━━━━━┓
┃ Module   ┃ Name   ┃ Type   ┃
┣━━━━━━━━━━╋━━━━━━━━╋━━━━━━━━┫
┗━━━━━━━━━━┻━━━━━━━━┻━━━━━━━━┛
12:42:10 | INFO  | utils.py    | ── WandbCheckpoint ───────────────────────────────
12:42:10 | INFO  | utils.py    | ── TrackioCheckpoint ─────────────────────────────
12:42:10 | INFO  | utils.py    | ── SwanLabCheckpoint ─────────────────────────────
12:42:10 | INFO  | utils.py    | ── PyTorch Modules ───────────────────────────────
12:42:10 | WARN  | module.py   | ! You are calling self.parameters which also gives callbacks parameters, to remove them, pass `with_callbacks=False`
12:42:10 | INFO  | trainer_inf~| \n+---------------------------------------------------------+----------------------+--------------------------+--------------------------+---------+
| Module                                                  | Trainable parameters | Non Trainable parameters | Uninitialized parameters | Buffers |
+---------------------------------------------------------+----------------------+--------------------------+--------------------------+---------+
|                                                         |             18034987 |                        0 |                        0 |    8245 |
| callbacks_modules                                       |                    0 |                        0 |                        0 |       0 |
| callbacks_metrics                                       |                    0 |                        0 |                        0 |       0 |
| model                                                   |             18034987 |                        0 |                        0 |    8194 |
| model.encoder                                           |              5501376 |                        0 |                        0 |       0 |
| model.encoder.embeddings                                |               162624 |                        0 |                        0 |       0 |
| model.encoder.embeddings.patch_embeddings               |               113088 |                        0 |                        0 |       0 |
| model.encoder.embeddings.patch_embeddings.projection    |               113088 |                        0 |                        0 |       0 |
| model.encoder.embeddings.dropout                        |                    0 |                        0 |                        0 |       0 |
| model.encoder.layers                                    |              5338368 |                        0 |                        0 |       0 |
| model.encoder.layers.0                                  |               444864 |                        0 |                        0 |       0 |
| model.encoder.layers.0.attention                        |               148224 |                        0 |                        0 |       0 |
| model.encoder.layers.0.attention.q_proj                 |                37056 |                        0 |                        0 |       0 |
| model.encoder.layers.0.attention.k_proj                 |                37056 |                        0 |                        0 |       0 |
| model.encoder.layers.0.attention.v_proj                 |                37056 |                        0 |                        0 |       0 |
| model.encoder.layers.0.attention.o_proj                 |                37056 |                        0 |                        0 |       0 |
| model.encoder.layers.0.layernorm_before                 |                  384 |                        0 |                        0 |       0 |
| model.encoder.layers.0.layernorm_after                  |                  384 |                        0 |                        0 |       0 |
| model.encoder.layers.0.mlp                              |               295872 |                        0 |                        0 |       0 |
| model.encoder.layers.0.mlp.activation_fn                |                    0 |                        0 |                        0 |       0 |
| model.encoder.layers.0.mlp.fc1                          |               148224 |                        0 |                        0 |       0 |
| model.encoder.layers.0.mlp.fc2                          |               147648 |                        0 |                        0 |       0 |
| model.encoder.layers.0.dropout                          |                    0 |                        0 |                        0 |       0 |
| model.encoder.layers.1                                  |               444864 |                        0 |                        0 |       0 |
| model.encoder.layers.1.attention                        |               148224 |                        0 |                        0 |       0 |
| model.encoder.layers.1.attention.q_proj                 |                37056 |                        0 |                        0 |       0 |
| model.encoder.layers.1.attention.k_proj                 |                37056 |                        0 |                        0 |       0 |
| model.encoder.layers.1.attention.v_proj                 |                37056 |                        0 |                        0 |       0 |
| model.encoder.layers.1.attention.o_proj                 |                37056 |                        0 |                        0 |       0 |
| model.encoder.layers.1.layernorm_before                 |                  384 |                        0 |                        0 |       0 |
| model.encoder.layers.1.layernorm_after                  |                  384 |                        0 |                        0 |       0 |
| model.encoder.layers.1.mlp                              |               295872 |                        0 |                        0 |       0 |
| model.encoder.layers.1.mlp.activation_fn                |                    0 |                        0 |                        0 |       0 |
| model.encoder.layers.1.mlp.fc1                          |               148224 |                        0 |                        0 |       0 |
| model.encoder.layers.1.mlp.fc2                          |               147648 |                        0 |                        0 |       0 |
| model.encoder.layers.1.dropout                          |                    0 |                        0 |                        0 |       0 |
| model.encoder.layers.2                                  |               444864 |                        0 |                        0 |       0 |
| model.encoder.layers.2.attention                        |               148224 |                        0 |                        0 |       0 |
| model.encoder.layers.2.attention.q_proj                 |                37056 |                        0 |                        0 |       0 |
| model.encoder.layers.2.attention.k_proj                 |                37056 |                        0 |                        0 |       0 |
| model.encoder.layers.2.attention.v_proj                 |                37056 |                        0 |                        0 |       0 |
| model.encoder.layers.2.attention.o_proj                 |                37056 |                        0 |                        0 |       0 |
| model.encoder.layers.2.layernorm_before                 |                  384 |                        0 |                        0 |       0 |
| model.encoder.layers.2.layernorm_after                  |                  384 |                        0 |                        0 |       0 |
| model.encoder.layers.2.mlp                              |               295872 |                        0 |                        0 |       0 |
| model.encoder.layers.2.mlp.activation_fn                |                    0 |                        0 |                        0 |       0 |
| model.encoder.layers.2.mlp.fc1                          |               148224 |                        0 |                        0 |       0 |
| model.encoder.layers.2.mlp.fc2                          |               147648 |                        0 |                        0 |       0 |
| model.encoder.layers.2.dropout                          |                    0 |                        0 |                        0 |       0 |
| model.encoder.layers.3                                  |               444864 |                        0 |                        0 |       0 |
| model.encoder.layers.3.attention                        |               148224 |                        0 |                        0 |       0 |
| model.encoder.layers.3.attention.q_proj                 |                37056 |                        0 |                        0 |       0 |
| model.encoder.layers.3.attention.k_proj                 |                37056 |                        0 |                        0 |       0 |
| model.encoder.layers.3.attention.v_proj                 |                37056 |                        0 |                        0 |       0 |
| model.encoder.layers.3.attention.o_proj                 |                37056 |                        0 |                        0 |       0 |
| model.encoder.layers.3.layernorm_before                 |                  384 |                        0 |                        0 |       0 |
| model.encoder.layers.3.layernorm_after                  |                  384 |                        0 |                        0 |       0 |
| model.encoder.layers.3.mlp                              |               295872 |                        0 |                        0 |       0 |
| model.encoder.layers.3.mlp.activation_fn                |                    0 |                        0 |                        0 |       0 |
| model.encoder.layers.3.mlp.fc1                          |               148224 |                        0 |                        0 |       0 |
| model.encoder.layers.3.mlp.fc2                          |               147648 |                        0 |                        0 |       0 |
| model.encoder.layers.3.dropout                          |                    0 |                        0 |                        0 |       0 |
| model.encoder.layers.4                                  |               444864 |                        0 |                        0 |       0 |
| model.encoder.layers.4.attention                        |               148224 |                        0 |                        0 |       0 |
| model.encoder.layers.4.attention.q_proj                 |                37056 |                        0 |                        0 |       0 |
| model.encoder.layers.4.attention.k_proj                 |                37056 |                        0 |                        0 |       0 |
| model.encoder.layers.4.attention.v_proj                 |                37056 |                        0 |                        0 |       0 |
| model.encoder.layers.4.attention.o_proj                 |                37056 |                        0 |                        0 |       0 |
| model.encoder.layers.4.layernorm_before                 |                  384 |                        0 |                        0 |       0 |
| model.encoder.layers.4.layernorm_after                  |                  384 |                        0 |                        0 |       0 |
| model.encoder.layers.4.mlp                              |               295872 |                        0 |                        0 |       0 |
| model.encoder.layers.4.mlp.activation_fn                |                    0 |                        0 |                        0 |       0 |
| model.encoder.layers.4.mlp.fc1                          |               148224 |                        0 |                        0 |       0 |
| model.encoder.layers.4.mlp.fc2                          |               147648 |                        0 |                        0 |       0 |
| model.encoder.layers.4.dropout                          |                    0 |                        0 |                        0 |       0 |
| model.encoder.layers.5                                  |               444864 |                        0 |                        0 |       0 |
| model.encoder.layers.5.attention                        |               148224 |                        0 |                        0 |       0 |
| model.encoder.layers.5.attention.q_proj                 |                37056 |                        0 |                        0 |       0 |
| model.encoder.layers.5.attention.k_proj                 |                37056 |                        0 |                        0 |       0 |
| model.encoder.layers.5.attention.v_proj                 |                37056 |                        0 |                        0 |       0 |
| model.encoder.layers.5.attention.o_proj                 |                37056 |                        0 |                        0 |       0 |
| model.encoder.layers.5.layernorm_before                 |                  384 |                        0 |                        0 |       0 |
| model.encoder.layers.5.layernorm_after                  |                  384 |                        0 |                        0 |       0 |
| model.encoder.layers.5.mlp                              |               295872 |                        0 |                        0 |       0 |
| model.encoder.layers.5.mlp.activation_fn                |                    0 |                        0 |                        0 |       0 |
| model.encoder.layers.5.mlp.fc1                          |               148224 |                        0 |                        0 |       0 |
| model.encoder.layers.5.mlp.fc2                          |               147648 |                        0 |                        0 |       0 |
| model.encoder.layers.5.dropout                          |                    0 |                        0 |                        0 |       0 |
| model.encoder.layers.6                                  |               444864 |                        0 |                        0 |       0 |
| model.encoder.layers.6.attention                        |               148224 |                        0 |                        0 |       0 |
| model.encoder.layers.6.attention.q_proj                 |                37056 |                        0 |                        0 |       0 |
| model.encoder.layers.6.attention.k_proj                 |                37056 |                        0 |                        0 |       0 |
| model.encoder.layers.6.attention.v_proj                 |                37056 |                        0 |                        0 |       0 |
| model.encoder.layers.6.attention.o_proj                 |                37056 |                        0 |                        0 |       0 |
| model.encoder.layers.6.layernorm_before                 |                  384 |                        0 |                        0 |       0 |
| model.encoder.layers.6.layernorm_after                  |                  384 |                        0 |                        0 |       0 |
| model.encoder.layers.6.mlp                              |               295872 |                        0 |                        0 |       0 |
| model.encoder.layers.6.mlp.activation_fn                |                    0 |                        0 |                        0 |       0 |
| model.encoder.layers.6.mlp.fc1                          |               148224 |                        0 |                        0 |       0 |
| model.encoder.layers.6.mlp.fc2                          |               147648 |                        0 |                        0 |       0 |
| model.encoder.layers.6.dropout                          |                    0 |                        0 |                        0 |       0 |
| model.encoder.layers.7                                  |               444864 |                        0 |                        0 |       0 |
| model.encoder.layers.7.attention                        |               148224 |                        0 |                        0 |       0 |
| model.encoder.layers.7.attention.q_proj                 |                37056 |                        0 |                        0 |       0 |
| model.encoder.layers.7.attention.k_proj                 |                37056 |                        0 |                        0 |       0 |
| model.encoder.layers.7.attention.v_proj                 |                37056 |                        0 |                        0 |       0 |
| model.encoder.layers.7.attention.o_proj                 |                37056 |                        0 |                        0 |       0 |
| model.encoder.layers.7.layernorm_before                 |                  384 |                        0 |                        0 |       0 |
| model.encoder.layers.7.layernorm_after                  |                  384 |                        0 |                        0 |       0 |
| model.encoder.layers.7.mlp                              |               295872 |                        0 |                        0 |       0 |
| model.encoder.layers.7.mlp.activation_fn                |                    0 |                        0 |                        0 |       0 |
| model.encoder.layers.7.mlp.fc1                          |               148224 |                        0 |                        0 |       0 |
| model.encoder.layers.7.mlp.fc2                          |               147648 |                        0 |                        0 |       0 |
| model.encoder.layers.7.dropout                          |                    0 |                        0 |                        0 |       0 |
| model.encoder.layers.8                                  |               444864 |                        0 |                        0 |       0 |
| model.encoder.layers.8.attention                        |               148224 |                        0 |                        0 |       0 |
| model.encoder.layers.8.attention.q_proj                 |                37056 |                        0 |                        0 |       0 |
| model.encoder.layers.8.attention.k_proj                 |                37056 |                        0 |                        0 |       0 |
| model.encoder.layers.8.attention.v_proj                 |                37056 |                        0 |                        0 |       0 |
| model.encoder.layers.8.attention.o_proj                 |                37056 |                        0 |                        0 |       0 |
| model.encoder.layers.8.layernorm_before                 |                  384 |                        0 |                        0 |       0 |
| model.encoder.layers.8.layernorm_after                  |                  384 |                        0 |                        0 |       0 |
| model.encoder.layers.8.mlp                              |               295872 |                        0 |                        0 |       0 |
| model.encoder.layers.8.mlp.activation_fn                |                    0 |                        0 |                        0 |       0 |
| model.encoder.layers.8.mlp.fc1                          |               148224 |                        0 |                        0 |       0 |
| model.encoder.layers.8.mlp.fc2                          |               147648 |                        0 |                        0 |       0 |
| model.encoder.layers.8.dropout                          |                    0 |                        0 |                        0 |       0 |
| model.encoder.layers.9                                  |               444864 |                        0 |                        0 |       0 |
| model.encoder.layers.9.attention                        |               148224 |                        0 |                        0 |       0 |
| model.encoder.layers.9.attention.q_proj                 |                37056 |                        0 |                        0 |       0 |
| model.encoder.layers.9.attention.k_proj                 |                37056 |                        0 |                        0 |       0 |
| model.encoder.layers.9.attention.v_proj                 |                37056 |                        0 |                        0 |       0 |
| model.encoder.layers.9.attention.o_proj                 |                37056 |                        0 |                        0 |       0 |
| model.encoder.layers.9.layernorm_before                 |                  384 |                        0 |                        0 |       0 |
| model.encoder.layers.9.layernorm_after                  |                  384 |                        0 |                        0 |       0 |
| model.encoder.layers.9.mlp                              |               295872 |                        0 |                        0 |       0 |
| model.encoder.layers.9.mlp.activation_fn                |                    0 |                        0 |                        0 |       0 |
| model.encoder.layers.9.mlp.fc1                          |               148224 |                        0 |                        0 |       0 |
| model.encoder.layers.9.mlp.fc2                          |               147648 |                        0 |                        0 |       0 |
| model.encoder.layers.9.dropout                          |                    0 |                        0 |                        0 |       0 |
| model.encoder.layers.10                                 |               444864 |                        0 |                        0 |       0 |
| model.encoder.layers.10.attention                       |               148224 |                        0 |                        0 |       0 |
| model.encoder.layers.10.attention.q_proj                |                37056 |                        0 |                        0 |       0 |
| model.encoder.layers.10.attention.k_proj                |                37056 |                        0 |                        0 |       0 |
| model.encoder.layers.10.attention.v_proj                |                37056 |                        0 |                        0 |       0 |
| model.encoder.layers.10.attention.o_proj                |                37056 |                        0 |                        0 |       0 |
| model.encoder.layers.10.layernorm_before                |                  384 |                        0 |                        0 |       0 |
| model.encoder.layers.10.layernorm_after                 |                  384 |                        0 |                        0 |       0 |
| model.encoder.layers.10.mlp                             |               295872 |                        0 |                        0 |       0 |
| model.encoder.layers.10.mlp.activation_fn               |                    0 |                        0 |                        0 |       0 |
| model.encoder.layers.10.mlp.fc1                         |               148224 |                        0 |                        0 |       0 |
| model.encoder.layers.10.mlp.fc2                         |               147648 |                        0 |                        0 |       0 |
| model.encoder.layers.10.dropout                         |                    0 |                        0 |                        0 |       0 |
| model.encoder.layers.11                                 |               444864 |                        0 |                        0 |       0 |
| model.encoder.layers.11.attention                       |               148224 |                        0 |                        0 |       0 |
| model.encoder.layers.11.attention.q_proj                |                37056 |                        0 |                        0 |       0 |
| model.encoder.layers.11.attention.k_proj                |                37056 |                        0 |                        0 |       0 |
| model.encoder.layers.11.attention.v_proj                |                37056 |                        0 |                        0 |       0 |
| model.encoder.layers.11.attention.o_proj                |                37056 |                        0 |                        0 |       0 |
| model.encoder.layers.11.layernorm_before                |                  384 |                        0 |                        0 |       0 |
| model.encoder.layers.11.layernorm_after                 |                  384 |                        0 |                        0 |       0 |
| model.encoder.layers.11.mlp                             |               295872 |                        0 |                        0 |       0 |
| model.encoder.layers.11.mlp.activation_fn               |                    0 |                        0 |                        0 |       0 |
| model.encoder.layers.11.mlp.fc1                         |               148224 |                        0 |                        0 |       0 |
| model.encoder.layers.11.mlp.fc2                         |               147648 |                        0 |                        0 |       0 |
| model.encoder.layers.11.dropout                         |                    0 |                        0 |                        0 |       0 |
| model.encoder.layernorm                                 |                  384 |                        0 |                        0 |       0 |
| model.predictor                                         |             10791360 |                        0 |                        0 |       0 |
| model.predictor.dropout                                 |                    0 |                        0 |                        0 |       0 |
| model.predictor.transformer                             |             10790784 |                        0 |                        0 |       0 |
| model.predictor.transformer.norm                        |                  384 |                        0 |                        0 |       0 |
| model.predictor.transformer.layers                      |             10790400 |                        0 |                        0 |       0 |
| model.predictor.transformer.layers.0                    |              1798400 |                        0 |                        0 |       0 |
| model.predictor.transformer.layers.0.attn               |               787008 |                        0 |                        0 |       0 |
| model.predictor.transformer.layers.0.attn.norm          |                  384 |                        0 |                        0 |       0 |
| model.predictor.transformer.layers.0.attn.attend        |                    0 |                        0 |                        0 |       0 |
| model.predictor.transformer.layers.0.attn.to_qkv        |               589824 |                        0 |                        0 |       0 |
| model.predictor.transformer.layers.0.attn.to_out        |               196800 |                        0 |                        0 |       0 |
| model.predictor.transformer.layers.0.attn.to_out.0      |               196800 |                        0 |                        0 |       0 |
| model.predictor.transformer.layers.0.attn.to_out.1      |                    0 |                        0 |                        0 |       0 |
| model.predictor.transformer.layers.0.mlp                |               789056 |                        0 |                        0 |       0 |
| model.predictor.transformer.layers.0.mlp.net            |               789056 |                        0 |                        0 |       0 |
| model.predictor.transformer.layers.0.mlp.net.0          |                  384 |                        0 |                        0 |       0 |
| model.predictor.transformer.layers.0.mlp.net.1          |               395264 |                        0 |                        0 |       0 |
| model.predictor.transformer.layers.0.mlp.net.2          |                    0 |                        0 |                        0 |       0 |
| model.predictor.transformer.layers.0.mlp.net.3          |                    0 |                        0 |                        0 |       0 |
| model.predictor.transformer.layers.0.mlp.net.4          |               393408 |                        0 |                        0 |       0 |
| model.predictor.transformer.layers.0.mlp.net.5          |                    0 |                        0 |                        0 |       0 |
| model.predictor.transformer.layers.0.norm1              |                    0 |                        0 |                        0 |       0 |
| model.predictor.transformer.layers.0.norm2              |                    0 |                        0 |                        0 |       0 |
| model.predictor.transformer.layers.0.adaLN_modulation   |               222336 |                        0 |                        0 |       0 |
| model.predictor.transformer.layers.0.adaLN_modulation.0 |                    0 |                        0 |                        0 |       0 |
| model.predictor.transformer.layers.0.adaLN_modulation.1 |               222336 |                        0 |                        0 |       0 |
| model.predictor.transformer.layers.1                    |              1798400 |                        0 |                        0 |       0 |
| model.predictor.transformer.layers.1.attn               |               787008 |                        0 |                        0 |       0 |
| model.predictor.transformer.layers.1.attn.norm          |                  384 |                        0 |                        0 |       0 |
| model.predictor.transformer.layers.1.attn.attend        |                    0 |                        0 |                        0 |       0 |
| model.predictor.transformer.layers.1.attn.to_qkv        |               589824 |                        0 |                        0 |       0 |
| model.predictor.transformer.layers.1.attn.to_out        |               196800 |                        0 |                        0 |       0 |
| model.predictor.transformer.layers.1.attn.to_out.0      |               196800 |                        0 |                        0 |       0 |
| model.predictor.transformer.layers.1.attn.to_out.1      |                    0 |                        0 |                        0 |       0 |
| model.predictor.transformer.layers.1.mlp                |               789056 |                        0 |                        0 |       0 |
| model.predictor.transformer.layers.1.mlp.net            |               789056 |                        0 |                        0 |       0 |
| model.predictor.transformer.layers.1.mlp.net.0          |                  384 |                        0 |                        0 |       0 |
| model.predictor.transformer.layers.1.mlp.net.1          |               395264 |                        0 |                        0 |       0 |
| model.predictor.transformer.layers.1.mlp.net.2          |                    0 |                        0 |                        0 |       0 |
| model.predictor.transformer.layers.1.mlp.net.3          |                    0 |                        0 |                        0 |       0 |
| model.predictor.transformer.layers.1.mlp.net.4          |               393408 |                        0 |                        0 |       0 |
| model.predictor.transformer.layers.1.mlp.net.5          |                    0 |                        0 |                        0 |       0 |
| model.predictor.transformer.layers.1.norm1              |                    0 |                        0 |                        0 |       0 |
| model.predictor.transformer.layers.1.norm2              |                    0 |                        0 |                        0 |       0 |
| model.predictor.transformer.layers.1.adaLN_modulation   |               222336 |                        0 |                        0 |       0 |
| model.predictor.transformer.layers.1.adaLN_modulation.0 |                    0 |                        0 |                        0 |       0 |
| model.predictor.transformer.layers.1.adaLN_modulation.1 |               222336 |                        0 |                        0 |       0 |
| model.predictor.transformer.layers.2                    |              1798400 |                        0 |                        0 |       0 |
| model.predictor.transformer.layers.2.attn               |               787008 |                        0 |                        0 |       0 |
| model.predictor.transformer.layers.2.attn.norm          |                  384 |                        0 |                        0 |       0 |
| model.predictor.transformer.layers.2.attn.attend        |                    0 |                        0 |                        0 |       0 |
| model.predictor.transformer.layers.2.attn.to_qkv        |               589824 |                        0 |                        0 |       0 |
| model.predictor.transformer.layers.2.attn.to_out        |               196800 |                        0 |                        0 |       0 |
| model.predictor.transformer.layers.2.attn.to_out.0      |               196800 |                        0 |                        0 |       0 |
| model.predictor.transformer.layers.2.attn.to_out.1      |                    0 |                        0 |                        0 |       0 |
| model.predictor.transformer.layers.2.mlp                |               789056 |                        0 |                        0 |       0 |
| model.predictor.transformer.layers.2.mlp.net            |               789056 |                        0 |                        0 |       0 |
| model.predictor.transformer.layers.2.mlp.net.0          |                  384 |                        0 |                        0 |       0 |
| model.predictor.transformer.layers.2.mlp.net.1          |               395264 |                        0 |                        0 |       0 |
| model.predictor.transformer.layers.2.mlp.net.2          |                    0 |                        0 |                        0 |       0 |
| model.predictor.transformer.layers.2.mlp.net.3          |                    0 |                        0 |                        0 |       0 |
| model.predictor.transformer.layers.2.mlp.net.4          |               393408 |                        0 |                        0 |       0 |
| model.predictor.transformer.layers.2.mlp.net.5          |                    0 |                        0 |                        0 |       0 |
| model.predictor.transformer.layers.2.norm1              |                    0 |                        0 |                        0 |       0 |
| model.predictor.transformer.layers.2.norm2              |                    0 |                        0 |                        0 |       0 |
| model.predictor.transformer.layers.2.adaLN_modulation   |               222336 |                        0 |                        0 |       0 |
| model.predictor.transformer.layers.2.adaLN_modulation.0 |                    0 |                        0 |                        0 |       0 |
| model.predictor.transformer.layers.2.adaLN_modulation.1 |               222336 |                        0 |                        0 |       0 |
| model.predictor.transformer.layers.3                    |              1798400 |                        0 |                        0 |       0 |
| model.predictor.transformer.layers.3.attn               |               787008 |                        0 |                        0 |       0 |
| model.predictor.transformer.layers.3.attn.norm          |                  384 |                        0 |                        0 |       0 |
| model.predictor.transformer.layers.3.attn.attend        |                    0 |                        0 |                        0 |       0 |
| model.predictor.transformer.layers.3.attn.to_qkv        |               589824 |                        0 |                        0 |       0 |
| model.predictor.transformer.layers.3.attn.to_out        |               196800 |                        0 |                        0 |       0 |
| model.predictor.transformer.layers.3.attn.to_out.0      |               196800 |                        0 |                        0 |       0 |
| model.predictor.transformer.layers.3.attn.to_out.1      |                    0 |                        0 |                        0 |       0 |
| model.predictor.transformer.layers.3.mlp                |               789056 |                        0 |                        0 |       0 |
| model.predictor.transformer.layers.3.mlp.net            |               789056 |                        0 |                        0 |       0 |
| model.predictor.transformer.layers.3.mlp.net.0          |                  384 |                        0 |                        0 |       0 |
| model.predictor.transformer.layers.3.mlp.net.1          |               395264 |                        0 |                        0 |       0 |
| model.predictor.transformer.layers.3.mlp.net.2          |                    0 |                        0 |                        0 |       0 |
| model.predictor.transformer.layers.3.mlp.net.3          |                    0 |                        0 |                        0 |       0 |
| model.predictor.transformer.layers.3.mlp.net.4          |               393408 |                        0 |                        0 |       0 |
| model.predictor.transformer.layers.3.mlp.net.5          |                    0 |                        0 |                        0 |       0 |
| model.predictor.transformer.layers.3.norm1              |                    0 |                        0 |                        0 |       0 |
| model.predictor.transformer.layers.3.norm2              |                    0 |                        0 |                        0 |       0 |
| model.predictor.transformer.layers.3.adaLN_modulation   |               222336 |                        0 |                        0 |       0 |
| model.predictor.transformer.layers.3.adaLN_modulation.0 |                    0 |                        0 |                        0 |       0 |
| model.predictor.transformer.layers.3.adaLN_modulation.1 |               222336 |                        0 |                        0 |       0 |
| model.predictor.transformer.layers.4                    |              1798400 |                        0 |                        0 |       0 |
| model.predictor.transformer.layers.4.attn               |               787008 |                        0 |                        0 |       0 |
| model.predictor.transformer.layers.4.attn.norm          |                  384 |                        0 |                        0 |       0 |
| model.predictor.transformer.layers.4.attn.attend        |                    0 |                        0 |                        0 |       0 |
| model.predictor.transformer.layers.4.attn.to_qkv        |               589824 |                        0 |                        0 |       0 |
| model.predictor.transformer.layers.4.attn.to_out        |               196800 |                        0 |                        0 |       0 |
| model.predictor.transformer.layers.4.attn.to_out.0      |               196800 |                        0 |                        0 |       0 |
| model.predictor.transformer.layers.4.attn.to_out.1      |                    0 |                        0 |                        0 |       0 |
| model.predictor.transformer.layers.4.mlp                |               789056 |                        0 |                        0 |       0 |
| model.predictor.transformer.layers.4.mlp.net            |               789056 |                        0 |                        0 |       0 |
| model.predictor.transformer.layers.4.mlp.net.0          |                  384 |                        0 |                        0 |       0 |
| model.predictor.transformer.layers.4.mlp.net.1          |               395264 |                        0 |                        0 |       0 |
| model.predictor.transformer.layers.4.mlp.net.2          |                    0 |                        0 |                        0 |       0 |
| model.predictor.transformer.layers.4.mlp.net.3          |                    0 |                        0 |                        0 |       0 |
| model.predictor.transformer.layers.4.mlp.net.4          |               393408 |                        0 |                        0 |       0 |
| model.predictor.transformer.layers.4.mlp.net.5          |                    0 |                        0 |                        0 |       0 |
| model.predictor.transformer.layers.4.norm1              |                    0 |                        0 |                        0 |       0 |
| model.predictor.transformer.layers.4.norm2              |                    0 |                        0 |                        0 |       0 |
| model.predictor.transformer.layers.4.adaLN_modulation   |               222336 |                        0 |                        0 |       0 |
| model.predictor.transformer.layers.4.adaLN_modulation.0 |                    0 |                        0 |                        0 |       0 |
| model.predictor.transformer.layers.4.adaLN_modulation.1 |               222336 |                        0 |                        0 |       0 |
| model.predictor.transformer.layers.5                    |              1798400 |                        0 |                        0 |       0 |
| model.predictor.transformer.layers.5.attn               |               787008 |                        0 |                        0 |       0 |
| model.predictor.transformer.layers.5.attn.norm          |                  384 |                        0 |                        0 |       0 |
| model.predictor.transformer.layers.5.attn.attend        |                    0 |                        0 |                        0 |       0 |
| model.predictor.transformer.layers.5.attn.to_qkv        |               589824 |                        0 |                        0 |       0 |
| model.predictor.transformer.layers.5.attn.to_out        |               196800 |                        0 |                        0 |       0 |
| model.predictor.transformer.layers.5.attn.to_out.0      |               196800 |                        0 |                        0 |       0 |
| model.predictor.transformer.layers.5.attn.to_out.1      |                    0 |                        0 |                        0 |       0 |
| model.predictor.transformer.layers.5.mlp                |               789056 |                        0 |                        0 |       0 |
| model.predictor.transformer.layers.5.mlp.net            |               789056 |                        0 |                        0 |       0 |
| model.predictor.transformer.layers.5.mlp.net.0          |                  384 |                        0 |                        0 |       0 |
| model.predictor.transformer.layers.5.mlp.net.1          |               395264 |                        0 |                        0 |       0 |
| model.predictor.transformer.layers.5.mlp.net.2          |                    0 |                        0 |                        0 |       0 |
| model.predictor.transformer.layers.5.mlp.net.3          |                    0 |                        0 |                        0 |       0 |
| model.predictor.transformer.layers.5.mlp.net.4          |               393408 |                        0 |                        0 |       0 |
| model.predictor.transformer.layers.5.mlp.net.5          |                    0 |                        0 |                        0 |       0 |
| model.predictor.transformer.layers.5.norm1              |                    0 |                        0 |                        0 |       0 |
| model.predictor.transformer.layers.5.norm2              |                    0 |                        0 |                        0 |       0 |
| model.predictor.transformer.layers.5.adaLN_modulation   |               222336 |                        0 |                        0 |       0 |
| model.predictor.transformer.layers.5.adaLN_modulation.0 |                    0 |                        0 |                        0 |       0 |
| model.predictor.transformer.layers.5.adaLN_modulation.1 |               222336 |                        0 |                        0 |       0 |
| model.predictor.transformer.input_proj                  |                    0 |                        0 |                        0 |       0 |
| model.predictor.transformer.cond_proj                   |                    0 |                        0 |                        0 |       0 |
| model.predictor.transformer.output_proj                 |                    0 |                        0 |                        0 |       0 |
| model.action_encoder                                    |               156136 |                        0 |                        0 |       0 |
| model.action_encoder.patch_embed                        |                   40 |                        0 |                        0 |       0 |
| model.action_encoder.embed                              |               156096 |                        0 |                        0 |       0 |
| model.action_encoder.embed.0                            |                 8448 |                        0 |                        0 |       0 |
| model.action_encoder.embed.1                            |                    0 |                        0 |                        0 |       0 |
| model.action_encoder.embed.2                            |               147648 |                        0 |                        0 |       0 |
| model.projector                                         |               792768 |                        0 |                        0 |    4097 |
| model.projector.net                                     |               792768 |                        0 |                        0 |    4097 |
| model.projector.net.0                                   |               395264 |                        0 |                        0 |       0 |
| model.projector.net.1                                   |                 4096 |                        0 |                        0 |    4097 |
| model.projector.net.2                                   |                    0 |                        0 |                        0 |       0 |
| model.projector.net.3                                   |               393408 |                        0 |                        0 |       0 |
| model.pred_proj                                         |               792768 |                        0 |                        0 |    4097 |
| model.pred_proj.net                                     |               792768 |                        0 |                        0 |    4097 |
| model.pred_proj.net.0                                   |               395264 |                        0 |                        0 |       0 |
| model.pred_proj.net.1                                   |                 4096 |                        0 |                        0 |    4097 |
| model.pred_proj.net.2                                   |                    0 |                        0 |                        0 |       0 |
| model.pred_proj.net.3                                   |               393408 |                        0 |                        0 |       0 |
| model.probe_head                                        |                  579 |                        0 |                        0 |       0 |
| sigreg                                                  |                    0 |                        0 |                        0 |      51 |
+---------------------------------------------------------+----------------------+--------------------------+--------------------------+---------+
12:42:10 | INFO  | utils.py    | ── SLURM ─────────────────────────────────────────
12:42:10 | INFO  | trainer_inf~|   Job ID: N/A
12:42:10 | INFO  | trainer_inf~|   Task ID: N/A
12:42:10 | INFO  | trainer_inf~|   Job Name: N/A
12:42:10 | INFO  | trainer_inf~|   Nodes: N/A
12:42:10 | INFO  | trainer_inf~|   Tasks: N/A
12:42:10 | INFO  | trainer_inf~|   CPUs per node: N/A
12:42:10 | INFO  | trainer_inf~|   CPUs per task: N/A
12:42:10 | INFO  | trainer_inf~|   Memory per node: N/A
12:42:10 | INFO  | trainer_inf~|   Memory per CPU: N/A
12:42:10 | INFO  | trainer_inf~|   Time limit: N/A
12:42:10 | INFO  | trainer_inf~|   Partition: N/A
12:42:10 | INFO  | trainer_inf~|   Node List: N/A
12:42:10 | INFO  | trainer_inf~|   Submit Directory: N/A
12:42:10 | INFO  | utils.py    | ── HardwareMonitor ───────────────────────────────
12:42:10 | INFO  | hardware_mo~|   interval: 10.0s
12:42:10 | INFO  | hardware_mo~|   prefix:   'hardware/'
12:42:10 | INFO  | hardware_mo~|   metrics:  cpu=True ram=True disk=True net=True gpu=True
12:42:10 | INFO  | hardware_mo~|   per-rank: rank 0 only
12:42:10 | WARN  | env_info.py | ! pip freeze failed: Command '['/home/likun-share/junjxu/wm/le-wm/.venv/bin/python', '-m', 'pip', 'freeze']' returned non-zero exit status 1.
12:42:10 | OK    | env_info.py | ✓ Packages: 0 packages collected in 0.02s
LOCAL_RANK: 0 - CUDA_VISIBLE_DEVICES: [5]
12:42:10 | WARN  | hardware_mo~| HardwareMonitor: pynvml unavailable (ModuleNotFoundError("No module named 'pynvml'")); GPU metrics disabled.
12:42:10 | INFO  | utils.py    | ── Optimizers ────────────────────────────────────
12:42:10 | INFO  | module.py   |   Optimizer specified by Dict with keys ['model_opt']
12:42:10 | INFO  | module.py   | 
┏━━━━━━━━━━━━━┳━━━━━━━━━━━┳━━━━━━━━━━━━━━━━━━━┳━━━━━━━━━━━━━━━━━┳━━━━━━━━━━━━━━━━┳━━━━━━━━━━━━━━━━━━━━━━━━┓
┃ Optimizer   ┃ Pattern   ┃   Matched Modules ┃   Param Tensors ┃   Total Params ┃   RequiresGrad Tensors ┃
┣━━━━━━━━━━━━━╋━━━━━━━━━━━╋━━━━━━━━━━━━━━━━━━━╋━━━━━━━━━━━━━━━━━╋━━━━━━━━━━━━━━━━╋━━━━━━━━━━━━━━━━━━━━━━━━┫
┃ model_opt   ┃ model     ┃               317 ┃             299 ┃       18034987 ┃                    299 ┃
┗━━━━━━━━━━━━━┻━━━━━━━━━━━┻━━━━━━━━━━━━━━━━━━━┻━━━━━━━━━━━━━━━━━┻━━━━━━━━━━━━━━━━┻━━━━━━━━━━━━━━━━━━━━━━━━┛
12:42:10 | INFO  | lr_schedule~| 	User provided a dict
Loading `train_dataloader` to estimate number of stepping batches.
/home/likun-share/junjxu/wm/le-wm/.venv/lib/python3.10/site-packages/lance/__init__.py:320: UserWarning: lance is not fork-safe. If you are using multiprocessing, use spawn or forkserver instead.
  warnings.warn(
/usr/lib/python3.10/multiprocessing/popen_fork.py:66: RuntimeWarning: lancedb fork support is experimental: the internal async runtime has been reset in the forked child, but a small chance of deadlock remains if other state was mid-operation at fork time. The 'forkserver' or 'spawn' multiprocessing start method is likely a safer alternative.
  self.pid = os.fork()
/home/likun-share/junjxu/wm/le-wm/.venv/lib/python3.10/site-packages/lance/__init__.py:320: UserWarning: lance is not fork-safe. If you are using multiprocessing, use spawn or forkserver instead.
  warnings.warn(
/usr/lib/python3.10/multiprocessing/popen_fork.py:66: RuntimeWarning: lancedb fork support is experimental: the internal async runtime has been reset in the forked child, but a small chance of deadlock remains if other state was mid-operation at fork time. The 'forkserver' or 'spawn' multiprocessing start method is likely a safer alternative.
  self.pid = os.fork()
/usr/lib/python3.10/multiprocessing/popen_fork.py:66: RuntimeWarning: lancedb fork support is experimental: the internal async runtime has been reset in the forked child, but a small chance of deadlock remains if other state was mid-operation at fork time. The 'forkserver' or 'spawn' multiprocessing start method is likely a safer alternative.
  self.pid = os.fork()
/usr/lib/python3.10/multiprocessing/popen_fork.py:66: RuntimeWarning: lancedb fork support is experimental: the internal async runtime has been reset in the forked child, but a small chance of deadlock remains if other state was mid-operation at fork time. The 'forkserver' or 'spawn' multiprocessing start method is likely a safer alternative.
  self.pid = os.fork()
/usr/lib/python3.10/multiprocessing/popen_fork.py:66: RuntimeWarning: lancedb fork support is experimental: the internal async runtime has been reset in the forked child, but a small chance of deadlock remains if other state was mid-operation at fork time. The 'forkserver' or 'spawn' multiprocessing start method is likely a safer alternative.
  self.pid = os.fork()
/usr/lib/python3.10/multiprocessing/popen_fork.py:66: RuntimeWarning: lancedb fork support is experimental: the internal async runtime has been reset in the forked child, but a small chance of deadlock remains if other state was mid-operation at fork time. The 'forkserver' or 'spawn' multiprocessing start method is likely a safer alternative.
  self.pid = os.fork()
12:42:10 | INFO  | module.py   |   Configured optimizer 'model_opt' (modules=317, param_tensors=299, total_params=18034987) with LinearWarmupCosineAnnealingLR scheduler.
/home/likun-share/junjxu/wm/le-wm/.venv/lib/python3.10/site-packages/lightning/pytorch/utilities/model_summary/model_summary.py:242: Precision bf16-mixed is not supported by the model summary.  Estimated model size in MB will not be accurate. Using 32 bits instead.
┏━━━┳━━━━━━━━━━━━━━━━━━━┳━━━━━━━━━━━━┳━━━━━━━━┳━━━━━━━┳━━━━━━━┓
┃   ┃ Name              ┃ Type       ┃ Params ┃ Mode  ┃ FLOPs ┃
┡━━━╇━━━━━━━━━━━━━━━━━━━╇━━━━━━━━━━━━╇━━━━━━━━╇━━━━━━━╇━━━━━━━┩
│ 0 │ callbacks_modules │ ModuleDict │      0 │ train │     0 │
│ 1 │ callbacks_metrics │ ModuleDict │      0 │ train │     0 │
│ 2 │ model             │ JEPA       │ 18.0 M │ train │     0 │
│ 3 │ sigreg            │ SIGReg     │      0 │ train │     0 │
└───┴───────────────────┴────────────┴────────┴───────┴───────┘
Trainable params: 18.0 M                                                        
Non-trainable params: 0                                                         
Total params: 18.0 M                                                            
Total estimated model params size (MB): 72.140                                  
Modules in train mode: 320                                                      
Modules in eval mode: 0                                                         
Total FLOPs: 0                                                                  
12:42:10 | INFO  | logger.py   | [RegistryLogger] summary.json flushed (0 metrics, step=0, epoch=0) → /data1/likun-share/junjxu/.cache_stable-pretraining/runs/20260713/124209/cfa2970a536a/summary.json
/usr/lib/python3.10/multiprocessing/popen_fork.py:66: RuntimeWarning: lancedb fork support is experimental: the internal async runtime has been reset in the forked child, but a small chance of deadlock remains if other state was mid-operation at fork time. The 'forkserver' or 'spawn' multiprocessing start method is likely a safer alternative.
  self.pid = os.fork()
/usr/lib/python3.10/multiprocessing/popen_fork.py:66: RuntimeWarning: lancedb fork support is experimental: the internal async runtime has been reset in the forked child, but a small chance of deadlock remains if other state was mid-operation at fork time. The 'forkserver' or 'spawn' multiprocessing start method is likely a safer alternative.
  self.pid = os.fork()
/usr/lib/python3.10/multiprocessing/popen_fork.py:66: RuntimeWarning: lancedb fork support is experimental: the internal async runtime has been reset in the forked child, but a small chance of deadlock remains if other state was mid-operation at fork time. The 'forkserver' or 'spawn' multiprocessing start method is likely a safer alternative.
  self.pid = os.fork()
/usr/lib/python3.10/multiprocessing/popen_fork.py:66: RuntimeWarning: lancedb fork support is experimental: the internal async runtime has been reset in the forked child, but a small chance of deadlock remains if other state was mid-operation at fork time. The 'forkserver' or 'spawn' multiprocessing start method is likely a safer alternative.
  self.pid = os.fork()
/usr/lib/python3.10/multiprocessing/popen_fork.py:66: RuntimeWarning: lancedb fork support is experimental: the internal async runtime has been reset in the forked child, but a small chance of deadlock remains if other state was mid-operation at fork time. The 'forkserver' or 'spawn' multiprocessing start method is likely a safer alternative.
  self.pid = os.fork()
/usr/lib/python3.10/multiprocessing/popen_fork.py:66: RuntimeWarning: lancedb fork support is experimental: the internal async runtime has been reset in the forked child, but a small chance of deadlock remains if other state was mid-operation at fork time. The 'forkserver' or 'spawn' multiprocessing start method is likely a safer alternative.
  self.pid = os.fork()
12:42:20 | WARN  | env_info.py | ! nvidia-smi timed out
12:42:20 | OK    | env_info.py | ✓ Git: main @ 780736e4
12:42:20 | INFO  | env_info.py |   Remote: git@github.com-xuustc99:XuUSTC99/wm.git
12:42:20 | WARN  | env_info.py | ! Working directory has uncommitted changes
12:42:20 | OK    | env_info.py | ✓ Environment: 4 relevant variables captured
12:42:20 | INFO  | env_info.py |   Serializing environment data...
12:42:20 | INFO  | env_info.py |   File exists, using version 361: environment_v361.json
12:42:20 | INFO  | env_info.py |   File exists, using version 363: requirements_frozen_v363.txt
12:42:20 | INFO  | env_info.py |   Save directory: /home/likun-share/.cache/stable-pretraining
12:42:20 | INFO  | env_info.py |   Writing environment to temp file...
12:42:20 | INFO  | env_info.py |   Moving to: environment_v361.json
12:42:20 | OK    | env_info.py | ✓ Environment file saved (2.4 KB)
12:42:20 | OK    | env_info.py | ✓ Requirements file saved (0.1 KB)
/home/likun-share/junjxu/wm/le-wm/.venv/lib/python3.10/site-packages/lightning/pytorch/utilities/data.py:79: Trying to infer the `batch_size` from an ambiguous collection. The batch size we found is 32. To avoid any miscalculations, use `self.log(..., batch_size=batch_size)`.
12:42:21 | INFO  | trainer_inf~| \n+----------------------------+-------------------+
|           Metric           |       Value       |
+----------------------------+-------------------+
|       [0;34;40mvalidate/loss[0m        | [0;32;40m1.966283917427063[0m |
|    [0;34;40mvalidate/loss_epoch[0m     | [0;32;40m1.966283917427063[0m |
|     [0;34;40mvalidate/pred_loss[0m     | [0;32;40m1.376440167427063[0m |
|  [0;34;40mvalidate/pred_loss_epoch[0m  | [0;32;40m1.376440167427063[0m |
|    [0;34;40mvalidate/sigreg_loss[0m    |       [0;32;40m6.5625[0m      |
| [0;34;40mvalidate/sigreg_loss_epoch[0m |       [0;32;40m6.5625[0m      |
+----------------------------+-------------------+
12:42:21 | WARN  | hf_models.py| ! No Hugging Face (PreTrainedModel) submodules found in LightningModule.
12:42:21 | INFO  | utils.py    | ── Optimizers ────────────────────────────────────
12:42:21 | INFO  | module.py   |   self.optimizers() gave us 1 optimizers
12:42:21 | WARN  | module.py   | ! No clip val found for optimizer default_0
12:42:21 | WARN  | module.py   | ! Will use the Trainer's value of 1.0
12:42:21 | WARN  | module.py   | ! No clip algorithm found for optimizer default_0
12:42:21 | WARN  | module.py   | ! Will use the Trainer's value of None
12:42:21 | OK    | module.py   | ✓ Optimizer check complete:
+------------+-----------+----------------+-----------+-----------+
| Opt. Index | Opt. name |      opt       | clip val. | clip alg. |
+------------+-----------+----------------+-----------+-----------+
|     0      | default_0 | LightningAdamW |    1.0    |    None   |
+------------+-----------+----------------+-----------+-----------+
12:42:21 | INFO  | utils.py    | ── LogUnusedParametersOnce ───────────────────────
12:42:21 | INFO  | unused_para~|   registered hooks on 299 leaf parameters
12:42:25 | WARN  | unused_para~| ! the following parameters did NOT receive gradients on the first backward pass (potentially causing Lightning's 'unused parameters' error):
12:42:25 | WARN  | unused_para~|   model.probe_head.weight
12:42:25 | WARN  | unused_para~|   model.probe_head.bias
12:42:25 | INFO  | unused_para~|   hooks removed, callback disabled
[Epoch 0/20] step 50/2077 (1.8 it/s)
[Epoch 0/20] step 100/2077 (1.9 it/s)
[Epoch 0/20] step 150/2077 (1.9 it/s)
[Epoch 0/20] step 200/2077 (1.8 it/s)
[Epoch 0/20] step 250/2077 (1.8 it/s)
[Epoch 0/20] step 300/2077 (1.8 it/s)
[Epoch 0/20] step 350/2077 (1.8 it/s)
[Epoch 0/20] step 400/2077 (1.8 it/s)
[Epoch 0/20] step 450/2077 (1.8 it/s)
[Epoch 0/20] step 500/2077 (1.8 it/s)
[Epoch 0/20] step 550/2077 (1.8 it/s)
[Epoch 0/20] step 600/2077 (1.8 it/s)
[Epoch 0/20] step 650/2077 (1.8 it/s)
[Epoch 0/20] step 700/2077 (1.8 it/s)
[Epoch 0/20] step 750/2077 (1.7 it/s)
[Epoch 0/20] step 800/2077 (1.7 it/s)
[Epoch 0/20] step 850/2077 (1.6 it/s)
[Epoch 0/20] step 900/2077 (1.6 it/s)
[Epoch 0/20] step 950/2077 (1.6 it/s)
[Epoch 0/20] step 1000/2077 (1.5 it/s)
[Epoch 0/20] step 1050/2077 (1.5 it/s)
[Epoch 0/20] step 1100/2077 (1.5 it/s)
[Epoch 0/20] step 1150/2077 (1.5 it/s)
[Epoch 0/20] step 1200/2077 (1.4 it/s)
[Epoch 0/20] step 1250/2077 (1.4 it/s)
[Epoch 0/20] step 1300/2077 (1.4 it/s)
[Epoch 0/20] step 1350/2077 (1.4 it/s)
[Epoch 0/20] step 1400/2077 (1.4 it/s)
[Epoch 0/20] step 1450/2077 (1.4 it/s)
[Epoch 0/20] step 1500/2077 (1.4 it/s)
[Epoch 0/20] step 1550/2077 (1.3 it/s)
[Epoch 0/20] step 1600/2077 (1.3 it/s)
[Epoch 0/20] step 1650/2077 (1.3 it/s)
[Epoch 0/20] step 1700/2077 (1.3 it/s)
[Epoch 0/20] step 1750/2077 (1.3 it/s)
[Epoch 0/20] step 1800/2077 (1.3 it/s)
[Epoch 0/20] step 1850/2077 (1.3 it/s)
[Epoch 0/20] step 1900/2077 (1.3 it/s)
[Epoch 0/20] step 1950/2077 (1.3 it/s)
[Epoch 0/20] step 2000/2077 (1.3 it/s)
[Epoch 0/20] step 2050/2077 (1.3 it/s)
/home/likun-share/junjxu/wm/le-wm/.venv/lib/python3.10/site-packages/lightning/pytorch/utilities/data.py:79: Trying to infer the `batch_size` from an ambiguous collection. The batch size we found is 26. To avoid any miscalculations, use `self.log(..., batch_size=batch_size)`.
13:11:38 | INFO  | trainer_inf~| \n+----------------------------+-----------------------+
|           Metric           |         Value         |
+----------------------------+-----------------------+
|          [0;34;40mfit/loss[0m          |  [0;32;40m0.18607088923454285[0m  |
|       [0;34;40mfit/pred_loss[0m        |  [0;32;40m0.04251619428396225[0m  |
|      [0;34;40mfit/sigreg_loss[0m       |        [0;32;40m1.59375[0m        |
|    [0;34;40mhardware/cpu_percent[0m    |    [0;32;40m85.0999984741211[0m   |
|  [0;34;40mhardware/disk_read_mb_s[0m   |  [0;32;40m0.014446946792304516[0m |
|  [0;34;40mhardware/disk_write_mb_s[0m  |   [0;32;40m88.48442077636719[0m   |
|   [0;34;40mhardware/net_recv_mb_s[0m   |  [0;32;40m0.01853407733142376[0m  |
|   [0;34;40mhardware/net_sent_mb_s[0m   |  [0;32;40m0.059180986136198044[0m |
|    [0;34;40mhardware/ram_used_gb[0m    |   [0;32;40m343.71832275390625[0m  |
|   [0;34;40mhardware/ram_used_pct[0m    |   [0;32;40m34.099998474121094[0m  |
|    [0;34;40mhparams/lr_default_0[0m    | [0;32;40m4.979877849109471e-05[0m |
|       [0;34;40mvalidate/loss[0m        |   [0;32;40m0.2605954110622406[0m  |
|    [0;34;40mvalidate/loss_epoch[0m     |   [0;32;40m0.2605954110622406[0m  |
|     [0;34;40mvalidate/pred_loss[0m     |  [0;32;40m0.054067377001047134[0m |
|  [0;34;40mvalidate/pred_loss_epoch[0m  |  [0;32;40m0.054067377001047134[0m |
|    [0;34;40mvalidate/sigreg_loss[0m    |   [0;32;40m2.294480323791504[0m   |
| [0;34;40mvalidate/sigreg_loss_epoch[0m |   [0;32;40m2.294480323791504[0m   |
+----------------------------+-----------------------+
[Epoch 0/20] done in 1757.4s
13:11:39 | INFO  | checkpoint_~|   Checking for non PyTorch modules to save
13:11:39 | INFO  | atomic_chec~| [atomic_save] → /data1/likun-share/junjxu/.cache_stable-pretraining/runs/20260713/124209/cfa2970a536a/checkpoints/epoch=0-step=2077.ckpt
13:11:40 | INFO  | atomic_chec~| [atomic_save] ✓ epoch=0-step=2077.ckpt saved (206.8 MiB, serialise=0.57s write=0.47s rename=0.1ms)
13:11:40 | INFO  | checkpoint_~|   Checking for non PyTorch modules to save
13:11:40 | INFO  | atomic_chec~| [atomic_save] → /data1/likun-share/junjxu/.cache_stable-pretraining/runs/20260713/124209/cfa2970a536a/checkpoints/last.ckpt
13:11:41 | INFO  | atomic_chec~| [atomic_save] ✓ last.ckpt saved (206.8 MiB, serialise=0.61s write=0.42s rename=0.1ms)
[Epoch 1/20] step 50/2077 (1.0 it/s)
[Epoch 1/20] step 100/2077 (1.1 it/s)
[Epoch 1/20] step 150/2077 (1.1 it/s)
[Epoch 1/20] step 200/2077 (1.1 it/s)
[Epoch 1/20] step 250/2077 (1.1 it/s)
[Epoch 1/20] step 300/2077 (1.1 it/s)
[Epoch 1/20] step 350/2077 (1.1 it/s)
[Epoch 1/20] step 400/2077 (1.1 it/s)
[Epoch 1/20] step 450/2077 (1.1 it/s)
[Epoch 1/20] step 500/2077 (1.1 it/s)
[Epoch 1/20] step 550/2077 (1.1 it/s)
[Epoch 1/20] step 600/2077 (1.1 it/s)
[Epoch 1/20] step 650/2077 (1.1 it/s)
[Epoch 1/20] step 700/2077 (1.1 it/s)
[Epoch 1/20] step 750/2077 (1.1 it/s)
[Epoch 1/20] step 800/2077 (1.1 it/s)
[Epoch 1/20] step 850/2077 (1.1 it/s)
[Epoch 1/20] step 900/2077 (1.1 it/s)
[Epoch 1/20] step 950/2077 (1.1 it/s)
[Epoch 1/20] step 1000/2077 (1.1 it/s)
[Epoch 1/20] step 1050/2077 (1.1 it/s)
[Epoch 1/20] step 1100/2077 (1.1 it/s)
[Epoch 1/20] step 1150/2077 (1.1 it/s)
[Epoch 1/20] step 1200/2077 (1.1 it/s)
[Epoch 1/20] step 1250/2077 (1.1 it/s)
[Epoch 1/20] step 1300/2077 (1.1 it/s)
[Epoch 1/20] step 1350/2077 (1.1 it/s)
[Epoch 1/20] step 1400/2077 (1.1 it/s)
[Epoch 1/20] step 1450/2077 (1.1 it/s)
[Epoch 1/20] step 1500/2077 (1.1 it/s)
[Epoch 1/20] step 1550/2077 (1.1 it/s)
[Epoch 1/20] step 1600/2077 (1.1 it/s)
[Epoch 1/20] step 1650/2077 (1.1 it/s)
[Epoch 1/20] step 1700/2077 (1.1 it/s)
[Epoch 1/20] step 1750/2077 (1.2 it/s)
[Epoch 1/20] step 1800/2077 (1.2 it/s)
[Epoch 1/20] step 1850/2077 (1.2 it/s)
[Epoch 1/20] step 1900/2077 (1.2 it/s)
[Epoch 1/20] step 1950/2077 (1.2 it/s)
[Epoch 1/20] step 2000/2077 (1.2 it/s)
[Epoch 1/20] step 2050/2077 (1.2 it/s)
13:42:47 | INFO  | trainer_inf~| \n+----------------------------+-----------------------+
|           Metric           |         Value         |
+----------------------------+-----------------------+
|          [0;34;40mfit/loss[0m          |   [0;32;40m0.1760057955980301[0m  |
|       [0;34;40mfit/pred_loss[0m        |  [0;32;40m0.02561517246067524[0m  |
|      [0;34;40mfit/sigreg_loss[0m       |        [0;32;40m1.671875[0m       |
|    [0;34;40mhardware/cpu_percent[0m    |   [0;32;40m62.599998474121094[0m  |
|  [0;34;40mhardware/disk_read_mb_s[0m   |          [0;32;40m0.0[0m          |
|  [0;34;40mhardware/disk_write_mb_s[0m  |   [0;32;40m5.933315277099609[0m   |
|   [0;34;40mhardware/net_recv_mb_s[0m   | [0;32;40m0.0027275318279862404[0m |
|   [0;34;40mhardware/net_sent_mb_s[0m   |   [0;32;40m0.0382995568215847[0m  |
|    [0;34;40mhardware/ram_used_gb[0m    |   [0;32;40m210.8372039794922[0m   |
|   [0;34;40mhardware/ram_used_pct[0m    |   [0;32;40m20.899999618530273[0m  |
|    [0;34;40mhparams/lr_default_0[0m    | [0;32;40m4.898712722933851e-05[0m |
|       [0;34;40mvalidate/loss[0m        |  [0;32;40m0.22774650156497955[0m  |
|    [0;34;40mvalidate/loss_epoch[0m     |  [0;32;40m0.22774650156497955[0m  |
|     [0;34;40mvalidate/pred_loss[0m     |  [0;32;40m0.03390662744641304[0m  |
|  [0;34;40mvalidate/pred_loss_epoch[0m  |  [0;32;40m0.03390662744641304[0m  |
|    [0;34;40mvalidate/sigreg_loss[0m    |   [0;32;40m2.1532840728759766[0m  |
| [0;34;40mvalidate/sigreg_loss_epoch[0m |   [0;32;40m2.1532840728759766[0m  |
+----------------------------+-----------------------+
[Epoch 1/20] done in 1866.6s
13:42:47 | INFO  | checkpoint_~|   Checking for non PyTorch modules to save
13:42:47 | INFO  | atomic_chec~| [atomic_save] → /data1/likun-share/junjxu/.cache_stable-pretraining/runs/20260713/124209/cfa2970a536a/checkpoints/epoch=1-step=4154.ckpt
13:42:48 | INFO  | atomic_chec~| [atomic_save] ✓ epoch=1-step=4154.ckpt saved (206.8 MiB, serialise=0.36s write=0.28s rename=0.0ms)
13:42:48 | INFO  | checkpoint_~|   Checking for non PyTorch modules to save
13:42:48 | INFO  | atomic_chec~| [atomic_save] → /data1/likun-share/junjxu/.cache_stable-pretraining/runs/20260713/124209/cfa2970a536a/checkpoints/last.ckpt
13:42:49 | INFO  | atomic_chec~| [atomic_save] ✓ last.ckpt saved (206.8 MiB, serialise=0.37s write=0.33s rename=65.3ms)
[Epoch 2/20] step 50/2077 (1.2 it/s)
[Epoch 2/20] step 100/2077 (1.2 it/s)
[Epoch 2/20] step 150/2077 (1.2 it/s)
[Epoch 2/20] step 200/2077 (1.2 it/s)
[Epoch 2/20] step 250/2077 (1.3 it/s)
[Epoch 2/20] step 300/2077 (1.3 it/s)
[Epoch 2/20] step 350/2077 (1.3 it/s)
[Epoch 2/20] step 400/2077 (1.3 it/s)
[Epoch 2/20] step 450/2077 (1.3 it/s)
[Epoch 2/20] step 500/2077 (1.3 it/s)
[Epoch 2/20] step 550/2077 (1.3 it/s)
[Epoch 2/20] step 600/2077 (1.3 it/s)
[Epoch 2/20] step 650/2077 (1.3 it/s)
[Epoch 2/20] step 700/2077 (1.3 it/s)
[Epoch 2/20] step 750/2077 (1.3 it/s)
[Epoch 2/20] step 800/2077 (1.3 it/s)
[Epoch 2/20] step 850/2077 (1.3 it/s)
[Epoch 2/20] step 900/2077 (1.3 it/s)
[Epoch 2/20] step 950/2077 (1.3 it/s)
[Epoch 2/20] step 1000/2077 (1.3 it/s)
[Epoch 2/20] step 1050/2077 (1.3 it/s)
[Epoch 2/20] step 1100/2077 (1.3 it/s)
[Epoch 2/20] step 1150/2077 (1.3 it/s)
[Epoch 2/20] step 1200/2077 (1.3 it/s)
[Epoch 2/20] step 1250/2077 (1.3 it/s)
[Epoch 2/20] step 1300/2077 (1.3 it/s)
[Epoch 2/20] step 1350/2077 (1.3 it/s)
[Epoch 2/20] step 1400/2077 (1.3 it/s)
[Epoch 2/20] step 1450/2077 (1.3 it/s)
[Epoch 2/20] step 1500/2077 (1.3 it/s)
[Epoch 2/20] step 1550/2077 (1.3 it/s)
[Epoch 2/20] step 1600/2077 (1.3 it/s)
[Epoch 2/20] step 1650/2077 (1.3 it/s)
[Epoch 2/20] step 1700/2077 (1.3 it/s)
[Epoch 2/20] step 1750/2077 (1.3 it/s)
[Epoch 2/20] step 1800/2077 (1.3 it/s)
[Epoch 2/20] step 1850/2077 (1.3 it/s)
[Epoch 2/20] step 1900/2077 (1.3 it/s)
[Epoch 2/20] step 1950/2077 (1.3 it/s)
[Epoch 2/20] step 2000/2077 (1.3 it/s)
[Epoch 2/20] step 2050/2077 (1.3 it/s)
14:11:12 | INFO  | trainer_inf~| \n+----------------------------+------------------------+
|           Metric           |         Value          |
+----------------------------+------------------------+
|          [0;34;40mfit/loss[0m          |   [0;32;40m0.1396777182817459[0m   |
|       [0;34;40mfit/pred_loss[0m        |  [0;32;40m0.03616209700703621[0m   |
|      [0;34;40mfit/sigreg_loss[0m       |       [0;32;40m1.1484375[0m        |
|    [0;34;40mhardware/cpu_percent[0m    |   [0;32;40m60.599998474121094[0m   |
|  [0;34;40mhardware/disk_read_mb_s[0m   |          [0;32;40m0.0[0m           |
|  [0;34;40mhardware/disk_write_mb_s[0m  |   [0;32;40m0.645485520362854[0m    |
|   [0;34;40mhardware/net_recv_mb_s[0m   |  [0;32;40m0.005805156659334898[0m  |
|   [0;34;40mhardware/net_sent_mb_s[0m   |  [0;32;40m0.04163273051381111[0m   |
|    [0;34;40mhardware/ram_used_gb[0m    |   [0;32;40m213.0443878173828[0m    |
|   [0;34;40mhardware/ram_used_pct[0m    |   [0;32;40m21.100000381469727[0m   |
|    [0;34;40mhparams/lr_default_0[0m    | [0;32;40m4.7572881157975644e-05[0m |
|       [0;34;40mvalidate/loss[0m        |  [0;32;40m0.21998898684978485[0m   |
|    [0;34;40mvalidate/loss_epoch[0m     |  [0;32;40m0.21998898684978485[0m   |
|     [0;34;40mvalidate/pred_loss[0m     |  [0;32;40m0.03314744681119919[0m   |
|  [0;34;40mvalidate/pred_loss_epoch[0m  |  [0;32;40m0.03314744681119919[0m   |
|    [0;34;40mvalidate/sigreg_loss[0m    |   [0;32;40m2.076072931289673[0m    |
| [0;34;40mvalidate/sigreg_loss_epoch[0m |   [0;32;40m2.076072931289673[0m    |
+----------------------------+------------------------+
[Epoch 2/20] done in 1703.7s
14:11:13 | INFO  | checkpoint_~|   Checking for non PyTorch modules to save
14:11:13 | INFO  | atomic_chec~| [atomic_save] → /data1/likun-share/junjxu/.cache_stable-pretraining/runs/20260713/124209/cfa2970a536a/checkpoints/epoch=2-step=6231.ckpt
14:11:13 | INFO  | atomic_chec~| [atomic_save] ✓ epoch=2-step=6231.ckpt saved (206.8 MiB, serialise=0.34s write=0.26s rename=0.1ms)
14:11:13 | INFO  | checkpoint_~|   Checking for non PyTorch modules to save
14:11:13 | INFO  | atomic_chec~| [atomic_save] → /data1/likun-share/junjxu/.cache_stable-pretraining/runs/20260713/124209/cfa2970a536a/checkpoints/last.ckpt
14:11:14 | INFO  | atomic_chec~| [atomic_save] ✓ last.ckpt saved (206.8 MiB, serialise=0.34s write=0.24s rename=36.7ms)
[Epoch 3/20] step 50/2077 (1.1 it/s)
[Epoch 3/20] step 100/2077 (1.2 it/s)
[Epoch 3/20] step 150/2077 (1.2 it/s)
[Epoch 3/20] step 200/2077 (1.2 it/s)
[Epoch 3/20] step 250/2077 (1.3 it/s)
[Epoch 3/20] step 300/2077 (1.3 it/s)
[Epoch 3/20] step 350/2077 (1.3 it/s)
[Epoch 3/20] step 400/2077 (1.3 it/s)
[Epoch 3/20] step 450/2077 (1.3 it/s)
[Epoch 3/20] step 500/2077 (1.3 it/s)
[Epoch 3/20] step 550/2077 (1.3 it/s)
[Epoch 3/20] step 600/2077 (1.3 it/s)
[Epoch 3/20] step 650/2077 (1.3 it/s)
[Epoch 3/20] step 700/2077 (1.3 it/s)
[Epoch 3/20] step 750/2077 (1.3 it/s)
[Epoch 3/20] step 800/2077 (1.3 it/s)
[Epoch 3/20] step 850/2077 (1.3 it/s)
[Epoch 3/20] step 900/2077 (1.3 it/s)
[Epoch 3/20] step 950/2077 (1.3 it/s)
[Epoch 3/20] step 1000/2077 (1.3 it/s)
[Epoch 3/20] step 1050/2077 (1.3 it/s)
[Epoch 3/20] step 1100/2077 (1.3 it/s)
[Epoch 3/20] step 1150/2077 (1.3 it/s)
[Epoch 3/20] step 1200/2077 (1.3 it/s)
[Epoch 3/20] step 1250/2077 (1.3 it/s)
[Epoch 3/20] step 1300/2077 (1.3 it/s)
[Epoch 3/20] step 1350/2077 (1.3 it/s)
[Epoch 3/20] step 1400/2077 (1.3 it/s)
[Epoch 3/20] step 1450/2077 (1.3 it/s)
[Epoch 3/20] step 1500/2077 (1.3 it/s)
[Epoch 3/20] step 1550/2077 (1.3 it/s)
[Epoch 3/20] step 1600/2077 (1.3 it/s)
[Epoch 3/20] step 1650/2077 (1.3 it/s)
[Epoch 3/20] step 1700/2077 (1.3 it/s)
[Epoch 3/20] step 1750/2077 (1.3 it/s)
[Epoch 3/20] step 1800/2077 (1.3 it/s)
[Epoch 3/20] step 1850/2077 (1.3 it/s)
[Epoch 3/20] step 1900/2077 (1.3 it/s)
[Epoch 3/20] step 1950/2077 (1.3 it/s)
[Epoch 3/20] step 2000/2077 (1.3 it/s)
[Epoch 3/20] step 2050/2077 (1.3 it/s)
14:39:06 | INFO  | trainer_inf~| \n+----------------------------+------------------------+
|           Metric           |         Value          |
+----------------------------+------------------------+
|          [0;34;40mfit/loss[0m          |  [0;32;40m0.12124581634998322[0m   |
|       [0;34;40mfit/pred_loss[0m        |  [0;32;40m0.017730189487338066[0m  |
|      [0;34;40mfit/sigreg_loss[0m       |       [0;32;40m1.1484375[0m        |
|    [0;34;40mhardware/cpu_percent[0m    |          [0;32;40m55.5[0m          |
|  [0;34;40mhardware/disk_read_mb_s[0m   |          [0;32;40m0.0[0m           |
|  [0;34;40mhardware/disk_write_mb_s[0m  |   [0;32;40m0.5037788152694702[0m   |
|   [0;34;40mhardware/net_recv_mb_s[0m   |  [0;32;40m0.00419014785438776[0m   |
|   [0;34;40mhardware/net_sent_mb_s[0m   |   [0;32;40m0.0393262542784214[0m   |
|    [0;34;40mhardware/ram_used_gb[0m    |   [0;32;40m214.24264526367188[0m   |
|   [0;34;40mhardware/ram_used_pct[0m    |   [0;32;40m21.299999237060547[0m   |
|    [0;34;40mhparams/lr_default_0[0m    | [0;32;40m4.5591565140057355e-05[0m |
|       [0;34;40mvalidate/loss[0m        |   [0;32;40m0.2232540398836136[0m   |
|    [0;34;40mvalidate/loss_epoch[0m     |   [0;32;40m0.2232540398836136[0m   |
|     [0;34;40mvalidate/pred_loss[0m     |  [0;32;40m0.029358897358179092[0m  |
|  [0;34;40mvalidate/pred_loss_epoch[0m  |  [0;32;40m0.029358897358179092[0m  |
|    [0;34;40mvalidate/sigreg_loss[0m    |   [0;32;40m2.1542742252349854[0m   |
| [0;34;40mvalidate/sigreg_loss_epoch[0m |   [0;32;40m2.1542742252349854[0m   |
+----------------------------+------------------------+
[Epoch 3/20] done in 1672.6s
14:39:06 | INFO  | checkpoint_~|   Checking for non PyTorch modules to save
14:39:07 | INFO  | atomic_chec~| [atomic_save] → /data1/likun-share/junjxu/.cache_stable-pretraining/runs/20260713/124209/cfa2970a536a/checkpoints/epoch=3-step=8308.ckpt
14:39:07 | INFO  | atomic_chec~| [atomic_save] ✓ epoch=3-step=8308.ckpt saved (206.8 MiB, serialise=0.37s write=0.26s rename=0.1ms)
14:39:07 | INFO  | checkpoint_~|   Checking for non PyTorch modules to save
14:39:07 | INFO  | atomic_chec~| [atomic_save] → /data1/likun-share/junjxu/.cache_stable-pretraining/runs/20260713/124209/cfa2970a536a/checkpoints/last.ckpt
14:39:08 | INFO  | atomic_chec~| [atomic_save] ✓ last.ckpt saved (206.8 MiB, serialise=0.33s write=0.25s rename=35.1ms)
[Epoch 4/20] step 50/2077 (1.2 it/s)
[Epoch 4/20] step 100/2077 (1.3 it/s)
[Epoch 4/20] step 150/2077 (1.3 it/s)
[Epoch 4/20] step 200/2077 (1.3 it/s)
[Epoch 4/20] step 250/2077 (1.3 it/s)
[Epoch 4/20] step 300/2077 (1.3 it/s)
[Epoch 4/20] step 350/2077 (1.3 it/s)
[Epoch 4/20] step 400/2077 (1.3 it/s)
[Epoch 4/20] step 450/2077 (1.3 it/s)
[Epoch 4/20] step 500/2077 (1.3 it/s)
[Epoch 4/20] step 550/2077 (1.3 it/s)
[Epoch 4/20] step 600/2077 (1.4 it/s)
[Epoch 4/20] step 650/2077 (1.4 it/s)
[Epoch 4/20] step 700/2077 (1.4 it/s)
[Epoch 4/20] step 750/2077 (1.4 it/s)
[Epoch 4/20] step 800/2077 (1.4 it/s)
[Epoch 4/20] step 850/2077 (1.4 it/s)
[Epoch 4/20] step 900/2077 (1.4 it/s)
[Epoch 4/20] step 950/2077 (1.4 it/s)
[Epoch 4/20] step 1000/2077 (1.4 it/s)
[Epoch 4/20] step 1050/2077 (1.4 it/s)
[Epoch 4/20] step 1100/2077 (1.4 it/s)
[Epoch 4/20] step 1150/2077 (1.4 it/s)
[Epoch 4/20] step 1200/2077 (1.4 it/s)
[Epoch 4/20] step 1250/2077 (1.4 it/s)
[Epoch 4/20] step 1300/2077 (1.4 it/s)
[Epoch 4/20] step 1350/2077 (1.4 it/s)
[Epoch 4/20] step 1400/2077 (1.4 it/s)
[Epoch 4/20] step 1450/2077 (1.4 it/s)
[Epoch 4/20] step 1500/2077 (1.4 it/s)
[Epoch 4/20] step 1550/2077 (1.4 it/s)
[Epoch 4/20] step 1600/2077 (1.4 it/s)
[Epoch 4/20] step 1650/2077 (1.4 it/s)
[Epoch 4/20] step 1700/2077 (1.4 it/s)
[Epoch 4/20] step 1750/2077 (1.5 it/s)
[Epoch 4/20] step 1800/2077 (1.5 it/s)
[Epoch 4/20] step 1850/2077 (1.5 it/s)
[Epoch 4/20] step 1900/2077 (1.5 it/s)
[Epoch 4/20] step 1950/2077 (1.5 it/s)
[Epoch 4/20] step 2000/2077 (1.5 it/s)
[Epoch 4/20] step 2050/2077 (1.5 it/s)
15:03:58 | INFO  | trainer_inf~| \n+----------------------------+-----------------------+
|           Metric           |         Value         |
+----------------------------+-----------------------+
|          [0;34;40mfit/loss[0m          |  [0;32;40m0.13647854328155518[0m  |
|       [0;34;40mfit/pred_loss[0m        |  [0;32;40m0.032962918281555176[0m |
|      [0;34;40mfit/sigreg_loss[0m       |       [0;32;40m1.1484375[0m       |
|    [0;34;40mhardware/cpu_percent[0m    |          [0;32;40m32.0[0m         |
|  [0;34;40mhardware/disk_read_mb_s[0m   |          [0;32;40m0.0[0m          |
|  [0;34;40mhardware/disk_write_mb_s[0m  |   [0;32;40m1.512538194656372[0m   |
|   [0;34;40mhardware/net_recv_mb_s[0m   |   [0;32;40m0.1220867857336998[0m  |
|   [0;34;40mhardware/net_sent_mb_s[0m   |   [0;32;40m0.3328649401664734[0m  |
|    [0;34;40mhardware/ram_used_gb[0m    |   [0;32;40m191.30934143066406[0m  |
|   [0;34;40mhardware/ram_used_pct[0m    |          [0;32;40m19.0[0m         |
|    [0;34;40mhparams/lr_default_0[0m    | [0;32;40m4.309295036364347e-05[0m |
|       [0;34;40mvalidate/loss[0m        |  [0;32;40m0.21800851821899414[0m  |
|    [0;34;40mvalidate/loss_epoch[0m     |  [0;32;40m0.21800851821899414[0m  |
|     [0;34;40mvalidate/pred_loss[0m     |  [0;32;40m0.025060106068849564[0m |
|  [0;34;40mvalidate/pred_loss_epoch[0m  |  [0;32;40m0.025060106068849564[0m |
|    [0;34;40mvalidate/sigreg_loss[0m    |   [0;32;40m2.143726348876953[0m   |
| [0;34;40mvalidate/sigreg_loss_epoch[0m |   [0;32;40m2.143726348876953[0m   |
+----------------------------+-----------------------+
[Epoch 4/20] done in 1490.2s
15:03:58 | INFO  | checkpoint_~|   Checking for non PyTorch modules to save
15:03:58 | INFO  | atomic_chec~| [atomic_save] → /data1/likun-share/junjxu/.cache_stable-pretraining/runs/20260713/124209/cfa2970a536a/checkpoints/epoch=4-step=10385.ckpt
15:03:59 | INFO  | atomic_chec~| [atomic_save] ✓ epoch=4-step=10385.ckpt saved (206.8 MiB, serialise=0.33s write=0.26s rename=0.0ms)
15:03:59 | INFO  | checkpoint_~|   Checking for non PyTorch modules to save
15:03:59 | INFO  | atomic_chec~| [atomic_save] → /data1/likun-share/junjxu/.cache_stable-pretraining/runs/20260713/124209/cfa2970a536a/checkpoints/last.ckpt
15:03:59 | INFO  | atomic_chec~| [atomic_save] ✓ last.ckpt saved (206.8 MiB, serialise=0.33s write=0.24s rename=37.6ms)
[Epoch 5/20] step 50/2077 (1.3 it/s)
[Epoch 5/20] step 100/2077 (1.4 it/s)
[Epoch 5/20] step 150/2077 (1.5 it/s)
[Epoch 5/20] step 200/2077 (1.5 it/s)
[Epoch 5/20] step 250/2077 (1.5 it/s)
[Epoch 5/20] step 300/2077 (1.5 it/s)
[Epoch 5/20] step 350/2077 (1.5 it/s)
[Epoch 5/20] step 400/2077 (1.5 it/s)
[Epoch 5/20] step 450/2077 (1.5 it/s)
[Epoch 5/20] step 500/2077 (1.5 it/s)
[Epoch 5/20] step 550/2077 (1.5 it/s)
[Epoch 5/20] step 600/2077 (1.5 it/s)
[Epoch 5/20] step 650/2077 (1.5 it/s)
[Epoch 5/20] step 700/2077 (1.5 it/s)
[Epoch 5/20] step 750/2077 (1.5 it/s)
[Epoch 5/20] step 800/2077 (1.5 it/s)
[Epoch 5/20] step 850/2077 (1.5 it/s)
[Epoch 5/20] step 900/2077 (1.5 it/s)
[Epoch 5/20] step 950/2077 (1.5 it/s)
[Epoch 5/20] step 1000/2077 (1.5 it/s)
[Epoch 5/20] step 1050/2077 (1.5 it/s)
[Epoch 5/20] step 1100/2077 (1.5 it/s)
[Epoch 5/20] step 1150/2077 (1.5 it/s)
[Epoch 5/20] step 1200/2077 (1.5 it/s)
[Epoch 5/20] step 1250/2077 (1.5 it/s)
[Epoch 5/20] step 1300/2077 (1.5 it/s)
[Epoch 5/20] step 1350/2077 (1.5 it/s)
[Epoch 5/20] step 1400/2077 (1.5 it/s)
[Epoch 5/20] step 1450/2077 (1.5 it/s)
[Epoch 5/20] step 1500/2077 (1.5 it/s)
[Epoch 5/20] step 1550/2077 (1.5 it/s)
[Epoch 5/20] step 1600/2077 (1.5 it/s)
[Epoch 5/20] step 1650/2077 (1.5 it/s)
[Epoch 5/20] step 1700/2077 (1.5 it/s)
[Epoch 5/20] step 1750/2077 (1.5 it/s)
[Epoch 5/20] step 1800/2077 (1.5 it/s)
[Epoch 5/20] step 1850/2077 (1.5 it/s)
[Epoch 5/20] step 1900/2077 (1.5 it/s)
[Epoch 5/20] step 1950/2077 (1.5 it/s)
[Epoch 5/20] step 2000/2077 (1.5 it/s)
[Epoch 5/20] step 2050/2077 (1.5 it/s)
15:28:03 | INFO  | trainer_inf~| \n+----------------------------+------------------------+
|           Metric           |         Value          |
+----------------------------+------------------------+
|          [0;34;40mfit/loss[0m          |  [0;32;40m0.13099391758441925[0m   |
|       [0;34;40mfit/pred_loss[0m        |  [0;32;40m0.022107204422354698[0m  |
|      [0;34;40mfit/sigreg_loss[0m       |       [0;32;40m1.2109375[0m        |
|    [0;34;40mhardware/cpu_percent[0m    |   [0;32;40m33.79999923706055[0m    |
|  [0;34;40mhardware/disk_read_mb_s[0m   |          [0;32;40m0.0[0m           |
|  [0;34;40mhardware/disk_write_mb_s[0m  |   [0;32;40m1.9730545282363892[0m   |
|   [0;34;40mhardware/net_recv_mb_s[0m   |  [0;32;40m0.01474447175860405[0m   |
|   [0;34;40mhardware/net_sent_mb_s[0m   |  [0;32;40m0.049441371113061905[0m  |
|    [0;34;40mhardware/ram_used_gb[0m    |    [0;32;40m189.097412109375[0m    |
|   [0;34;40mhardware/ram_used_pct[0m    |   [0;32;40m18.799999237060547[0m   |
|    [0;34;40mhparams/lr_default_0[0m    | [0;32;40m4.0139813791029155e-05[0m |
|       [0;34;40mvalidate/loss[0m        |   [0;32;40m0.2149139791727066[0m   |
|    [0;34;40mvalidate/loss_epoch[0m     |   [0;32;40m0.2149139791727066[0m   |
|     [0;34;40mvalidate/pred_loss[0m     |  [0;32;40m0.023760125041007996[0m  |
|  [0;34;40mvalidate/pred_loss_epoch[0m  |  [0;32;40m0.023760125041007996[0m  |
|    [0;34;40mvalidate/sigreg_loss[0m    |   [0;32;40m2.123870372772217[0m    |
| [0;34;40mvalidate/sigreg_loss_epoch[0m |   [0;32;40m2.123870372772217[0m    |
+----------------------------+------------------------+
[Epoch 5/20] done in 1443.9s
15:28:03 | INFO  | checkpoint_~|   Checking for non PyTorch modules to save
15:28:03 | INFO  | atomic_chec~| [atomic_save] → /data1/likun-share/junjxu/.cache_stable-pretraining/runs/20260713/124209/cfa2970a536a/checkpoints/epoch=5-step=12462.ckpt
15:28:04 | INFO  | atomic_chec~| [atomic_save] ✓ epoch=5-step=12462.ckpt saved (206.8 MiB, serialise=0.28s write=0.21s rename=0.0ms)
15:28:04 | INFO  | checkpoint_~|   Checking for non PyTorch modules to save
15:28:04 | INFO  | atomic_chec~| [atomic_save] → /data1/likun-share/junjxu/.cache_stable-pretraining/runs/20260713/124209/cfa2970a536a/checkpoints/last.ckpt
15:28:04 | INFO  | atomic_chec~| [atomic_save] ✓ last.ckpt saved (206.8 MiB, serialise=0.28s write=0.21s rename=28.0ms)
[Epoch 6/20] step 50/2077 (1.4 it/s)
[Epoch 6/20] step 100/2077 (1.4 it/s)
[Epoch 6/20] step 150/2077 (1.4 it/s)
[Epoch 6/20] step 200/2077 (1.4 it/s)
[Epoch 6/20] step 250/2077 (1.5 it/s)
[Epoch 6/20] step 300/2077 (1.5 it/s)
[Epoch 6/20] step 350/2077 (1.5 it/s)
[Epoch 6/20] step 400/2077 (1.5 it/s)
[Epoch 6/20] step 450/2077 (1.5 it/s)
[Epoch 6/20] step 500/2077 (1.5 it/s)
[Epoch 6/20] step 550/2077 (1.5 it/s)
[Epoch 6/20] step 600/2077 (1.5 it/s)
[Epoch 6/20] step 650/2077 (1.5 it/s)
[Epoch 6/20] step 700/2077 (1.5 it/s)
[Epoch 6/20] step 750/2077 (1.5 it/s)
[Epoch 6/20] step 800/2077 (1.5 it/s)
[Epoch 6/20] step 850/2077 (1.5 it/s)
[Epoch 6/20] step 900/2077 (1.5 it/s)
[Epoch 6/20] step 950/2077 (1.5 it/s)
[Epoch 6/20] step 1000/2077 (1.5 it/s)
[Epoch 6/20] step 1050/2077 (1.5 it/s)
[Epoch 6/20] step 1100/2077 (1.5 it/s)
[Epoch 6/20] step 1150/2077 (1.5 it/s)
[Epoch 6/20] step 1200/2077 (1.5 it/s)
[Epoch 6/20] step 1250/2077 (1.5 it/s)
[Epoch 6/20] step 1300/2077 (1.5 it/s)
[Epoch 6/20] step 1350/2077 (1.5 it/s)
[Epoch 6/20] step 1400/2077 (1.5 it/s)
[Epoch 6/20] step 1450/2077 (1.5 it/s)
[Epoch 6/20] step 1500/2077 (1.5 it/s)
[Epoch 6/20] step 1550/2077 (1.5 it/s)
[Epoch 6/20] step 1600/2077 (1.5 it/s)
[Epoch 6/20] step 1650/2077 (1.5 it/s)
[Epoch 6/20] step 1700/2077 (1.5 it/s)
[Epoch 6/20] step 1750/2077 (1.5 it/s)
[Epoch 6/20] step 1800/2077 (1.5 it/s)
[Epoch 6/20] step 1850/2077 (1.5 it/s)
[Epoch 6/20] step 1900/2077 (1.5 it/s)
[Epoch 6/20] step 1950/2077 (1.5 it/s)
[Epoch 6/20] step 2000/2077 (1.5 it/s)
[Epoch 6/20] step 2050/2077 (1.5 it/s)
15:52:10 | INFO  | trainer_inf~| \n+----------------------------+-----------------------+
|           Metric           |         Value         |
+----------------------------+-----------------------+
|          [0;34;40mfit/loss[0m          |  [0;32;40m0.11441580951213837[0m  |
|       [0;34;40mfit/pred_loss[0m        |  [0;32;40m0.025060337036848068[0m |
|      [0;34;40mfit/sigreg_loss[0m       |       [0;32;40m0.9921875[0m       |
|    [0;34;40mhardware/cpu_percent[0m    |   [0;32;40m33.29999923706055[0m   |
|  [0;34;40mhardware/disk_read_mb_s[0m   | [0;32;40m0.0062484582886099815[0m |
|  [0;34;40mhardware/disk_write_mb_s[0m  |   [0;32;40m43.217464447021484[0m  |
|   [0;34;40mhardware/net_recv_mb_s[0m   |  [0;32;40m0.015969913452863693[0m |
|   [0;34;40mhardware/net_sent_mb_s[0m   |  [0;32;40m0.016991237178444862[0m |
|    [0;34;40mhardware/ram_used_gb[0m    |   [0;32;40m190.30772399902344[0m  |
|   [0;34;40mhardware/ram_used_pct[0m    |   [0;32;40m18.899999618530273[0m  |
|    [0;34;40mhparams/lr_default_0[0m    | [0;32;40m3.680633381009102e-05[0m |
|       [0;34;40mvalidate/loss[0m        |  [0;32;40m0.21478229761123657[0m  |
|    [0;34;40mvalidate/loss_epoch[0m     |  [0;32;40m0.21478229761123657[0m  |
|     [0;34;40mvalidate/pred_loss[0m     |  [0;32;40m0.02370399422943592[0m  |
|  [0;34;40mvalidate/pred_loss_epoch[0m  |  [0;32;40m0.02370399422943592[0m  |
|    [0;34;40mvalidate/sigreg_loss[0m    |   [0;32;40m2.1233415603637695[0m  |
| [0;34;40mvalidate/sigreg_loss_epoch[0m |   [0;32;40m2.1233415603637695[0m  |
+----------------------------+-----------------------+
[Epoch 6/20] done in 1446.1s
15:52:10 | INFO  | checkpoint_~|   Checking for non PyTorch modules to save
15:52:10 | INFO  | atomic_chec~| [atomic_save] → /data1/likun-share/junjxu/.cache_stable-pretraining/runs/20260713/124209/cfa2970a536a/checkpoints/epoch=6-step=14539.ckpt
15:52:11 | INFO  | atomic_chec~| [atomic_save] ✓ epoch=6-step=14539.ckpt saved (206.8 MiB, serialise=0.31s write=0.24s rename=0.1ms)
15:52:11 | INFO  | checkpoint_~|   Checking for non PyTorch modules to save
15:52:11 | INFO  | atomic_chec~| [atomic_save] → /data1/likun-share/junjxu/.cache_stable-pretraining/runs/20260713/124209/cfa2970a536a/checkpoints/last.ckpt
15:52:12 | INFO  | atomic_chec~| [atomic_save] ✓ last.ckpt saved (206.8 MiB, serialise=0.31s write=0.23s rename=30.5ms)
[Epoch 7/20] step 50/2077 (1.4 it/s)
[Epoch 7/20] step 100/2077 (1.4 it/s)
[Epoch 7/20] step 150/2077 (1.5 it/s)
[Epoch 7/20] step 200/2077 (1.5 it/s)
[Epoch 7/20] step 250/2077 (1.5 it/s)
[Epoch 7/20] step 300/2077 (1.5 it/s)
[Epoch 7/20] step 350/2077 (1.5 it/s)
[Epoch 7/20] step 400/2077 (1.5 it/s)
[Epoch 7/20] step 450/2077 (1.5 it/s)
[Epoch 7/20] step 500/2077 (1.5 it/s)
[Epoch 7/20] step 550/2077 (1.5 it/s)
[Epoch 7/20] step 600/2077 (1.5 it/s)
[Epoch 7/20] step 650/2077 (1.5 it/s)
[Epoch 7/20] step 700/2077 (1.5 it/s)
[Epoch 7/20] step 750/2077 (1.5 it/s)
[Epoch 7/20] step 800/2077 (1.5 it/s)
[Epoch 7/20] step 850/2077 (1.5 it/s)
[Epoch 7/20] step 900/2077 (1.5 it/s)
[Epoch 7/20] step 950/2077 (1.5 it/s)
[Epoch 7/20] step 1000/2077 (1.5 it/s)
[Epoch 7/20] step 1050/2077 (1.5 it/s)
[Epoch 7/20] step 1100/2077 (1.5 it/s)
[Epoch 7/20] step 1150/2077 (1.5 it/s)
[Epoch 7/20] step 1200/2077 (1.5 it/s)
[Epoch 7/20] step 1250/2077 (1.5 it/s)
[Epoch 7/20] step 1300/2077 (1.5 it/s)
[Epoch 7/20] step 1350/2077 (1.5 it/s)
[Epoch 7/20] step 1400/2077 (1.5 it/s)
[Epoch 7/20] step 1450/2077 (1.5 it/s)
[Epoch 7/20] step 1500/2077 (1.5 it/s)
[Epoch 7/20] step 1550/2077 (1.5 it/s)
[Epoch 7/20] step 1600/2077 (1.5 it/s)
[Epoch 7/20] step 1650/2077 (1.5 it/s)
[Epoch 7/20] step 1700/2077 (1.5 it/s)
[Epoch 7/20] step 1750/2077 (1.5 it/s)
[Epoch 7/20] step 1800/2077 (1.5 it/s)
[Epoch 7/20] step 1850/2077 (1.5 it/s)
[Epoch 7/20] step 1900/2077 (1.5 it/s)
[Epoch 7/20] step 1950/2077 (1.5 it/s)
[Epoch 7/20] step 2000/2077 (1.5 it/s)
[Epoch 7/20] step 2050/2077 (1.5 it/s)
16:16:24 | INFO  | trainer_inf~| \n+----------------------------+------------------------+
|           Metric           |         Value          |
+----------------------------+------------------------+
|          [0;34;40mfit/loss[0m          |  [0;32;40m0.11679563671350479[0m   |
|       [0;34;40mfit/pred_loss[0m        |  [0;32;40m0.01718626357614994[0m   |
|      [0;34;40mfit/sigreg_loss[0m       |        [0;32;40m1.109375[0m        |
|    [0;34;40mhardware/cpu_percent[0m    |          [0;32;40m33.5[0m          |
|  [0;34;40mhardware/disk_read_mb_s[0m   |          [0;32;40m0.0[0m           |
|  [0;34;40mhardware/disk_write_mb_s[0m  |   [0;32;40m3.1118946075439453[0m   |
|   [0;34;40mhardware/net_recv_mb_s[0m   |  [0;32;40m0.004200690425932407[0m  |
|   [0;34;40mhardware/net_sent_mb_s[0m   |  [0;32;40m0.03944449871778488[0m   |
|    [0;34;40mhardware/ram_used_gb[0m    |   [0;32;40m192.05738830566406[0m   |
|   [0;34;40mhardware/ram_used_pct[0m    |   [0;32;40m19.100000381469727[0m   |
|    [0;34;40mhparams/lr_default_0[0m    | [0;32;40m3.3176260330947116e-05[0m |
|       [0;34;40mvalidate/loss[0m        |  [0;32;40m0.24583406746387482[0m   |
|    [0;34;40mvalidate/loss_epoch[0m     |  [0;32;40m0.24583406746387482[0m   |
|     [0;34;40mvalidate/pred_loss[0m     |  [0;32;40m0.03734250366687775[0m   |
|  [0;34;40mvalidate/pred_loss_epoch[0m  |  [0;32;40m0.03734250366687775[0m   |
|    [0;34;40mvalidate/sigreg_loss[0m    |   [0;32;40m2.316549062728882[0m    |
| [0;34;40mvalidate/sigreg_loss_epoch[0m |   [0;32;40m2.316549062728882[0m    |
+----------------------------+------------------------+
[Epoch 7/20] done in 1452.4s
16:16:24 | INFO  | checkpoint_~|   Checking for non PyTorch modules to save
16:16:24 | INFO  | atomic_chec~| [atomic_save] → /data1/likun-share/junjxu/.cache_stable-pretraining/runs/20260713/124209/cfa2970a536a/checkpoints/epoch=7-step=16616.ckpt
16:16:25 | INFO  | atomic_chec~| [atomic_save] ✓ epoch=7-step=16616.ckpt saved (206.8 MiB, serialise=0.30s write=0.23s rename=0.0ms)
16:16:25 | INFO  | checkpoint_~|   Checking for non PyTorch modules to save
16:16:25 | INFO  | atomic_chec~| [atomic_save] → /data1/likun-share/junjxu/.cache_stable-pretraining/runs/20260713/124209/cfa2970a536a/checkpoints/last.ckpt
16:16:25 | INFO  | atomic_chec~| [atomic_save] ✓ last.ckpt saved (206.8 MiB, serialise=0.32s write=0.24s rename=30.4ms)
[Epoch 8/20] step 50/2077 (1.3 it/s)
[Epoch 8/20] step 100/2077 (1.4 it/s)
[Epoch 8/20] step 150/2077 (1.5 it/s)
[Epoch 8/20] step 200/2077 (1.5 it/s)
[Epoch 8/20] step 250/2077 (1.5 it/s)
[Epoch 8/20] step 300/2077 (1.5 it/s)
[Epoch 8/20] step 350/2077 (1.5 it/s)
[Epoch 8/20] step 400/2077 (1.5 it/s)
[Epoch 8/20] step 450/2077 (1.5 it/s)
[Epoch 8/20] step 500/2077 (1.5 it/s)
[Epoch 8/20] step 550/2077 (1.5 it/s)
[Epoch 8/20] step 600/2077 (1.5 it/s)
[Epoch 8/20] step 650/2077 (1.5 it/s)
[Epoch 8/20] step 700/2077 (1.5 it/s)
[Epoch 8/20] step 750/2077 (1.5 it/s)
[Epoch 8/20] step 800/2077 (1.5 it/s)
[Epoch 8/20] step 850/2077 (1.5 it/s)
[Epoch 8/20] step 900/2077 (1.5 it/s)
[Epoch 8/20] step 950/2077 (1.5 it/s)
[Epoch 8/20] step 1000/2077 (1.5 it/s)
[Epoch 8/20] step 1050/2077 (1.5 it/s)
[Epoch 8/20] step 1100/2077 (1.5 it/s)
[Epoch 8/20] step 1150/2077 (1.5 it/s)
[Epoch 8/20] step 1200/2077 (1.5 it/s)
[Epoch 8/20] step 1250/2077 (1.5 it/s)
[Epoch 8/20] step 1300/2077 (1.5 it/s)
[Epoch 8/20] step 1350/2077 (1.5 it/s)
[Epoch 8/20] step 1400/2077 (1.5 it/s)
[Epoch 8/20] step 1450/2077 (1.5 it/s)
[Epoch 8/20] step 1500/2077 (1.5 it/s)
[Epoch 8/20] step 1550/2077 (1.5 it/s)
[Epoch 8/20] step 1600/2077 (1.5 it/s)
[Epoch 8/20] step 1650/2077 (1.5 it/s)
[Epoch 8/20] step 1700/2077 (1.5 it/s)
[Epoch 8/20] step 1750/2077 (1.5 it/s)
[Epoch 8/20] step 1800/2077 (1.5 it/s)
[Epoch 8/20] step 1850/2077 (1.5 it/s)
[Epoch 8/20] step 1900/2077 (1.6 it/s)
[Epoch 8/20] step 1950/2077 (1.6 it/s)
[Epoch 8/20] step 2000/2077 (1.6 it/s)
[Epoch 8/20] step 2050/2077 (1.6 it/s)
16:39:48 | INFO  | trainer_inf~| \n+----------------------------+------------------------+
|           Metric           |         Value          |
+----------------------------+------------------------+
|          [0;34;40mfit/loss[0m          |  [0;32;40m0.10706400126218796[0m   |
|       [0;34;40mfit/pred_loss[0m        |  [0;32;40m0.012337440624833107[0m  |
|      [0;34;40mfit/sigreg_loss[0m       |       [0;32;40m1.0546875[0m        |
|    [0;34;40mhardware/cpu_percent[0m    |   [0;32;40m22.399999618530273[0m   |
|  [0;34;40mhardware/disk_read_mb_s[0m   |          [0;32;40m0.0[0m           |
|  [0;34;40mhardware/disk_write_mb_s[0m  |   [0;32;40m1.9789338111877441[0m   |
|   [0;34;40mhardware/net_recv_mb_s[0m   |  [0;32;40m0.007688923738896847[0m  |
|   [0;34;40mhardware/net_sent_mb_s[0m   |  [0;32;40m0.04118993505835533[0m   |
|    [0;34;40mhardware/ram_used_gb[0m    |   [0;32;40m158.80230712890625[0m   |
|   [0;34;40mhardware/ram_used_pct[0m    |   [0;32;40m15.800000190734863[0m   |
|    [0;34;40mhparams/lr_default_0[0m    | [0;32;40m2.9340786568354815e-05[0m |
|       [0;34;40mvalidate/loss[0m        |   [0;32;40m0.2291509211063385[0m   |
|    [0;34;40mvalidate/loss_epoch[0m     |   [0;32;40m0.2291509211063385[0m   |
|     [0;34;40mvalidate/pred_loss[0m     |  [0;32;40m0.027767468243837357[0m  |
|  [0;34;40mvalidate/pred_loss_epoch[0m  |  [0;32;40m0.027767468243837357[0m  |
|    [0;34;40mvalidate/sigreg_loss[0m    |   [0;32;40m2.2373452186584473[0m   |
| [0;34;40mvalidate/sigreg_loss_epoch[0m |   [0;32;40m2.2373452186584473[0m   |
+----------------------------+------------------------+
[Epoch 8/20] done in 1403.0s
16:39:48 | INFO  | checkpoint_~|   Checking for non PyTorch modules to save
16:39:48 | INFO  | atomic_chec~| [atomic_save] → /data1/likun-share/junjxu/.cache_stable-pretraining/runs/20260713/124209/cfa2970a536a/checkpoints/epoch=8-step=18693.ckpt
16:39:49 | INFO  | atomic_chec~| [atomic_save] ✓ epoch=8-step=18693.ckpt saved (206.8 MiB, serialise=0.27s write=0.21s rename=0.0ms)
16:39:49 | INFO  | checkpoint_~|   Checking for non PyTorch modules to save
16:39:49 | INFO  | atomic_chec~| [atomic_save] → /data1/likun-share/junjxu/.cache_stable-pretraining/runs/20260713/124209/cfa2970a536a/checkpoints/last.ckpt
16:39:49 | INFO  | atomic_chec~| [atomic_save] ✓ last.ckpt saved (206.8 MiB, serialise=0.27s write=0.21s rename=29.1ms)
[Epoch 9/20] step 50/2077 (1.4 it/s)
[Epoch 9/20] step 100/2077 (1.5 it/s)
[Epoch 9/20] step 150/2077 (1.5 it/s)
[Epoch 9/20] step 200/2077 (1.5 it/s)
[Epoch 9/20] step 250/2077 (1.5 it/s)
[Epoch 9/20] step 300/2077 (1.5 it/s)
[Epoch 9/20] step 350/2077 (1.5 it/s)
[Epoch 9/20] step 400/2077 (1.5 it/s)
[Epoch 9/20] step 450/2077 (1.5 it/s)
[Epoch 9/20] step 500/2077 (1.5 it/s)
[Epoch 9/20] step 550/2077 (1.5 it/s)
[Epoch 9/20] step 600/2077 (1.5 it/s)
[Epoch 9/20] step 650/2077 (1.5 it/s)
[Epoch 9/20] step 700/2077 (1.5 it/s)
[Epoch 9/20] step 750/2077 (1.5 it/s)
[Epoch 9/20] step 800/2077 (1.5 it/s)
[Epoch 9/20] step 850/2077 (1.6 it/s)
[Epoch 9/20] step 900/2077 (1.6 it/s)
[Epoch 9/20] step 950/2077 (1.6 it/s)
[Epoch 9/20] step 1000/2077 (1.5 it/s)
[Epoch 9/20] step 1050/2077 (1.5 it/s)
[Epoch 9/20] step 1100/2077 (1.5 it/s)
[Epoch 9/20] step 1150/2077 (1.5 it/s)
[Epoch 9/20] step 1200/2077 (1.5 it/s)
[Epoch 9/20] step 1250/2077 (1.5 it/s)
[Epoch 9/20] step 1300/2077 (1.5 it/s)
[Epoch 9/20] step 1350/2077 (1.5 it/s)
[Epoch 9/20] step 1400/2077 (1.5 it/s)
[Epoch 9/20] step 1450/2077 (1.5 it/s)
[Epoch 9/20] step 1500/2077 (1.5 it/s)
[Epoch 9/20] step 1550/2077 (1.5 it/s)
[Epoch 9/20] step 1600/2077 (1.5 it/s)
[Epoch 9/20] step 1650/2077 (1.5 it/s)
[Epoch 9/20] step 1700/2077 (1.5 it/s)
[Epoch 9/20] step 1750/2077 (1.5 it/s)
[Epoch 9/20] step 1800/2077 (1.5 it/s)
[Epoch 9/20] step 1850/2077 (1.5 it/s)
[Epoch 9/20] step 1900/2077 (1.5 it/s)
[Epoch 9/20] step 1950/2077 (1.6 it/s)
[Epoch 9/20] step 2000/2077 (1.6 it/s)
[Epoch 9/20] step 2050/2077 (1.6 it/s)
17:03:14 | INFO  | trainer_inf~| \n+----------------------------+------------------------+
|           Metric           |         Value          |
+----------------------------+------------------------+
|          [0;34;40mfit/loss[0m          |   [0;32;40m0.1004704162478447[0m   |
|       [0;34;40mfit/pred_loss[0m        |  [0;32;40m0.01111495029181242[0m   |
|      [0;34;40mfit/sigreg_loss[0m       |       [0;32;40m0.9921875[0m        |
|    [0;34;40mhardware/cpu_percent[0m    |          [0;32;40m21.0[0m          |
|  [0;34;40mhardware/disk_read_mb_s[0m   |          [0;32;40m0.0[0m           |
|  [0;34;40mhardware/disk_write_mb_s[0m  |   [0;32;40m1.5222411155700684[0m   |
|   [0;34;40mhardware/net_recv_mb_s[0m   | [0;32;40m0.0038767734076827765[0m  |
|   [0;34;40mhardware/net_sent_mb_s[0m   |  [0;32;40m0.04048044607043266[0m   |
|    [0;34;40mhardware/ram_used_gb[0m    |   [0;32;40m161.37051391601562[0m   |
|   [0;34;40mhardware/ram_used_pct[0m    |          [0;32;40m16.0[0m          |
|    [0;34;40mhparams/lr_default_0[0m    | [0;32;40m2.5396262572030537e-05[0m |
|       [0;34;40mvalidate/loss[0m        |  [0;32;40m0.22053566575050354[0m   |
|    [0;34;40mvalidate/loss_epoch[0m     |  [0;32;40m0.22053566575050354[0m   |
|     [0;34;40mvalidate/pred_loss[0m     |  [0;32;40m0.020844154059886932[0m  |
|  [0;34;40mvalidate/pred_loss_epoch[0m  |  [0;32;40m0.020844154059886932[0m  |
|    [0;34;40mvalidate/sigreg_loss[0m    |   [0;32;40m2.218754291534424[0m    |
| [0;34;40mvalidate/sigreg_loss_epoch[0m |   [0;32;40m2.218754291534424[0m    |
+----------------------------+------------------------+
[Epoch 9/20] done in 1404.8s
17:03:14 | INFO  | checkpoint_~|   Checking for non PyTorch modules to save
17:03:14 | INFO  | atomic_chec~| [atomic_save] → /data1/likun-share/junjxu/.cache_stable-pretraining/runs/20260713/124209/cfa2970a536a/checkpoints/epoch=9-step=20770.ckpt
17:03:14 | INFO  | atomic_chec~| [atomic_save] ✓ epoch=9-step=20770.ckpt saved (206.8 MiB, serialise=0.27s write=0.19s rename=0.0ms)
17:03:15 | INFO  | checkpoint_~|   Checking for non PyTorch modules to save
17:03:15 | INFO  | atomic_chec~| [atomic_save] → /data1/likun-share/junjxu/.cache_stable-pretraining/runs/20260713/124209/cfa2970a536a/checkpoints/last.ckpt
17:03:15 | INFO  | atomic_chec~| [atomic_save] ✓ last.ckpt saved (206.8 MiB, serialise=0.27s write=0.22s rename=28.8ms)
[Epoch 10/20] step 50/2077 (1.4 it/s)
[Epoch 10/20] step 100/2077 (1.5 it/s)
[Epoch 10/20] step 150/2077 (1.5 it/s)
[Epoch 10/20] step 200/2077 (1.5 it/s)
[Epoch 10/20] step 250/2077 (1.5 it/s)
[Epoch 10/20] step 300/2077 (1.5 it/s)
[Epoch 10/20] step 350/2077 (1.5 it/s)
[Epoch 10/20] step 400/2077 (1.5 it/s)
[Epoch 10/20] step 450/2077 (1.5 it/s)
[Epoch 10/20] step 500/2077 (1.5 it/s)
[Epoch 10/20] step 550/2077 (1.5 it/s)
[Epoch 10/20] step 600/2077 (1.5 it/s)
[Epoch 10/20] step 650/2077 (1.5 it/s)
[Epoch 10/20] step 700/2077 (1.5 it/s)
[Epoch 10/20] step 750/2077 (1.5 it/s)
[Epoch 10/20] step 800/2077 (1.5 it/s)
[Epoch 10/20] step 850/2077 (1.6 it/s)
[Epoch 10/20] step 900/2077 (1.6 it/s)
[Epoch 10/20] step 950/2077 (1.6 it/s)
[Epoch 10/20] step 1000/2077 (1.6 it/s)
[Epoch 10/20] step 1050/2077 (1.7 it/s)
[Epoch 10/20] step 1100/2077 (1.7 it/s)
[Epoch 10/20] step 1150/2077 (1.7 it/s)
[Epoch 10/20] step 1200/2077 (1.7 it/s)
[Epoch 10/20] step 1250/2077 (1.7 it/s)
[Epoch 10/20] step 1300/2077 (1.7 it/s)
[Epoch 10/20] step 1350/2077 (1.8 it/s)
[Epoch 10/20] step 1400/2077 (1.8 it/s)
[Epoch 10/20] step 1450/2077 (1.8 it/s)
[Epoch 10/20] step 1500/2077 (1.8 it/s)
[Epoch 10/20] step 1550/2077 (1.8 it/s)
[Epoch 10/20] step 1600/2077 (1.8 it/s)
[Epoch 10/20] step 1650/2077 (1.8 it/s)
[Epoch 10/20] step 1700/2077 (1.8 it/s)
[Epoch 10/20] step 1750/2077 (1.8 it/s)
[Epoch 10/20] step 1800/2077 (1.9 it/s)
[Epoch 10/20] step 1850/2077 (1.9 it/s)
[Epoch 10/20] step 1900/2077 (1.9 it/s)
[Epoch 10/20] step 1950/2077 (1.9 it/s)
[Epoch 10/20] step 2000/2077 (1.9 it/s)
[Epoch 10/20] step 2050/2077 (1.9 it/s)
17:22:32 | INFO  | trainer_inf~| \n+----------------------------+------------------------+
|           Metric           |         Value          |
+----------------------------+------------------------+
|          [0;34;40mfit/loss[0m          |  [0;32;40m0.10983812063932419[0m   |
|       [0;34;40mfit/pred_loss[0m        |  [0;32;40m0.015599836595356464[0m  |
|      [0;34;40mfit/sigreg_loss[0m       |        [0;32;40m1.046875[0m        |
|    [0;34;40mhardware/cpu_percent[0m    |          [0;32;40m13.5[0m          |
|  [0;34;40mhardware/disk_read_mb_s[0m   |          [0;32;40m0.0[0m           |
|  [0;34;40mhardware/disk_write_mb_s[0m  |   [0;32;40m2.174635648727417[0m    |
|   [0;34;40mhardware/net_recv_mb_s[0m   |  [0;32;40m0.002266504103317857[0m  |
|   [0;34;40mhardware/net_sent_mb_s[0m   |  [0;32;40m0.002025837078690529[0m  |
|    [0;34;40mhardware/ram_used_gb[0m    |    [0;32;40m111.613037109375[0m    |
|   [0;34;40mhardware/ram_used_pct[0m    |   [0;32;40m11.100000381469727[0m   |
|    [0;34;40mhparams/lr_default_0[0m    | [0;32;40m2.1441785065690055e-05[0m |
|       [0;34;40mvalidate/loss[0m        |  [0;32;40m0.23667901754379272[0m   |
|    [0;34;40mvalidate/loss_epoch[0m     |  [0;32;40m0.23667901754379272[0m   |
|     [0;34;40mvalidate/pred_loss[0m     |  [0;32;40m0.027664974331855774[0m  |
|  [0;34;40mvalidate/pred_loss_epoch[0m  |  [0;32;40m0.027664974331855774[0m  |
|    [0;34;40mvalidate/sigreg_loss[0m    |   [0;32;40m2.3221423625946045[0m   |
| [0;34;40mvalidate/sigreg_loss_epoch[0m |   [0;32;40m2.3221423625946045[0m   |
+----------------------------+------------------------+
[Epoch 10/20] done in 1156.8s
17:22:32 | INFO  | checkpoint_~|   Checking for non PyTorch modules to save
17:22:32 | INFO  | atomic_chec~| [atomic_save] → /data1/likun-share/junjxu/.cache_stable-pretraining/runs/20260713/124209/cfa2970a536a/checkpoints/epoch=10-step=22847.ckpt
17:22:32 | INFO  | atomic_chec~| [atomic_save] ✓ epoch=10-step=22847.ckpt saved (206.8 MiB, serialise=0.26s write=0.18s rename=0.0ms)
17:22:32 | INFO  | checkpoint_~|   Checking for non PyTorch modules to save
17:22:32 | INFO  | atomic_chec~| [atomic_save] → /data1/likun-share/junjxu/.cache_stable-pretraining/runs/20260713/124209/cfa2970a536a/checkpoints/last.ckpt
17:22:33 | INFO  | atomic_chec~| [atomic_save] ✓ last.ckpt saved (206.8 MiB, serialise=0.26s write=0.18s rename=25.6ms)
[Epoch 11/20] step 50/2077 (2.0 it/s)
[Epoch 11/20] step 100/2077 (2.1 it/s)
[Epoch 11/20] step 150/2077 (2.1 it/s)
[Epoch 11/20] step 200/2077 (2.2 it/s)
[Epoch 11/20] step 250/2077 (2.2 it/s)
[Epoch 11/20] step 300/2077 (2.2 it/s)
[Epoch 11/20] step 350/2077 (2.2 it/s)
[Epoch 11/20] step 400/2077 (2.2 it/s)
[Epoch 11/20] step 450/2077 (2.2 it/s)
[Epoch 11/20] step 500/2077 (2.2 it/s)
[Epoch 11/20] step 550/2077 (2.2 it/s)
[Epoch 11/20] step 600/2077 (2.2 it/s)
[Epoch 11/20] step 650/2077 (2.2 it/s)
[Epoch 11/20] step 700/2077 (2.2 it/s)
[Epoch 11/20] step 750/2077 (2.2 it/s)
[Epoch 11/20] step 800/2077 (2.2 it/s)
[Epoch 11/20] step 850/2077 (2.2 it/s)
[Epoch 11/20] step 900/2077 (2.2 it/s)
[Epoch 11/20] step 950/2077 (2.2 it/s)
[Epoch 11/20] step 1000/2077 (2.2 it/s)
[Epoch 11/20] step 1050/2077 (2.2 it/s)
[Epoch 11/20] step 1100/2077 (2.2 it/s)
[Epoch 11/20] step 1150/2077 (2.2 it/s)
[Epoch 11/20] step 1200/2077 (2.2 it/s)
[Epoch 11/20] step 1250/2077 (2.2 it/s)
[Epoch 11/20] step 1300/2077 (2.2 it/s)
[Epoch 11/20] step 1350/2077 (2.2 it/s)
[Epoch 11/20] step 1400/2077 (2.2 it/s)
[Epoch 11/20] step 1450/2077 (2.2 it/s)
[Epoch 11/20] step 1500/2077 (2.2 it/s)
[Epoch 11/20] step 1550/2077 (2.2 it/s)
[Epoch 11/20] step 1600/2077 (2.2 it/s)
[Epoch 11/20] step 1650/2077 (2.2 it/s)
[Epoch 11/20] step 1700/2077 (2.2 it/s)
[Epoch 11/20] step 1750/2077 (2.2 it/s)
[Epoch 11/20] step 1800/2077 (2.2 it/s)
[Epoch 11/20] step 1850/2077 (2.2 it/s)
[Epoch 11/20] step 1900/2077 (2.2 it/s)
[Epoch 11/20] step 1950/2077 (2.2 it/s)
[Epoch 11/20] step 2000/2077 (2.2 it/s)
[Epoch 11/20] step 2050/2077 (2.2 it/s)
17:39:15 | INFO  | trainer_inf~| \n+----------------------------+------------------------+
|           Metric           |         Value          |
+----------------------------+------------------------+
|          [0;34;40mfit/loss[0m          |  [0;32;40m0.10976994037628174[0m   |
|       [0;34;40mfit/pred_loss[0m        |  [0;32;40m0.008695721626281738[0m  |
|      [0;34;40mfit/sigreg_loss[0m       |         [0;32;40m1.125[0m          |
|    [0;34;40mhardware/cpu_percent[0m    |   [0;32;40m14.300000190734863[0m   |
|  [0;34;40mhardware/disk_read_mb_s[0m   |          [0;32;40m0.0[0m           |
|  [0;34;40mhardware/disk_write_mb_s[0m  |   [0;32;40m1.9664548635482788[0m   |
|   [0;34;40mhardware/net_recv_mb_s[0m   | [0;32;40m0.0034445493947714567[0m  |
|   [0;34;40mhardware/net_sent_mb_s[0m   |  [0;32;40m0.03953846916556358[0m   |
|    [0;34;40mhardware/ram_used_gb[0m    |   [0;32;40m113.42906951904297[0m   |
|   [0;34;40mhardware/ram_used_pct[0m    |   [0;32;40m11.300000190734863[0m   |
|    [0;34;40mhparams/lr_default_0[0m    | [0;32;40m1.7576696336618625e-05[0m |
|       [0;34;40mvalidate/loss[0m        |   [0;32;40m0.2291976809501648[0m   |
|    [0;34;40mvalidate/loss_epoch[0m     |   [0;32;40m0.2291976809501648[0m   |
|     [0;34;40mvalidate/pred_loss[0m     |  [0;32;40m0.01782923750579357[0m   |
|  [0;34;40mvalidate/pred_loss_epoch[0m  |  [0;32;40m0.01782923750579357[0m   |
|    [0;34;40mvalidate/sigreg_loss[0m    |   [0;32;40m2.3481671810150146[0m   |
| [0;34;40mvalidate/sigreg_loss_epoch[0m |   [0;32;40m2.3481671810150146[0m   |
+----------------------------+------------------------+
[Epoch 11/20] done in 1002.4s
17:39:15 | INFO  | checkpoint_~|   Checking for non PyTorch modules to save
17:39:15 | INFO  | atomic_chec~| [atomic_save] → /data1/likun-share/junjxu/.cache_stable-pretraining/runs/20260713/124209/cfa2970a536a/checkpoints/epoch=11-step=24924.ckpt
17:39:16 | INFO  | atomic_chec~| [atomic_save] ✓ epoch=11-step=24924.ckpt saved (206.8 MiB, serialise=0.26s write=0.20s rename=0.0ms)
17:39:16 | INFO  | checkpoint_~|   Checking for non PyTorch modules to save
17:39:16 | INFO  | atomic_chec~| [atomic_save] → /data1/likun-share/junjxu/.cache_stable-pretraining/runs/20260713/124209/cfa2970a536a/checkpoints/last.ckpt
17:39:16 | INFO  | atomic_chec~| [atomic_save] ✓ last.ckpt saved (206.8 MiB, serialise=0.26s write=0.21s rename=26.2ms)
[Epoch 12/20] step 50/2077 (2.0 it/s)
[Epoch 12/20] step 100/2077 (2.1 it/s)
[Epoch 12/20] step 150/2077 (2.1 it/s)
[Epoch 12/20] step 200/2077 (2.1 it/s)
[Epoch 12/20] step 250/2077 (2.2 it/s)
[Epoch 12/20] step 300/2077 (2.2 it/s)
[Epoch 12/20] step 350/2077 (2.2 it/s)
[Epoch 12/20] step 400/2077 (2.2 it/s)
[Epoch 12/20] step 450/2077 (2.2 it/s)
[Epoch 12/20] step 500/2077 (2.2 it/s)
[Epoch 12/20] step 550/2077 (2.2 it/s)
[Epoch 12/20] step 600/2077 (2.2 it/s)
[Epoch 12/20] step 650/2077 (2.2 it/s)
[Epoch 12/20] step 700/2077 (2.2 it/s)
[Epoch 12/20] step 750/2077 (2.2 it/s)
[Epoch 12/20] step 800/2077 (2.2 it/s)
[Epoch 12/20] step 850/2077 (2.2 it/s)
[Epoch 12/20] step 900/2077 (2.2 it/s)
[Epoch 12/20] step 950/2077 (2.2 it/s)
[Epoch 12/20] step 1000/2077 (2.2 it/s)
[Epoch 12/20] step 1050/2077 (2.2 it/s)
[Epoch 12/20] step 1100/2077 (2.2 it/s)
[Epoch 12/20] step 1150/2077 (2.2 it/s)
[Epoch 12/20] step 1200/2077 (2.2 it/s)
[Epoch 12/20] step 1250/2077 (2.2 it/s)
[Epoch 12/20] step 1300/2077 (2.2 it/s)
[Epoch 12/20] step 1350/2077 (2.2 it/s)
[Epoch 12/20] step 1400/2077 (2.2 it/s)
[Epoch 12/20] step 1450/2077 (2.2 it/s)
[Epoch 12/20] step 1500/2077 (2.2 it/s)
[Epoch 12/20] step 1550/2077 (2.2 it/s)
[Epoch 12/20] step 1600/2077 (2.2 it/s)
[Epoch 12/20] step 1650/2077 (2.2 it/s)
[Epoch 12/20] step 1700/2077 (2.2 it/s)
[Epoch 12/20] step 1750/2077 (2.2 it/s)
[Epoch 12/20] step 1800/2077 (2.2 it/s)
[Epoch 12/20] step 1850/2077 (2.2 it/s)
[Epoch 12/20] step 1900/2077 (2.2 it/s)
[Epoch 12/20] step 1950/2077 (2.2 it/s)
[Epoch 12/20] step 2000/2077 (2.2 it/s)
[Epoch 12/20] step 2050/2077 (2.2 it/s)
17:56:09 | INFO  | trainer_inf~| \n+----------------------------+-----------------------+
|           Metric           |         Value         |
+----------------------------+-----------------------+
|          [0;34;40mfit/loss[0m          |  [0;32;40m0.09850450605154037[0m  |
|       [0;34;40mfit/pred_loss[0m        |  [0;32;40m0.007195915561169386[0m |
|      [0;34;40mfit/sigreg_loss[0m       |        [0;32;40m1.015625[0m       |
|    [0;34;40mhardware/cpu_percent[0m    |   [0;32;40m14.399999618530273[0m  |
|  [0;34;40mhardware/disk_read_mb_s[0m   |          [0;32;40m0.0[0m          |
|  [0;34;40mhardware/disk_write_mb_s[0m  |   [0;32;40m1.867971420288086[0m   |
|   [0;34;40mhardware/net_recv_mb_s[0m   |  [0;32;40m0.004037113860249519[0m |
|   [0;34;40mhardware/net_sent_mb_s[0m   | [0;32;40m0.0026871822774410248[0m |
|    [0;34;40mhardware/ram_used_gb[0m    |   [0;32;40m113.00808715820312[0m  |
|   [0;34;40mhardware/ram_used_pct[0m    |   [0;32;40m11.199999809265137[0m  |
|    [0;34;40mhparams/lr_default_0[0m    | [0;32;40m1.389809312968282e-05[0m |
|       [0;34;40mvalidate/loss[0m        |  [0;32;40m0.22141097486019135[0m  |
|    [0;34;40mvalidate/loss_epoch[0m     |  [0;32;40m0.22141097486019135[0m  |
|     [0;34;40mvalidate/pred_loss[0m     |  [0;32;40m0.014557906426489353[0m |
|  [0;34;40mvalidate/pred_loss_epoch[0m  |  [0;32;40m0.014557906426489353[0m |
|    [0;34;40mvalidate/sigreg_loss[0m    |   [0;32;40m2.2983176708221436[0m  |
| [0;34;40mvalidate/sigreg_loss_epoch[0m |   [0;32;40m2.2983176708221436[0m  |
+----------------------------+-----------------------+
[Epoch 12/20] done in 1012.7s
17:56:09 | INFO  | checkpoint_~|   Checking for non PyTorch modules to save
17:56:09 | INFO  | atomic_chec~| [atomic_save] → /data1/likun-share/junjxu/.cache_stable-pretraining/runs/20260713/124209/cfa2970a536a/checkpoints/epoch=12-step=27001.ckpt
17:56:09 | INFO  | atomic_chec~| [atomic_save] ✓ epoch=12-step=27001.ckpt saved (206.8 MiB, serialise=0.26s write=0.20s rename=0.0ms)
17:56:09 | INFO  | checkpoint_~|   Checking for non PyTorch modules to save
17:56:09 | INFO  | atomic_chec~| [atomic_save] → /data1/likun-share/junjxu/.cache_stable-pretraining/runs/20260713/124209/cfa2970a536a/checkpoints/last.ckpt
17:56:10 | INFO  | atomic_chec~| [atomic_save] ✓ last.ckpt saved (206.8 MiB, serialise=0.26s write=0.20s rename=25.5ms)
[Epoch 13/20] step 50/2077 (2.0 it/s)
[Epoch 13/20] step 100/2077 (2.1 it/s)
[Epoch 13/20] step 150/2077 (2.1 it/s)
[Epoch 13/20] step 200/2077 (2.1 it/s)
[Epoch 13/20] step 250/2077 (2.2 it/s)
[Epoch 13/20] step 300/2077 (2.2 it/s)
[Epoch 13/20] step 350/2077 (2.2 it/s)
[Epoch 13/20] step 400/2077 (2.2 it/s)
[Epoch 13/20] step 450/2077 (2.2 it/s)
[Epoch 13/20] step 500/2077 (2.2 it/s)
[Epoch 13/20] step 550/2077 (2.2 it/s)
[Epoch 13/20] step 600/2077 (2.2 it/s)
[Epoch 13/20] step 650/2077 (2.2 it/s)
[Epoch 13/20] step 700/2077 (2.2 it/s)
[Epoch 13/20] step 750/2077 (2.2 it/s)
[Epoch 13/20] step 800/2077 (2.2 it/s)
[Epoch 13/20] step 850/2077 (2.2 it/s)
[Epoch 13/20] step 900/2077 (2.2 it/s)
[Epoch 13/20] step 950/2077 (2.2 it/s)
[Epoch 13/20] step 1000/2077 (2.2 it/s)
[Epoch 13/20] step 1050/2077 (2.2 it/s)
[Epoch 13/20] step 1100/2077 (2.2 it/s)
[Epoch 13/20] step 1150/2077 (2.2 it/s)
[Epoch 13/20] step 1200/2077 (2.2 it/s)
[Epoch 13/20] step 1250/2077 (2.2 it/s)
[Epoch 13/20] step 1300/2077 (2.2 it/s)
[Epoch 13/20] step 1350/2077 (2.2 it/s)
[Epoch 13/20] step 1400/2077 (2.2 it/s)
[Epoch 13/20] step 1450/2077 (2.2 it/s)
[Epoch 13/20] step 1500/2077 (2.2 it/s)
[Epoch 13/20] step 1550/2077 (2.2 it/s)
[Epoch 13/20] step 1600/2077 (2.2 it/s)
[Epoch 13/20] step 1650/2077 (2.2 it/s)
[Epoch 13/20] step 1700/2077 (2.2 it/s)
[Epoch 13/20] step 1750/2077 (2.2 it/s)
[Epoch 13/20] step 1800/2077 (2.2 it/s)
[Epoch 13/20] step 1850/2077 (2.2 it/s)
[Epoch 13/20] step 1900/2077 (2.2 it/s)
[Epoch 13/20] step 1950/2077 (2.2 it/s)
[Epoch 13/20] step 2000/2077 (2.2 it/s)
[Epoch 13/20] step 2050/2077 (2.2 it/s)
18:13:03 | INFO  | trainer_inf~| \n+----------------------------+------------------------+
|           Metric           |         Value          |
+----------------------------+------------------------+
|          [0;34;40mfit/loss[0m          |  [0;32;40m0.10382001101970673[0m   |
|       [0;34;40mfit/pred_loss[0m        |  [0;32;40m0.009093450382351875[0m  |
|      [0;34;40mfit/sigreg_loss[0m       |       [0;32;40m1.0546875[0m        |
|    [0;34;40mhardware/cpu_percent[0m    |   [0;32;40m15.100000381469727[0m   |
|  [0;34;40mhardware/disk_read_mb_s[0m   |          [0;32;40m0.0[0m           |
|  [0;34;40mhardware/disk_write_mb_s[0m  |   [0;32;40m2.215994358062744[0m    |
|   [0;34;40mhardware/net_recv_mb_s[0m   | [0;32;40m0.0027899325359612703[0m  |
|   [0;34;40mhardware/net_sent_mb_s[0m   | [0;32;40m0.0028269283939152956[0m  |
|    [0;34;40mhardware/ram_used_gb[0m    |   [0;32;40m108.22959899902344[0m   |
|   [0;34;40mhardware/ram_used_pct[0m    |   [0;32;40m10.699999809265137[0m   |
|    [0;34;40mhparams/lr_default_0[0m    | [0;32;40m1.0498388292035088e-05[0m |
|       [0;34;40mvalidate/loss[0m        |  [0;32;40m0.23177315294742584[0m   |
|    [0;34;40mvalidate/loss_epoch[0m     |  [0;32;40m0.23177315294742584[0m   |
|     [0;34;40mvalidate/pred_loss[0m     |  [0;32;40m0.02133806049823761[0m   |
|  [0;34;40mvalidate/pred_loss_epoch[0m  |  [0;32;40m0.02133806049823761[0m   |
|    [0;34;40mvalidate/sigreg_loss[0m    |   [0;32;40m2.3380043506622314[0m   |
| [0;34;40mvalidate/sigreg_loss_epoch[0m |   [0;32;40m2.3380043506622314[0m   |
+----------------------------+------------------------+
[Epoch 13/20] done in 1012.6s
18:13:03 | INFO  | checkpoint_~|   Checking for non PyTorch modules to save
18:13:03 | INFO  | atomic_chec~| [atomic_save] → /data1/likun-share/junjxu/.cache_stable-pretraining/runs/20260713/124209/cfa2970a536a/checkpoints/epoch=13-step=29078.ckpt
18:13:03 | INFO  | atomic_chec~| [atomic_save] ✓ epoch=13-step=29078.ckpt saved (206.8 MiB, serialise=0.26s write=0.20s rename=0.0ms)
18:13:03 | INFO  | checkpoint_~|   Checking for non PyTorch modules to save
18:13:03 | INFO  | atomic_chec~| [atomic_save] → /data1/likun-share/junjxu/.cache_stable-pretraining/runs/20260713/124209/cfa2970a536a/checkpoints/last.ckpt
18:13:04 | INFO  | atomic_chec~| [atomic_save] ✓ last.ckpt saved (206.8 MiB, serialise=0.26s write=0.19s rename=24.9ms)
[Epoch 14/20] step 50/2077 (2.0 it/s)
[Epoch 14/20] step 100/2077 (2.1 it/s)
[Epoch 14/20] step 150/2077 (2.1 it/s)
[Epoch 14/20] step 200/2077 (2.1 it/s)
[Epoch 14/20] step 250/2077 (2.1 it/s)
[Epoch 14/20] step 300/2077 (2.2 it/s)
[Epoch 14/20] step 350/2077 (2.2 it/s)
[Epoch 14/20] step 400/2077 (2.2 it/s)
[Epoch 14/20] step 450/2077 (2.2 it/s)
[Epoch 14/20] step 500/2077 (2.2 it/s)
[Epoch 14/20] step 550/2077 (2.2 it/s)
[Epoch 14/20] step 600/2077 (2.2 it/s)
[Epoch 14/20] step 650/2077 (2.2 it/s)
[Epoch 14/20] step 700/2077 (2.2 it/s)
[Epoch 14/20] step 750/2077 (2.2 it/s)
[Epoch 14/20] step 800/2077 (2.2 it/s)
[Epoch 14/20] step 850/2077 (2.2 it/s)
[Epoch 14/20] step 900/2077 (2.2 it/s)
[Epoch 14/20] step 950/2077 (2.2 it/s)
[Epoch 14/20] step 1000/2077 (2.2 it/s)
[Epoch 14/20] step 1050/2077 (2.2 it/s)
[Epoch 14/20] step 1100/2077 (2.2 it/s)
[Epoch 14/20] step 1150/2077 (2.2 it/s)
[Epoch 14/20] step 1200/2077 (2.2 it/s)
[Epoch 14/20] step 1250/2077 (2.2 it/s)
[Epoch 14/20] step 1300/2077 (2.2 it/s)
[Epoch 14/20] step 1350/2077 (2.2 it/s)
[Epoch 14/20] step 1400/2077 (2.2 it/s)
[Epoch 14/20] step 1450/2077 (2.2 it/s)
[Epoch 14/20] step 1500/2077 (2.2 it/s)
[Epoch 14/20] step 1550/2077 (2.2 it/s)
[Epoch 14/20] step 1600/2077 (2.2 it/s)
[Epoch 14/20] step 1650/2077 (2.2 it/s)
[Epoch 14/20] step 1700/2077 (2.2 it/s)
[Epoch 14/20] step 1750/2077 (2.2 it/s)
[Epoch 14/20] step 1800/2077 (2.2 it/s)
[Epoch 14/20] step 1850/2077 (2.2 it/s)
[Epoch 14/20] step 1900/2077 (2.2 it/s)
[Epoch 14/20] step 1950/2077 (2.2 it/s)
[Epoch 14/20] step 2000/2077 (2.2 it/s)
[Epoch 14/20] step 2050/2077 (2.2 it/s)
18:29:56 | INFO  | trainer_inf~| \n+----------------------------+-----------------------+
|           Metric           |         Value         |
+----------------------------+-----------------------+
|          [0;34;40mfit/loss[0m          |  [0;32;40m0.09919361770153046[0m  |
|       [0;34;40mfit/pred_loss[0m        |  [0;32;40m0.011302996426820755[0m |
|      [0;34;40mfit/sigreg_loss[0m       |       [0;32;40m0.9765625[0m       |
|    [0;34;40mhardware/cpu_percent[0m    |   [0;32;40m16.399999618530273[0m  |
|  [0;34;40mhardware/disk_read_mb_s[0m   |          [0;32;40m0.0[0m          |
|  [0;34;40mhardware/disk_write_mb_s[0m  |   [0;32;40m2.4108846187591553[0m  |
|   [0;34;40mhardware/net_recv_mb_s[0m   |  [0;32;40m0.001404313137754798[0m |
|   [0;34;40mhardware/net_sent_mb_s[0m   |  [0;32;40m0.03696219250559807[0m  |
|    [0;34;40mhardware/ram_used_gb[0m    |   [0;32;40m108.15023040771484[0m  |
|   [0;34;40mhardware/ram_used_pct[0m    |   [0;32;40m10.699999809265137[0m  |
|    [0;34;40mhparams/lr_default_0[0m    | [0;32;40m7.462990197382169e-06[0m |
|       [0;34;40mvalidate/loss[0m        |  [0;32;40m0.22996433079242706[0m  |
|    [0;34;40mvalidate/loss_epoch[0m     |  [0;32;40m0.22996433079242706[0m  |
|     [0;34;40mvalidate/pred_loss[0m     |  [0;32;40m0.018296467140316963[0m |
|  [0;34;40mvalidate/pred_loss_epoch[0m  |  [0;32;40m0.018296467140316963[0m |
|    [0;34;40mvalidate/sigreg_loss[0m    |   [0;32;40m2.351522207260132[0m   |
| [0;34;40mvalidate/sigreg_loss_epoch[0m |   [0;32;40m2.351522207260132[0m   |
+----------------------------+-----------------------+
[Epoch 14/20] done in 1012.2s
18:29:56 | INFO  | checkpoint_~|   Checking for non PyTorch modules to save
18:29:56 | INFO  | atomic_chec~| [atomic_save] → /data1/likun-share/junjxu/.cache_stable-pretraining/runs/20260713/124209/cfa2970a536a/checkpoints/epoch=14-step=31155.ckpt
18:29:56 | INFO  | atomic_chec~| [atomic_save] ✓ epoch=14-step=31155.ckpt saved (206.8 MiB, serialise=0.26s write=0.18s rename=0.0ms)
18:29:56 | INFO  | checkpoint_~|   Checking for non PyTorch modules to save
18:29:56 | INFO  | atomic_chec~| [atomic_save] → /data1/likun-share/junjxu/.cache_stable-pretraining/runs/20260713/124209/cfa2970a536a/checkpoints/last.ckpt
18:29:57 | INFO  | atomic_chec~| [atomic_save] ✓ last.ckpt saved (206.8 MiB, serialise=0.26s write=0.18s rename=25.6ms)
[Epoch 15/20] step 50/2077 (2.0 it/s)
[Epoch 15/20] step 100/2077 (2.1 it/s)
[Epoch 15/20] step 150/2077 (2.1 it/s)
[Epoch 15/20] step 200/2077 (2.1 it/s)
[Epoch 15/20] step 250/2077 (2.2 it/s)
[Epoch 15/20] step 300/2077 (2.2 it/s)
[Epoch 15/20] step 350/2077 (2.2 it/s)
[Epoch 15/20] step 400/2077 (2.2 it/s)
[Epoch 15/20] step 450/2077 (2.2 it/s)
[Epoch 15/20] step 500/2077 (2.2 it/s)
[Epoch 15/20] step 550/2077 (2.2 it/s)
[Epoch 15/20] step 600/2077 (2.2 it/s)
[Epoch 15/20] step 650/2077 (2.2 it/s)
[Epoch 15/20] step 700/2077 (2.2 it/s)
[Epoch 15/20] step 750/2077 (2.2 it/s)
[Epoch 15/20] step 800/2077 (2.2 it/s)
[Epoch 15/20] step 850/2077 (2.2 it/s)
[Epoch 15/20] step 900/2077 (2.2 it/s)
[Epoch 15/20] step 950/2077 (2.2 it/s)
[Epoch 15/20] step 1000/2077 (2.2 it/s)
[Epoch 15/20] step 1050/2077 (2.2 it/s)
[Epoch 15/20] step 1100/2077 (2.2 it/s)
[Epoch 15/20] step 1150/2077 (2.2 it/s)
[Epoch 15/20] step 1200/2077 (2.2 it/s)
[Epoch 15/20] step 1250/2077 (2.2 it/s)
[Epoch 15/20] step 1300/2077 (2.2 it/s)
[Epoch 15/20] step 1350/2077 (2.2 it/s)
[Epoch 15/20] step 1400/2077 (2.2 it/s)
[Epoch 15/20] step 1450/2077 (2.2 it/s)
[Epoch 15/20] step 1500/2077 (2.2 it/s)
[Epoch 15/20] step 1550/2077 (2.2 it/s)
[Epoch 15/20] step 1600/2077 (2.2 it/s)
[Epoch 15/20] step 1650/2077 (2.2 it/s)
[Epoch 15/20] step 1700/2077 (2.2 it/s)
[Epoch 15/20] step 1750/2077 (2.2 it/s)
[Epoch 15/20] step 1800/2077 (2.2 it/s)
[Epoch 15/20] step 1850/2077 (2.2 it/s)
[Epoch 15/20] step 1900/2077 (2.2 it/s)
[Epoch 15/20] step 1950/2077 (2.2 it/s)
[Epoch 15/20] step 2000/2077 (2.2 it/s)
[Epoch 15/20] step 2050/2077 (2.2 it/s)
18:46:59 | INFO  | trainer_inf~| \n+----------------------------+-----------------------+
|           Metric           |         Value         |
+----------------------------+-----------------------+
|          [0;34;40mfit/loss[0m          |  [0;32;40m0.08817387372255325[0m  |
|       [0;34;40mfit/pred_loss[0m        |  [0;32;40m0.00858402717858553[0m  |
|      [0;34;40mfit/sigreg_loss[0m       |       [0;32;40m0.8828125[0m       |
|    [0;34;40mhardware/cpu_percent[0m    |   [0;32;40m15.699999809265137[0m  |
|  [0;34;40mhardware/disk_read_mb_s[0m   |          [0;32;40m0.0[0m          |
|  [0;34;40mhardware/disk_write_mb_s[0m  |   [0;32;40m22.53021812438965[0m   |
|   [0;34;40mhardware/net_recv_mb_s[0m   | [0;32;40m0.0032959196250885725[0m |
|   [0;34;40mhardware/net_sent_mb_s[0m   |   [0;32;40m0.0390201173722744[0m  |
|    [0;34;40mhardware/ram_used_gb[0m    |   [0;32;40m109.88412475585938[0m  |
|   [0;34;40mhardware/ram_used_pct[0m    |   [0;32;40m10.899999618530273[0m  |
|    [0;34;40mhparams/lr_default_0[0m    | [0;32;40m4.868152245762758e-06[0m |
|       [0;34;40mvalidate/loss[0m        |  [0;32;40m0.22174204885959625[0m  |
|    [0;34;40mvalidate/loss_epoch[0m     |  [0;32;40m0.22174204885959625[0m  |
|     [0;34;40mvalidate/pred_loss[0m     |  [0;32;40m0.013842436484992504[0m |
|  [0;34;40mvalidate/pred_loss_epoch[0m  |  [0;32;40m0.013842436484992504[0m |
|    [0;34;40mvalidate/sigreg_loss[0m    |   [0;32;40m2.3097753524780273[0m  |
| [0;34;40mvalidate/sigreg_loss_epoch[0m |   [0;32;40m2.3097753524780273[0m  |
+----------------------------+-----------------------+
[Epoch 15/20] done in 1021.9s
18:46:59 | INFO  | checkpoint_~|   Checking for non PyTorch modules to save
18:46:59 | INFO  | atomic_chec~| [atomic_save] → /data1/likun-share/junjxu/.cache_stable-pretraining/runs/20260713/124209/cfa2970a536a/checkpoints/epoch=15-step=33232.ckpt
18:46:59 | INFO  | atomic_chec~| [atomic_save] ✓ epoch=15-step=33232.ckpt saved (206.8 MiB, serialise=0.27s write=0.19s rename=0.0ms)
18:46:59 | INFO  | checkpoint_~|   Checking for non PyTorch modules to save
18:46:59 | INFO  | atomic_chec~| [atomic_save] → /data1/likun-share/junjxu/.cache_stable-pretraining/runs/20260713/124209/cfa2970a536a/checkpoints/last.ckpt
18:47:00 | INFO  | atomic_chec~| [atomic_save] ✓ last.ckpt saved (206.8 MiB, serialise=0.27s write=0.19s rename=25.9ms)
[Epoch 16/20] step 50/2077 (2.0 it/s)
[Epoch 16/20] step 100/2077 (2.1 it/s)
[Epoch 16/20] step 150/2077 (2.1 it/s)
[Epoch 16/20] step 200/2077 (2.1 it/s)
[Epoch 16/20] step 250/2077 (2.1 it/s)
[Epoch 16/20] step 300/2077 (2.1 it/s)
[Epoch 16/20] step 350/2077 (2.1 it/s)
[Epoch 16/20] step 400/2077 (2.1 it/s)
[Epoch 16/20] step 450/2077 (2.1 it/s)
[Epoch 16/20] step 500/2077 (2.1 it/s)
[Epoch 16/20] step 550/2077 (2.1 it/s)
[Epoch 16/20] step 600/2077 (2.1 it/s)
[Epoch 16/20] step 650/2077 (2.1 it/s)
[Epoch 16/20] step 700/2077 (2.1 it/s)
[Epoch 16/20] step 750/2077 (2.1 it/s)
[Epoch 16/20] step 800/2077 (2.1 it/s)
[Epoch 16/20] step 850/2077 (2.1 it/s)
[Epoch 16/20] step 900/2077 (2.1 it/s)
[Epoch 16/20] step 950/2077 (2.1 it/s)
[Epoch 16/20] step 1000/2077 (2.1 it/s)
[Epoch 16/20] step 1050/2077 (2.1 it/s)
[Epoch 16/20] step 1100/2077 (2.1 it/s)
[Epoch 16/20] step 1150/2077 (2.1 it/s)
[Epoch 16/20] step 1200/2077 (2.1 it/s)
[Epoch 16/20] step 1250/2077 (2.1 it/s)
[Epoch 16/20] step 1300/2077 (2.1 it/s)
[Epoch 16/20] step 1350/2077 (2.1 it/s)
[Epoch 16/20] step 1400/2077 (2.1 it/s)
[Epoch 16/20] step 1450/2077 (2.1 it/s)
[Epoch 16/20] step 1500/2077 (2.2 it/s)
[Epoch 16/20] step 1550/2077 (2.2 it/s)
[Epoch 16/20] step 1600/2077 (2.2 it/s)
[Epoch 16/20] step 1650/2077 (2.2 it/s)
[Epoch 16/20] step 1700/2077 (2.2 it/s)
[Epoch 16/20] step 1750/2077 (2.2 it/s)
[Epoch 16/20] step 1800/2077 (2.2 it/s)
[Epoch 16/20] step 1850/2077 (2.2 it/s)
[Epoch 16/20] step 1900/2077 (2.2 it/s)
[Epoch 16/20] step 1950/2077 (2.2 it/s)
[Epoch 16/20] step 2000/2077 (2.2 it/s)
[Epoch 16/20] step 2050/2077 (2.2 it/s)
19:04:06 | INFO  | trainer_inf~| \n+----------------------------+------------------------+
|           Metric           |         Value          |
+----------------------------+------------------------+
|          [0;34;40mfit/loss[0m          |  [0;32;40m0.08694551140069962[0m   |
|       [0;34;40mfit/pred_loss[0m        | [0;32;40m0.0073556676506996155[0m  |
|      [0;34;40mfit/sigreg_loss[0m       |       [0;32;40m0.8828125[0m        |
|    [0;34;40mhardware/cpu_percent[0m    |   [0;32;40m20.100000381469727[0m   |
|  [0;34;40mhardware/disk_read_mb_s[0m   |          [0;32;40m0.0[0m           |
|  [0;34;40mhardware/disk_write_mb_s[0m  |   [0;32;40m8.139198303222656[0m    |
|   [0;34;40mhardware/net_recv_mb_s[0m   |  [0;32;40m0.00418797368183732[0m   |
|   [0;34;40mhardware/net_sent_mb_s[0m   |  [0;32;40m0.005593308713287115[0m  |
|    [0;34;40mhardware/ram_used_gb[0m    |   [0;32;40m124.23208618164062[0m   |
|   [0;34;40mhardware/ram_used_pct[0m    |   [0;32;40m12.300000190734863[0m   |
|    [0;34;40mhparams/lr_default_0[0m    | [0;32;40m2.7790606509370264e-06[0m |
|       [0;34;40mvalidate/loss[0m        |  [0;32;40m0.22103416919708252[0m   |
|    [0;34;40mvalidate/loss_epoch[0m     |  [0;32;40m0.22103416919708252[0m   |
|     [0;34;40mvalidate/pred_loss[0m     |  [0;32;40m0.01473122276365757[0m   |
|  [0;34;40mvalidate/pred_loss_epoch[0m  |  [0;32;40m0.01473122276365757[0m   |
|    [0;34;40mvalidate/sigreg_loss[0m    |   [0;32;40m2.2919204235076904[0m   |
| [0;34;40mvalidate/sigreg_loss_epoch[0m |   [0;32;40m2.2919204235076904[0m   |
+----------------------------+------------------------+
[Epoch 16/20] done in 1026.0s
19:04:06 | INFO  | checkpoint_~|   Checking for non PyTorch modules to save
19:04:06 | INFO  | atomic_chec~| [atomic_save] → /data1/likun-share/junjxu/.cache_stable-pretraining/runs/20260713/124209/cfa2970a536a/checkpoints/epoch=16-step=35309.ckpt
19:04:06 | INFO  | atomic_chec~| [atomic_save] ✓ epoch=16-step=35309.ckpt saved (206.8 MiB, serialise=0.26s write=0.20s rename=0.0ms)
19:04:06 | INFO  | checkpoint_~|   Checking for non PyTorch modules to save
19:04:06 | INFO  | atomic_chec~| [atomic_save] → /data1/likun-share/junjxu/.cache_stable-pretraining/runs/20260713/124209/cfa2970a536a/checkpoints/last.ckpt
19:04:07 | INFO  | atomic_chec~| [atomic_save] ✓ last.ckpt saved (206.8 MiB, serialise=0.26s write=0.20s rename=25.1ms)
[Epoch 17/20] step 50/2077 (2.0 it/s)
[Epoch 17/20] step 100/2077 (2.1 it/s)
[Epoch 17/20] step 150/2077 (2.1 it/s)
[Epoch 17/20] step 200/2077 (2.1 it/s)
[Epoch 17/20] step 250/2077 (2.1 it/s)
[Epoch 17/20] step 300/2077 (2.1 it/s)
[Epoch 17/20] step 350/2077 (2.1 it/s)
[Epoch 17/20] step 400/2077 (2.1 it/s)
[Epoch 17/20] step 450/2077 (2.1 it/s)
[Epoch 17/20] step 500/2077 (2.1 it/s)
[Epoch 17/20] step 550/2077 (2.2 it/s)
[Epoch 17/20] step 600/2077 (2.1 it/s)
[Epoch 17/20] step 650/2077 (2.1 it/s)
[Epoch 17/20] step 700/2077 (2.2 it/s)
[Epoch 17/20] step 750/2077 (2.2 it/s)
[Epoch 17/20] step 800/2077 (2.2 it/s)
[Epoch 17/20] step 850/2077 (2.2 it/s)
[Epoch 17/20] step 900/2077 (2.2 it/s)
[Epoch 17/20] step 950/2077 (2.2 it/s)
[Epoch 17/20] step 1000/2077 (2.2 it/s)
[Epoch 17/20] step 1050/2077 (2.2 it/s)
[Epoch 17/20] step 1100/2077 (2.2 it/s)
[Epoch 17/20] step 1150/2077 (2.2 it/s)
[Epoch 17/20] step 1200/2077 (2.2 it/s)
[Epoch 17/20] step 1250/2077 (2.2 it/s)
[Epoch 17/20] step 1300/2077 (2.2 it/s)
[Epoch 17/20] step 1350/2077 (2.2 it/s)
[Epoch 17/20] step 1400/2077 (2.2 it/s)
[Epoch 17/20] step 1450/2077 (2.2 it/s)
[Epoch 17/20] step 1500/2077 (2.2 it/s)
[Epoch 17/20] step 1550/2077 (2.2 it/s)
[Epoch 17/20] step 1600/2077 (2.2 it/s)
[Epoch 17/20] step 1650/2077 (2.2 it/s)
[Epoch 17/20] step 1700/2077 (2.2 it/s)
[Epoch 17/20] step 1750/2077 (2.2 it/s)
[Epoch 17/20] step 1800/2077 (2.2 it/s)
[Epoch 17/20] step 1850/2077 (2.2 it/s)
[Epoch 17/20] step 1900/2077 (2.2 it/s)
[Epoch 17/20] step 1950/2077 (2.2 it/s)
[Epoch 17/20] step 2000/2077 (2.2 it/s)
[Epoch 17/20] step 2050/2077 (2.2 it/s)
19:21:10 | INFO  | trainer_inf~| \n+----------------------------+------------------------+
|           Metric           |         Value          |
+----------------------------+------------------------+
|          [0;34;40mfit/loss[0m          |  [0;32;40m0.10778958350419998[0m   |
|       [0;34;40mfit/pred_loss[0m        | [0;32;40m0.0057387989945709705[0m  |
|      [0;34;40mfit/sigreg_loss[0m       |       [0;32;40m1.1328125[0m        |
|    [0;34;40mhardware/cpu_percent[0m    |   [0;32;40m19.600000381469727[0m   |
|  [0;34;40mhardware/disk_read_mb_s[0m   |          [0;32;40m0.0[0m           |
|  [0;34;40mhardware/disk_write_mb_s[0m  |   [0;32;40m8.881903648376465[0m    |
|   [0;34;40mhardware/net_recv_mb_s[0m   | [0;32;40m0.0012526036007329822[0m  |
|   [0;34;40mhardware/net_sent_mb_s[0m   | [0;32;40m0.0007112103630788624[0m  |
|    [0;34;40mhardware/ram_used_gb[0m    |   [0;32;40m121.84629821777344[0m   |
|   [0;34;40mhardware/ram_used_pct[0m    |   [0;32;40m12.100000381469727[0m   |
|    [0;34;40mhparams/lr_default_0[0m    | [0;32;40m1.2481980320444563e-06[0m |
|       [0;34;40mvalidate/loss[0m        |   [0;32;40m0.2324231117963791[0m   |
|    [0;34;40mvalidate/loss_epoch[0m     |   [0;32;40m0.2324231117963791[0m   |
|     [0;34;40mvalidate/pred_loss[0m     |   [0;32;40m0.0214634221047163[0m   |
|  [0;34;40mvalidate/pred_loss_epoch[0m  |   [0;32;40m0.0214634221047163[0m   |
|    [0;34;40mvalidate/sigreg_loss[0m    |   [0;32;40m2.3435256481170654[0m   |
| [0;34;40mvalidate/sigreg_loss_epoch[0m |   [0;32;40m2.3435256481170654[0m   |
+----------------------------+------------------------+
[Epoch 17/20] done in 1023.4s
19:21:10 | INFO  | checkpoint_~|   Checking for non PyTorch modules to save
19:21:10 | INFO  | atomic_chec~| [atomic_save] → /data1/likun-share/junjxu/.cache_stable-pretraining/runs/20260713/124209/cfa2970a536a/checkpoints/epoch=17-step=37386.ckpt
19:21:11 | INFO  | atomic_chec~| [atomic_save] ✓ epoch=17-step=37386.ckpt saved (206.8 MiB, serialise=0.26s write=0.21s rename=0.0ms)
19:21:11 | INFO  | checkpoint_~|   Checking for non PyTorch modules to save
19:21:11 | INFO  | atomic_chec~| [atomic_save] → /data1/likun-share/junjxu/.cache_stable-pretraining/runs/20260713/124209/cfa2970a536a/checkpoints/last.ckpt
19:21:11 | INFO  | atomic_chec~| [atomic_save] ✓ last.ckpt saved (206.8 MiB, serialise=0.26s write=0.20s rename=26.0ms)
[Epoch 18/20] step 50/2077 (2.0 it/s)
[Epoch 18/20] step 100/2077 (2.1 it/s)
[Epoch 18/20] step 150/2077 (2.1 it/s)
[Epoch 18/20] step 200/2077 (2.1 it/s)
[Epoch 18/20] step 250/2077 (2.1 it/s)
[Epoch 18/20] step 300/2077 (2.1 it/s)
[Epoch 18/20] step 350/2077 (2.1 it/s)
[Epoch 18/20] step 400/2077 (2.1 it/s)
[Epoch 18/20] step 450/2077 (2.1 it/s)
[Epoch 18/20] step 500/2077 (2.1 it/s)
[Epoch 18/20] step 550/2077 (2.1 it/s)
[Epoch 18/20] step 600/2077 (2.2 it/s)
[Epoch 18/20] step 650/2077 (2.2 it/s)
[Epoch 18/20] step 700/2077 (2.2 it/s)
[Epoch 18/20] step 750/2077 (2.2 it/s)
[Epoch 18/20] step 800/2077 (2.2 it/s)
[Epoch 18/20] step 850/2077 (2.2 it/s)
[Epoch 18/20] step 900/2077 (2.2 it/s)
[Epoch 18/20] step 950/2077 (2.2 it/s)
[Epoch 18/20] step 1000/2077 (2.2 it/s)
[Epoch 18/20] step 1050/2077 (2.2 it/s)
[Epoch 18/20] step 1100/2077 (2.2 it/s)
[Epoch 18/20] step 1150/2077 (2.2 it/s)
[Epoch 18/20] step 1200/2077 (2.2 it/s)
[Epoch 18/20] step 1250/2077 (2.2 it/s)
[Epoch 18/20] step 1300/2077 (2.2 it/s)
[Epoch 18/20] step 1350/2077 (2.2 it/s)
[Epoch 18/20] step 1400/2077 (2.2 it/s)
[Epoch 18/20] step 1450/2077 (2.2 it/s)
[Epoch 18/20] step 1500/2077 (2.2 it/s)
[Epoch 18/20] step 1550/2077 (2.2 it/s)
[Epoch 18/20] step 1600/2077 (2.2 it/s)
[Epoch 18/20] step 1650/2077 (2.2 it/s)
[Epoch 18/20] step 1700/2077 (2.2 it/s)
[Epoch 18/20] step 1750/2077 (2.2 it/s)
[Epoch 18/20] step 1800/2077 (2.2 it/s)
[Epoch 18/20] step 1850/2077 (2.2 it/s)
[Epoch 18/20] step 1900/2077 (2.2 it/s)
[Epoch 18/20] step 1950/2077 (2.2 it/s)
[Epoch 18/20] step 2000/2077 (2.2 it/s)
[Epoch 18/20] step 2050/2077 (2.2 it/s)
19:38:13 | INFO  | trainer_inf~| \n+----------------------------+-----------------------+
|           Metric           |         Value         |
+----------------------------+-----------------------+
|          [0;34;40mfit/loss[0m          |  [0;32;40m0.08891362696886063[0m  |
|       [0;34;40mfit/pred_loss[0m        |  [0;32;40m0.006394098047167063[0m |
|      [0;34;40mfit/sigreg_loss[0m       |       [0;32;40m0.91796875[0m      |
|    [0;34;40mhardware/cpu_percent[0m    |   [0;32;40m18.100000381469727[0m  |
|  [0;34;40mhardware/disk_read_mb_s[0m   |          [0;32;40m0.0[0m          |
|  [0;34;40mhardware/disk_write_mb_s[0m  |   [0;32;40m1.817620038986206[0m   |
|   [0;34;40mhardware/net_recv_mb_s[0m   | [0;32;40m0.0014084974536672235[0m |
|   [0;34;40mhardware/net_sent_mb_s[0m   |  [0;32;40m0.036824218928813934[0m |
|    [0;34;40mhardware/ram_used_gb[0m    |   [0;32;40m122.29234313964844[0m  |
|   [0;34;40mhardware/ram_used_pct[0m    |   [0;32;40m12.100000381469727[0m  |
|    [0;34;40mhparams/lr_default_0[0m    | [0;32;40m3.140216904284898e-07[0m |
|       [0;34;40mvalidate/loss[0m        |  [0;32;40m0.22398650646209717[0m  |
|    [0;34;40mvalidate/loss_epoch[0m     |  [0;32;40m0.22398650646209717[0m  |
|     [0;34;40mvalidate/pred_loss[0m     |  [0;32;40m0.01313206646591425[0m  |
|  [0;34;40mvalidate/pred_loss_epoch[0m  |  [0;32;40m0.01313206646591425[0m  |
|    [0;34;40mvalidate/sigreg_loss[0m    |   [0;32;40m2.3424975872039795[0m  |
| [0;34;40mvalidate/sigreg_loss_epoch[0m |   [0;32;40m2.3424975872039795[0m  |
+----------------------------+-----------------------+
[Epoch 18/20] done in 1022.3s
19:38:13 | INFO  | checkpoint_~|   Checking for non PyTorch modules to save
19:38:13 | INFO  | atomic_chec~| [atomic_save] → /data1/likun-share/junjxu/.cache_stable-pretraining/runs/20260713/124209/cfa2970a536a/checkpoints/epoch=18-step=39463.ckpt
19:38:14 | INFO  | atomic_chec~| [atomic_save] ✓ epoch=18-step=39463.ckpt saved (206.8 MiB, serialise=0.26s write=0.20s rename=0.0ms)
19:38:14 | INFO  | checkpoint_~|   Checking for non PyTorch modules to save
19:38:14 | INFO  | atomic_chec~| [atomic_save] → /data1/likun-share/junjxu/.cache_stable-pretraining/runs/20260713/124209/cfa2970a536a/checkpoints/last.ckpt
19:38:14 | INFO  | atomic_chec~| [atomic_save] ✓ last.ckpt saved (206.8 MiB, serialise=0.26s write=0.20s rename=26.6ms)
[Epoch 19/20] step 50/2077 (2.0 it/s)
[Epoch 19/20] step 100/2077 (2.1 it/s)
[Epoch 19/20] step 150/2077 (2.1 it/s)
[Epoch 19/20] step 200/2077 (2.1 it/s)
[Epoch 19/20] step 250/2077 (2.1 it/s)
[Epoch 19/20] step 300/2077 (2.1 it/s)
[Epoch 19/20] step 350/2077 (2.1 it/s)
[Epoch 19/20] step 400/2077 (2.1 it/s)
[Epoch 19/20] step 450/2077 (2.1 it/s)
[Epoch 19/20] step 500/2077 (2.1 it/s)
[Epoch 19/20] step 550/2077 (2.1 it/s)
[Epoch 19/20] step 600/2077 (2.1 it/s)
[Epoch 19/20] step 650/2077 (2.1 it/s)
[Epoch 19/20] step 700/2077 (2.1 it/s)
[Epoch 19/20] step 750/2077 (2.1 it/s)
[Epoch 19/20] step 800/2077 (2.2 it/s)
[Epoch 19/20] step 850/2077 (2.2 it/s)
[Epoch 19/20] step 900/2077 (2.2 it/s)
[Epoch 19/20] step 950/2077 (2.2 it/s)
[Epoch 19/20] step 1000/2077 (2.2 it/s)
[Epoch 19/20] step 1050/2077 (2.2 it/s)
[Epoch 19/20] step 1100/2077 (2.2 it/s)
[Epoch 19/20] step 1150/2077 (2.2 it/s)
[Epoch 19/20] step 1200/2077 (2.2 it/s)
[Epoch 19/20] step 1250/2077 (2.2 it/s)
[Epoch 19/20] step 1300/2077 (2.2 it/s)
[Epoch 19/20] step 1350/2077 (2.2 it/s)
[Epoch 19/20] step 1400/2077 (2.2 it/s)
[Epoch 19/20] step 1450/2077 (2.2 it/s)
[Epoch 19/20] step 1500/2077 (2.2 it/s)
[Epoch 19/20] step 1550/2077 (2.2 it/s)
[Epoch 19/20] step 1600/2077 (2.2 it/s)
[Epoch 19/20] step 1650/2077 (2.2 it/s)
[Epoch 19/20] step 1700/2077 (2.2 it/s)
[Epoch 19/20] step 1750/2077 (2.2 it/s)
[Epoch 19/20] step 1800/2077 (2.2 it/s)
[Epoch 19/20] step 1850/2077 (2.2 it/s)
[Epoch 19/20] step 1900/2077 (2.2 it/s)
[Epoch 19/20] step 1950/2077 (2.2 it/s)
[Epoch 19/20] step 2000/2077 (2.2 it/s)
[Epoch 19/20] step 2050/2077 (2.2 it/s)
19:55:10 | INFO  | trainer_inf~| \n+----------------------------+-----------------------+
|           Metric           |         Value         |
+----------------------------+-----------------------+
|          [0;34;40mfit/loss[0m          |  [0;32;40m0.07902154326438904[0m  |
|       [0;34;40mfit/pred_loss[0m        | [0;32;40m0.0077324798330664635[0m |
|      [0;34;40mfit/sigreg_loss[0m       |       [0;32;40m0.79296875[0m      |
|    [0;34;40mhardware/cpu_percent[0m    |          [0;32;40m9.5[0m          |
|  [0;34;40mhardware/disk_read_mb_s[0m   |          [0;32;40m0.0[0m          |
|  [0;34;40mhardware/disk_write_mb_s[0m  |   [0;32;40m1.864505410194397[0m   |
|   [0;34;40mhardware/net_recv_mb_s[0m   |  [0;32;40m0.015429367311298847[0m |
|   [0;34;40mhardware/net_sent_mb_s[0m   |  [0;32;40m0.05422905087471008[0m  |
|    [0;34;40mhardware/ram_used_gb[0m    |   [0;32;40m67.29914855957031[0m   |
|   [0;34;40mhardware/ram_used_pct[0m    |   [0;32;40m6.699999809265137[0m   |
|    [0;34;40mhparams/lr_default_0[0m    |          [0;32;40m0.0[0m          |
|       [0;34;40mvalidate/loss[0m        |  [0;32;40m0.21491412818431854[0m  |
|    [0;34;40mvalidate/loss_epoch[0m     |  [0;32;40m0.21491412818431854[0m  |
|     [0;34;40mvalidate/pred_loss[0m     |  [0;32;40m0.009864077903330326[0m |
|  [0;34;40mvalidate/pred_loss_epoch[0m  |  [0;32;40m0.009864077903330326[0m |
|    [0;34;40mvalidate/sigreg_loss[0m    |   [0;32;40m2.2780301570892334[0m  |
| [0;34;40mvalidate/sigreg_loss_epoch[0m |   [0;32;40m2.2780301570892334[0m  |
+----------------------------+-----------------------+
[Epoch 19/20] done in 1015.9s
19:55:10 | INFO  | checkpoint_~|   Checking for non PyTorch modules to save
19:55:10 | INFO  | atomic_chec~| [atomic_save] → /data1/likun-share/junjxu/.cache_stable-pretraining/runs/20260713/124209/cfa2970a536a/checkpoints/epoch=19-step=41540.ckpt
19:55:11 | INFO  | atomic_chec~| [atomic_save] ✓ epoch=19-step=41540.ckpt saved (206.8 MiB, serialise=0.26s write=0.19s rename=0.0ms)
19:55:11 | INFO  | checkpoint_~|   Checking for non PyTorch modules to save
19:55:11 | INFO  | atomic_chec~| [atomic_save] → /data1/likun-share/junjxu/.cache_stable-pretraining/runs/20260713/124209/cfa2970a536a/checkpoints/last.ckpt
19:55:11 | INFO  | atomic_chec~| [atomic_save] ✓ last.ckpt saved (206.8 MiB, serialise=0.25s write=0.19s rename=24.5ms)
`Trainer.fit` stopped: `max_epochs=20` reached.
Epoch 19/19 ━━━━━━━━━━━━━━━━━━━━━━━━━━━━━ 2077/2077 0:15:54 • 0:00:00 2.26it/s 
19:55:12 | INFO  | utils.py    | ── SignalHandlers (after Trainer.fit() returned) ──
19:55:12 | INFO  | manager.py  |   SIGUSR1  → SIG_DFL (default OS action — terminate process)
19:55:12 | INFO  | manager.py  |   SIGUSR2  → SIG_DFL (default OS action — terminate process)
19:55:12 | INFO  | manager.py  |   SIGCONT  → SIG_DFL (default OS action — terminate process)
19:55:12 | INFO  | manager.py  |   SIGTERM  → SIG_DFL (default OS action — terminate process)
