00:43:05 | INFO  | __init__.py | PyTorch version 2.9.1+cu128 available.
00:43:05 | INFO  | __init__.py | JAX version 0.6.2 available.
00:43:10 | INFO  | atomic_chec~| [atomic_save] installed crash-safe checkpoint plugin (write to sibling .tmp + fsync + atomic rename)
[2026-07-07 00:43:10,446][root][INFO] - Cached 'action' from '/data1/likun-share/junjxu/.stable_worldmodel/datasets/physionpp_readout.h5'
[2026-07-07 00:43:10,448][root][INFO] - Cached 'proprio' from '/data1/likun-share/junjxu/.stable_worldmodel/datasets/physionpp_readout.h5'
[2026-07-07 00:43:10,449][root][INFO] - Cached 'state' from '/data1/likun-share/junjxu/.stable_worldmodel/datasets/physionpp_readout.h5'
00:43:10 | INFO  | utils.py    | Created ViT-tiny from scratch with config: {'hidden_size': 192, 'num_hidden_layers': 12, 'num_attention_heads': 3, 'intermediate_size': 768, 'image_size': 224, 'patch_size': 14}
[init_from_ckpt] /data1/likun-share/junjxu/.stable_worldmodel/lewm_paper_pusht/weights.pt
[init_from_ckpt] prefixes=('encoder.', 'projector.', 'pred_proj.') loaded=216 unexpected=0 missing=89
00:43:10 | INFO  | module.py   | Setting up DataModule
00:43:10 | INFO  | utils.py    | ── Module ────────────────────────────────────────
00:43:10 | WARN  | module.py   | ! No hyperparameters provided - hyperparameter logging is disabled.
00:43:10 | INFO  | module.py   |   Setting custom forward method.
00:43:10 | INFO  | module.py   |   Setting attribute: self.model = <class 'jepa.JEPA'>
00:43:10 | INFO  | module.py   |   Setting attribute: self.sigreg = <class 'module.SIGReg'>
00:43:10 | INFO  | module.py   |   Setting attribute: self.optim = <class 'dict'>
00:43:10 | INFO  | module.py   |   No metrics configuration provided - automatic metric tracking is disabled.
/home/likun-share/junjxu/wm/le-wm/.venv/lib/python3.10/site-packages/lightning/fabric/connector.py:571: `precision=bf16` is supported for historical reasons but its usage is discouraged. Please set your precision to bf16-mixed instead!
Using bfloat16 Automatic Mixed Precision (AMP)
00:43:10 | INFO  | env_info.py |   EnvironmentDumpCallback initialized (filename=environment.json, async=True)
00:43:10 | INFO  | utils.py    | ── HuggingFaceCheckpoint ─────────────────────────
00:43:10 | INFO  | hf_models.py|   save_dir: <cyan>hf_exports</cyan>
00:43:10 | INFO  | hf_models.py|   per_step: <cyan>False</cyan>  (False ⇒ overwrite single 'last/' subdir; True ⇒ keep step_N/)
Adding 14 callbacks from entry point 'stablepretraining_callbacks': PrintProgressBar, ModuleRegistryCallback, LoggingCallback, EnvironmentDumpCallback, TrainerInfo, SklearnCheckpoint, WandbCheckpoint, TrackioCheckpoint, SwanLabCheckpoint, ModuleSummary, SLURMInfo, LogUnusedParametersOnce, HuggingFaceCheckpointCallback, HardwareMonitor
GPU available: True (cuda), used: True
TPU available: False, using: 0 TPU cores
💡 Tip: For seamless cloud logging and experiment tracking, try installing [litlogger](https://pypi.org/project/litlogger/) to enable LitLogger, which logs metrics and artifacts automatically to the Lightning Experiments platform.
00:43:10 | INFO  | utils.py    | ── SIGTERM preempt handler — install ─────────────
00:43:10 | INFO  | manager.py  |   SLURM_JOB_ID         = None
00:43:10 | INFO  | manager.py  |   SLURM_RESTART_COUNT  = '0'
00:43:10 | INFO  | manager.py  |   SLURM_PROCID         = '?'
00:43:10 | INFO  | manager.py  |   SLURM_NODEID         = '?'
00:43:10 | INFO  | manager.py  |   → not under SLURM (SLURM_JOB_ID unset); leaving SIGTERM handler as-is. Forwarding to submitit's USR signal would be a no-op since submitit isn't running upstream.
00:43:10 | WARN  | manager.py  | User didn't specify seed, runs won't be exactly reproducible!
00:43:10 | INFO  | manager.py  |   Manager init: ckpt_path=None, weights_only=True
00:43:10 | INFO  | utils.py    | ── WorkingDirectory ──────────────────────────────
00:43:10 | INFO  | manager.py  |   cwd: /home/likun-share/junjxu/wm/le-wm
00:43:10 | INFO  | utils.py    | ── Seed ──────────────────────────────────────────
00:43:10 | INFO  | manager.py  |   seed: None
/home/likun-share/junjxu/wm/le-wm/.venv/lib/python3.10/site-packages/lightning/fabric/utilities/seed.py:44: No seed found, seed set to 0
Seed set to 0
00:43:10 | INFO  | utils.py    | ── RunDirectory ──────────────────────────────────
00:43:10 | INFO  | manager.py  |   cache_dir = /data1/likun-share/junjxu/.cache_stable-pretraining
00:43:10 | INFO  | manager.py  |   ddp: launch_key=(single-process) rank=0 is_rank_zero=True
00:43:10 | INFO  | utils.py    | ── RunDirectory: requeue probe ───────────────────
00:43:10 | INFO  | manager.py  |   SLURM session key   = (no SLURM)
00:43:10 | INFO  | manager.py  |   SLURM_RESTART_COUNT = 0
00:43:10 | INFO  | manager.py  |   in_requeue          = False
00:43:10 | INFO  | utils.py    | ── RunDirectory: fresh ───────────────────────────
00:43:10 | INFO  | manager.py  |   no user ckpt_path — training from scratch / pretrained backbone.
00:43:10 | INFO  | manager.py  |   created run_dir = /data1/likun-share/junjxu/.cache_stable-pretraining/runs/20260707/004310/a0dd62784e46
00:43:10 | INFO  | manager.py  |   wrote run_meta.json with run_id=a0dd62784e46
00:43:10 | INFO  | manager.py  |   SLURM index = (no SLURM, skipped)
00:43:10 | WARN  | manager.py  | ! cache_dir is set but the Trainer was passed as an already-instantiated object. Cannot override default_root_dir cleanly. Consider passing the trainer as a config dict instead.
00:43:10 | WARN  | manager.py  | ! Hydra run.dir='outputs/2026-07-07/00-43-10' will be ignored for trainer outputs (cache_dir takes precedence).
00:43:10 | WARN  | manager.py  | ! Hydra sweep.dir='multirun/2026-07-07/00-43-10' will be ignored for trainer outputs (cache_dir takes precedence).
00:43:10 | INFO  | logger.py   | [RegistryLogger] run_id=a0dd62784e46 run_dir=/data1/likun-share/junjxu/.cache_stable-pretraining/runs/20260707/004310/a0dd62784e46 — sidecar.json + summary.json + metrics.csv will live here
00:43:10 | INFO  | utils.py    | ── RegistryLogger ────────────────────────────────
00:43:10 | INFO  | manager.py  |   run_dir: /data1/likun-share/junjxu/.cache_stable-pretraining/runs/20260707/004310/a0dd62784e46
00:43:10 | INFO  | manager.py  |   run_id:  a0dd62784e46
00:43:10 | INFO  | utils.py    | ── CSVLogger ─────────────────────────────────────
00:43:10 | INFO  | manager.py  |   root_dir: /data1/likun-share/junjxu/.cache_stable-pretraining/runs/20260707/004310/a0dd62784e46/
00:43:10 | INFO  | manager.py  |   save_dir: /data1/likun-share/junjxu/.cache_stable-pretraining/runs/20260707/004310/a0dd62784e46
00:43:10 | INFO  | manager.py  |   log_dir: /data1/likun-share/junjxu/.cache_stable-pretraining/runs/20260707/004310/a0dd62784e46/
00:43:10 | INFO  | utils.py    | ── SignalHandlers (after submitit setup (spt SIGTERM installed in __init__)) ──
00:43:10 | INFO  | manager.py  |   SIGUSR1  → SIG_DFL (default OS action — terminate process)
00:43:10 | INFO  | manager.py  |   SIGUSR2  → SIG_DFL (default OS action — terminate process)
00:43:10 | INFO  | manager.py  |   SIGCONT  → SIG_DFL (default OS action — terminate process)
00:43:10 | INFO  | manager.py  |   SIGTERM  → SIG_DFL (default OS action — terminate process)
00:43:10 | INFO  | utils.py    | ── Callbacks ─────────────────────────────────────
00:43:10 | INFO  | manager.py  |   count: 19
00:43:10 | INFO  | utils.py    | ── CacheDirCheckpointing ─────────────────────────
00:43:10 | INFO  | manager.py  |   Saving checkpoints to: /data1/likun-share/junjxu/.cache_stable-pretraining/runs/20260707/004310/a0dd62784e46/checkpoints
00:43:10 | WARN  | manager.py  |   Redirecting HuggingFaceCheckpointCallback from 'hf_exports' to '/data1/likun-share/junjxu/.cache_stable-pretraining/runs/20260707/004310/a0dd62784e46/hf_exports' (cache_dir is active — prevents races on a shared cache)
00:43:10 | INFO  | manager.py  |   Added requeue checkpoint (filename='last')
00:43:10 | INFO  | utils.py    | ── LoadPath resolution ───────────────────────────
00:43:10 | INFO  | manager.py  |   in_requeue = False
00:43:10 | INFO  | manager.py  |   user ckpt_path = None
00:43:10 | INFO  | manager.py  |   user weights_only = True
00:43:10 | INFO  | manager.py  |   → no ckpt_path; training from scratch.
00:43:10 | INFO  | utils.py    | ── TrainerFit ────────────────────────────────────
00:43:10 | INFO  | manager.py  |   ckpt_path:     None
00:43:10 | INFO  | manager.py  |   weights_only:  None
00:43:10 | INFO  | utils.py    | ── SignalHandlers (before Trainer.fit() (handler installed in __init__)) ──
00:43:10 | INFO  | manager.py  |   SIGUSR1  → SIG_DFL (default OS action — terminate process)
00:43:10 | INFO  | manager.py  |   SIGUSR2  → SIG_DFL (default OS action — terminate process)
00:43:10 | INFO  | manager.py  |   SIGCONT  → SIG_DFL (default OS action — terminate process)
00:43:10 | INFO  | manager.py  |   SIGTERM  → SIG_DFL (default OS action — terminate process)
00:43:10 | INFO  | manager.py  |   → entering Trainer.fit(); lightning's _SignalConnector will now register its own handlers. SIGTERM will become _HandlersCompose([_sigterm_notifier_fn, _sigterm_handler_fn, spt._handler]); USR-sig binding from submitit is preserved (lightning skips USR registration when one already exists).
💡 Tip: For seamless cloud uploads and versioning, try installing [litmodels](https://pypi.org/project/litmodels/) to enable LitModelCheckpoint, which syncs automatically with the Lightning model registry.
You are using a CUDA device ('NVIDIA A800-SXM4-80GB') that has Tensor Cores. To properly utilize them, you should set `torch.set_float32_matmul_precision('medium' | 'high')` which will trade-off precision for performance. For more details, read https://pytorch.org/docs/stable/generated/torch.set_float32_matmul_precision.html#torch.set_float32_matmul_precision
00:43:11 | OK    | module.py   | ✓ dataset for fit loaded
00:43:11 | INFO  | module.py   |   setup was done by user
00:43:11 | INFO  | utils.py    | ── EnvironmentDump ───────────────────────────────
00:43:11 | INFO  | env_info.py |   log_dir: /home/likun-share/.cache/stable-pretraining
00:43:11 | INFO  | env_info.py |   Running environment dump in background thread (non-blocking)
00:43:11 | INFO  | env_info.py |   Collecting environment information...
00:43:11 | OK    | env_info.py | ✓ Background thread started successfully
00:43:11 | OK    | env_info.py | ✓ Python 3.10.12
00:43:11 | INFO  | trainer_inf~|   linking trainer to DataModule
00:43:11 | OK    | env_info.py | ✓ System: Linux 5.15.0-113-generic (x86_64)
00:43:11 | INFO  | utils.py    | ── Callbacks (in order) ──────────────────────────
00:43:11 | INFO  | env_info.py |   Hostname: 10-116-90-13
00:43:11 | INFO  | utils.py    |     [ 0] ModelObjectCallBack
00:43:11 | INFO  | utils.py    |     [ 1] RichProgressBar
00:43:11 | INFO  | utils.py    |     [ 2] RichModelSummary
00:43:11 | INFO  | utils.py    |     [ 3] PrintProgressBar
00:43:11 | INFO  | utils.py    |     [ 4] ModuleRegistryCallback
00:43:11 | INFO  | utils.py    |     [ 5] LoggingCallback
00:43:11 | INFO  | utils.py    |     [ 6] EnvironmentDumpCallback
00:43:11 | INFO  | utils.py    |     [ 7] TrainerInfo
00:43:11 | INFO  | utils.py    |     [ 8] SklearnCheckpoint
00:43:11 | INFO  | utils.py    |     [ 9] WandbCheckpoint
00:43:11 | INFO  | utils.py    |     [10] TrackioCheckpoint
00:43:11 | INFO  | utils.py    |     [11] SwanLabCheckpoint
00:43:11 | INFO  | utils.py    |     [12] ModuleSummary
00:43:11 | INFO  | utils.py    |     [13] SLURMInfo
00:43:11 | INFO  | utils.py    |     [14] LogUnusedParametersOnce
00:43:11 | INFO  | utils.py    |     [15] HuggingFaceCheckpointCallback
00:43:11 | INFO  | utils.py    |     [16] HardwareMonitor
00:43:11 | INFO  | utils.py    |     [17] ModelCheckpoint
00:43:11 | INFO  | utils.py    |     [18] _RunDirCallback
00:43:11 | INFO  | utils.py    |     [19] ModelCheckpoint
00:43:11 | INFO  | utils.py    |   ⚑ marks order-sensitive callbacks; see AGENTS.md → Callback ordering for the full rules.
00:43:11 | INFO  | utils.py    | ── SklearnCheckpoint ─────────────────────────────
00:43:11 | INFO  | checkpoint_~|   Sklearn Modules:
00:43:11 | INFO  | checkpoint_~| 
┏━━━━━━━━━━┳━━━━━━━━┳━━━━━━━━┓
┃ Module   ┃ Name   ┃ Type   ┃
┣━━━━━━━━━━╋━━━━━━━━╋━━━━━━━━┫
┗━━━━━━━━━━┻━━━━━━━━┻━━━━━━━━┛
00:43:11 | INFO  | utils.py    | ── WandbCheckpoint ───────────────────────────────
00:43:11 | INFO  | utils.py    | ── TrackioCheckpoint ─────────────────────────────
00:43:11 | INFO  | utils.py    | ── SwanLabCheckpoint ─────────────────────────────
00:43:11 | INFO  | utils.py    | ── PyTorch Modules ───────────────────────────────
00:43:11 | WARN  | module.py   | ! You are calling self.parameters which also gives callbacks parameters, to remove them, pass `with_callbacks=False`
00:43:11 | INFO  | trainer_inf~| \n+---------------------------------------------------------+----------------------+--------------------------+--------------------------+---------+
| Module                                                  | Trainable parameters | Non Trainable parameters | Uninitialized parameters | Buffers |
+---------------------------------------------------------+----------------------+--------------------------+--------------------------+---------+
|                                                         |             18034987 |                        0 |                        0 |    8245 |
| callbacks_modules                                       |                    0 |                        0 |                        0 |       0 |
| callbacks_metrics                                       |                    0 |                        0 |                        0 |       0 |
| model                                                   |             18034987 |                        0 |                        0 |    8194 |
| model.encoder                                           |              5501376 |                        0 |                        0 |       0 |
| model.encoder.embeddings                                |               162624 |                        0 |                        0 |       0 |
| model.encoder.embeddings.patch_embeddings               |               113088 |                        0 |                        0 |       0 |
| model.encoder.embeddings.patch_embeddings.projection    |               113088 |                        0 |                        0 |       0 |
| model.encoder.embeddings.dropout                        |                    0 |                        0 |                        0 |       0 |
| model.encoder.layers                                    |              5338368 |                        0 |                        0 |       0 |
| model.encoder.layers.0                                  |               444864 |                        0 |                        0 |       0 |
| model.encoder.layers.0.attention                        |               148224 |                        0 |                        0 |       0 |
| model.encoder.layers.0.attention.q_proj                 |                37056 |                        0 |                        0 |       0 |
| model.encoder.layers.0.attention.k_proj                 |                37056 |                        0 |                        0 |       0 |
| model.encoder.layers.0.attention.v_proj                 |                37056 |                        0 |                        0 |       0 |
| model.encoder.layers.0.attention.o_proj                 |                37056 |                        0 |                        0 |       0 |
| model.encoder.layers.0.layernorm_before                 |                  384 |                        0 |                        0 |       0 |
| model.encoder.layers.0.layernorm_after                  |                  384 |                        0 |                        0 |       0 |
| model.encoder.layers.0.mlp                              |               295872 |                        0 |                        0 |       0 |
| model.encoder.layers.0.mlp.activation_fn                |                    0 |                        0 |                        0 |       0 |
| model.encoder.layers.0.mlp.fc1                          |               148224 |                        0 |                        0 |       0 |
| model.encoder.layers.0.mlp.fc2                          |               147648 |                        0 |                        0 |       0 |
| model.encoder.layers.0.dropout                          |                    0 |                        0 |                        0 |       0 |
| model.encoder.layers.1                                  |               444864 |                        0 |                        0 |       0 |
| model.encoder.layers.1.attention                        |               148224 |                        0 |                        0 |       0 |
| model.encoder.layers.1.attention.q_proj                 |                37056 |                        0 |                        0 |       0 |
| model.encoder.layers.1.attention.k_proj                 |                37056 |                        0 |                        0 |       0 |
| model.encoder.layers.1.attention.v_proj                 |                37056 |                        0 |                        0 |       0 |
| model.encoder.layers.1.attention.o_proj                 |                37056 |                        0 |                        0 |       0 |
| model.encoder.layers.1.layernorm_before                 |                  384 |                        0 |                        0 |       0 |
| model.encoder.layers.1.layernorm_after                  |                  384 |                        0 |                        0 |       0 |
| model.encoder.layers.1.mlp                              |               295872 |                        0 |                        0 |       0 |
| model.encoder.layers.1.mlp.activation_fn                |                    0 |                        0 |                        0 |       0 |
| model.encoder.layers.1.mlp.fc1                          |               148224 |                        0 |                        0 |       0 |
| model.encoder.layers.1.mlp.fc2                          |               147648 |                        0 |                        0 |       0 |
| model.encoder.layers.1.dropout                          |                    0 |                        0 |                        0 |       0 |
| model.encoder.layers.2                                  |               444864 |                        0 |                        0 |       0 |
| model.encoder.layers.2.attention                        |               148224 |                        0 |                        0 |       0 |
| model.encoder.layers.2.attention.q_proj                 |                37056 |                        0 |                        0 |       0 |
| model.encoder.layers.2.attention.k_proj                 |                37056 |                        0 |                        0 |       0 |
| model.encoder.layers.2.attention.v_proj                 |                37056 |                        0 |                        0 |       0 |
| model.encoder.layers.2.attention.o_proj                 |                37056 |                        0 |                        0 |       0 |
| model.encoder.layers.2.layernorm_before                 |                  384 |                        0 |                        0 |       0 |
| model.encoder.layers.2.layernorm_after                  |                  384 |                        0 |                        0 |       0 |
| model.encoder.layers.2.mlp                              |               295872 |                        0 |                        0 |       0 |
| model.encoder.layers.2.mlp.activation_fn                |                    0 |                        0 |                        0 |       0 |
| model.encoder.layers.2.mlp.fc1                          |               148224 |                        0 |                        0 |       0 |
| model.encoder.layers.2.mlp.fc2                          |               147648 |                        0 |                        0 |       0 |
| model.encoder.layers.2.dropout                          |                    0 |                        0 |                        0 |       0 |
| model.encoder.layers.3                                  |               444864 |                        0 |                        0 |       0 |
| model.encoder.layers.3.attention                        |               148224 |                        0 |                        0 |       0 |
| model.encoder.layers.3.attention.q_proj                 |                37056 |                        0 |                        0 |       0 |
| model.encoder.layers.3.attention.k_proj                 |                37056 |                        0 |                        0 |       0 |
| model.encoder.layers.3.attention.v_proj                 |                37056 |                        0 |                        0 |       0 |
| model.encoder.layers.3.attention.o_proj                 |                37056 |                        0 |                        0 |       0 |
| model.encoder.layers.3.layernorm_before                 |                  384 |                        0 |                        0 |       0 |
| model.encoder.layers.3.layernorm_after                  |                  384 |                        0 |                        0 |       0 |
| model.encoder.layers.3.mlp                              |               295872 |                        0 |                        0 |       0 |
| model.encoder.layers.3.mlp.activation_fn                |                    0 |                        0 |                        0 |       0 |
| model.encoder.layers.3.mlp.fc1                          |               148224 |                        0 |                        0 |       0 |
| model.encoder.layers.3.mlp.fc2                          |               147648 |                        0 |                        0 |       0 |
| model.encoder.layers.3.dropout                          |                    0 |                        0 |                        0 |       0 |
| model.encoder.layers.4                                  |               444864 |                        0 |                        0 |       0 |
| model.encoder.layers.4.attention                        |               148224 |                        0 |                        0 |       0 |
| model.encoder.layers.4.attention.q_proj                 |                37056 |                        0 |                        0 |       0 |
| model.encoder.layers.4.attention.k_proj                 |                37056 |                        0 |                        0 |       0 |
| model.encoder.layers.4.attention.v_proj                 |                37056 |                        0 |                        0 |       0 |
| model.encoder.layers.4.attention.o_proj                 |                37056 |                        0 |                        0 |       0 |
| model.encoder.layers.4.layernorm_before                 |                  384 |                        0 |                        0 |       0 |
| model.encoder.layers.4.layernorm_after                  |                  384 |                        0 |                        0 |       0 |
| model.encoder.layers.4.mlp                              |               295872 |                        0 |                        0 |       0 |
| model.encoder.layers.4.mlp.activation_fn                |                    0 |                        0 |                        0 |       0 |
| model.encoder.layers.4.mlp.fc1                          |               148224 |                        0 |                        0 |       0 |
| model.encoder.layers.4.mlp.fc2                          |               147648 |                        0 |                        0 |       0 |
| model.encoder.layers.4.dropout                          |                    0 |                        0 |                        0 |       0 |
| model.encoder.layers.5                                  |               444864 |                        0 |                        0 |       0 |
| model.encoder.layers.5.attention                        |               148224 |                        0 |                        0 |       0 |
| model.encoder.layers.5.attention.q_proj                 |                37056 |                        0 |                        0 |       0 |
| model.encoder.layers.5.attention.k_proj                 |                37056 |                        0 |                        0 |       0 |
| model.encoder.layers.5.attention.v_proj                 |                37056 |                        0 |                        0 |       0 |
| model.encoder.layers.5.attention.o_proj                 |                37056 |                        0 |                        0 |       0 |
| model.encoder.layers.5.layernorm_before                 |                  384 |                        0 |                        0 |       0 |
| model.encoder.layers.5.layernorm_after                  |                  384 |                        0 |                        0 |       0 |
| model.encoder.layers.5.mlp                              |               295872 |                        0 |                        0 |       0 |
| model.encoder.layers.5.mlp.activation_fn                |                    0 |                        0 |                        0 |       0 |
| model.encoder.layers.5.mlp.fc1                          |               148224 |                        0 |                        0 |       0 |
| model.encoder.layers.5.mlp.fc2                          |               147648 |                        0 |                        0 |       0 |
| model.encoder.layers.5.dropout                          |                    0 |                        0 |                        0 |       0 |
| model.encoder.layers.6                                  |               444864 |                        0 |                        0 |       0 |
| model.encoder.layers.6.attention                        |               148224 |                        0 |                        0 |       0 |
| model.encoder.layers.6.attention.q_proj                 |                37056 |                        0 |                        0 |       0 |
| model.encoder.layers.6.attention.k_proj                 |                37056 |                        0 |                        0 |       0 |
| model.encoder.layers.6.attention.v_proj                 |                37056 |                        0 |                        0 |       0 |
| model.encoder.layers.6.attention.o_proj                 |                37056 |                        0 |                        0 |       0 |
| model.encoder.layers.6.layernorm_before                 |                  384 |                        0 |                        0 |       0 |
| model.encoder.layers.6.layernorm_after                  |                  384 |                        0 |                        0 |       0 |
| model.encoder.layers.6.mlp                              |               295872 |                        0 |                        0 |       0 |
| model.encoder.layers.6.mlp.activation_fn                |                    0 |                        0 |                        0 |       0 |
| model.encoder.layers.6.mlp.fc1                          |               148224 |                        0 |                        0 |       0 |
| model.encoder.layers.6.mlp.fc2                          |               147648 |                        0 |                        0 |       0 |
| model.encoder.layers.6.dropout                          |                    0 |                        0 |                        0 |       0 |
| model.encoder.layers.7                                  |               444864 |                        0 |                        0 |       0 |
| model.encoder.layers.7.attention                        |               148224 |                        0 |                        0 |       0 |
| model.encoder.layers.7.attention.q_proj                 |                37056 |                        0 |                        0 |       0 |
| model.encoder.layers.7.attention.k_proj                 |                37056 |                        0 |                        0 |       0 |
| model.encoder.layers.7.attention.v_proj                 |                37056 |                        0 |                        0 |       0 |
| model.encoder.layers.7.attention.o_proj                 |                37056 |                        0 |                        0 |       0 |
| model.encoder.layers.7.layernorm_before                 |                  384 |                        0 |                        0 |       0 |
| model.encoder.layers.7.layernorm_after                  |                  384 |                        0 |                        0 |       0 |
| model.encoder.layers.7.mlp                              |               295872 |                        0 |                        0 |       0 |
| model.encoder.layers.7.mlp.activation_fn                |                    0 |                        0 |                        0 |       0 |
| model.encoder.layers.7.mlp.fc1                          |               148224 |                        0 |                        0 |       0 |
| model.encoder.layers.7.mlp.fc2                          |               147648 |                        0 |                        0 |       0 |
| model.encoder.layers.7.dropout                          |                    0 |                        0 |                        0 |       0 |
| model.encoder.layers.8                                  |               444864 |                        0 |                        0 |       0 |
| model.encoder.layers.8.attention                        |               148224 |                        0 |                        0 |       0 |
| model.encoder.layers.8.attention.q_proj                 |                37056 |                        0 |                        0 |       0 |
| model.encoder.layers.8.attention.k_proj                 |                37056 |                        0 |                        0 |       0 |
| model.encoder.layers.8.attention.v_proj                 |                37056 |                        0 |                        0 |       0 |
| model.encoder.layers.8.attention.o_proj                 |                37056 |                        0 |                        0 |       0 |
| model.encoder.layers.8.layernorm_before                 |                  384 |                        0 |                        0 |       0 |
| model.encoder.layers.8.layernorm_after                  |                  384 |                        0 |                        0 |       0 |
| model.encoder.layers.8.mlp                              |               295872 |                        0 |                        0 |       0 |
| model.encoder.layers.8.mlp.activation_fn                |                    0 |                        0 |                        0 |       0 |
| model.encoder.layers.8.mlp.fc1                          |               148224 |                        0 |                        0 |       0 |
| model.encoder.layers.8.mlp.fc2                          |               147648 |                        0 |                        0 |       0 |
| model.encoder.layers.8.dropout                          |                    0 |                        0 |                        0 |       0 |
| model.encoder.layers.9                                  |               444864 |                        0 |                        0 |       0 |
| model.encoder.layers.9.attention                        |               148224 |                        0 |                        0 |       0 |
| model.encoder.layers.9.attention.q_proj                 |                37056 |                        0 |                        0 |       0 |
| model.encoder.layers.9.attention.k_proj                 |                37056 |                        0 |                        0 |       0 |
| model.encoder.layers.9.attention.v_proj                 |                37056 |                        0 |                        0 |       0 |
| model.encoder.layers.9.attention.o_proj                 |                37056 |                        0 |                        0 |       0 |
| model.encoder.layers.9.layernorm_before                 |                  384 |                        0 |                        0 |       0 |
| model.encoder.layers.9.layernorm_after                  |                  384 |                        0 |                        0 |       0 |
| model.encoder.layers.9.mlp                              |               295872 |                        0 |                        0 |       0 |
| model.encoder.layers.9.mlp.activation_fn                |                    0 |                        0 |                        0 |       0 |
| model.encoder.layers.9.mlp.fc1                          |               148224 |                        0 |                        0 |       0 |
| model.encoder.layers.9.mlp.fc2                          |               147648 |                        0 |                        0 |       0 |
| model.encoder.layers.9.dropout                          |                    0 |                        0 |                        0 |       0 |
| model.encoder.layers.10                                 |               444864 |                        0 |                        0 |       0 |
| model.encoder.layers.10.attention                       |               148224 |                        0 |                        0 |       0 |
| model.encoder.layers.10.attention.q_proj                |                37056 |                        0 |                        0 |       0 |
| model.encoder.layers.10.attention.k_proj                |                37056 |                        0 |                        0 |       0 |
| model.encoder.layers.10.attention.v_proj                |                37056 |                        0 |                        0 |       0 |
| model.encoder.layers.10.attention.o_proj                |                37056 |                        0 |                        0 |       0 |
| model.encoder.layers.10.layernorm_before                |                  384 |                        0 |                        0 |       0 |
| model.encoder.layers.10.layernorm_after                 |                  384 |                        0 |                        0 |       0 |
| model.encoder.layers.10.mlp                             |               295872 |                        0 |                        0 |       0 |
| model.encoder.layers.10.mlp.activation_fn               |                    0 |                        0 |                        0 |       0 |
| model.encoder.layers.10.mlp.fc1                         |               148224 |                        0 |                        0 |       0 |
| model.encoder.layers.10.mlp.fc2                         |               147648 |                        0 |                        0 |       0 |
| model.encoder.layers.10.dropout                         |                    0 |                        0 |                        0 |       0 |
| model.encoder.layers.11                                 |               444864 |                        0 |                        0 |       0 |
| model.encoder.layers.11.attention                       |               148224 |                        0 |                        0 |       0 |
| model.encoder.layers.11.attention.q_proj                |                37056 |                        0 |                        0 |       0 |
| model.encoder.layers.11.attention.k_proj                |                37056 |                        0 |                        0 |       0 |
| model.encoder.layers.11.attention.v_proj                |                37056 |                        0 |                        0 |       0 |
| model.encoder.layers.11.attention.o_proj                |                37056 |                        0 |                        0 |       0 |
| model.encoder.layers.11.layernorm_before                |                  384 |                        0 |                        0 |       0 |
| model.encoder.layers.11.layernorm_after                 |                  384 |                        0 |                        0 |       0 |
| model.encoder.layers.11.mlp                             |               295872 |                        0 |                        0 |       0 |
| model.encoder.layers.11.mlp.activation_fn               |                    0 |                        0 |                        0 |       0 |
| model.encoder.layers.11.mlp.fc1                         |               148224 |                        0 |                        0 |       0 |
| model.encoder.layers.11.mlp.fc2                         |               147648 |                        0 |                        0 |       0 |
| model.encoder.layers.11.dropout                         |                    0 |                        0 |                        0 |       0 |
| model.encoder.layernorm                                 |                  384 |                        0 |                        0 |       0 |
| model.predictor                                         |             10791360 |                        0 |                        0 |       0 |
| model.predictor.dropout                                 |                    0 |                        0 |                        0 |       0 |
| model.predictor.transformer                             |             10790784 |                        0 |                        0 |       0 |
| model.predictor.transformer.norm                        |                  384 |                        0 |                        0 |       0 |
| model.predictor.transformer.layers                      |             10790400 |                        0 |                        0 |       0 |
| model.predictor.transformer.layers.0                    |              1798400 |                        0 |                        0 |       0 |
| model.predictor.transformer.layers.0.attn               |               787008 |                        0 |                        0 |       0 |
| model.predictor.transformer.layers.0.attn.norm          |                  384 |                        0 |                        0 |       0 |
| model.predictor.transformer.layers.0.attn.attend        |                    0 |                        0 |                        0 |       0 |
| model.predictor.transformer.layers.0.attn.to_qkv        |               589824 |                        0 |                        0 |       0 |
| model.predictor.transformer.layers.0.attn.to_out        |               196800 |                        0 |                        0 |       0 |
| model.predictor.transformer.layers.0.attn.to_out.0      |               196800 |                        0 |                        0 |       0 |
| model.predictor.transformer.layers.0.attn.to_out.1      |                    0 |                        0 |                        0 |       0 |
| model.predictor.transformer.layers.0.mlp                |               789056 |                        0 |                        0 |       0 |
| model.predictor.transformer.layers.0.mlp.net            |               789056 |                        0 |                        0 |       0 |
| model.predictor.transformer.layers.0.mlp.net.0          |                  384 |                        0 |                        0 |       0 |
| model.predictor.transformer.layers.0.mlp.net.1          |               395264 |                        0 |                        0 |       0 |
| model.predictor.transformer.layers.0.mlp.net.2          |                    0 |                        0 |                        0 |       0 |
| model.predictor.transformer.layers.0.mlp.net.3          |                    0 |                        0 |                        0 |       0 |
| model.predictor.transformer.layers.0.mlp.net.4          |               393408 |                        0 |                        0 |       0 |
| model.predictor.transformer.layers.0.mlp.net.5          |                    0 |                        0 |                        0 |       0 |
| model.predictor.transformer.layers.0.norm1              |                    0 |                        0 |                        0 |       0 |
| model.predictor.transformer.layers.0.norm2              |                    0 |                        0 |                        0 |       0 |
| model.predictor.transformer.layers.0.adaLN_modulation   |               222336 |                        0 |                        0 |       0 |
| model.predictor.transformer.layers.0.adaLN_modulation.0 |                    0 |                        0 |                        0 |       0 |
| model.predictor.transformer.layers.0.adaLN_modulation.1 |               222336 |                        0 |                        0 |       0 |
| model.predictor.transformer.layers.1                    |              1798400 |                        0 |                        0 |       0 |
| model.predictor.transformer.layers.1.attn               |               787008 |                        0 |                        0 |       0 |
| model.predictor.transformer.layers.1.attn.norm          |                  384 |                        0 |                        0 |       0 |
| model.predictor.transformer.layers.1.attn.attend        |                    0 |                        0 |                        0 |       0 |
| model.predictor.transformer.layers.1.attn.to_qkv        |               589824 |                        0 |                        0 |       0 |
| model.predictor.transformer.layers.1.attn.to_out        |               196800 |                        0 |                        0 |       0 |
| model.predictor.transformer.layers.1.attn.to_out.0      |               196800 |                        0 |                        0 |       0 |
| model.predictor.transformer.layers.1.attn.to_out.1      |                    0 |                        0 |                        0 |       0 |
| model.predictor.transformer.layers.1.mlp                |               789056 |                        0 |                        0 |       0 |
| model.predictor.transformer.layers.1.mlp.net            |               789056 |                        0 |                        0 |       0 |
| model.predictor.transformer.layers.1.mlp.net.0          |                  384 |                        0 |                        0 |       0 |
| model.predictor.transformer.layers.1.mlp.net.1          |               395264 |                        0 |                        0 |       0 |
| model.predictor.transformer.layers.1.mlp.net.2          |                    0 |                        0 |                        0 |       0 |
| model.predictor.transformer.layers.1.mlp.net.3          |                    0 |                        0 |                        0 |       0 |
| model.predictor.transformer.layers.1.mlp.net.4          |               393408 |                        0 |                        0 |       0 |
| model.predictor.transformer.layers.1.mlp.net.5          |                    0 |                        0 |                        0 |       0 |
| model.predictor.transformer.layers.1.norm1              |                    0 |                        0 |                        0 |       0 |
| model.predictor.transformer.layers.1.norm2              |                    0 |                        0 |                        0 |       0 |
| model.predictor.transformer.layers.1.adaLN_modulation   |               222336 |                        0 |                        0 |       0 |
| model.predictor.transformer.layers.1.adaLN_modulation.0 |                    0 |                        0 |                        0 |       0 |
| model.predictor.transformer.layers.1.adaLN_modulation.1 |               222336 |                        0 |                        0 |       0 |
| model.predictor.transformer.layers.2                    |              1798400 |                        0 |                        0 |       0 |
| model.predictor.transformer.layers.2.attn               |               787008 |                        0 |                        0 |       0 |
| model.predictor.transformer.layers.2.attn.norm          |                  384 |                        0 |                        0 |       0 |
| model.predictor.transformer.layers.2.attn.attend        |                    0 |                        0 |                        0 |       0 |
| model.predictor.transformer.layers.2.attn.to_qkv        |               589824 |                        0 |                        0 |       0 |
| model.predictor.transformer.layers.2.attn.to_out        |               196800 |                        0 |                        0 |       0 |
| model.predictor.transformer.layers.2.attn.to_out.0      |               196800 |                        0 |                        0 |       0 |
| model.predictor.transformer.layers.2.attn.to_out.1      |                    0 |                        0 |                        0 |       0 |
| model.predictor.transformer.layers.2.mlp                |               789056 |                        0 |                        0 |       0 |
| model.predictor.transformer.layers.2.mlp.net            |               789056 |                        0 |                        0 |       0 |
| model.predictor.transformer.layers.2.mlp.net.0          |                  384 |                        0 |                        0 |       0 |
| model.predictor.transformer.layers.2.mlp.net.1          |               395264 |                        0 |                        0 |       0 |
| model.predictor.transformer.layers.2.mlp.net.2          |                    0 |                        0 |                        0 |       0 |
| model.predictor.transformer.layers.2.mlp.net.3          |                    0 |                        0 |                        0 |       0 |
| model.predictor.transformer.layers.2.mlp.net.4          |               393408 |                        0 |                        0 |       0 |
| model.predictor.transformer.layers.2.mlp.net.5          |                    0 |                        0 |                        0 |       0 |
| model.predictor.transformer.layers.2.norm1              |                    0 |                        0 |                        0 |       0 |
| model.predictor.transformer.layers.2.norm2              |                    0 |                        0 |                        0 |       0 |
| model.predictor.transformer.layers.2.adaLN_modulation   |               222336 |                        0 |                        0 |       0 |
| model.predictor.transformer.layers.2.adaLN_modulation.0 |                    0 |                        0 |                        0 |       0 |
| model.predictor.transformer.layers.2.adaLN_modulation.1 |               222336 |                        0 |                        0 |       0 |
| model.predictor.transformer.layers.3                    |              1798400 |                        0 |                        0 |       0 |
| model.predictor.transformer.layers.3.attn               |               787008 |                        0 |                        0 |       0 |
| model.predictor.transformer.layers.3.attn.norm          |                  384 |                        0 |                        0 |       0 |
| model.predictor.transformer.layers.3.attn.attend        |                    0 |                        0 |                        0 |       0 |
| model.predictor.transformer.layers.3.attn.to_qkv        |               589824 |                        0 |                        0 |       0 |
| model.predictor.transformer.layers.3.attn.to_out        |               196800 |                        0 |                        0 |       0 |
| model.predictor.transformer.layers.3.attn.to_out.0      |               196800 |                        0 |                        0 |       0 |
| model.predictor.transformer.layers.3.attn.to_out.1      |                    0 |                        0 |                        0 |       0 |
| model.predictor.transformer.layers.3.mlp                |               789056 |                        0 |                        0 |       0 |
| model.predictor.transformer.layers.3.mlp.net            |               789056 |                        0 |                        0 |       0 |
| model.predictor.transformer.layers.3.mlp.net.0          |                  384 |                        0 |                        0 |       0 |
| model.predictor.transformer.layers.3.mlp.net.1          |               395264 |                        0 |                        0 |       0 |
| model.predictor.transformer.layers.3.mlp.net.2          |                    0 |                        0 |                        0 |       0 |
| model.predictor.transformer.layers.3.mlp.net.3          |                    0 |                        0 |                        0 |       0 |
| model.predictor.transformer.layers.3.mlp.net.4          |               393408 |                        0 |                        0 |       0 |
| model.predictor.transformer.layers.3.mlp.net.5          |                    0 |                        0 |                        0 |       0 |
| model.predictor.transformer.layers.3.norm1              |                    0 |                        0 |                        0 |       0 |
| model.predictor.transformer.layers.3.norm2              |                    0 |                        0 |                        0 |       0 |
| model.predictor.transformer.layers.3.adaLN_modulation   |               222336 |                        0 |                        0 |       0 |
| model.predictor.transformer.layers.3.adaLN_modulation.0 |                    0 |                        0 |                        0 |       0 |
| model.predictor.transformer.layers.3.adaLN_modulation.1 |               222336 |                        0 |                        0 |       0 |
| model.predictor.transformer.layers.4                    |              1798400 |                        0 |                        0 |       0 |
| model.predictor.transformer.layers.4.attn               |               787008 |                        0 |                        0 |       0 |
| model.predictor.transformer.layers.4.attn.norm          |                  384 |                        0 |                        0 |       0 |
| model.predictor.transformer.layers.4.attn.attend        |                    0 |                        0 |                        0 |       0 |
| model.predictor.transformer.layers.4.attn.to_qkv        |               589824 |                        0 |                        0 |       0 |
| model.predictor.transformer.layers.4.attn.to_out        |               196800 |                        0 |                        0 |       0 |
| model.predictor.transformer.layers.4.attn.to_out.0      |               196800 |                        0 |                        0 |       0 |
| model.predictor.transformer.layers.4.attn.to_out.1      |                    0 |                        0 |                        0 |       0 |
| model.predictor.transformer.layers.4.mlp                |               789056 |                        0 |                        0 |       0 |
| model.predictor.transformer.layers.4.mlp.net            |               789056 |                        0 |                        0 |       0 |
| model.predictor.transformer.layers.4.mlp.net.0          |                  384 |                        0 |                        0 |       0 |
| model.predictor.transformer.layers.4.mlp.net.1          |               395264 |                        0 |                        0 |       0 |
| model.predictor.transformer.layers.4.mlp.net.2          |                    0 |                        0 |                        0 |       0 |
| model.predictor.transformer.layers.4.mlp.net.3          |                    0 |                        0 |                        0 |       0 |
| model.predictor.transformer.layers.4.mlp.net.4          |               393408 |                        0 |                        0 |       0 |
| model.predictor.transformer.layers.4.mlp.net.5          |                    0 |                        0 |                        0 |       0 |
| model.predictor.transformer.layers.4.norm1              |                    0 |                        0 |                        0 |       0 |
| model.predictor.transformer.layers.4.norm2              |                    0 |                        0 |                        0 |       0 |
| model.predictor.transformer.layers.4.adaLN_modulation   |               222336 |                        0 |                        0 |       0 |
| model.predictor.transformer.layers.4.adaLN_modulation.0 |                    0 |                        0 |                        0 |       0 |
| model.predictor.transformer.layers.4.adaLN_modulation.1 |               222336 |                        0 |                        0 |       0 |
| model.predictor.transformer.layers.5                    |              1798400 |                        0 |                        0 |       0 |
| model.predictor.transformer.layers.5.attn               |               787008 |                        0 |                        0 |       0 |
| model.predictor.transformer.layers.5.attn.norm          |                  384 |                        0 |                        0 |       0 |
| model.predictor.transformer.layers.5.attn.attend        |                    0 |                        0 |                        0 |       0 |
| model.predictor.transformer.layers.5.attn.to_qkv        |               589824 |                        0 |                        0 |       0 |
| model.predictor.transformer.layers.5.attn.to_out        |               196800 |                        0 |                        0 |       0 |
| model.predictor.transformer.layers.5.attn.to_out.0      |               196800 |                        0 |                        0 |       0 |
| model.predictor.transformer.layers.5.attn.to_out.1      |                    0 |                        0 |                        0 |       0 |
| model.predictor.transformer.layers.5.mlp                |               789056 |                        0 |                        0 |       0 |
| model.predictor.transformer.layers.5.mlp.net            |               789056 |                        0 |                        0 |       0 |
| model.predictor.transformer.layers.5.mlp.net.0          |                  384 |                        0 |                        0 |       0 |
| model.predictor.transformer.layers.5.mlp.net.1          |               395264 |                        0 |                        0 |       0 |
| model.predictor.transformer.layers.5.mlp.net.2          |                    0 |                        0 |                        0 |       0 |
| model.predictor.transformer.layers.5.mlp.net.3          |                    0 |                        0 |                        0 |       0 |
| model.predictor.transformer.layers.5.mlp.net.4          |               393408 |                        0 |                        0 |       0 |
| model.predictor.transformer.layers.5.mlp.net.5          |                    0 |                        0 |                        0 |       0 |
| model.predictor.transformer.layers.5.norm1              |                    0 |                        0 |                        0 |       0 |
| model.predictor.transformer.layers.5.norm2              |                    0 |                        0 |                        0 |       0 |
| model.predictor.transformer.layers.5.adaLN_modulation   |               222336 |                        0 |                        0 |       0 |
| model.predictor.transformer.layers.5.adaLN_modulation.0 |                    0 |                        0 |                        0 |       0 |
| model.predictor.transformer.layers.5.adaLN_modulation.1 |               222336 |                        0 |                        0 |       0 |
| model.predictor.transformer.input_proj                  |                    0 |                        0 |                        0 |       0 |
| model.predictor.transformer.cond_proj                   |                    0 |                        0 |                        0 |       0 |
| model.predictor.transformer.output_proj                 |                    0 |                        0 |                        0 |       0 |
| model.action_encoder                                    |               156136 |                        0 |                        0 |       0 |
| model.action_encoder.patch_embed                        |                   40 |                        0 |                        0 |       0 |
| model.action_encoder.embed                              |               156096 |                        0 |                        0 |       0 |
| model.action_encoder.embed.0                            |                 8448 |                        0 |                        0 |       0 |
| model.action_encoder.embed.1                            |                    0 |                        0 |                        0 |       0 |
| model.action_encoder.embed.2                            |               147648 |                        0 |                        0 |       0 |
| model.projector                                         |               792768 |                        0 |                        0 |    4097 |
| model.projector.net                                     |               792768 |                        0 |                        0 |    4097 |
| model.projector.net.0                                   |               395264 |                        0 |                        0 |       0 |
| model.projector.net.1                                   |                 4096 |                        0 |                        0 |    4097 |
| model.projector.net.2                                   |                    0 |                        0 |                        0 |       0 |
| model.projector.net.3                                   |               393408 |                        0 |                        0 |       0 |
| model.pred_proj                                         |               792768 |                        0 |                        0 |    4097 |
| model.pred_proj.net                                     |               792768 |                        0 |                        0 |    4097 |
| model.pred_proj.net.0                                   |               395264 |                        0 |                        0 |       0 |
| model.pred_proj.net.1                                   |                 4096 |                        0 |                        0 |    4097 |
| model.pred_proj.net.2                                   |                    0 |                        0 |                        0 |       0 |
| model.pred_proj.net.3                                   |               393408 |                        0 |                        0 |       0 |
| model.probe_head                                        |                  579 |                        0 |                        0 |       0 |
| sigreg                                                  |                    0 |                        0 |                        0 |      51 |
+---------------------------------------------------------+----------------------+--------------------------+--------------------------+---------+
00:43:11 | INFO  | utils.py    | ── SLURM ─────────────────────────────────────────
00:43:11 | INFO  | trainer_inf~|   Job ID: N/A
00:43:11 | INFO  | trainer_inf~|   Task ID: N/A
00:43:11 | INFO  | trainer_inf~|   Job Name: N/A
00:43:11 | INFO  | trainer_inf~|   Nodes: N/A
00:43:11 | INFO  | trainer_inf~|   Tasks: N/A
00:43:11 | INFO  | trainer_inf~|   CPUs per node: N/A
00:43:11 | INFO  | trainer_inf~|   CPUs per task: N/A
00:43:11 | INFO  | trainer_inf~|   Memory per node: N/A
00:43:11 | INFO  | trainer_inf~|   Memory per CPU: N/A
00:43:11 | INFO  | trainer_inf~|   Time limit: N/A
00:43:11 | INFO  | trainer_inf~|   Partition: N/A
00:43:11 | INFO  | trainer_inf~|   Node List: N/A
00:43:11 | INFO  | trainer_inf~|   Submit Directory: N/A
00:43:11 | INFO  | utils.py    | ── HardwareMonitor ───────────────────────────────
00:43:11 | INFO  | hardware_mo~|   interval: 10.0s
00:43:11 | INFO  | hardware_mo~|   prefix:   'hardware/'
00:43:11 | INFO  | hardware_mo~|   metrics:  cpu=True ram=True disk=True net=True gpu=True
00:43:11 | INFO  | hardware_mo~|   per-rank: rank 0 only
00:43:11 | WARN  | env_info.py | ! pip freeze failed: Command '['/home/likun-share/junjxu/wm/le-wm/.venv/bin/python', '-m', 'pip', 'freeze']' returned non-zero exit status 1.
00:43:11 | OK    | env_info.py | ✓ Packages: 0 packages collected in 0.02s
LOCAL_RANK: 0 - CUDA_VISIBLE_DEVICES: [1]
00:43:11 | WARN  | hardware_mo~| HardwareMonitor: pynvml unavailable (ModuleNotFoundError("No module named 'pynvml'")); GPU metrics disabled.
00:43:11 | INFO  | utils.py    | ── Optimizers ────────────────────────────────────
00:43:11 | INFO  | module.py   |   Optimizer specified by Dict with keys ['model_opt']
00:43:11 | INFO  | module.py   | 
┏━━━━━━━━━━━━━┳━━━━━━━━━━━┳━━━━━━━━━━━━━━━━━━━┳━━━━━━━━━━━━━━━━━┳━━━━━━━━━━━━━━━━┳━━━━━━━━━━━━━━━━━━━━━━━━┓
┃ Optimizer   ┃ Pattern   ┃   Matched Modules ┃   Param Tensors ┃   Total Params ┃   RequiresGrad Tensors ┃
┣━━━━━━━━━━━━━╋━━━━━━━━━━━╋━━━━━━━━━━━━━━━━━━━╋━━━━━━━━━━━━━━━━━╋━━━━━━━━━━━━━━━━╋━━━━━━━━━━━━━━━━━━━━━━━━┫
┃ model_opt   ┃ model     ┃               317 ┃             299 ┃       18034987 ┃                    299 ┃
┗━━━━━━━━━━━━━┻━━━━━━━━━━━┻━━━━━━━━━━━━━━━━━━━┻━━━━━━━━━━━━━━━━━┻━━━━━━━━━━━━━━━━┻━━━━━━━━━━━━━━━━━━━━━━━━┛
00:43:11 | INFO  | lr_schedule~| 	User provided a dict
Loading `train_dataloader` to estimate number of stepping batches.
/home/likun-share/junjxu/wm/le-wm/.venv/lib/python3.10/site-packages/lance/__init__.py:320: UserWarning: lance is not fork-safe. If you are using multiprocessing, use spawn or forkserver instead.
  warnings.warn(
/usr/lib/python3.10/multiprocessing/popen_fork.py:66: RuntimeWarning: lancedb fork support is experimental: the internal async runtime has been reset in the forked child, but a small chance of deadlock remains if other state was mid-operation at fork time. The 'forkserver' or 'spawn' multiprocessing start method is likely a safer alternative.
  self.pid = os.fork()
/usr/lib/python3.10/multiprocessing/popen_fork.py:66: RuntimeWarning: lancedb fork support is experimental: the internal async runtime has been reset in the forked child, but a small chance of deadlock remains if other state was mid-operation at fork time. The 'forkserver' or 'spawn' multiprocessing start method is likely a safer alternative.
  self.pid = os.fork()
/usr/lib/python3.10/multiprocessing/popen_fork.py:66: RuntimeWarning: lancedb fork support is experimental: the internal async runtime has been reset in the forked child, but a small chance of deadlock remains if other state was mid-operation at fork time. The 'forkserver' or 'spawn' multiprocessing start method is likely a safer alternative.
  self.pid = os.fork()
/usr/lib/python3.10/multiprocessing/popen_fork.py:66: RuntimeWarning: lancedb fork support is experimental: the internal async runtime has been reset in the forked child, but a small chance of deadlock remains if other state was mid-operation at fork time. The 'forkserver' or 'spawn' multiprocessing start method is likely a safer alternative.
  self.pid = os.fork()
/usr/lib/python3.10/multiprocessing/popen_fork.py:66: RuntimeWarning: lancedb fork support is experimental: the internal async runtime has been reset in the forked child, but a small chance of deadlock remains if other state was mid-operation at fork time. The 'forkserver' or 'spawn' multiprocessing start method is likely a safer alternative.
  self.pid = os.fork()
/usr/lib/python3.10/multiprocessing/popen_fork.py:66: RuntimeWarning: lancedb fork support is experimental: the internal async runtime has been reset in the forked child, but a small chance of deadlock remains if other state was mid-operation at fork time. The 'forkserver' or 'spawn' multiprocessing start method is likely a safer alternative.
  self.pid = os.fork()
00:43:11 | INFO  | module.py   |   Configured optimizer 'model_opt' (modules=317, param_tensors=299, total_params=18034987) with LinearWarmupCosineAnnealingLR scheduler.
/home/likun-share/junjxu/wm/le-wm/.venv/lib/python3.10/site-packages/lightning/pytorch/utilities/model_summary/model_summary.py:242: Precision bf16-mixed is not supported by the model summary.  Estimated model size in MB will not be accurate. Using 32 bits instead.
┏━━━┳━━━━━━━━━━━━━━━━━━━┳━━━━━━━━━━━━┳━━━━━━━━┳━━━━━━━┳━━━━━━━┓
┃   ┃ Name              ┃ Type       ┃ Params ┃ Mode  ┃ FLOPs ┃
┡━━━╇━━━━━━━━━━━━━━━━━━━╇━━━━━━━━━━━━╇━━━━━━━━╇━━━━━━━╇━━━━━━━┩
│ 0 │ callbacks_modules │ ModuleDict │      0 │ train │     0 │
│ 1 │ callbacks_metrics │ ModuleDict │      0 │ train │     0 │
│ 2 │ model             │ JEPA       │ 18.0 M │ train │     0 │
│ 3 │ sigreg            │ SIGReg     │      0 │ train │     0 │
└───┴───────────────────┴────────────┴────────┴───────┴───────┘
Trainable params: 18.0 M                                                        
Non-trainable params: 0                                                         
Total params: 18.0 M                                                            
Total estimated model params size (MB): 72.140                                  
Modules in train mode: 320                                                      
Modules in eval mode: 0                                                         
Total FLOPs: 0                                                                  
00:43:11 | INFO  | logger.py   | [RegistryLogger] summary.json flushed (0 metrics, step=0, epoch=0) → /data1/likun-share/junjxu/.cache_stable-pretraining/runs/20260707/004310/a0dd62784e46/summary.json
/home/likun-share/junjxu/wm/le-wm/.venv/lib/python3.10/site-packages/lance/__init__.py:320: UserWarning: lance is not fork-safe. If you are using multiprocessing, use spawn or forkserver instead.
  warnings.warn(
/usr/lib/python3.10/multiprocessing/popen_fork.py:66: RuntimeWarning: lancedb fork support is experimental: the internal async runtime has been reset in the forked child, but a small chance of deadlock remains if other state was mid-operation at fork time. The 'forkserver' or 'spawn' multiprocessing start method is likely a safer alternative.
  self.pid = os.fork()
/usr/lib/python3.10/multiprocessing/popen_fork.py:66: RuntimeWarning: lancedb fork support is experimental: the internal async runtime has been reset in the forked child, but a small chance of deadlock remains if other state was mid-operation at fork time. The 'forkserver' or 'spawn' multiprocessing start method is likely a safer alternative.
  self.pid = os.fork()
/usr/lib/python3.10/multiprocessing/popen_fork.py:66: RuntimeWarning: lancedb fork support is experimental: the internal async runtime has been reset in the forked child, but a small chance of deadlock remains if other state was mid-operation at fork time. The 'forkserver' or 'spawn' multiprocessing start method is likely a safer alternative.
  self.pid = os.fork()
00:43:11 | OK    | env_info.py | ✓ NVIDIA Driver: 580.65.06
/usr/lib/python3.10/multiprocessing/popen_fork.py:66: RuntimeWarning: lancedb fork support is experimental: the internal async runtime has been reset in the forked child, but a small chance of deadlock remains if other state was mid-operation at fork time. The 'forkserver' or 'spawn' multiprocessing start method is likely a safer alternative.
  self.pid = os.fork()
/home/likun-share/junjxu/wm/le-wm/.venv/lib/python3.10/site-packages/lance/__init__.py:320: UserWarning: lance is not fork-safe. If you are using multiprocessing, use spawn or forkserver instead.
  warnings.warn(
/usr/lib/python3.10/multiprocessing/popen_fork.py:66: RuntimeWarning: lancedb fork support is experimental: the internal async runtime has been reset in the forked child, but a small chance of deadlock remains if other state was mid-operation at fork time. The 'forkserver' or 'spawn' multiprocessing start method is likely a safer alternative.
  self.pid = os.fork()
/usr/lib/python3.10/multiprocessing/popen_fork.py:66: RuntimeWarning: lancedb fork support is experimental: the internal async runtime has been reset in the forked child, but a small chance of deadlock remains if other state was mid-operation at fork time. The 'forkserver' or 'spawn' multiprocessing start method is likely a safer alternative.
  self.pid = os.fork()
/home/likun-share/junjxu/wm/le-wm/.venv/lib/python3.10/site-packages/lightning/pytorch/utilities/data.py:79: Trying to infer the `batch_size` from an ambiguous collection. The batch size we found is 32. To avoid any miscalculations, use `self.log(..., batch_size=batch_size)`.
00:43:18 | INFO  | trainer_inf~| \n+----------------------------+-------------------+
|           Metric           |       Value       |
+----------------------------+-------------------+
|       [0;34;40mvalidate/loss[0m        | [0;32;40m2.506059169769287[0m |
|    [0;34;40mvalidate/loss_epoch[0m     | [0;32;40m2.506059169769287[0m |
|     [0;34;40mvalidate/pred_loss[0m     | [0;32;40m1.271684169769287[0m |
|  [0;34;40mvalidate/pred_loss_epoch[0m  | [0;32;40m1.271684169769287[0m |
|    [0;34;40mvalidate/sigreg_loss[0m    |       [0;32;40m13.75[0m       |
| [0;34;40mvalidate/sigreg_loss_epoch[0m |       [0;32;40m13.75[0m       |
+----------------------------+-------------------+
00:43:18 | WARN  | hf_models.py| ! No Hugging Face (PreTrainedModel) submodules found in LightningModule.
00:43:18 | INFO  | utils.py    | ── Optimizers ────────────────────────────────────
00:43:18 | INFO  | module.py   |   self.optimizers() gave us 1 optimizers
00:43:18 | WARN  | module.py   | ! No clip val found for optimizer default_0
00:43:18 | WARN  | module.py   | ! Will use the Trainer's value of 1.0
00:43:18 | WARN  | module.py   | ! No clip algorithm found for optimizer default_0
00:43:18 | WARN  | module.py   | ! Will use the Trainer's value of None
00:43:18 | OK    | module.py   | ✓ Optimizer check complete:
+------------+-----------+----------------+-----------+-----------+
| Opt. Index | Opt. name |      opt       | clip val. | clip alg. |
+------------+-----------+----------------+-----------+-----------+
|     0      | default_0 | LightningAdamW |    1.0    |    None   |
+------------+-----------+----------------+-----------+-----------+
00:43:18 | INFO  | utils.py    | ── LogUnusedParametersOnce ───────────────────────
00:43:18 | INFO  | unused_para~|   registered hooks on 299 leaf parameters
00:43:21 | WARN  | unused_para~| ! the following parameters did NOT receive gradients on the first backward pass (potentially causing Lightning's 'unused parameters' error):
00:43:21 | WARN  | unused_para~|   model.probe_head.weight
00:43:21 | WARN  | unused_para~|   model.probe_head.bias
00:43:21 | INFO  | unused_para~|   hooks removed, callback disabled
[Epoch 0/20] step 50/2077 (1.8 it/s)
[Epoch 0/20] step 100/2077 (2.0 it/s)
[Epoch 0/20] step 150/2077 (2.0 it/s)
[Epoch 0/20] step 200/2077 (2.1 it/s)
[Epoch 0/20] step 250/2077 (2.1 it/s)
[Epoch 0/20] step 300/2077 (2.1 it/s)
[Epoch 0/20] step 350/2077 (2.1 it/s)
[Epoch 0/20] step 400/2077 (2.1 it/s)
[Epoch 0/20] step 450/2077 (2.1 it/s)
[Epoch 0/20] step 500/2077 (2.1 it/s)
[Epoch 0/20] step 550/2077 (2.1 it/s)
[Epoch 0/20] step 600/2077 (2.1 it/s)
[Epoch 0/20] step 650/2077 (2.1 it/s)
[Epoch 0/20] step 700/2077 (2.1 it/s)
[Epoch 0/20] step 750/2077 (2.1 it/s)
[Epoch 0/20] step 800/2077 (2.1 it/s)
[Epoch 0/20] step 850/2077 (2.1 it/s)
[Epoch 0/20] step 900/2077 (2.2 it/s)
[Epoch 0/20] step 950/2077 (2.2 it/s)
[Epoch 0/20] step 1000/2077 (2.2 it/s)
[Epoch 0/20] step 1050/2077 (2.2 it/s)
[Epoch 0/20] step 1100/2077 (2.2 it/s)
[Epoch 0/20] step 1150/2077 (2.2 it/s)
[Epoch 0/20] step 1200/2077 (2.2 it/s)
[Epoch 0/20] step 1250/2077 (2.2 it/s)
[Epoch 0/20] step 1300/2077 (2.2 it/s)
[Epoch 0/20] step 1350/2077 (2.2 it/s)
[Epoch 0/20] step 1400/2077 (2.2 it/s)
[Epoch 0/20] step 1450/2077 (2.2 it/s)
[Epoch 0/20] step 1500/2077 (2.2 it/s)
[Epoch 0/20] step 1550/2077 (2.2 it/s)
[Epoch 0/20] step 1600/2077 (2.2 it/s)
[Epoch 0/20] step 1650/2077 (2.2 it/s)
[Epoch 0/20] step 1700/2077 (2.2 it/s)
[Epoch 0/20] step 1750/2077 (2.2 it/s)
[Epoch 0/20] step 1800/2077 (2.2 it/s)
[Epoch 0/20] step 1850/2077 (2.2 it/s)
[Epoch 0/20] step 1900/2077 (2.2 it/s)
[Epoch 0/20] step 1950/2077 (2.2 it/s)
[Epoch 0/20] step 2000/2077 (2.2 it/s)
[Epoch 0/20] step 2050/2077 (2.2 it/s)
/home/likun-share/junjxu/wm/le-wm/.venv/lib/python3.10/site-packages/lightning/pytorch/utilities/data.py:79: Trying to infer the `batch_size` from an ambiguous collection. The batch size we found is 26. To avoid any miscalculations, use `self.log(..., batch_size=batch_size)`.
01:00:11 | INFO  | trainer_inf~| \n+----------------------------+-----------------------+
|           Metric           |         Value         |
+----------------------------+-----------------------+
|          [0;34;40mfit/loss[0m          |   [0;32;40m0.1853751838207245[0m  |
|       [0;34;40mfit/pred_loss[0m        |  [0;32;40m0.03889080137014389[0m  |
|      [0;34;40mfit/sigreg_loss[0m       |       [0;32;40m1.6328125[0m       |
|    [0;34;40mhardware/cpu_percent[0m    |   [0;32;40m28.399999618530273[0m  |
|  [0;34;40mhardware/disk_read_mb_s[0m   | [0;32;40m0.0003905475896317512[0m |
|  [0;34;40mhardware/disk_write_mb_s[0m  |   [0;32;40m0.2839280962944031[0m  |
|   [0;34;40mhardware/net_recv_mb_s[0m   |  [0;32;40m0.031415052711963654[0m |
|   [0;34;40mhardware/net_sent_mb_s[0m   |  [0;32;40m0.02208329178392887[0m  |
|    [0;34;40mhardware/ram_used_gb[0m    |    [0;32;40m134.69287109375[0m    |
|   [0;34;40mhardware/ram_used_pct[0m    |   [0;32;40m13.399999618530273[0m  |
|    [0;34;40mhparams/lr_default_0[0m    | [0;32;40m4.979877849109471e-05[0m |
|       [0;34;40mvalidate/loss[0m        |  [0;32;40m0.23697707056999207[0m  |
|    [0;34;40mvalidate/loss_epoch[0m     |  [0;32;40m0.23697707056999207[0m  |
|     [0;34;40mvalidate/pred_loss[0m     |  [0;32;40m0.04536449536681175[0m  |
|  [0;34;40mvalidate/pred_loss_epoch[0m  |  [0;32;40m0.04536449536681175[0m  |
|    [0;34;40mvalidate/sigreg_loss[0m    |   [0;32;40m2.1286683082580566[0m  |
| [0;34;40mvalidate/sigreg_loss_epoch[0m |   [0;32;40m2.1286683082580566[0m  |
+----------------------------+-----------------------+
[Epoch 0/20] done in 1012.9s
01:00:11 | INFO  | checkpoint_~|   Checking for non PyTorch modules to save
01:00:11 | INFO  | atomic_chec~| [atomic_save] → /data1/likun-share/junjxu/.cache_stable-pretraining/runs/20260707/004310/a0dd62784e46/checkpoints/epoch=0-step=2077.ckpt
01:00:11 | INFO  | atomic_chec~| [atomic_save] ✓ epoch=0-step=2077.ckpt saved (206.8 MiB, serialise=0.29s write=0.18s rename=0.1ms)
01:00:11 | INFO  | checkpoint_~|   Checking for non PyTorch modules to save
01:00:11 | INFO  | atomic_chec~| [atomic_save] → /data1/likun-share/junjxu/.cache_stable-pretraining/runs/20260707/004310/a0dd62784e46/checkpoints/last.ckpt
01:00:12 | INFO  | atomic_chec~| [atomic_save] ✓ last.ckpt saved (206.8 MiB, serialise=0.26s write=0.18s rename=0.1ms)
[Epoch 1/20] step 50/2077 (2.0 it/s)
[Epoch 1/20] step 100/2077 (2.1 it/s)
[Epoch 1/20] step 150/2077 (2.2 it/s)
[Epoch 1/20] step 200/2077 (2.2 it/s)
[Epoch 1/20] step 250/2077 (2.2 it/s)
[Epoch 1/20] step 300/2077 (2.2 it/s)
[Epoch 1/20] step 350/2077 (2.2 it/s)
[Epoch 1/20] step 400/2077 (2.2 it/s)
[Epoch 1/20] step 450/2077 (2.2 it/s)
[Epoch 1/20] step 500/2077 (2.1 it/s)
[Epoch 1/20] step 550/2077 (2.0 it/s)
[Epoch 1/20] step 600/2077 (2.0 it/s)
[Epoch 1/20] step 650/2077 (1.9 it/s)
[Epoch 1/20] step 700/2077 (1.9 it/s)
[Epoch 1/20] step 750/2077 (1.9 it/s)
[Epoch 1/20] step 800/2077 (1.8 it/s)
[Epoch 1/20] step 850/2077 (1.8 it/s)
[Epoch 1/20] step 900/2077 (1.8 it/s)
[Epoch 1/20] step 950/2077 (1.8 it/s)
[Epoch 1/20] step 1000/2077 (1.8 it/s)
[Epoch 1/20] step 1050/2077 (1.8 it/s)
[Epoch 1/20] step 1100/2077 (1.7 it/s)
[Epoch 1/20] step 1150/2077 (1.7 it/s)
[Epoch 1/20] step 1200/2077 (1.7 it/s)
[Epoch 1/20] step 1250/2077 (1.7 it/s)
[Epoch 1/20] step 1300/2077 (1.7 it/s)
[Epoch 1/20] step 1350/2077 (1.7 it/s)
[Epoch 1/20] step 1400/2077 (1.7 it/s)
[Epoch 1/20] step 1450/2077 (1.7 it/s)
[Epoch 1/20] step 1500/2077 (1.7 it/s)
[Epoch 1/20] step 1550/2077 (1.7 it/s)
[Epoch 1/20] step 1600/2077 (1.7 it/s)
[Epoch 1/20] step 1650/2077 (1.7 it/s)
[Epoch 1/20] step 1700/2077 (1.7 it/s)
[Epoch 1/20] step 1750/2077 (1.7 it/s)
[Epoch 1/20] step 1800/2077 (1.7 it/s)
[Epoch 1/20] step 1850/2077 (1.7 it/s)
[Epoch 1/20] step 1900/2077 (1.7 it/s)
[Epoch 1/20] step 1950/2077 (1.7 it/s)
[Epoch 1/20] step 2000/2077 (1.6 it/s)
[Epoch 1/20] step 2050/2077 (1.6 it/s)
01:22:32 | INFO  | trainer_inf~| \n+----------------------------+-----------------------+
|           Metric           |         Value         |
+----------------------------+-----------------------+
|          [0;34;40mfit/loss[0m          |   [0;32;40m0.160443976521492[0m   |
|       [0;34;40mfit/pred_loss[0m        |  [0;32;40m0.021772095933556557[0m |
|      [0;34;40mfit/sigreg_loss[0m       |       [0;32;40m1.5390625[0m       |
|    [0;34;40mhardware/cpu_percent[0m    |   [0;32;40m33.29999923706055[0m   |
|  [0;34;40mhardware/disk_read_mb_s[0m   |          [0;32;40m0.0[0m          |
|  [0;34;40mhardware/disk_write_mb_s[0m  |   [0;32;40m0.2565876543521881[0m  |
|   [0;34;40mhardware/net_recv_mb_s[0m   | [0;32;40m0.0017566868336871266[0m |
|   [0;34;40mhardware/net_sent_mb_s[0m   |  [0;32;40m0.03692074492573738[0m  |
|    [0;34;40mhardware/ram_used_gb[0m    |   [0;32;40m204.92742919921875[0m  |
|   [0;34;40mhardware/ram_used_pct[0m    |   [0;32;40m20.299999237060547[0m  |
|    [0;34;40mhparams/lr_default_0[0m    | [0;32;40m4.898712722933851e-05[0m |
|       [0;34;40mvalidate/loss[0m        |  [0;32;40m0.21546834707260132[0m  |
|    [0;34;40mvalidate/loss_epoch[0m     |  [0;32;40m0.21546834707260132[0m  |
|     [0;34;40mvalidate/pred_loss[0m     |  [0;32;40m0.03353714197874069[0m  |
|  [0;34;40mvalidate/pred_loss_epoch[0m  |  [0;32;40m0.03353714197874069[0m  |
|    [0;34;40mvalidate/sigreg_loss[0m    |   [0;32;40m2.0212395191192627[0m  |
| [0;34;40mvalidate/sigreg_loss_epoch[0m |   [0;32;40m2.0212395191192627[0m  |
+----------------------------+-----------------------+
[Epoch 1/20] done in 1340.3s
01:22:32 | INFO  | checkpoint_~|   Checking for non PyTorch modules to save
01:22:32 | INFO  | atomic_chec~| [atomic_save] → /data1/likun-share/junjxu/.cache_stable-pretraining/runs/20260707/004310/a0dd62784e46/checkpoints/epoch=1-step=4154.ckpt
01:22:33 | INFO  | atomic_chec~| [atomic_save] ✓ epoch=1-step=4154.ckpt saved (206.8 MiB, serialise=0.30s write=0.21s rename=0.0ms)
01:22:33 | INFO  | checkpoint_~|   Checking for non PyTorch modules to save
01:22:33 | INFO  | atomic_chec~| [atomic_save] → /data1/likun-share/junjxu/.cache_stable-pretraining/runs/20260707/004310/a0dd62784e46/checkpoints/last.ckpt
01:22:33 | INFO  | atomic_chec~| [atomic_save] ✓ last.ckpt saved (206.8 MiB, serialise=0.29s write=0.20s rename=38.2ms)
[Epoch 2/20] step 50/2077 (1.4 it/s)
[Epoch 2/20] step 100/2077 (1.5 it/s)
[Epoch 2/20] step 150/2077 (1.5 it/s)
[Epoch 2/20] step 200/2077 (1.5 it/s)
[Epoch 2/20] step 250/2077 (1.5 it/s)
[Epoch 2/20] step 300/2077 (1.5 it/s)
[Epoch 2/20] step 350/2077 (1.5 it/s)
[Epoch 2/20] step 400/2077 (1.5 it/s)
[Epoch 2/20] step 450/2077 (1.5 it/s)
[Epoch 2/20] step 500/2077 (1.5 it/s)
[Epoch 2/20] step 550/2077 (1.5 it/s)
[Epoch 2/20] step 600/2077 (1.5 it/s)
[Epoch 2/20] step 650/2077 (1.5 it/s)
[Epoch 2/20] step 700/2077 (1.5 it/s)
[Epoch 2/20] step 750/2077 (1.5 it/s)
[Epoch 2/20] step 800/2077 (1.5 it/s)
[Epoch 2/20] step 850/2077 (1.5 it/s)
[Epoch 2/20] step 900/2077 (1.5 it/s)
[Epoch 2/20] step 950/2077 (1.5 it/s)
[Epoch 2/20] step 1000/2077 (1.5 it/s)
[Epoch 2/20] step 1050/2077 (1.5 it/s)
[Epoch 2/20] step 1100/2077 (1.5 it/s)
[Epoch 2/20] step 1150/2077 (1.5 it/s)
[Epoch 2/20] step 1200/2077 (1.5 it/s)
[Epoch 2/20] step 1250/2077 (1.5 it/s)
[Epoch 2/20] step 1300/2077 (1.5 it/s)
[Epoch 2/20] step 1350/2077 (1.5 it/s)
[Epoch 2/20] step 1400/2077 (1.5 it/s)
[Epoch 2/20] step 1450/2077 (1.5 it/s)
[Epoch 2/20] step 1500/2077 (1.5 it/s)
[Epoch 2/20] step 1550/2077 (1.5 it/s)
[Epoch 2/20] step 1600/2077 (1.5 it/s)
[Epoch 2/20] step 1650/2077 (1.5 it/s)
[Epoch 2/20] step 1700/2077 (1.5 it/s)
[Epoch 2/20] step 1750/2077 (1.5 it/s)
[Epoch 2/20] step 1800/2077 (1.5 it/s)
[Epoch 2/20] step 1850/2077 (1.5 it/s)
[Epoch 2/20] step 1900/2077 (1.5 it/s)
[Epoch 2/20] step 1950/2077 (1.5 it/s)
[Epoch 2/20] step 2000/2077 (1.5 it/s)
[Epoch 2/20] step 2050/2077 (1.5 it/s)
01:45:58 | INFO  | trainer_inf~| \n+----------------------------+------------------------+
|           Metric           |         Value          |
+----------------------------+------------------------+
|          [0;34;40mfit/loss[0m          |  [0;32;40m0.12115944921970367[0m   |
|       [0;34;40mfit/pred_loss[0m        |  [0;32;40m0.026432888582348824[0m  |
|      [0;34;40mfit/sigreg_loss[0m       |       [0;32;40m1.0546875[0m        |
|    [0;34;40mhardware/cpu_percent[0m    |   [0;32;40m15.399999618530273[0m   |
|  [0;34;40mhardware/disk_read_mb_s[0m   |          [0;32;40m0.0[0m           |
|  [0;34;40mhardware/disk_write_mb_s[0m  |  [0;32;40m0.14880000054836273[0m   |
|   [0;34;40mhardware/net_recv_mb_s[0m   | [0;32;40m0.0011937745148316026[0m  |
|   [0;34;40mhardware/net_sent_mb_s[0m   |  [0;32;40m0.03643167391419411[0m   |
|    [0;34;40mhardware/ram_used_gb[0m    |   [0;32;40m114.74243927001953[0m   |
|   [0;34;40mhardware/ram_used_pct[0m    |   [0;32;40m11.399999618530273[0m   |
|    [0;34;40mhparams/lr_default_0[0m    | [0;32;40m4.7572881157975644e-05[0m |
|       [0;34;40mvalidate/loss[0m        |   [0;32;40m0.2113482654094696[0m   |
|    [0;34;40mvalidate/loss_epoch[0m     |   [0;32;40m0.2113482654094696[0m   |
|     [0;34;40mvalidate/pred_loss[0m     |  [0;32;40m0.03531428053975105[0m   |
|  [0;34;40mvalidate/pred_loss_epoch[0m  |  [0;32;40m0.03531428053975105[0m   |
|    [0;34;40mvalidate/sigreg_loss[0m    |   [0;32;40m1.9556635618209839[0m   |
| [0;34;40mvalidate/sigreg_loss_epoch[0m |   [0;32;40m1.9556635618209839[0m   |
+----------------------------+------------------------+
[Epoch 2/20] done in 1404.8s
01:45:58 | INFO  | checkpoint_~|   Checking for non PyTorch modules to save
01:45:58 | INFO  | atomic_chec~| [atomic_save] → /data1/likun-share/junjxu/.cache_stable-pretraining/runs/20260707/004310/a0dd62784e46/checkpoints/epoch=2-step=6231.ckpt
01:45:59 | INFO  | atomic_chec~| [atomic_save] ✓ epoch=2-step=6231.ckpt saved (206.8 MiB, serialise=0.26s write=0.18s rename=0.1ms)
01:45:59 | INFO  | checkpoint_~|   Checking for non PyTorch modules to save
01:45:59 | INFO  | atomic_chec~| [atomic_save] → /data1/likun-share/junjxu/.cache_stable-pretraining/runs/20260707/004310/a0dd62784e46/checkpoints/last.ckpt
01:45:59 | INFO  | atomic_chec~| [atomic_save] ✓ last.ckpt saved (206.8 MiB, serialise=0.25s write=0.18s rename=25.7ms)
[Epoch 3/20] step 50/2077 (1.6 it/s)
[Epoch 3/20] step 100/2077 (1.6 it/s)
[Epoch 3/20] step 150/2077 (1.6 it/s)
[Epoch 3/20] step 200/2077 (1.6 it/s)
[Epoch 3/20] step 250/2077 (1.6 it/s)
[Epoch 3/20] step 300/2077 (1.6 it/s)
[Epoch 3/20] step 350/2077 (1.6 it/s)
[Epoch 3/20] step 400/2077 (1.6 it/s)
[Epoch 3/20] step 450/2077 (1.6 it/s)
[Epoch 3/20] step 500/2077 (1.6 it/s)
[Epoch 3/20] step 550/2077 (1.6 it/s)
[Epoch 3/20] step 600/2077 (1.6 it/s)
[Epoch 3/20] step 650/2077 (1.6 it/s)
[Epoch 3/20] step 700/2077 (1.6 it/s)
[Epoch 3/20] step 750/2077 (1.6 it/s)
[Epoch 3/20] step 800/2077 (1.6 it/s)
[Epoch 3/20] step 850/2077 (1.6 it/s)
[Epoch 3/20] step 900/2077 (1.6 it/s)
[Epoch 3/20] step 950/2077 (1.7 it/s)
[Epoch 3/20] step 1000/2077 (1.7 it/s)
[Epoch 3/20] step 1050/2077 (1.7 it/s)
[Epoch 3/20] step 1100/2077 (1.7 it/s)
[Epoch 3/20] step 1150/2077 (1.7 it/s)
[Epoch 3/20] step 1200/2077 (1.8 it/s)
[Epoch 3/20] step 1250/2077 (1.8 it/s)
[Epoch 3/20] step 1300/2077 (1.8 it/s)
[Epoch 3/20] step 1350/2077 (1.8 it/s)
[Epoch 3/20] step 1400/2077 (1.8 it/s)
[Epoch 3/20] step 1450/2077 (1.8 it/s)
[Epoch 3/20] step 1500/2077 (1.8 it/s)
[Epoch 3/20] step 1550/2077 (1.9 it/s)
[Epoch 3/20] step 1600/2077 (1.9 it/s)
[Epoch 3/20] step 1650/2077 (1.9 it/s)
[Epoch 3/20] step 1700/2077 (1.9 it/s)
[Epoch 3/20] step 1750/2077 (1.9 it/s)
[Epoch 3/20] step 1800/2077 (1.9 it/s)
[Epoch 3/20] step 1850/2077 (1.9 it/s)
[Epoch 3/20] step 1900/2077 (1.9 it/s)
[Epoch 3/20] step 1950/2077 (1.9 it/s)
[Epoch 3/20] step 2000/2077 (1.9 it/s)
[Epoch 3/20] step 2050/2077 (1.9 it/s)
02:04:52 | INFO  | trainer_inf~| \n+----------------------------+------------------------+
|           Metric           |         Value          |
+----------------------------+------------------------+
|          [0;34;40mfit/loss[0m          |  [0;32;40m0.13256831467151642[0m   |
|       [0;34;40mfit/pred_loss[0m        |  [0;32;40m0.019287066534161568[0m  |
|      [0;34;40mfit/sigreg_loss[0m       |       [0;32;40m1.2578125[0m        |
|    [0;34;40mhardware/cpu_percent[0m    |   [0;32;40m11.699999809265137[0m   |
|  [0;34;40mhardware/disk_read_mb_s[0m   |          [0;32;40m0.0[0m           |
|  [0;34;40mhardware/disk_write_mb_s[0m  |  [0;32;40m0.13551953434944153[0m   |
|   [0;34;40mhardware/net_recv_mb_s[0m   |  [0;32;40m0.006410640198737383[0m  |
|   [0;34;40mhardware/net_sent_mb_s[0m   |  [0;32;40m0.04097779467701912[0m   |
|    [0;34;40mhardware/ram_used_gb[0m    |   [0;32;40m61.928680419921875[0m   |
|   [0;34;40mhardware/ram_used_pct[0m    |   [0;32;40m6.099999904632568[0m    |
|    [0;34;40mhparams/lr_default_0[0m    | [0;32;40m4.5591565140057355e-05[0m |
|       [0;34;40mvalidate/loss[0m        |   [0;32;40m0.205987811088562[0m    |
|    [0;34;40mvalidate/loss_epoch[0m     |   [0;32;40m0.205987811088562[0m    |
|     [0;34;40mvalidate/pred_loss[0m     |  [0;32;40m0.03450016677379608[0m   |
|  [0;34;40mvalidate/pred_loss_epoch[0m  |  [0;32;40m0.03450016677379608[0m   |
|    [0;34;40mvalidate/sigreg_loss[0m    |   [0;32;40m1.9051626920700073[0m   |
| [0;34;40mvalidate/sigreg_loss_epoch[0m |   [0;32;40m1.9051626920700073[0m   |
+----------------------------+------------------------+
[Epoch 3/20] done in 1133.0s
02:04:52 | INFO  | checkpoint_~|   Checking for non PyTorch modules to save
02:04:52 | INFO  | atomic_chec~| [atomic_save] → /data1/likun-share/junjxu/.cache_stable-pretraining/runs/20260707/004310/a0dd62784e46/checkpoints/epoch=3-step=8308.ckpt
02:04:52 | INFO  | atomic_chec~| [atomic_save] ✓ epoch=3-step=8308.ckpt saved (206.8 MiB, serialise=0.24s write=0.17s rename=0.0ms)
02:04:53 | INFO  | checkpoint_~|   Checking for non PyTorch modules to save
02:04:53 | INFO  | atomic_chec~| [atomic_save] → /data1/likun-share/junjxu/.cache_stable-pretraining/runs/20260707/004310/a0dd62784e46/checkpoints/last.ckpt
02:04:53 | INFO  | atomic_chec~| [atomic_save] ✓ last.ckpt saved (206.8 MiB, serialise=0.24s write=0.18s rename=23.9ms)
[Epoch 4/20] step 50/2077 (2.0 it/s)
[Epoch 4/20] step 100/2077 (2.1 it/s)
[Epoch 4/20] step 150/2077 (2.2 it/s)
[Epoch 4/20] step 200/2077 (2.2 it/s)
[Epoch 4/20] step 250/2077 (2.2 it/s)
[Epoch 4/20] step 300/2077 (2.2 it/s)
[Epoch 4/20] step 350/2077 (2.2 it/s)
[Epoch 4/20] step 400/2077 (2.2 it/s)
[Epoch 4/20] step 450/2077 (2.2 it/s)
[Epoch 4/20] step 500/2077 (2.2 it/s)
[Epoch 4/20] step 550/2077 (2.2 it/s)
[Epoch 4/20] step 600/2077 (2.2 it/s)
[Epoch 4/20] step 650/2077 (2.2 it/s)
[Epoch 4/20] step 700/2077 (2.2 it/s)
[Epoch 4/20] step 750/2077 (2.2 it/s)
[Epoch 4/20] step 800/2077 (2.2 it/s)
[Epoch 4/20] step 850/2077 (2.3 it/s)
[Epoch 4/20] step 900/2077 (2.3 it/s)
[Epoch 4/20] step 950/2077 (2.3 it/s)
[Epoch 4/20] step 1000/2077 (2.3 it/s)
[Epoch 4/20] step 1050/2077 (2.3 it/s)
[Epoch 4/20] step 1100/2077 (2.3 it/s)
[Epoch 4/20] step 1150/2077 (2.3 it/s)
[Epoch 4/20] step 1200/2077 (2.3 it/s)
[Epoch 4/20] step 1250/2077 (2.3 it/s)
[Epoch 4/20] step 1300/2077 (2.3 it/s)
[Epoch 4/20] step 1350/2077 (2.3 it/s)
[Epoch 4/20] step 1400/2077 (2.3 it/s)
[Epoch 4/20] step 1450/2077 (2.3 it/s)
[Epoch 4/20] step 1500/2077 (2.3 it/s)
[Epoch 4/20] step 1550/2077 (2.3 it/s)
[Epoch 4/20] step 1600/2077 (2.3 it/s)
[Epoch 4/20] step 1650/2077 (2.3 it/s)
[Epoch 4/20] step 1700/2077 (2.3 it/s)
[Epoch 4/20] step 1750/2077 (2.3 it/s)
[Epoch 4/20] step 1800/2077 (2.3 it/s)
[Epoch 4/20] step 1850/2077 (2.3 it/s)
[Epoch 4/20] step 1900/2077 (2.3 it/s)
[Epoch 4/20] step 1950/2077 (2.3 it/s)
[Epoch 4/20] step 2000/2077 (2.3 it/s)
[Epoch 4/20] step 2050/2077 (2.3 it/s)
02:21:10 | INFO  | trainer_inf~| \n+----------------------------+-----------------------+
|           Metric           |         Value         |
+----------------------------+-----------------------+
|          [0;34;40mfit/loss[0m          |  [0;32;40m0.15195873379707336[0m  |
|       [0;34;40mfit/pred_loss[0m        |  [0;32;40m0.04160717502236366[0m  |
|      [0;34;40mfit/sigreg_loss[0m       |       [0;32;40m1.2265625[0m       |
|    [0;34;40mhardware/cpu_percent[0m    |   [0;32;40m12.100000381469727[0m  |
|  [0;34;40mhardware/disk_read_mb_s[0m   |          [0;32;40m0.0[0m          |
|  [0;34;40mhardware/disk_write_mb_s[0m  |   [0;32;40m0.1109071671962738[0m  |
|   [0;34;40mhardware/net_recv_mb_s[0m   |  [0;32;40m0.004462833516299725[0m |
|   [0;34;40mhardware/net_sent_mb_s[0m   |  [0;32;40m0.004133524373173714[0m |
|    [0;34;40mhardware/ram_used_gb[0m    |   [0;32;40m62.26763153076172[0m   |
|   [0;34;40mhardware/ram_used_pct[0m    |   [0;32;40m6.199999809265137[0m   |
|    [0;34;40mhparams/lr_default_0[0m    | [0;32;40m4.309295036364347e-05[0m |
|       [0;34;40mvalidate/loss[0m        |  [0;32;40m0.19800348579883575[0m  |
|    [0;34;40mvalidate/loss_epoch[0m     |  [0;32;40m0.19800348579883575[0m  |
|     [0;34;40mvalidate/pred_loss[0m     |  [0;32;40m0.028432514518499374[0m |
|  [0;34;40mvalidate/pred_loss_epoch[0m  |  [0;32;40m0.028432514518499374[0m |
|    [0;34;40mvalidate/sigreg_loss[0m    |   [0;32;40m1.8839125633239746[0m  |
| [0;34;40mvalidate/sigreg_loss_epoch[0m |   [0;32;40m1.8839125633239746[0m  |
+----------------------------+-----------------------+
[Epoch 4/20] done in 977.4s
02:21:10 | INFO  | checkpoint_~|   Checking for non PyTorch modules to save
02:21:10 | INFO  | atomic_chec~| [atomic_save] → /data1/likun-share/junjxu/.cache_stable-pretraining/runs/20260707/004310/a0dd62784e46/checkpoints/epoch=4-step=10385.ckpt
02:21:11 | INFO  | atomic_chec~| [atomic_save] ✓ epoch=4-step=10385.ckpt saved (206.8 MiB, serialise=0.24s write=0.19s rename=0.0ms)
02:21:11 | INFO  | checkpoint_~|   Checking for non PyTorch modules to save
02:21:11 | INFO  | atomic_chec~| [atomic_save] → /data1/likun-share/junjxu/.cache_stable-pretraining/runs/20260707/004310/a0dd62784e46/checkpoints/last.ckpt
02:21:11 | INFO  | atomic_chec~| [atomic_save] ✓ last.ckpt saved (206.8 MiB, serialise=0.25s write=0.19s rename=23.6ms)
[Epoch 5/20] step 50/2077 (2.0 it/s)
[Epoch 5/20] step 100/2077 (2.2 it/s)
[Epoch 5/20] step 150/2077 (2.2 it/s)
[Epoch 5/20] step 200/2077 (2.2 it/s)
[Epoch 5/20] step 250/2077 (2.2 it/s)
[Epoch 5/20] step 300/2077 (2.2 it/s)
[Epoch 5/20] step 350/2077 (2.2 it/s)
[Epoch 5/20] step 400/2077 (2.2 it/s)
[Epoch 5/20] step 450/2077 (2.2 it/s)
[Epoch 5/20] step 500/2077 (2.3 it/s)
[Epoch 5/20] step 550/2077 (2.3 it/s)
[Epoch 5/20] step 600/2077 (2.3 it/s)
[Epoch 5/20] step 650/2077 (2.3 it/s)
[Epoch 5/20] step 700/2077 (2.3 it/s)
[Epoch 5/20] step 750/2077 (2.3 it/s)
[Epoch 5/20] step 800/2077 (2.3 it/s)
[Epoch 5/20] step 850/2077 (2.3 it/s)
[Epoch 5/20] step 900/2077 (2.3 it/s)
[Epoch 5/20] step 950/2077 (2.3 it/s)
[Epoch 5/20] step 1000/2077 (2.3 it/s)
[Epoch 5/20] step 1050/2077 (2.3 it/s)
[Epoch 5/20] step 1100/2077 (2.3 it/s)
[Epoch 5/20] step 1150/2077 (2.3 it/s)
[Epoch 5/20] step 1200/2077 (2.3 it/s)
[Epoch 5/20] step 1250/2077 (2.3 it/s)
[Epoch 5/20] step 1300/2077 (2.3 it/s)
[Epoch 5/20] step 1350/2077 (2.3 it/s)
[Epoch 5/20] step 1400/2077 (2.3 it/s)
[Epoch 5/20] step 1450/2077 (2.3 it/s)
[Epoch 5/20] step 1500/2077 (2.3 it/s)
[Epoch 5/20] step 1550/2077 (2.3 it/s)
[Epoch 5/20] step 1600/2077 (2.3 it/s)
[Epoch 5/20] step 1650/2077 (2.3 it/s)
[Epoch 5/20] step 1700/2077 (2.3 it/s)
[Epoch 5/20] step 1750/2077 (2.3 it/s)
[Epoch 5/20] step 1800/2077 (2.3 it/s)
[Epoch 5/20] step 1850/2077 (2.3 it/s)
[Epoch 5/20] step 1900/2077 (2.3 it/s)
[Epoch 5/20] step 1950/2077 (2.3 it/s)
[Epoch 5/20] step 2000/2077 (2.3 it/s)
[Epoch 5/20] step 2050/2077 (2.3 it/s)
02:37:28 | INFO  | trainer_inf~| \n+----------------------------+------------------------+
|           Metric           |         Value          |
+----------------------------+------------------------+
|          [0;34;40mfit/loss[0m          |   [0;32;40m0.1221834272146225[0m   |
|       [0;34;40mfit/pred_loss[0m        |  [0;32;40m0.01720295660197735[0m   |
|      [0;34;40mfit/sigreg_loss[0m       |       [0;32;40m1.1640625[0m        |
|    [0;34;40mhardware/cpu_percent[0m    |          [0;32;40m11.5[0m          |
|  [0;34;40mhardware/disk_read_mb_s[0m   |          [0;32;40m0.0[0m           |
|  [0;34;40mhardware/disk_write_mb_s[0m  |  [0;32;40m0.15153191983699799[0m   |
|   [0;34;40mhardware/net_recv_mb_s[0m   |  [0;32;40m0.004894890356808901[0m  |
|   [0;34;40mhardware/net_sent_mb_s[0m   |  [0;32;40m0.04015236347913742[0m   |
|    [0;34;40mhardware/ram_used_gb[0m    |   [0;32;40m63.42387008666992[0m    |
|   [0;34;40mhardware/ram_used_pct[0m    |   [0;32;40m6.300000190734863[0m    |
|    [0;34;40mhparams/lr_default_0[0m    | [0;32;40m4.0139813791029155e-05[0m |
|       [0;34;40mvalidate/loss[0m        |  [0;32;40m0.19175955653190613[0m   |
|    [0;34;40mvalidate/loss_epoch[0m     |  [0;32;40m0.19175955653190613[0m   |
|     [0;34;40mvalidate/pred_loss[0m     |  [0;32;40m0.027654975652694702[0m  |
|  [0;34;40mvalidate/pred_loss_epoch[0m  |  [0;32;40m0.027654975652694702[0m  |
|    [0;34;40mvalidate/sigreg_loss[0m    |   [0;32;40m1.8230520486831665[0m   |
| [0;34;40mvalidate/sigreg_loss_epoch[0m |   [0;32;40m1.8230520486831665[0m   |
+----------------------------+------------------------+
[Epoch 5/20] done in 977.0s
02:37:28 | INFO  | checkpoint_~|   Checking for non PyTorch modules to save
02:37:28 | INFO  | atomic_chec~| [atomic_save] → /data1/likun-share/junjxu/.cache_stable-pretraining/runs/20260707/004310/a0dd62784e46/checkpoints/epoch=5-step=12462.ckpt
02:37:29 | INFO  | atomic_chec~| [atomic_save] ✓ epoch=5-step=12462.ckpt saved (206.8 MiB, serialise=0.25s write=0.17s rename=0.0ms)
02:37:29 | INFO  | checkpoint_~|   Checking for non PyTorch modules to save
02:37:29 | INFO  | atomic_chec~| [atomic_save] → /data1/likun-share/junjxu/.cache_stable-pretraining/runs/20260707/004310/a0dd62784e46/checkpoints/last.ckpt
02:37:29 | INFO  | atomic_chec~| [atomic_save] ✓ last.ckpt saved (206.8 MiB, serialise=0.25s write=0.18s rename=23.2ms)
[Epoch 6/20] step 50/2077 (2.0 it/s)
[Epoch 6/20] step 100/2077 (2.2 it/s)
[Epoch 6/20] step 150/2077 (2.2 it/s)
[Epoch 6/20] step 200/2077 (2.2 it/s)
[Epoch 6/20] step 250/2077 (2.3 it/s)
[Epoch 6/20] step 300/2077 (2.3 it/s)
[Epoch 6/20] step 350/2077 (2.3 it/s)
[Epoch 6/20] step 400/2077 (2.3 it/s)
[Epoch 6/20] step 450/2077 (2.3 it/s)
[Epoch 6/20] step 500/2077 (2.3 it/s)
[Epoch 6/20] step 550/2077 (2.3 it/s)
[Epoch 6/20] step 600/2077 (2.3 it/s)
[Epoch 6/20] step 650/2077 (2.3 it/s)
[Epoch 6/20] step 700/2077 (2.3 it/s)
[Epoch 6/20] step 750/2077 (2.3 it/s)
[Epoch 6/20] step 800/2077 (2.3 it/s)
[Epoch 6/20] step 850/2077 (2.3 it/s)
[Epoch 6/20] step 900/2077 (2.3 it/s)
[Epoch 6/20] step 950/2077 (2.3 it/s)
[Epoch 6/20] step 1000/2077 (2.3 it/s)
[Epoch 6/20] step 1050/2077 (2.3 it/s)
[Epoch 6/20] step 1100/2077 (2.3 it/s)
[Epoch 6/20] step 1150/2077 (2.3 it/s)
[Epoch 6/20] step 1200/2077 (2.3 it/s)
[Epoch 6/20] step 1250/2077 (2.3 it/s)
[Epoch 6/20] step 1300/2077 (2.3 it/s)
[Epoch 6/20] step 1350/2077 (2.3 it/s)
[Epoch 6/20] step 1400/2077 (2.3 it/s)
[Epoch 6/20] step 1450/2077 (2.3 it/s)
[Epoch 6/20] step 1500/2077 (2.3 it/s)
[Epoch 6/20] step 1550/2077 (2.3 it/s)
[Epoch 6/20] step 1600/2077 (2.3 it/s)
[Epoch 6/20] step 1650/2077 (2.3 it/s)
[Epoch 6/20] step 1700/2077 (2.3 it/s)
[Epoch 6/20] step 1750/2077 (2.3 it/s)
[Epoch 6/20] step 1800/2077 (2.3 it/s)
[Epoch 6/20] step 1850/2077 (2.3 it/s)
[Epoch 6/20] step 1900/2077 (2.3 it/s)
[Epoch 6/20] step 1950/2077 (2.3 it/s)
[Epoch 6/20] step 2000/2077 (2.3 it/s)
[Epoch 6/20] step 2050/2077 (2.3 it/s)
02:53:36 | INFO  | trainer_inf~| \n+----------------------------+-----------------------+
|           Metric           |         Value         |
+----------------------------+-----------------------+
|          [0;34;40mfit/loss[0m          |  [0;32;40m0.13341614603996277[0m  |
|       [0;34;40mfit/pred_loss[0m        |  [0;32;40m0.027459122240543365[0m |
|      [0;34;40mfit/sigreg_loss[0m       |       [0;32;40m1.1796875[0m       |
|    [0;34;40mhardware/cpu_percent[0m    |   [0;32;40m10.199999809265137[0m  |
|  [0;34;40mhardware/disk_read_mb_s[0m   |          [0;32;40m0.0[0m          |
|  [0;34;40mhardware/disk_write_mb_s[0m  |   [0;32;40m50.76295471191406[0m   |
|   [0;34;40mhardware/net_recv_mb_s[0m   |  [0;32;40m0.006979541387408972[0m |
|   [0;34;40mhardware/net_sent_mb_s[0m   |  [0;32;40m0.005616506561636925[0m |
|    [0;34;40mhardware/ram_used_gb[0m    |   [0;32;40m63.50140380859375[0m   |
|   [0;34;40mhardware/ram_used_pct[0m    |   [0;32;40m6.300000190734863[0m   |
|    [0;34;40mhparams/lr_default_0[0m    | [0;32;40m3.680633381009102e-05[0m |
|       [0;34;40mvalidate/loss[0m        |  [0;32;40m0.19013848900794983[0m  |
|    [0;34;40mvalidate/loss_epoch[0m     |  [0;32;40m0.19013848900794983[0m  |
|     [0;34;40mvalidate/pred_loss[0m     |  [0;32;40m0.025056269019842148[0m |
|  [0;34;40mvalidate/pred_loss_epoch[0m  |  [0;32;40m0.025056269019842148[0m |
|    [0;34;40mvalidate/sigreg_loss[0m    |   [0;32;40m1.8341456651687622[0m  |
| [0;34;40mvalidate/sigreg_loss_epoch[0m |   [0;32;40m1.8341456651687622[0m  |
+----------------------------+-----------------------+
[Epoch 6/20] done in 966.8s
02:53:36 | INFO  | checkpoint_~|   Checking for non PyTorch modules to save
02:53:36 | INFO  | atomic_chec~| [atomic_save] → /data1/likun-share/junjxu/.cache_stable-pretraining/runs/20260707/004310/a0dd62784e46/checkpoints/epoch=6-step=14539.ckpt
02:53:37 | INFO  | atomic_chec~| [atomic_save] ✓ epoch=6-step=14539.ckpt saved (206.8 MiB, serialise=0.25s write=0.17s rename=0.1ms)
02:53:37 | INFO  | checkpoint_~|   Checking for non PyTorch modules to save
02:53:37 | INFO  | atomic_chec~| [atomic_save] → /data1/likun-share/junjxu/.cache_stable-pretraining/runs/20260707/004310/a0dd62784e46/checkpoints/last.ckpt
02:53:37 | INFO  | atomic_chec~| [atomic_save] ✓ last.ckpt saved (206.8 MiB, serialise=0.25s write=0.17s rename=23.2ms)
[Epoch 7/20] step 50/2077 (2.1 it/s)
[Epoch 7/20] step 100/2077 (2.2 it/s)
[Epoch 7/20] step 150/2077 (2.2 it/s)
[Epoch 7/20] step 200/2077 (2.2 it/s)
[Epoch 7/20] step 250/2077 (2.2 it/s)
[Epoch 7/20] step 300/2077 (2.2 it/s)
[Epoch 7/20] step 350/2077 (2.2 it/s)
[Epoch 7/20] step 400/2077 (2.2 it/s)
[Epoch 7/20] step 450/2077 (2.2 it/s)
[Epoch 7/20] step 500/2077 (2.3 it/s)
[Epoch 7/20] step 550/2077 (2.3 it/s)
[Epoch 7/20] step 600/2077 (2.3 it/s)
[Epoch 7/20] step 650/2077 (2.3 it/s)
[Epoch 7/20] step 700/2077 (2.3 it/s)
[Epoch 7/20] step 750/2077 (2.3 it/s)
[Epoch 7/20] step 800/2077 (2.3 it/s)
[Epoch 7/20] step 850/2077 (2.3 it/s)
[Epoch 7/20] step 900/2077 (2.3 it/s)
[Epoch 7/20] step 950/2077 (2.3 it/s)
[Epoch 7/20] step 1000/2077 (2.3 it/s)
[Epoch 7/20] step 1050/2077 (2.3 it/s)
[Epoch 7/20] step 1100/2077 (2.3 it/s)
[Epoch 7/20] step 1150/2077 (2.3 it/s)
[Epoch 7/20] step 1200/2077 (2.3 it/s)
[Epoch 7/20] step 1250/2077 (2.3 it/s)
[Epoch 7/20] step 1300/2077 (2.3 it/s)
[Epoch 7/20] step 1350/2077 (2.3 it/s)
[Epoch 7/20] step 1400/2077 (2.3 it/s)
[Epoch 7/20] step 1450/2077 (2.3 it/s)
[Epoch 7/20] step 1500/2077 (2.3 it/s)
[Epoch 7/20] step 1550/2077 (2.3 it/s)
[Epoch 7/20] step 1600/2077 (2.3 it/s)
[Epoch 7/20] step 1650/2077 (2.3 it/s)
[Epoch 7/20] step 1700/2077 (2.3 it/s)
[Epoch 7/20] step 1750/2077 (2.3 it/s)
[Epoch 7/20] step 1800/2077 (2.3 it/s)
[Epoch 7/20] step 1850/2077 (2.3 it/s)
[Epoch 7/20] step 1900/2077 (2.3 it/s)
[Epoch 7/20] step 1950/2077 (2.3 it/s)
[Epoch 7/20] step 2000/2077 (2.3 it/s)
[Epoch 7/20] step 2050/2077 (2.3 it/s)
03:09:55 | INFO  | trainer_inf~| \n+----------------------------+------------------------+
|           Metric           |         Value          |
+----------------------------+------------------------+
|          [0;34;40mfit/loss[0m          |  [0;32;40m0.10100051015615463[0m   |
|       [0;34;40mfit/pred_loss[0m        |  [0;32;40m0.012621603906154633[0m  |
|      [0;34;40mfit/sigreg_loss[0m       |        [0;32;40m0.984375[0m        |
|    [0;34;40mhardware/cpu_percent[0m    |   [0;32;40m12.199999809265137[0m   |
|  [0;34;40mhardware/disk_read_mb_s[0m   |          [0;32;40m0.0[0m           |
|  [0;34;40mhardware/disk_write_mb_s[0m  |  [0;32;40m0.18512031435966492[0m   |
|   [0;34;40mhardware/net_recv_mb_s[0m   |  [0;32;40m0.001678427099250257[0m  |
|   [0;34;40mhardware/net_sent_mb_s[0m   |  [0;32;40m0.03723003715276718[0m   |
|    [0;34;40mhardware/ram_used_gb[0m    |   [0;32;40m64.01580047607422[0m    |
|   [0;34;40mhardware/ram_used_pct[0m    |   [0;32;40m6.400000095367432[0m    |
|    [0;34;40mhparams/lr_default_0[0m    | [0;32;40m3.3176260330947116e-05[0m |
|       [0;34;40mvalidate/loss[0m        |   [0;32;40m0.1920725405216217[0m   |
|    [0;34;40mvalidate/loss_epoch[0m     |   [0;32;40m0.1920725405216217[0m   |
|     [0;34;40mvalidate/pred_loss[0m     |  [0;32;40m0.02880541980266571[0m   |
|  [0;34;40mvalidate/pred_loss_epoch[0m  |  [0;32;40m0.02880541980266571[0m   |
|    [0;34;40mvalidate/sigreg_loss[0m    |   [0;32;40m1.8138412237167358[0m   |
| [0;34;40mvalidate/sigreg_loss_epoch[0m |   [0;32;40m1.8138412237167358[0m   |
+----------------------------+------------------------+
[Epoch 7/20] done in 977.7s
03:09:55 | INFO  | checkpoint_~|   Checking for non PyTorch modules to save
03:09:55 | INFO  | atomic_chec~| [atomic_save] → /data1/likun-share/junjxu/.cache_stable-pretraining/runs/20260707/004310/a0dd62784e46/checkpoints/epoch=7-step=16616.ckpt
03:09:55 | INFO  | atomic_chec~| [atomic_save] ✓ epoch=7-step=16616.ckpt saved (206.8 MiB, serialise=0.25s write=0.17s rename=0.0ms)
03:09:55 | INFO  | checkpoint_~|   Checking for non PyTorch modules to save
03:09:55 | INFO  | atomic_chec~| [atomic_save] → /data1/likun-share/junjxu/.cache_stable-pretraining/runs/20260707/004310/a0dd62784e46/checkpoints/last.ckpt
03:09:56 | INFO  | atomic_chec~| [atomic_save] ✓ last.ckpt saved (206.8 MiB, serialise=0.24s write=0.18s rename=23.6ms)
[Epoch 8/20] step 50/2077 (2.1 it/s)
[Epoch 8/20] step 100/2077 (2.2 it/s)
[Epoch 8/20] step 150/2077 (2.2 it/s)
[Epoch 8/20] step 200/2077 (2.2 it/s)
[Epoch 8/20] step 250/2077 (2.2 it/s)
[Epoch 8/20] step 300/2077 (2.2 it/s)
[Epoch 8/20] step 350/2077 (2.2 it/s)
[Epoch 8/20] step 400/2077 (2.3 it/s)
[Epoch 8/20] step 450/2077 (2.3 it/s)
[Epoch 8/20] step 500/2077 (2.3 it/s)
[Epoch 8/20] step 550/2077 (2.3 it/s)
[Epoch 8/20] step 600/2077 (2.3 it/s)
[Epoch 8/20] step 650/2077 (2.3 it/s)
[Epoch 8/20] step 700/2077 (2.3 it/s)
[Epoch 8/20] step 750/2077 (2.3 it/s)
[Epoch 8/20] step 800/2077 (2.3 it/s)
[Epoch 8/20] step 850/2077 (2.3 it/s)
[Epoch 8/20] step 900/2077 (2.3 it/s)
[Epoch 8/20] step 950/2077 (2.3 it/s)
[Epoch 8/20] step 1000/2077 (2.3 it/s)
[Epoch 8/20] step 1050/2077 (2.3 it/s)
[Epoch 8/20] step 1100/2077 (2.3 it/s)
[Epoch 8/20] step 1150/2077 (2.3 it/s)
[Epoch 8/20] step 1200/2077 (2.3 it/s)
[Epoch 8/20] step 1250/2077 (2.3 it/s)
[Epoch 8/20] step 1300/2077 (2.3 it/s)
[Epoch 8/20] step 1350/2077 (2.3 it/s)
[Epoch 8/20] step 1400/2077 (2.3 it/s)
[Epoch 8/20] step 1450/2077 (2.3 it/s)
[Epoch 8/20] step 1500/2077 (2.3 it/s)
[Epoch 8/20] step 1550/2077 (2.3 it/s)
[Epoch 8/20] step 1600/2077 (2.3 it/s)
[Epoch 8/20] step 1650/2077 (2.3 it/s)
[Epoch 8/20] step 1700/2077 (2.3 it/s)
[Epoch 8/20] step 1750/2077 (2.3 it/s)
[Epoch 8/20] step 1800/2077 (2.3 it/s)
[Epoch 8/20] step 1850/2077 (2.3 it/s)
[Epoch 8/20] step 1900/2077 (2.3 it/s)
[Epoch 8/20] step 1950/2077 (2.3 it/s)
[Epoch 8/20] step 2000/2077 (2.3 it/s)
[Epoch 8/20] step 2050/2077 (2.3 it/s)
03:26:12 | INFO  | trainer_inf~| \n+----------------------------+------------------------+
|           Metric           |         Value          |
+----------------------------+------------------------+
|          [0;34;40mfit/loss[0m          |  [0;32;40m0.12270297110080719[0m   |
|       [0;34;40mfit/pred_loss[0m        |  [0;32;40m0.02162875607609749[0m   |
|      [0;34;40mfit/sigreg_loss[0m       |         [0;32;40m1.125[0m          |
|    [0;34;40mhardware/cpu_percent[0m    |   [0;32;40m11.800000190734863[0m   |
|  [0;34;40mhardware/disk_read_mb_s[0m   |          [0;32;40m0.0[0m           |
|  [0;34;40mhardware/disk_write_mb_s[0m  |  [0;32;40m0.18394917249679565[0m   |
|   [0;34;40mhardware/net_recv_mb_s[0m   | [0;32;40m0.0015043240273371339[0m  |
|   [0;34;40mhardware/net_sent_mb_s[0m   | [0;32;40m0.0013286907924339175[0m  |
|    [0;34;40mhardware/ram_used_gb[0m    |   [0;32;40m62.90153121948242[0m    |
|   [0;34;40mhardware/ram_used_pct[0m    |   [0;32;40m6.199999809265137[0m    |
|    [0;34;40mhparams/lr_default_0[0m    | [0;32;40m2.9340786568354815e-05[0m |
|       [0;34;40mvalidate/loss[0m        |  [0;32;40m0.18646888434886932[0m   |
|    [0;34;40mvalidate/loss_epoch[0m     |  [0;32;40m0.18646888434886932[0m   |
|     [0;34;40mvalidate/pred_loss[0m     |  [0;32;40m0.025757024064660072[0m  |
|  [0;34;40mvalidate/pred_loss_epoch[0m  |  [0;32;40m0.025757024064660072[0m  |
|    [0;34;40mvalidate/sigreg_loss[0m    |   [0;32;40m1.785671353340149[0m    |
| [0;34;40mvalidate/sigreg_loss_epoch[0m |   [0;32;40m1.785671353340149[0m    |
+----------------------------+------------------------+
[Epoch 8/20] done in 976.0s
03:26:12 | INFO  | checkpoint_~|   Checking for non PyTorch modules to save
03:26:12 | INFO  | atomic_chec~| [atomic_save] → /data1/likun-share/junjxu/.cache_stable-pretraining/runs/20260707/004310/a0dd62784e46/checkpoints/epoch=8-step=18693.ckpt
03:26:12 | INFO  | atomic_chec~| [atomic_save] ✓ epoch=8-step=18693.ckpt saved (206.8 MiB, serialise=0.24s write=0.18s rename=0.0ms)
03:26:12 | INFO  | checkpoint_~|   Checking for non PyTorch modules to save
03:26:12 | INFO  | atomic_chec~| [atomic_save] → /data1/likun-share/junjxu/.cache_stable-pretraining/runs/20260707/004310/a0dd62784e46/checkpoints/last.ckpt
03:26:13 | INFO  | atomic_chec~| [atomic_save] ✓ last.ckpt saved (206.8 MiB, serialise=0.25s write=0.18s rename=23.2ms)
[Epoch 9/20] step 50/2077 (2.1 it/s)
[Epoch 9/20] step 100/2077 (2.2 it/s)
[Epoch 9/20] step 150/2077 (2.2 it/s)
[Epoch 9/20] step 200/2077 (2.2 it/s)
[Epoch 9/20] step 250/2077 (2.2 it/s)
[Epoch 9/20] step 300/2077 (2.2 it/s)
[Epoch 9/20] step 350/2077 (2.2 it/s)
[Epoch 9/20] step 400/2077 (2.2 it/s)
[Epoch 9/20] step 450/2077 (2.2 it/s)
[Epoch 9/20] step 500/2077 (2.3 it/s)
[Epoch 9/20] step 550/2077 (2.3 it/s)
[Epoch 9/20] step 600/2077 (2.3 it/s)
[Epoch 9/20] step 650/2077 (2.3 it/s)
[Epoch 9/20] step 700/2077 (2.3 it/s)
[Epoch 9/20] step 750/2077 (2.3 it/s)
[Epoch 9/20] step 800/2077 (2.3 it/s)
[Epoch 9/20] step 850/2077 (2.3 it/s)
[Epoch 9/20] step 900/2077 (2.3 it/s)
[Epoch 9/20] step 950/2077 (2.3 it/s)
[Epoch 9/20] step 1000/2077 (2.3 it/s)
[Epoch 9/20] step 1050/2077 (2.3 it/s)
[Epoch 9/20] step 1100/2077 (2.3 it/s)
[Epoch 9/20] step 1150/2077 (2.3 it/s)
[Epoch 9/20] step 1200/2077 (2.3 it/s)
[Epoch 9/20] step 1250/2077 (2.3 it/s)
[Epoch 9/20] step 1300/2077 (2.3 it/s)
[Epoch 9/20] step 1350/2077 (2.3 it/s)
[Epoch 9/20] step 1400/2077 (2.3 it/s)
[Epoch 9/20] step 1450/2077 (2.3 it/s)
[Epoch 9/20] step 1500/2077 (2.3 it/s)
[Epoch 9/20] step 1550/2077 (2.3 it/s)
[Epoch 9/20] step 1600/2077 (2.3 it/s)
[Epoch 9/20] step 1650/2077 (2.3 it/s)
[Epoch 9/20] step 1700/2077 (2.3 it/s)
[Epoch 9/20] step 1750/2077 (2.3 it/s)
[Epoch 9/20] step 1800/2077 (2.3 it/s)
[Epoch 9/20] step 1850/2077 (2.3 it/s)
[Epoch 9/20] step 1900/2077 (2.3 it/s)
[Epoch 9/20] step 1950/2077 (2.3 it/s)
[Epoch 9/20] step 2000/2077 (2.3 it/s)
[Epoch 9/20] step 2050/2077 (2.3 it/s)
03:42:25 | INFO  | trainer_inf~| \n+----------------------------+------------------------+
|           Metric           |         Value          |
+----------------------------+------------------------+
|          [0;34;40mfit/loss[0m          |  [0;32;40m0.10275930911302567[0m   |
|       [0;34;40mfit/pred_loss[0m        |  [0;32;40m0.007056181784719229[0m  |
|      [0;34;40mfit/sigreg_loss[0m       |         [0;32;40m1.0625[0m         |
|    [0;34;40mhardware/cpu_percent[0m    |   [0;32;40m10.899999618530273[0m   |
|  [0;34;40mhardware/disk_read_mb_s[0m   |          [0;32;40m0.0[0m           |
|  [0;34;40mhardware/disk_write_mb_s[0m  |  [0;32;40m0.13630349934101105[0m   |
|   [0;34;40mhardware/net_recv_mb_s[0m   | [0;32;40m0.0017739904578775167[0m  |
|   [0;34;40mhardware/net_sent_mb_s[0m   |  [0;32;40m0.037230152636766434[0m  |
|    [0;34;40mhardware/ram_used_gb[0m    |   [0;32;40m63.69563293457031[0m    |
|   [0;34;40mhardware/ram_used_pct[0m    |   [0;32;40m6.300000190734863[0m    |
|    [0;34;40mhparams/lr_default_0[0m    | [0;32;40m2.5396262572030537e-05[0m |
|       [0;34;40mvalidate/loss[0m        |  [0;32;40m0.18633081018924713[0m   |
|    [0;34;40mvalidate/loss_epoch[0m     |  [0;32;40m0.18633081018924713[0m   |
|     [0;34;40mvalidate/pred_loss[0m     |  [0;32;40m0.028444679453969002[0m  |
|  [0;34;40mvalidate/pred_loss_epoch[0m  |  [0;32;40m0.028444679453969002[0m  |
|    [0;34;40mvalidate/sigreg_loss[0m    |   [0;32;40m1.7542479038238525[0m   |
| [0;34;40mvalidate/sigreg_loss_epoch[0m |   [0;32;40m1.7542479038238525[0m   |
+----------------------------+------------------------+
[Epoch 9/20] done in 972.9s
03:42:25 | INFO  | checkpoint_~|   Checking for non PyTorch modules to save
03:42:25 | INFO  | atomic_chec~| [atomic_save] → /data1/likun-share/junjxu/.cache_stable-pretraining/runs/20260707/004310/a0dd62784e46/checkpoints/epoch=9-step=20770.ckpt
03:42:26 | INFO  | atomic_chec~| [atomic_save] ✓ epoch=9-step=20770.ckpt saved (206.8 MiB, serialise=0.25s write=0.18s rename=0.0ms)
03:42:26 | INFO  | checkpoint_~|   Checking for non PyTorch modules to save
03:42:26 | INFO  | atomic_chec~| [atomic_save] → /data1/likun-share/junjxu/.cache_stable-pretraining/runs/20260707/004310/a0dd62784e46/checkpoints/last.ckpt
03:42:26 | INFO  | atomic_chec~| [atomic_save] ✓ last.ckpt saved (206.8 MiB, serialise=0.24s write=0.18s rename=23.4ms)
[Epoch 10/20] step 50/2077 (2.0 it/s)
[Epoch 10/20] step 100/2077 (2.2 it/s)
[Epoch 10/20] step 150/2077 (2.2 it/s)
[Epoch 10/20] step 200/2077 (2.2 it/s)
[Epoch 10/20] step 250/2077 (2.2 it/s)
[Epoch 10/20] step 300/2077 (2.2 it/s)
[Epoch 10/20] step 350/2077 (2.2 it/s)
[Epoch 10/20] step 400/2077 (2.2 it/s)
[Epoch 10/20] step 450/2077 (2.2 it/s)
[Epoch 10/20] step 500/2077 (2.2 it/s)
[Epoch 10/20] step 550/2077 (2.3 it/s)
[Epoch 10/20] step 600/2077 (2.3 it/s)
[Epoch 10/20] step 650/2077 (2.3 it/s)
[Epoch 10/20] step 700/2077 (2.3 it/s)
[Epoch 10/20] step 750/2077 (2.3 it/s)
[Epoch 10/20] step 800/2077 (2.3 it/s)
[Epoch 10/20] step 850/2077 (2.3 it/s)
[Epoch 10/20] step 900/2077 (2.3 it/s)
[Epoch 10/20] step 950/2077 (2.3 it/s)
[Epoch 10/20] step 1000/2077 (2.3 it/s)
[Epoch 10/20] step 1050/2077 (2.3 it/s)
[Epoch 10/20] step 1100/2077 (2.3 it/s)
[Epoch 10/20] step 1150/2077 (2.3 it/s)
[Epoch 10/20] step 1200/2077 (2.3 it/s)
[Epoch 10/20] step 1250/2077 (2.3 it/s)
[Epoch 10/20] step 1300/2077 (2.3 it/s)
[Epoch 10/20] step 1350/2077 (2.3 it/s)
[Epoch 10/20] step 1400/2077 (2.3 it/s)
[Epoch 10/20] step 1450/2077 (2.3 it/s)
[Epoch 10/20] step 1500/2077 (2.3 it/s)
[Epoch 10/20] step 1550/2077 (2.3 it/s)
[Epoch 10/20] step 1600/2077 (2.3 it/s)
[Epoch 10/20] step 1650/2077 (2.3 it/s)
[Epoch 10/20] step 1700/2077 (2.3 it/s)
[Epoch 10/20] step 1750/2077 (2.3 it/s)
[Epoch 10/20] step 1800/2077 (2.3 it/s)
[Epoch 10/20] step 1850/2077 (2.3 it/s)
[Epoch 10/20] step 1900/2077 (2.3 it/s)
[Epoch 10/20] step 1950/2077 (2.3 it/s)
[Epoch 10/20] step 2000/2077 (2.3 it/s)
[Epoch 10/20] step 2050/2077 (2.3 it/s)
03:58:38 | INFO  | trainer_inf~| \n+----------------------------+------------------------+
|           Metric           |         Value          |
+----------------------------+------------------------+
|          [0;34;40mfit/loss[0m          |  [0;32;40m0.10860717296600342[0m   |
|       [0;34;40mfit/pred_loss[0m        |  [0;32;40m0.013880608603358269[0m  |
|      [0;34;40mfit/sigreg_loss[0m       |       [0;32;40m1.0546875[0m        |
|    [0;34;40mhardware/cpu_percent[0m    |          [0;32;40m12.5[0m          |
|  [0;34;40mhardware/disk_read_mb_s[0m   |          [0;32;40m0.0[0m           |
|  [0;34;40mhardware/disk_write_mb_s[0m  |  [0;32;40m0.20777231454849243[0m   |
|   [0;34;40mhardware/net_recv_mb_s[0m   | [0;32;40m0.0017865539994090796[0m  |
|   [0;34;40mhardware/net_sent_mb_s[0m   | [0;32;40m0.0017486050492152572[0m  |
|    [0;34;40mhardware/ram_used_gb[0m    |   [0;32;40m62.83419418334961[0m    |
|   [0;34;40mhardware/ram_used_pct[0m    |   [0;32;40m6.199999809265137[0m    |
|    [0;34;40mhparams/lr_default_0[0m    | [0;32;40m2.1441785065690055e-05[0m |
|       [0;34;40mvalidate/loss[0m        |   [0;32;40m0.1823207288980484[0m   |
|    [0;34;40mvalidate/loss_epoch[0m     |   [0;32;40m0.1823207288980484[0m   |
|     [0;34;40mvalidate/pred_loss[0m     |  [0;32;40m0.024571122601628304[0m  |
|  [0;34;40mvalidate/pred_loss_epoch[0m  |  [0;32;40m0.024571122601628304[0m  |
|    [0;34;40mvalidate/sigreg_loss[0m    |   [0;32;40m1.7525830268859863[0m   |
| [0;34;40mvalidate/sigreg_loss_epoch[0m |   [0;32;40m1.7525830268859863[0m   |
+----------------------------+------------------------+
[Epoch 10/20] done in 971.8s
03:58:38 | INFO  | checkpoint_~|   Checking for non PyTorch modules to save
03:58:38 | INFO  | atomic_chec~| [atomic_save] → /data1/likun-share/junjxu/.cache_stable-pretraining/runs/20260707/004310/a0dd62784e46/checkpoints/epoch=10-step=22847.ckpt
03:58:39 | INFO  | atomic_chec~| [atomic_save] ✓ epoch=10-step=22847.ckpt saved (206.8 MiB, serialise=0.26s write=0.18s rename=0.0ms)
03:58:39 | INFO  | checkpoint_~|   Checking for non PyTorch modules to save
03:58:39 | INFO  | atomic_chec~| [atomic_save] → /data1/likun-share/junjxu/.cache_stable-pretraining/runs/20260707/004310/a0dd62784e46/checkpoints/last.ckpt
03:58:39 | INFO  | atomic_chec~| [atomic_save] ✓ last.ckpt saved (206.8 MiB, serialise=0.25s write=0.18s rename=27.1ms)
[Epoch 11/20] step 50/2077 (2.1 it/s)
[Epoch 11/20] step 100/2077 (2.2 it/s)
[Epoch 11/20] step 150/2077 (2.3 it/s)
[Epoch 11/20] step 200/2077 (2.3 it/s)
[Epoch 11/20] step 250/2077 (2.3 it/s)
[Epoch 11/20] step 300/2077 (2.3 it/s)
[Epoch 11/20] step 350/2077 (2.3 it/s)
[Epoch 11/20] step 400/2077 (2.3 it/s)
[Epoch 11/20] step 450/2077 (2.3 it/s)
[Epoch 11/20] step 500/2077 (2.3 it/s)
[Epoch 11/20] step 550/2077 (2.3 it/s)
[Epoch 11/20] step 600/2077 (2.3 it/s)
[Epoch 11/20] step 650/2077 (2.3 it/s)
[Epoch 11/20] step 700/2077 (2.3 it/s)
[Epoch 11/20] step 750/2077 (2.3 it/s)
[Epoch 11/20] step 800/2077 (2.3 it/s)
[Epoch 11/20] step 850/2077 (2.3 it/s)
[Epoch 11/20] step 900/2077 (2.3 it/s)
[Epoch 11/20] step 950/2077 (2.3 it/s)
[Epoch 11/20] step 1000/2077 (2.3 it/s)
[Epoch 11/20] step 1050/2077 (2.3 it/s)
[Epoch 11/20] step 1100/2077 (2.3 it/s)
[Epoch 11/20] step 1150/2077 (2.3 it/s)
[Epoch 11/20] step 1200/2077 (2.3 it/s)
[Epoch 11/20] step 1250/2077 (2.3 it/s)
[Epoch 11/20] step 1300/2077 (2.3 it/s)
[Epoch 11/20] step 1350/2077 (2.3 it/s)
[Epoch 11/20] step 1400/2077 (2.3 it/s)
[Epoch 11/20] step 1450/2077 (2.3 it/s)
[Epoch 11/20] step 1500/2077 (2.3 it/s)
[Epoch 11/20] step 1550/2077 (2.3 it/s)
[Epoch 11/20] step 1600/2077 (2.3 it/s)
[Epoch 11/20] step 1650/2077 (2.3 it/s)
[Epoch 11/20] step 1700/2077 (2.3 it/s)
[Epoch 11/20] step 1750/2077 (2.3 it/s)
[Epoch 11/20] step 1800/2077 (2.3 it/s)
[Epoch 11/20] step 1850/2077 (2.3 it/s)
[Epoch 11/20] step 1900/2077 (2.3 it/s)
[Epoch 11/20] step 1950/2077 (2.3 it/s)
[Epoch 11/20] step 2000/2077 (2.3 it/s)
[Epoch 11/20] step 2050/2077 (2.3 it/s)
04:14:30 | INFO  | trainer_inf~| \n+----------------------------+------------------------+
|           Metric           |         Value          |
+----------------------------+------------------------+
|          [0;34;40mfit/loss[0m          |  [0;32;40m0.09772448986768723[0m   |
|       [0;34;40mfit/pred_loss[0m        |  [0;32;40m0.010322146117687225[0m  |
|      [0;34;40mfit/sigreg_loss[0m       |       [0;32;40m0.97265625[0m       |
|    [0;34;40mhardware/cpu_percent[0m    |   [0;32;40m11.100000381469727[0m   |
|  [0;34;40mhardware/disk_read_mb_s[0m   |          [0;32;40m0.0[0m           |
|  [0;34;40mhardware/disk_write_mb_s[0m  |   [0;32;40m0.1093529611825943[0m   |
|   [0;34;40mhardware/net_recv_mb_s[0m   |  [0;32;40m0.12918081879615784[0m   |
|   [0;34;40mhardware/net_sent_mb_s[0m   |   [0;32;40m0.4111062288284302[0m   |
|    [0;34;40mhardware/ram_used_gb[0m    |   [0;32;40m60.14295196533203[0m    |
|   [0;34;40mhardware/ram_used_pct[0m    |          [0;32;40m6.0[0m           |
|    [0;34;40mhparams/lr_default_0[0m    | [0;32;40m1.7576696336618625e-05[0m |
|       [0;34;40mvalidate/loss[0m        |  [0;32;40m0.17636248469352722[0m   |
|    [0;34;40mvalidate/loss_epoch[0m     |  [0;32;40m0.17636248469352722[0m   |
|     [0;34;40mvalidate/pred_loss[0m     |  [0;32;40m0.021603355184197426[0m  |
|  [0;34;40mvalidate/pred_loss_epoch[0m  |  [0;32;40m0.021603355184197426[0m  |
|    [0;34;40mvalidate/sigreg_loss[0m    |   [0;32;40m1.719359278678894[0m    |
| [0;34;40mvalidate/sigreg_loss_epoch[0m |   [0;32;40m1.719359278678894[0m    |
+----------------------------+------------------------+
[Epoch 11/20] done in 951.5s
04:14:31 | INFO  | checkpoint_~|   Checking for non PyTorch modules to save
04:14:31 | INFO  | atomic_chec~| [atomic_save] → /data1/likun-share/junjxu/.cache_stable-pretraining/runs/20260707/004310/a0dd62784e46/checkpoints/epoch=11-step=24924.ckpt
04:14:31 | INFO  | atomic_chec~| [atomic_save] ✓ epoch=11-step=24924.ckpt saved (206.8 MiB, serialise=0.26s write=0.20s rename=0.0ms)
04:14:31 | INFO  | checkpoint_~|   Checking for non PyTorch modules to save
04:14:31 | INFO  | atomic_chec~| [atomic_save] → /data1/likun-share/junjxu/.cache_stable-pretraining/runs/20260707/004310/a0dd62784e46/checkpoints/last.ckpt
04:14:32 | INFO  | atomic_chec~| [atomic_save] ✓ last.ckpt saved (206.8 MiB, serialise=0.25s write=0.18s rename=23.7ms)
[Epoch 12/20] step 50/2077 (2.1 it/s)
[Epoch 12/20] step 100/2077 (2.2 it/s)
[Epoch 12/20] step 150/2077 (2.3 it/s)
[Epoch 12/20] step 200/2077 (2.3 it/s)
[Epoch 12/20] step 250/2077 (2.3 it/s)
[Epoch 12/20] step 300/2077 (2.3 it/s)
[Epoch 12/20] step 350/2077 (2.3 it/s)
[Epoch 12/20] step 400/2077 (2.3 it/s)
[Epoch 12/20] step 450/2077 (2.3 it/s)
[Epoch 12/20] step 500/2077 (2.3 it/s)
[Epoch 12/20] step 550/2077 (2.3 it/s)
[Epoch 12/20] step 600/2077 (2.3 it/s)
[Epoch 12/20] step 650/2077 (2.3 it/s)
[Epoch 12/20] step 700/2077 (2.3 it/s)
[Epoch 12/20] step 750/2077 (2.3 it/s)
[Epoch 12/20] step 800/2077 (2.3 it/s)
[Epoch 12/20] step 850/2077 (2.3 it/s)
[Epoch 12/20] step 900/2077 (2.3 it/s)
[Epoch 12/20] step 950/2077 (2.3 it/s)
[Epoch 12/20] step 1000/2077 (2.3 it/s)
[Epoch 12/20] step 1050/2077 (2.3 it/s)
[Epoch 12/20] step 1100/2077 (2.3 it/s)
[Epoch 12/20] step 1150/2077 (2.3 it/s)
[Epoch 12/20] step 1200/2077 (2.3 it/s)
[Epoch 12/20] step 1250/2077 (2.3 it/s)
[Epoch 12/20] step 1300/2077 (2.3 it/s)
[Epoch 12/20] step 1350/2077 (2.3 it/s)
[Epoch 12/20] step 1400/2077 (2.3 it/s)
[Epoch 12/20] step 1450/2077 (2.3 it/s)
[Epoch 12/20] step 1500/2077 (2.3 it/s)
[Epoch 12/20] step 1550/2077 (2.3 it/s)
[Epoch 12/20] step 1600/2077 (2.3 it/s)
[Epoch 12/20] step 1650/2077 (2.3 it/s)
[Epoch 12/20] step 1700/2077 (2.3 it/s)
[Epoch 12/20] step 1750/2077 (2.3 it/s)
[Epoch 12/20] step 1800/2077 (2.3 it/s)
[Epoch 12/20] step 1850/2077 (2.3 it/s)
[Epoch 12/20] step 1900/2077 (2.3 it/s)
[Epoch 12/20] step 1950/2077 (2.3 it/s)
[Epoch 12/20] step 2000/2077 (2.3 it/s)
[Epoch 12/20] step 2050/2077 (2.3 it/s)
04:30:21 | INFO  | trainer_inf~| \n+----------------------------+-----------------------+
|           Metric           |         Value         |
+----------------------------+-----------------------+
|          [0;34;40mfit/loss[0m          |  [0;32;40m0.09059573709964752[0m  |
|       [0;34;40mfit/pred_loss[0m        |  [0;32;40m0.005634802859276533[0m |
|      [0;34;40mfit/sigreg_loss[0m       |       [0;32;40m0.9453125[0m       |
|    [0;34;40mhardware/cpu_percent[0m    |          [0;32;40m12.5[0m         |
|  [0;34;40mhardware/disk_read_mb_s[0m   |          [0;32;40m0.0[0m          |
|  [0;34;40mhardware/disk_write_mb_s[0m  |  [0;32;40m0.08357611298561096[0m  |
|   [0;34;40mhardware/net_recv_mb_s[0m   |  [0;32;40m0.005347077269107103[0m |
|   [0;34;40mhardware/net_sent_mb_s[0m   |  [0;32;40m0.04064808413386345[0m  |
|    [0;34;40mhardware/ram_used_gb[0m    |   [0;32;40m63.51283264160156[0m   |
|   [0;34;40mhardware/ram_used_pct[0m    |   [0;32;40m6.300000190734863[0m   |
|    [0;34;40mhparams/lr_default_0[0m    | [0;32;40m1.389809312968282e-05[0m |
|       [0;34;40mvalidate/loss[0m        |   [0;32;40m0.1684517115354538[0m  |
|    [0;34;40mvalidate/loss_epoch[0m     |   [0;32;40m0.1684517115354538[0m  |
|     [0;34;40mvalidate/pred_loss[0m     |  [0;32;40m0.014811987988650799[0m |
|  [0;34;40mvalidate/pred_loss_epoch[0m  |  [0;32;40m0.014811987988650799[0m |
|    [0;34;40mvalidate/sigreg_loss[0m    |   [0;32;40m1.7070047855377197[0m  |
| [0;34;40mvalidate/sigreg_loss_epoch[0m |   [0;32;40m1.7070047855377197[0m  |
+----------------------------+-----------------------+
[Epoch 12/20] done in 949.5s
04:30:21 | INFO  | checkpoint_~|   Checking for non PyTorch modules to save
04:30:21 | INFO  | atomic_chec~| [atomic_save] → /data1/likun-share/junjxu/.cache_stable-pretraining/runs/20260707/004310/a0dd62784e46/checkpoints/epoch=12-step=27001.ckpt
04:30:21 | INFO  | atomic_chec~| [atomic_save] ✓ epoch=12-step=27001.ckpt saved (206.8 MiB, serialise=0.24s write=0.17s rename=0.0ms)
04:30:22 | INFO  | checkpoint_~|   Checking for non PyTorch modules to save
04:30:22 | INFO  | atomic_chec~| [atomic_save] → /data1/likun-share/junjxu/.cache_stable-pretraining/runs/20260707/004310/a0dd62784e46/checkpoints/last.ckpt
04:30:22 | INFO  | atomic_chec~| [atomic_save] ✓ last.ckpt saved (206.8 MiB, serialise=0.26s write=0.18s rename=23.6ms)
[Epoch 13/20] step 50/2077 (2.1 it/s)
[Epoch 13/20] step 100/2077 (2.2 it/s)
[Epoch 13/20] step 150/2077 (2.2 it/s)
[Epoch 13/20] step 200/2077 (2.3 it/s)
[Epoch 13/20] step 250/2077 (2.3 it/s)
[Epoch 13/20] step 300/2077 (2.3 it/s)
[Epoch 13/20] step 350/2077 (2.3 it/s)
[Epoch 13/20] step 400/2077 (2.3 it/s)
[Epoch 13/20] step 450/2077 (2.3 it/s)
[Epoch 13/20] step 500/2077 (2.3 it/s)
[Epoch 13/20] step 550/2077 (2.3 it/s)
[Epoch 13/20] step 600/2077 (2.3 it/s)
[Epoch 13/20] step 650/2077 (2.3 it/s)
[Epoch 13/20] step 700/2077 (2.3 it/s)
[Epoch 13/20] step 750/2077 (2.3 it/s)
[Epoch 13/20] step 800/2077 (2.3 it/s)
[Epoch 13/20] step 850/2077 (2.3 it/s)
[Epoch 13/20] step 900/2077 (2.3 it/s)
[Epoch 13/20] step 950/2077 (2.3 it/s)
[Epoch 13/20] step 1000/2077 (2.3 it/s)
[Epoch 13/20] step 1050/2077 (2.3 it/s)
[Epoch 13/20] step 1100/2077 (2.3 it/s)
[Epoch 13/20] step 1150/2077 (2.3 it/s)
[Epoch 13/20] step 1200/2077 (2.3 it/s)
[Epoch 13/20] step 1250/2077 (2.3 it/s)
[Epoch 13/20] step 1300/2077 (2.3 it/s)
[Epoch 13/20] step 1350/2077 (2.3 it/s)
[Epoch 13/20] step 1400/2077 (2.3 it/s)
[Epoch 13/20] step 1450/2077 (2.3 it/s)
[Epoch 13/20] step 1500/2077 (2.3 it/s)
[Epoch 13/20] step 1550/2077 (2.3 it/s)
[Epoch 13/20] step 1600/2077 (2.3 it/s)
[Epoch 13/20] step 1650/2077 (2.3 it/s)
[Epoch 13/20] step 1700/2077 (2.3 it/s)
[Epoch 13/20] step 1750/2077 (2.3 it/s)
[Epoch 13/20] step 1800/2077 (2.3 it/s)
[Epoch 13/20] step 1850/2077 (2.3 it/s)
[Epoch 13/20] step 1900/2077 (2.3 it/s)
[Epoch 13/20] step 1950/2077 (2.3 it/s)
[Epoch 13/20] step 2000/2077 (2.3 it/s)
[Epoch 13/20] step 2050/2077 (2.3 it/s)
04:46:16 | INFO  | trainer_inf~| \n+----------------------------+------------------------+
|           Metric           |         Value          |
+----------------------------+------------------------+
|          [0;34;40mfit/loss[0m          |  [0;32;40m0.09810130298137665[0m   |
|       [0;34;40mfit/pred_loss[0m        |  [0;32;40m0.006792709231376648[0m  |
|      [0;34;40mfit/sigreg_loss[0m       |        [0;32;40m1.015625[0m        |
|    [0;34;40mhardware/cpu_percent[0m    |   [0;32;40m12.399999618530273[0m   |
|  [0;34;40mhardware/disk_read_mb_s[0m   |          [0;32;40m0.0[0m           |
|  [0;34;40mhardware/disk_write_mb_s[0m  |  [0;32;40m0.14762823283672333[0m   |
|   [0;34;40mhardware/net_recv_mb_s[0m   |  [0;32;40m0.005170222371816635[0m  |
|   [0;34;40mhardware/net_sent_mb_s[0m   |  [0;32;40m0.005573931150138378[0m  |
|    [0;34;40mhardware/ram_used_gb[0m    |     [0;32;40m63.25830078125[0m     |
|   [0;34;40mhardware/ram_used_pct[0m    |   [0;32;40m6.300000190734863[0m    |
|    [0;34;40mhparams/lr_default_0[0m    | [0;32;40m1.0498388292035088e-05[0m |
|       [0;34;40mvalidate/loss[0m        |  [0;32;40m0.17555829882621765[0m   |
|    [0;34;40mvalidate/loss_epoch[0m     |  [0;32;40m0.17555829882621765[0m   |
|     [0;34;40mvalidate/pred_loss[0m     |  [0;32;40m0.021988604217767715[0m  |
|  [0;34;40mvalidate/pred_loss_epoch[0m  |  [0;32;40m0.021988604217767715[0m  |
|    [0;34;40mvalidate/sigreg_loss[0m    |   [0;32;40m1.7061015367507935[0m   |
| [0;34;40mvalidate/sigreg_loss_epoch[0m |   [0;32;40m1.7061015367507935[0m   |
+----------------------------+------------------------+
[Epoch 13/20] done in 954.0s
04:46:16 | INFO  | checkpoint_~|   Checking for non PyTorch modules to save
04:46:16 | INFO  | atomic_chec~| [atomic_save] → /data1/likun-share/junjxu/.cache_stable-pretraining/runs/20260707/004310/a0dd62784e46/checkpoints/epoch=13-step=29078.ckpt
04:46:16 | INFO  | atomic_chec~| [atomic_save] ✓ epoch=13-step=29078.ckpt saved (206.8 MiB, serialise=0.24s write=0.17s rename=0.0ms)
04:46:16 | INFO  | checkpoint_~|   Checking for non PyTorch modules to save
04:46:16 | INFO  | atomic_chec~| [atomic_save] → /data1/likun-share/junjxu/.cache_stable-pretraining/runs/20260707/004310/a0dd62784e46/checkpoints/last.ckpt
04:46:17 | INFO  | atomic_chec~| [atomic_save] ✓ last.ckpt saved (206.8 MiB, serialise=0.24s write=0.17s rename=23.2ms)
[Epoch 14/20] step 50/2077 (2.1 it/s)
[Epoch 14/20] step 100/2077 (2.2 it/s)
[Epoch 14/20] step 150/2077 (2.2 it/s)
[Epoch 14/20] step 200/2077 (2.3 it/s)
[Epoch 14/20] step 250/2077 (2.3 it/s)
[Epoch 14/20] step 300/2077 (2.3 it/s)
[Epoch 14/20] step 350/2077 (2.3 it/s)
[Epoch 14/20] step 400/2077 (2.3 it/s)
[Epoch 14/20] step 450/2077 (2.3 it/s)
[Epoch 14/20] step 500/2077 (2.3 it/s)
[Epoch 14/20] step 550/2077 (2.3 it/s)
[Epoch 14/20] step 600/2077 (2.3 it/s)
[Epoch 14/20] step 650/2077 (2.3 it/s)
[Epoch 14/20] step 700/2077 (2.3 it/s)
[Epoch 14/20] step 750/2077 (2.3 it/s)
[Epoch 14/20] step 800/2077 (2.3 it/s)
[Epoch 14/20] step 850/2077 (2.3 it/s)
[Epoch 14/20] step 900/2077 (2.3 it/s)
[Epoch 14/20] step 950/2077 (2.3 it/s)
[Epoch 14/20] step 1000/2077 (2.3 it/s)
[Epoch 14/20] step 1050/2077 (2.3 it/s)
[Epoch 14/20] step 1100/2077 (2.3 it/s)
[Epoch 14/20] step 1150/2077 (2.3 it/s)
[Epoch 14/20] step 1200/2077 (2.3 it/s)
[Epoch 14/20] step 1250/2077 (2.3 it/s)
[Epoch 14/20] step 1300/2077 (2.3 it/s)
[Epoch 14/20] step 1350/2077 (2.3 it/s)
[Epoch 14/20] step 1400/2077 (2.3 it/s)
[Epoch 14/20] step 1450/2077 (2.3 it/s)
[Epoch 14/20] step 1500/2077 (2.3 it/s)
[Epoch 14/20] step 1550/2077 (2.3 it/s)
[Epoch 14/20] step 1600/2077 (2.3 it/s)
[Epoch 14/20] step 1650/2077 (2.3 it/s)
[Epoch 14/20] step 1700/2077 (2.3 it/s)
[Epoch 14/20] step 1750/2077 (2.3 it/s)
[Epoch 14/20] step 1800/2077 (2.3 it/s)
[Epoch 14/20] step 1850/2077 (2.3 it/s)
[Epoch 14/20] step 1900/2077 (2.3 it/s)
[Epoch 14/20] step 1950/2077 (2.3 it/s)
[Epoch 14/20] step 2000/2077 (2.3 it/s)
[Epoch 14/20] step 2050/2077 (2.3 it/s)
05:02:12 | INFO  | trainer_inf~| \n+----------------------------+-----------------------+
|           Metric           |         Value         |
+----------------------------+-----------------------+
|          [0;34;40mfit/loss[0m          |   [0;32;40m0.1025337427854538[0m  |
|       [0;34;40mfit/pred_loss[0m        |  [0;32;40m0.009760307148098946[0m |
|      [0;34;40mfit/sigreg_loss[0m       |        [0;32;40m1.03125[0m        |
|    [0;34;40mhardware/cpu_percent[0m    |   [0;32;40m12.800000190734863[0m  |
|  [0;34;40mhardware/disk_read_mb_s[0m   |          [0;32;40m0.0[0m          |
|  [0;34;40mhardware/disk_write_mb_s[0m  |  [0;32;40m0.08006212115287781[0m  |
|   [0;34;40mhardware/net_recv_mb_s[0m   |  [0;32;40m0.02258268930017948[0m  |
|   [0;34;40mhardware/net_sent_mb_s[0m   |  [0;32;40m0.03129257261753082[0m  |
|    [0;34;40mhardware/ram_used_gb[0m    |   [0;32;40m62.18317794799805[0m   |
|   [0;34;40mhardware/ram_used_pct[0m    |   [0;32;40m6.199999809265137[0m   |
|    [0;34;40mhparams/lr_default_0[0m    | [0;32;40m7.462990197382169e-06[0m |
|       [0;34;40mvalidate/loss[0m        |  [0;32;40m0.18018901348114014[0m  |
|    [0;34;40mvalidate/loss_epoch[0m     |  [0;32;40m0.18018901348114014[0m  |
|     [0;34;40mvalidate/pred_loss[0m     |  [0;32;40m0.02722993679344654[0m  |
|  [0;34;40mvalidate/pred_loss_epoch[0m  |  [0;32;40m0.02722993679344654[0m  |
|    [0;34;40mvalidate/sigreg_loss[0m    |   [0;32;40m1.6993467807769775[0m  |
| [0;34;40mvalidate/sigreg_loss_epoch[0m |   [0;32;40m1.6993467807769775[0m  |
+----------------------------+-----------------------+
[Epoch 14/20] done in 955.0s
05:02:12 | INFO  | checkpoint_~|   Checking for non PyTorch modules to save
05:02:12 | INFO  | atomic_chec~| [atomic_save] → /data1/likun-share/junjxu/.cache_stable-pretraining/runs/20260707/004310/a0dd62784e46/checkpoints/epoch=14-step=31155.ckpt
05:02:12 | INFO  | atomic_chec~| [atomic_save] ✓ epoch=14-step=31155.ckpt saved (206.8 MiB, serialise=0.25s write=0.18s rename=0.0ms)
05:02:12 | INFO  | checkpoint_~|   Checking for non PyTorch modules to save
05:02:12 | INFO  | atomic_chec~| [atomic_save] → /data1/likun-share/junjxu/.cache_stable-pretraining/runs/20260707/004310/a0dd62784e46/checkpoints/last.ckpt
05:02:13 | INFO  | atomic_chec~| [atomic_save] ✓ last.ckpt saved (206.8 MiB, serialise=0.24s write=0.18s rename=22.7ms)
[Epoch 15/20] step 50/2077 (2.1 it/s)
[Epoch 15/20] step 100/2077 (2.2 it/s)
[Epoch 15/20] step 150/2077 (2.3 it/s)
[Epoch 15/20] step 200/2077 (2.3 it/s)
[Epoch 15/20] step 250/2077 (2.3 it/s)
[Epoch 15/20] step 300/2077 (2.3 it/s)
[Epoch 15/20] step 350/2077 (2.3 it/s)
[Epoch 15/20] step 400/2077 (2.3 it/s)
[Epoch 15/20] step 450/2077 (2.3 it/s)
[Epoch 15/20] step 500/2077 (2.3 it/s)
[Epoch 15/20] step 550/2077 (2.3 it/s)
[Epoch 15/20] step 600/2077 (2.3 it/s)
[Epoch 15/20] step 650/2077 (2.3 it/s)
[Epoch 15/20] step 700/2077 (2.3 it/s)
[Epoch 15/20] step 750/2077 (2.3 it/s)
[Epoch 15/20] step 800/2077 (2.3 it/s)
[Epoch 15/20] step 850/2077 (2.3 it/s)
[Epoch 15/20] step 900/2077 (2.3 it/s)
[Epoch 15/20] step 950/2077 (2.3 it/s)
[Epoch 15/20] step 1000/2077 (2.3 it/s)
[Epoch 15/20] step 1050/2077 (2.3 it/s)
[Epoch 15/20] step 1100/2077 (2.3 it/s)
[Epoch 15/20] step 1150/2077 (2.3 it/s)
[Epoch 15/20] step 1200/2077 (2.3 it/s)
[Epoch 15/20] step 1250/2077 (2.3 it/s)
[Epoch 15/20] step 1300/2077 (2.3 it/s)
[Epoch 15/20] step 1350/2077 (2.3 it/s)
[Epoch 15/20] step 1400/2077 (2.3 it/s)
[Epoch 15/20] step 1450/2077 (2.3 it/s)
[Epoch 15/20] step 1500/2077 (2.3 it/s)
[Epoch 15/20] step 1550/2077 (2.3 it/s)
[Epoch 15/20] step 1600/2077 (2.3 it/s)
[Epoch 15/20] step 1650/2077 (2.3 it/s)
[Epoch 15/20] step 1700/2077 (2.3 it/s)
[Epoch 15/20] step 1750/2077 (2.3 it/s)
[Epoch 15/20] step 1800/2077 (2.3 it/s)
[Epoch 15/20] step 1850/2077 (2.3 it/s)
[Epoch 15/20] step 1900/2077 (2.3 it/s)
[Epoch 15/20] step 1950/2077 (2.3 it/s)
[Epoch 15/20] step 2000/2077 (2.3 it/s)
[Epoch 15/20] step 2050/2077 (2.3 it/s)
05:18:08 | INFO  | trainer_inf~| \n+----------------------------+-----------------------+
|           Metric           |         Value         |
+----------------------------+-----------------------+
|          [0;34;40mfit/loss[0m          |   [0;32;40m0.1043311208486557[0m  |
|       [0;34;40mfit/pred_loss[0m        |  [0;32;40m0.01302252896130085[0m  |
|      [0;34;40mfit/sigreg_loss[0m       |        [0;32;40m1.015625[0m       |
|    [0;34;40mhardware/cpu_percent[0m    |   [0;32;40m10.100000381469727[0m  |
|  [0;34;40mhardware/disk_read_mb_s[0m   |          [0;32;40m0.0[0m          |
|  [0;34;40mhardware/disk_write_mb_s[0m  |   [0;32;40m0.0878748744726181[0m  |
|   [0;34;40mhardware/net_recv_mb_s[0m   |  [0;32;40m0.005246366374194622[0m |
|   [0;34;40mhardware/net_sent_mb_s[0m   |  [0;32;40m0.004806801211088896[0m |
|    [0;34;40mhardware/ram_used_gb[0m    |    [0;32;40m61.283935546875[0m    |
|   [0;34;40mhardware/ram_used_pct[0m    |   [0;32;40m6.099999904632568[0m   |
|    [0;34;40mhparams/lr_default_0[0m    | [0;32;40m4.868152245762758e-06[0m |
|       [0;34;40mvalidate/loss[0m        |   [0;32;40m0.1753416508436203[0m  |
|    [0;34;40mvalidate/loss_epoch[0m     |   [0;32;40m0.1753416508436203[0m  |
|     [0;34;40mvalidate/pred_loss[0m     |  [0;32;40m0.02144409529864788[0m  |
|  [0;34;40mvalidate/pred_loss_epoch[0m  |  [0;32;40m0.02144409529864788[0m  |
|    [0;34;40mvalidate/sigreg_loss[0m    |   [0;32;40m1.709661841392517[0m   |
| [0;34;40mvalidate/sigreg_loss_epoch[0m |   [0;32;40m1.709661841392517[0m   |
+----------------------------+-----------------------+
[Epoch 15/20] done in 955.7s
05:18:09 | INFO  | checkpoint_~|   Checking for non PyTorch modules to save
05:18:09 | INFO  | atomic_chec~| [atomic_save] → /data1/likun-share/junjxu/.cache_stable-pretraining/runs/20260707/004310/a0dd62784e46/checkpoints/epoch=15-step=33232.ckpt
05:18:09 | INFO  | atomic_chec~| [atomic_save] ✓ epoch=15-step=33232.ckpt saved (206.8 MiB, serialise=0.25s write=0.18s rename=0.0ms)
05:18:09 | INFO  | checkpoint_~|   Checking for non PyTorch modules to save
05:18:09 | INFO  | atomic_chec~| [atomic_save] → /data1/likun-share/junjxu/.cache_stable-pretraining/runs/20260707/004310/a0dd62784e46/checkpoints/last.ckpt
05:18:09 | INFO  | atomic_chec~| [atomic_save] ✓ last.ckpt saved (206.8 MiB, serialise=0.24s write=0.18s rename=22.1ms)
[Epoch 16/20] step 50/2077 (2.1 it/s)
[Epoch 16/20] step 100/2077 (2.2 it/s)
[Epoch 16/20] step 150/2077 (2.2 it/s)
[Epoch 16/20] step 200/2077 (2.2 it/s)
[Epoch 16/20] step 250/2077 (2.3 it/s)
[Epoch 16/20] step 300/2077 (2.3 it/s)
[Epoch 16/20] step 350/2077 (2.3 it/s)
[Epoch 16/20] step 400/2077 (2.3 it/s)
[Epoch 16/20] step 450/2077 (2.3 it/s)
[Epoch 16/20] step 500/2077 (2.3 it/s)
[Epoch 16/20] step 550/2077 (2.2 it/s)
[Epoch 16/20] step 600/2077 (2.1 it/s)
[Epoch 16/20] step 650/2077 (2.1 it/s)
[Epoch 16/20] step 700/2077 (2.0 it/s)
[Epoch 16/20] step 750/2077 (2.0 it/s)
[Epoch 16/20] step 800/2077 (2.0 it/s)
[Epoch 16/20] step 850/2077 (2.0 it/s)
[Epoch 16/20] step 900/2077 (1.9 it/s)
[Epoch 16/20] step 950/2077 (1.9 it/s)
[Epoch 16/20] step 1000/2077 (1.9 it/s)
[Epoch 16/20] step 1050/2077 (1.9 it/s)
[Epoch 16/20] step 1100/2077 (1.9 it/s)
[Epoch 16/20] step 1150/2077 (1.9 it/s)
[Epoch 16/20] step 1200/2077 (1.9 it/s)
[Epoch 16/20] step 1250/2077 (1.8 it/s)
[Epoch 16/20] step 1300/2077 (1.8 it/s)
[Epoch 16/20] step 1350/2077 (1.8 it/s)
[Epoch 16/20] step 1400/2077 (1.8 it/s)
[Epoch 16/20] step 1450/2077 (1.8 it/s)
[Epoch 16/20] step 1500/2077 (1.8 it/s)
[Epoch 16/20] step 1550/2077 (1.8 it/s)
[Epoch 16/20] step 1600/2077 (1.8 it/s)
[Epoch 16/20] step 1650/2077 (1.8 it/s)
[Epoch 16/20] step 1700/2077 (1.8 it/s)
[Epoch 16/20] step 1750/2077 (1.8 it/s)
[Epoch 16/20] step 1800/2077 (1.8 it/s)
[Epoch 16/20] step 1850/2077 (1.8 it/s)
[Epoch 16/20] step 1900/2077 (1.8 it/s)
[Epoch 16/20] step 1950/2077 (1.8 it/s)
[Epoch 16/20] step 2000/2077 (1.8 it/s)
[Epoch 16/20] step 2050/2077 (1.8 it/s)
05:38:55 | INFO  | trainer_inf~| \n+----------------------------+------------------------+
|           Metric           |         Value          |
+----------------------------+------------------------+
|          [0;34;40mfit/loss[0m          |  [0;32;40m0.09694622457027435[0m   |
|       [0;34;40mfit/pred_loss[0m        |  [0;32;40m0.007102474104613066[0m  |
|      [0;34;40mfit/sigreg_loss[0m       |          [0;32;40m1.0[0m           |
|    [0;34;40mhardware/cpu_percent[0m    |   [0;32;40m20.299999237060547[0m   |
|  [0;34;40mhardware/disk_read_mb_s[0m   |          [0;32;40m0.0[0m           |
|  [0;34;40mhardware/disk_write_mb_s[0m  |  [0;32;40m0.10037253051996231[0m   |
|   [0;34;40mhardware/net_recv_mb_s[0m   |  [0;32;40m0.006108804140239954[0m  |
|   [0;34;40mhardware/net_sent_mb_s[0m   |  [0;32;40m0.04168131202459335[0m   |
|    [0;34;40mhardware/ram_used_gb[0m    |    [0;32;40m73.8907470703125[0m    |
|   [0;34;40mhardware/ram_used_pct[0m    |   [0;32;40m7.300000190734863[0m    |
|    [0;34;40mhparams/lr_default_0[0m    | [0;32;40m2.7790606509370264e-06[0m |
|       [0;34;40mvalidate/loss[0m        |  [0;32;40m0.16955183446407318[0m   |
|    [0;34;40mvalidate/loss_epoch[0m     |  [0;32;40m0.16955183446407318[0m   |
|     [0;34;40mvalidate/pred_loss[0m     |  [0;32;40m0.017793506383895874[0m  |
|  [0;34;40mvalidate/pred_loss_epoch[0m  |  [0;32;40m0.017793506383895874[0m  |
|    [0;34;40mvalidate/sigreg_loss[0m    |   [0;32;40m1.6856426000595093[0m   |
| [0;34;40mvalidate/sigreg_loss_epoch[0m |   [0;32;40m1.6856426000595093[0m   |
+----------------------------+------------------------+
[Epoch 16/20] done in 1245.8s
05:38:55 | INFO  | checkpoint_~|   Checking for non PyTorch modules to save
05:38:55 | INFO  | atomic_chec~| [atomic_save] → /data1/likun-share/junjxu/.cache_stable-pretraining/runs/20260707/004310/a0dd62784e46/checkpoints/epoch=16-step=35309.ckpt
05:38:56 | INFO  | atomic_chec~| [atomic_save] ✓ epoch=16-step=35309.ckpt saved (206.8 MiB, serialise=0.29s write=0.22s rename=0.1ms)
05:38:56 | INFO  | checkpoint_~|   Checking for non PyTorch modules to save
05:38:56 | INFO  | atomic_chec~| [atomic_save] → /data1/likun-share/junjxu/.cache_stable-pretraining/runs/20260707/004310/a0dd62784e46/checkpoints/last.ckpt
05:38:56 | INFO  | atomic_chec~| [atomic_save] ✓ last.ckpt saved (206.8 MiB, serialise=0.28s write=0.22s rename=27.2ms)
[Epoch 17/20] step 50/2077 (1.5 it/s)
[Epoch 17/20] step 100/2077 (1.6 it/s)
[Epoch 17/20] step 150/2077 (1.6 it/s)
[Epoch 17/20] step 200/2077 (1.6 it/s)
[Epoch 17/20] step 250/2077 (1.6 it/s)
[Epoch 17/20] step 300/2077 (1.6 it/s)
[Epoch 17/20] step 350/2077 (1.6 it/s)
[Epoch 17/20] step 400/2077 (1.6 it/s)
[Epoch 17/20] step 450/2077 (1.6 it/s)
[Epoch 17/20] step 500/2077 (1.6 it/s)
[Epoch 17/20] step 550/2077 (1.6 it/s)
[Epoch 17/20] step 600/2077 (1.6 it/s)
[Epoch 17/20] step 650/2077 (1.6 it/s)
[Epoch 17/20] step 700/2077 (1.6 it/s)
[Epoch 17/20] step 750/2077 (1.6 it/s)
[Epoch 17/20] step 800/2077 (1.6 it/s)
[Epoch 17/20] step 850/2077 (1.6 it/s)
[Epoch 17/20] step 900/2077 (1.6 it/s)
[Epoch 17/20] step 950/2077 (1.6 it/s)
[Epoch 17/20] step 1000/2077 (1.6 it/s)
[Epoch 17/20] step 1050/2077 (1.6 it/s)
[Epoch 17/20] step 1100/2077 (1.6 it/s)
[Epoch 17/20] step 1150/2077 (1.6 it/s)
[Epoch 17/20] step 1200/2077 (1.6 it/s)
[Epoch 17/20] step 1250/2077 (1.6 it/s)
[Epoch 17/20] step 1300/2077 (1.6 it/s)
[Epoch 17/20] step 1350/2077 (1.6 it/s)
[Epoch 17/20] step 1400/2077 (1.6 it/s)
[Epoch 17/20] step 1450/2077 (1.6 it/s)
[Epoch 17/20] step 1500/2077 (1.6 it/s)
[Epoch 17/20] step 1550/2077 (1.6 it/s)
[Epoch 17/20] step 1600/2077 (1.6 it/s)
[Epoch 17/20] step 1650/2077 (1.6 it/s)
[Epoch 17/20] step 1700/2077 (1.6 it/s)
[Epoch 17/20] step 1750/2077 (1.6 it/s)
[Epoch 17/20] step 1800/2077 (1.6 it/s)
[Epoch 17/20] step 1850/2077 (1.6 it/s)
[Epoch 17/20] step 1900/2077 (1.6 it/s)
[Epoch 17/20] step 1950/2077 (1.6 it/s)
[Epoch 17/20] step 2000/2077 (1.6 it/s)
[Epoch 17/20] step 2050/2077 (1.6 it/s)
06:01:07 | INFO  | trainer_inf~| \n+----------------------------+------------------------+
|           Metric           |         Value          |
+----------------------------+------------------------+
|          [0;34;40mfit/loss[0m          |  [0;32;40m0.11184732615947723[0m   |
|       [0;34;40mfit/pred_loss[0m        |  [0;32;40m0.00442545348778367[0m   |
|      [0;34;40mfit/sigreg_loss[0m       |       [0;32;40m1.1953125[0m        |
|    [0;34;40mhardware/cpu_percent[0m    |   [0;32;40m15.100000381469727[0m   |
|  [0;34;40mhardware/disk_read_mb_s[0m   |          [0;32;40m0.0[0m           |
|  [0;34;40mhardware/disk_write_mb_s[0m  |  [0;32;40m0.09724876284599304[0m   |
|   [0;34;40mhardware/net_recv_mb_s[0m   |  [0;32;40m0.006512275896966457[0m  |
|   [0;34;40mhardware/net_sent_mb_s[0m   |  [0;32;40m0.04437859728932381[0m   |
|    [0;34;40mhardware/ram_used_gb[0m    |   [0;32;40m64.30195617675781[0m    |
|   [0;34;40mhardware/ram_used_pct[0m    |   [0;32;40m6.400000095367432[0m    |
|    [0;34;40mhparams/lr_default_0[0m    | [0;32;40m1.2481980320444563e-06[0m |
|       [0;34;40mvalidate/loss[0m        |   [0;32;40m0.1786794811487198[0m   |
|    [0;34;40mvalidate/loss_epoch[0m     |   [0;32;40m0.1786794811487198[0m   |
|     [0;34;40mvalidate/pred_loss[0m     |  [0;32;40m0.025620421394705772[0m  |
|  [0;34;40mvalidate/pred_loss_epoch[0m  |  [0;32;40m0.025620421394705772[0m  |
|    [0;34;40mvalidate/sigreg_loss[0m    |   [0;32;40m1.700577974319458[0m    |
| [0;34;40mvalidate/sigreg_loss_epoch[0m |   [0;32;40m1.700577974319458[0m    |
+----------------------------+------------------------+
[Epoch 17/20] done in 1330.3s
06:01:07 | INFO  | checkpoint_~|   Checking for non PyTorch modules to save
06:01:07 | INFO  | atomic_chec~| [atomic_save] → /data1/likun-share/junjxu/.cache_stable-pretraining/runs/20260707/004310/a0dd62784e46/checkpoints/epoch=17-step=37386.ckpt
06:01:07 | INFO  | atomic_chec~| [atomic_save] ✓ epoch=17-step=37386.ckpt saved (206.8 MiB, serialise=0.27s write=0.22s rename=0.0ms)
06:01:07 | INFO  | checkpoint_~|   Checking for non PyTorch modules to save
06:01:07 | INFO  | atomic_chec~| [atomic_save] → /data1/likun-share/junjxu/.cache_stable-pretraining/runs/20260707/004310/a0dd62784e46/checkpoints/last.ckpt
06:01:08 | INFO  | atomic_chec~| [atomic_save] ✓ last.ckpt saved (206.8 MiB, serialise=0.24s write=0.23s rename=22.6ms)
[Epoch 18/20] step 50/2077 (1.5 it/s)
[Epoch 18/20] step 100/2077 (1.6 it/s)
[Epoch 18/20] step 150/2077 (1.6 it/s)
[Epoch 18/20] step 200/2077 (1.6 it/s)
[Epoch 18/20] step 250/2077 (1.6 it/s)
[Epoch 18/20] step 300/2077 (1.7 it/s)
[Epoch 18/20] step 350/2077 (1.7 it/s)
[Epoch 18/20] step 400/2077 (1.7 it/s)
[Epoch 18/20] step 450/2077 (1.7 it/s)
[Epoch 18/20] step 500/2077 (1.7 it/s)
[Epoch 18/20] step 550/2077 (1.7 it/s)
[Epoch 18/20] step 600/2077 (1.7 it/s)
[Epoch 18/20] step 650/2077 (1.6 it/s)
[Epoch 18/20] step 700/2077 (1.6 it/s)
[Epoch 18/20] step 750/2077 (1.6 it/s)
[Epoch 18/20] step 800/2077 (1.6 it/s)
[Epoch 18/20] step 850/2077 (1.6 it/s)
[Epoch 18/20] step 900/2077 (1.6 it/s)
[Epoch 18/20] step 950/2077 (1.6 it/s)
[Epoch 18/20] step 1000/2077 (1.6 it/s)
[Epoch 18/20] step 1050/2077 (1.6 it/s)
[Epoch 18/20] step 1100/2077 (1.6 it/s)
[Epoch 18/20] step 1150/2077 (1.6 it/s)
[Epoch 18/20] step 1200/2077 (1.6 it/s)
[Epoch 18/20] step 1250/2077 (1.6 it/s)
[Epoch 18/20] step 1300/2077 (1.6 it/s)
[Epoch 18/20] step 1350/2077 (1.6 it/s)
[Epoch 18/20] step 1400/2077 (1.6 it/s)
[Epoch 18/20] step 1450/2077 (1.6 it/s)
[Epoch 18/20] step 1500/2077 (1.6 it/s)
[Epoch 18/20] step 1550/2077 (1.6 it/s)
[Epoch 18/20] step 1600/2077 (1.6 it/s)
[Epoch 18/20] step 1650/2077 (1.6 it/s)
[Epoch 18/20] step 1700/2077 (1.6 it/s)
[Epoch 18/20] step 1750/2077 (1.6 it/s)
[Epoch 18/20] step 1800/2077 (1.6 it/s)
[Epoch 18/20] step 1850/2077 (1.6 it/s)
[Epoch 18/20] step 1900/2077 (1.6 it/s)
[Epoch 18/20] step 1950/2077 (1.6 it/s)
[Epoch 18/20] step 2000/2077 (1.6 it/s)
[Epoch 18/20] step 2050/2077 (1.6 it/s)
06:23:19 | INFO  | trainer_inf~| \n+----------------------------+-----------------------+
|           Metric           |         Value         |
+----------------------------+-----------------------+
|          [0;34;40mfit/loss[0m          |  [0;32;40m0.09181050956249237[0m  |
|       [0;34;40mfit/pred_loss[0m        |  [0;32;40m0.007337850518524647[0m |
|      [0;34;40mfit/sigreg_loss[0m       |         [0;32;40m0.9375[0m        |
|    [0;34;40mhardware/cpu_percent[0m    |   [0;32;40m23.700000762939453[0m  |
|  [0;34;40mhardware/disk_read_mb_s[0m   |          [0;32;40m0.0[0m          |
|  [0;34;40mhardware/disk_write_mb_s[0m  |   [0;32;40m0.0863061249256134[0m  |
|   [0;34;40mhardware/net_recv_mb_s[0m   |  [0;32;40m0.005655944813042879[0m |
|   [0;34;40mhardware/net_sent_mb_s[0m   | [0;32;40m0.0054755560122430325[0m |
|    [0;34;40mhardware/ram_used_gb[0m    |   [0;32;40m73.74842834472656[0m   |
|   [0;34;40mhardware/ram_used_pct[0m    |   [0;32;40m7.300000190734863[0m   |
|    [0;34;40mhparams/lr_default_0[0m    | [0;32;40m3.140216904284898e-07[0m |
|       [0;34;40mvalidate/loss[0m        |  [0;32;40m0.16985979676246643[0m  |
|    [0;34;40mvalidate/loss_epoch[0m     |  [0;32;40m0.16985979676246643[0m  |
|     [0;34;40mvalidate/pred_loss[0m     |  [0;32;40m0.017493290826678276[0m |
|  [0;34;40mvalidate/pred_loss_epoch[0m  |  [0;32;40m0.017493290826678276[0m |
|    [0;34;40mvalidate/sigreg_loss[0m    |    [0;32;40m1.69292414188385[0m   |
| [0;34;40mvalidate/sigreg_loss_epoch[0m |    [0;32;40m1.69292414188385[0m   |
+----------------------------+-----------------------+
[Epoch 18/20] done in 1331.7s
06:23:19 | INFO  | checkpoint_~|   Checking for non PyTorch modules to save
06:23:19 | INFO  | atomic_chec~| [atomic_save] → /data1/likun-share/junjxu/.cache_stable-pretraining/runs/20260707/004310/a0dd62784e46/checkpoints/epoch=18-step=39463.ckpt
06:23:20 | INFO  | atomic_chec~| [atomic_save] ✓ epoch=18-step=39463.ckpt saved (206.8 MiB, serialise=0.29s write=0.23s rename=0.0ms)
06:23:20 | INFO  | checkpoint_~|   Checking for non PyTorch modules to save
06:23:20 | INFO  | atomic_chec~| [atomic_save] → /data1/likun-share/junjxu/.cache_stable-pretraining/runs/20260707/004310/a0dd62784e46/checkpoints/last.ckpt
06:23:20 | INFO  | atomic_chec~| [atomic_save] ✓ last.ckpt saved (206.8 MiB, serialise=0.25s write=0.22s rename=28.3ms)
[Epoch 19/20] step 50/2077 (1.5 it/s)
[Epoch 19/20] step 100/2077 (1.6 it/s)
[Epoch 19/20] step 150/2077 (1.6 it/s)
[Epoch 19/20] step 200/2077 (1.6 it/s)
[Epoch 19/20] step 250/2077 (1.6 it/s)
[Epoch 19/20] step 300/2077 (1.6 it/s)
[Epoch 19/20] step 350/2077 (1.6 it/s)
[Epoch 19/20] step 400/2077 (1.6 it/s)
[Epoch 19/20] step 450/2077 (1.6 it/s)
[Epoch 19/20] step 500/2077 (1.6 it/s)
[Epoch 19/20] step 550/2077 (1.6 it/s)
[Epoch 19/20] step 600/2077 (1.6 it/s)
[Epoch 19/20] step 650/2077 (1.6 it/s)
[Epoch 19/20] step 700/2077 (1.6 it/s)
[Epoch 19/20] step 750/2077 (1.6 it/s)
[Epoch 19/20] step 800/2077 (1.6 it/s)
[Epoch 19/20] step 850/2077 (1.6 it/s)
[Epoch 19/20] step 900/2077 (1.6 it/s)
[Epoch 19/20] step 950/2077 (1.6 it/s)
[Epoch 19/20] step 1000/2077 (1.6 it/s)
[Epoch 19/20] step 1050/2077 (1.6 it/s)
[Epoch 19/20] step 1100/2077 (1.6 it/s)
[Epoch 19/20] step 1150/2077 (1.6 it/s)
[Epoch 19/20] step 1200/2077 (1.6 it/s)
[Epoch 19/20] step 1250/2077 (1.6 it/s)
[Epoch 19/20] step 1300/2077 (1.6 it/s)
[Epoch 19/20] step 1350/2077 (1.6 it/s)
[Epoch 19/20] step 1400/2077 (1.6 it/s)
[Epoch 19/20] step 1450/2077 (1.6 it/s)
[Epoch 19/20] step 1500/2077 (1.6 it/s)
[Epoch 19/20] step 1550/2077 (1.6 it/s)
[Epoch 19/20] step 1600/2077 (1.6 it/s)
[Epoch 19/20] step 1650/2077 (1.6 it/s)
[Epoch 19/20] step 1700/2077 (1.6 it/s)
[Epoch 19/20] step 1750/2077 (1.6 it/s)
[Epoch 19/20] step 1800/2077 (1.6 it/s)
[Epoch 19/20] step 1850/2077 (1.6 it/s)
[Epoch 19/20] step 1900/2077 (1.6 it/s)
[Epoch 19/20] step 1950/2077 (1.6 it/s)
[Epoch 19/20] step 2000/2077 (1.6 it/s)
[Epoch 19/20] step 2050/2077 (1.6 it/s)
06:45:38 | INFO  | trainer_inf~| \n+----------------------------+----------------------+
|           Metric           |        Value         |
+----------------------------+----------------------+
|          [0;34;40mfit/loss[0m          | [0;32;40m0.09846597909927368[0m  |
|       [0;34;40mfit/pred_loss[0m        | [0;32;40m0.009598789736628532[0m |
|      [0;34;40mfit/sigreg_loss[0m       |      [0;32;40m0.98828125[0m      |
|    [0;34;40mhardware/cpu_percent[0m    |  [0;32;40m22.399999618530273[0m  |
|  [0;34;40mhardware/disk_read_mb_s[0m   |         [0;32;40m0.0[0m          |
|  [0;34;40mhardware/disk_write_mb_s[0m  |  [0;32;40m0.0855289027094841[0m  |
|   [0;34;40mhardware/net_recv_mb_s[0m   | [0;32;40m0.005823055747896433[0m |
|   [0;34;40mhardware/net_sent_mb_s[0m   | [0;32;40m0.041348349303007126[0m |
|    [0;34;40mhardware/ram_used_gb[0m    |  [0;32;40m71.15846252441406[0m   |
|   [0;34;40mhardware/ram_used_pct[0m    |  [0;32;40m7.099999904632568[0m   |
|    [0;34;40mhparams/lr_default_0[0m    |         [0;32;40m0.0[0m          |
|       [0;34;40mvalidate/loss[0m        | [0;32;40m0.17162398993968964[0m  |
|    [0;34;40mvalidate/loss_epoch[0m     | [0;32;40m0.17162398993968964[0m  |
|     [0;34;40mvalidate/pred_loss[0m     | [0;32;40m0.018454143777489662[0m |
|  [0;34;40mvalidate/pred_loss_epoch[0m  | [0;32;40m0.018454143777489662[0m |
|    [0;34;40mvalidate/sigreg_loss[0m    |  [0;32;40m1.7017436027526855[0m  |
| [0;34;40mvalidate/sigreg_loss_epoch[0m |  [0;32;40m1.7017436027526855[0m  |
+----------------------------+----------------------+
[Epoch 19/20] done in 1337.6s
06:45:38 | INFO  | checkpoint_~|   Checking for non PyTorch modules to save
06:45:38 | INFO  | atomic_chec~| [atomic_save] → /data1/likun-share/junjxu/.cache_stable-pretraining/runs/20260707/004310/a0dd62784e46/checkpoints/epoch=19-step=41540.ckpt
06:45:39 | INFO  | atomic_chec~| [atomic_save] ✓ epoch=19-step=41540.ckpt saved (206.8 MiB, serialise=0.30s write=0.22s rename=0.0ms)
06:45:39 | INFO  | checkpoint_~|   Checking for non PyTorch modules to save
06:45:39 | INFO  | atomic_chec~| [atomic_save] → /data1/likun-share/junjxu/.cache_stable-pretraining/runs/20260707/004310/a0dd62784e46/checkpoints/last.ckpt
06:45:39 | INFO  | atomic_chec~| [atomic_save] ✓ last.ckpt saved (206.8 MiB, serialise=0.27s write=0.22s rename=42.5ms)
`Trainer.fit` stopped: `max_epochs=20` reached.
Epoch 19/19 ━━━━━━━━━━━━━━━━━━━━━━━━━━━━━ 2077/2077 0:21:13 • 0:00:00 1.66it/s 
06:45:40 | OK    | env_info.py | ✓ Git: main @ daf03406
06:45:40 | INFO  | env_info.py |   Remote: git@github.com-xuustc99:XuUSTC99/wm.git
06:45:40 | WARN  | env_info.py | ! Working directory has uncommitted changes
06:45:40 | OK    | env_info.py | ✓ Environment: 4 relevant variables captured
06:45:40 | INFO  | env_info.py |   Serializing environment data...
06:45:40 | INFO  | env_info.py |   Waiting for environment dump thread to complete...
06:45:40 | INFO  | env_info.py |   File exists, using version 293: environment_v293.json
06:45:40 | INFO  | env_info.py |   File exists, using version 295: requirements_frozen_v295.txt
06:45:40 | INFO  | env_info.py |   Save directory: /home/likun-share/.cache/stable-pretraining
06:45:40 | INFO  | env_info.py |   Writing environment to temp file...
06:45:40 | INFO  | env_info.py |   Moving to: environment_v293.json
06:45:40 | OK    | env_info.py | ✓ Environment file saved (2.6 KB)
06:45:40 | OK    | env_info.py | ✓ Requirements file saved (0.1 KB)
06:45:40 | OK    | env_info.py | ✓ Environment dump thread completed successfully
06:45:40 | INFO  | utils.py    | ── SignalHandlers (after Trainer.fit() returned) ──
06:45:40 | INFO  | manager.py  |   SIGUSR1  → SIG_DFL (default OS action — terminate process)
06:45:40 | INFO  | manager.py  |   SIGUSR2  → SIG_DFL (default OS action — terminate process)
06:45:40 | INFO  | manager.py  |   SIGCONT  → SIG_DFL (default OS action — terminate process)
06:45:40 | INFO  | manager.py  |   SIGTERM  → SIG_DFL (default OS action — terminate process)
[W707 06:45:41.364078704 AllocatorConfig.cpp:28] Warning: PYTORCH_CUDA_ALLOC_CONF is deprecated, use PYTORCH_ALLOC_CONF instead (function operator())
