22:29:33 | INFO  | __init__.py | PyTorch version 2.9.1+cu128 available.
22:29:33 | INFO  | __init__.py | JAX version 0.6.2 available.
22:29:35 | INFO  | atomic_chec~| [atomic_save] installed crash-safe checkpoint plugin (write to sibling .tmp + fsync + atomic rename)
[2026-07-13 22:29:35,874][root][INFO] - Cached 'action' from '/data1/likun-share/junjxu/.stable_worldmodel/datasets/physionpp_readout.h5'
[2026-07-13 22:29:35,875][root][INFO] - Cached 'proprio' from '/data1/likun-share/junjxu/.stable_worldmodel/datasets/physionpp_readout.h5'
[2026-07-13 22:29:35,877][root][INFO] - Cached 'state' from '/data1/likun-share/junjxu/.stable_worldmodel/datasets/physionpp_readout.h5'
22:29:35 | INFO  | utils.py    | Created ViT-tiny from scratch with config: {'hidden_size': 192, 'num_hidden_layers': 12, 'num_attention_heads': 3, 'intermediate_size': 768, 'image_size': 224, 'patch_size': 14}
[init_from_ckpt] /data1/likun-share/junjxu/.stable_worldmodel/lewm_paper_pusht/weights.pt
[init_from_ckpt] prefixes=('encoder.', 'projector.', 'pred_proj.') loaded=216 unexpected=0 missing=89
22:29:36 | INFO  | module.py   | Setting up DataModule
22:29:36 | INFO  | utils.py    | ── Module ────────────────────────────────────────
22:29:36 | WARN  | module.py   | ! No hyperparameters provided - hyperparameter logging is disabled.
22:29:36 | INFO  | module.py   |   Setting custom forward method.
22:29:36 | INFO  | module.py   |   Setting attribute: self.model = <class 'jepa.JEPA'>
22:29:36 | INFO  | module.py   |   Setting attribute: self.sigreg = <class 'module.SIGReg'>
22:29:36 | INFO  | module.py   |   Setting attribute: self.optim = <class 'dict'>
22:29:36 | INFO  | module.py   |   No metrics configuration provided - automatic metric tracking is disabled.
/home/likun-share/junjxu/wm/le-wm/.venv/lib/python3.10/site-packages/lightning/fabric/connector.py:571: `precision=bf16` is supported for historical reasons but its usage is discouraged. Please set your precision to bf16-mixed instead!
Using bfloat16 Automatic Mixed Precision (AMP)
22:29:36 | INFO  | env_info.py |   EnvironmentDumpCallback initialized (filename=environment.json, async=True)
22:29:36 | INFO  | utils.py    | ── HuggingFaceCheckpoint ─────────────────────────
22:29:36 | INFO  | hf_models.py|   save_dir: <cyan>hf_exports</cyan>
22:29:36 | INFO  | hf_models.py|   per_step: <cyan>False</cyan>  (False ⇒ overwrite single 'last/' subdir; True ⇒ keep step_N/)
Adding 14 callbacks from entry point 'stablepretraining_callbacks': PrintProgressBar, ModuleRegistryCallback, LoggingCallback, EnvironmentDumpCallback, TrainerInfo, SklearnCheckpoint, WandbCheckpoint, TrackioCheckpoint, SwanLabCheckpoint, ModuleSummary, SLURMInfo, LogUnusedParametersOnce, HuggingFaceCheckpointCallback, HardwareMonitor
GPU available: True (cuda), used: True
TPU available: False, using: 0 TPU cores
💡 Tip: For seamless cloud logging and experiment tracking, try installing [litlogger](https://pypi.org/project/litlogger/) to enable LitLogger, which logs metrics and artifacts automatically to the Lightning Experiments platform.
22:29:36 | INFO  | utils.py    | ── SIGTERM preempt handler — install ─────────────
22:29:36 | INFO  | manager.py  |   SLURM_JOB_ID         = None
22:29:36 | INFO  | manager.py  |   SLURM_RESTART_COUNT  = '0'
22:29:36 | INFO  | manager.py  |   SLURM_PROCID         = '?'
22:29:36 | INFO  | manager.py  |   SLURM_NODEID         = '?'
22:29:36 | INFO  | manager.py  |   → not under SLURM (SLURM_JOB_ID unset); leaving SIGTERM handler as-is. Forwarding to submitit's USR signal would be a no-op since submitit isn't running upstream.
22:29:36 | WARN  | manager.py  | User didn't specify seed, runs won't be exactly reproducible!
22:29:36 | INFO  | manager.py  |   Manager init: ckpt_path=None, weights_only=True
22:29:36 | INFO  | utils.py    | ── WorkingDirectory ──────────────────────────────
22:29:36 | INFO  | manager.py  |   cwd: /home/likun-share/junjxu/wm/le-wm
22:29:36 | INFO  | utils.py    | ── Seed ──────────────────────────────────────────
22:29:36 | INFO  | manager.py  |   seed: None
/home/likun-share/junjxu/wm/le-wm/.venv/lib/python3.10/site-packages/lightning/fabric/utilities/seed.py:44: No seed found, seed set to 0
Seed set to 0
22:29:36 | INFO  | utils.py    | ── RunDirectory ──────────────────────────────────
22:29:36 | INFO  | manager.py  |   cache_dir = /data1/likun-share/junjxu/.cache_stable-pretraining
22:29:36 | INFO  | manager.py  |   ddp: launch_key=(single-process) rank=0 is_rank_zero=True
22:29:36 | INFO  | utils.py    | ── RunDirectory: requeue probe ───────────────────
22:29:36 | INFO  | manager.py  |   SLURM session key   = (no SLURM)
22:29:36 | INFO  | manager.py  |   SLURM_RESTART_COUNT = 0
22:29:36 | INFO  | manager.py  |   in_requeue          = False
22:29:36 | INFO  | utils.py    | ── RunDirectory: fresh ───────────────────────────
22:29:36 | INFO  | manager.py  |   no user ckpt_path — training from scratch / pretrained backbone.
22:29:36 | INFO  | manager.py  |   created run_dir = /data1/likun-share/junjxu/.cache_stable-pretraining/runs/20260713/222936/1149693e2b17
22:29:36 | INFO  | manager.py  |   wrote run_meta.json with run_id=1149693e2b17
22:29:36 | INFO  | manager.py  |   SLURM index = (no SLURM, skipped)
22:29:36 | WARN  | manager.py  | ! cache_dir is set but the Trainer was passed as an already-instantiated object. Cannot override default_root_dir cleanly. Consider passing the trainer as a config dict instead.
22:29:36 | WARN  | manager.py  | ! Hydra run.dir='outputs/2026-07-13/22-29-35' will be ignored for trainer outputs (cache_dir takes precedence).
22:29:36 | WARN  | manager.py  | ! Hydra sweep.dir='multirun/2026-07-13/22-29-35' will be ignored for trainer outputs (cache_dir takes precedence).
22:29:36 | INFO  | logger.py   | [RegistryLogger] run_id=1149693e2b17 run_dir=/data1/likun-share/junjxu/.cache_stable-pretraining/runs/20260713/222936/1149693e2b17 — sidecar.json + summary.json + metrics.csv will live here
22:29:36 | INFO  | utils.py    | ── RegistryLogger ────────────────────────────────
22:29:36 | INFO  | manager.py  |   run_dir: /data1/likun-share/junjxu/.cache_stable-pretraining/runs/20260713/222936/1149693e2b17
22:29:36 | INFO  | manager.py  |   run_id:  1149693e2b17
22:29:36 | INFO  | utils.py    | ── CSVLogger ─────────────────────────────────────
22:29:36 | INFO  | manager.py  |   root_dir: /data1/likun-share/junjxu/.cache_stable-pretraining/runs/20260713/222936/1149693e2b17/
22:29:36 | INFO  | manager.py  |   save_dir: /data1/likun-share/junjxu/.cache_stable-pretraining/runs/20260713/222936/1149693e2b17
22:29:36 | INFO  | manager.py  |   log_dir: /data1/likun-share/junjxu/.cache_stable-pretraining/runs/20260713/222936/1149693e2b17/
22:29:36 | INFO  | utils.py    | ── SignalHandlers (after submitit setup (spt SIGTERM installed in __init__)) ──
22:29:36 | INFO  | manager.py  |   SIGUSR1  → SIG_DFL (default OS action — terminate process)
22:29:36 | INFO  | manager.py  |   SIGUSR2  → SIG_DFL (default OS action — terminate process)
22:29:36 | INFO  | manager.py  |   SIGCONT  → SIG_DFL (default OS action — terminate process)
22:29:36 | INFO  | manager.py  |   SIGTERM  → SIG_DFL (default OS action — terminate process)
22:29:36 | INFO  | utils.py    | ── Callbacks ─────────────────────────────────────
22:29:36 | INFO  | manager.py  |   count: 19
22:29:36 | INFO  | utils.py    | ── CacheDirCheckpointing ─────────────────────────
22:29:36 | INFO  | manager.py  |   Saving checkpoints to: /data1/likun-share/junjxu/.cache_stable-pretraining/runs/20260713/222936/1149693e2b17/checkpoints
22:29:36 | WARN  | manager.py  |   Redirecting HuggingFaceCheckpointCallback from 'hf_exports' to '/data1/likun-share/junjxu/.cache_stable-pretraining/runs/20260713/222936/1149693e2b17/hf_exports' (cache_dir is active — prevents races on a shared cache)
22:29:36 | INFO  | manager.py  |   Added requeue checkpoint (filename='last')
22:29:36 | INFO  | utils.py    | ── LoadPath resolution ───────────────────────────
22:29:36 | INFO  | manager.py  |   in_requeue = False
22:29:36 | INFO  | manager.py  |   user ckpt_path = None
22:29:36 | INFO  | manager.py  |   user weights_only = True
22:29:36 | INFO  | manager.py  |   → no ckpt_path; training from scratch.
22:29:36 | INFO  | utils.py    | ── TrainerFit ────────────────────────────────────
22:29:36 | INFO  | manager.py  |   ckpt_path:     None
22:29:36 | INFO  | manager.py  |   weights_only:  None
22:29:36 | INFO  | utils.py    | ── SignalHandlers (before Trainer.fit() (handler installed in __init__)) ──
22:29:36 | INFO  | manager.py  |   SIGUSR1  → SIG_DFL (default OS action — terminate process)
22:29:36 | INFO  | manager.py  |   SIGUSR2  → SIG_DFL (default OS action — terminate process)
22:29:36 | INFO  | manager.py  |   SIGCONT  → SIG_DFL (default OS action — terminate process)
22:29:36 | INFO  | manager.py  |   SIGTERM  → SIG_DFL (default OS action — terminate process)
22:29:36 | INFO  | manager.py  |   → entering Trainer.fit(); lightning's _SignalConnector will now register its own handlers. SIGTERM will become _HandlersCompose([_sigterm_notifier_fn, _sigterm_handler_fn, spt._handler]); USR-sig binding from submitit is preserved (lightning skips USR registration when one already exists).
💡 Tip: For seamless cloud uploads and versioning, try installing [litmodels](https://pypi.org/project/litmodels/) to enable LitModelCheckpoint, which syncs automatically with the Lightning model registry.
You are using a CUDA device ('NVIDIA A800-SXM4-80GB') that has Tensor Cores. To properly utilize them, you should set `torch.set_float32_matmul_precision('medium' | 'high')` which will trade-off precision for performance. For more details, read https://pytorch.org/docs/stable/generated/torch.set_float32_matmul_precision.html#torch.set_float32_matmul_precision
22:29:37 | OK    | module.py   | ✓ dataset for fit loaded
22:29:37 | INFO  | module.py   |   setup was done by user
22:29:37 | INFO  | utils.py    | ── EnvironmentDump ───────────────────────────────
22:29:37 | INFO  | env_info.py |   log_dir: /home/likun-share/.cache/stable-pretraining
22:29:37 | INFO  | env_info.py |   Running environment dump in background thread (non-blocking)
22:29:37 | INFO  | env_info.py |   Collecting environment information...
22:29:37 | OK    | env_info.py | ✓ Background thread started successfully
22:29:37 | OK    | env_info.py | ✓ Python 3.10.12
22:29:37 | INFO  | trainer_inf~|   linking trainer to DataModule
22:29:37 | OK    | env_info.py | ✓ System: Linux 5.15.0-113-generic (x86_64)
22:29:37 | INFO  | utils.py    | ── Callbacks (in order) ──────────────────────────
22:29:37 | INFO  | env_info.py |   Hostname: 10-116-90-13
22:29:37 | INFO  | utils.py    |     [ 0] ModelObjectCallBack
22:29:37 | INFO  | utils.py    |     [ 1] RichProgressBar
22:29:37 | INFO  | utils.py    |     [ 2] RichModelSummary
22:29:37 | INFO  | utils.py    |     [ 3] PrintProgressBar
22:29:37 | INFO  | utils.py    |     [ 4] ModuleRegistryCallback
22:29:37 | INFO  | utils.py    |     [ 5] LoggingCallback
22:29:37 | INFO  | utils.py    |     [ 6] EnvironmentDumpCallback
22:29:37 | INFO  | utils.py    |     [ 7] TrainerInfo
22:29:37 | INFO  | utils.py    |     [ 8] SklearnCheckpoint
22:29:37 | INFO  | utils.py    |     [ 9] WandbCheckpoint
22:29:37 | INFO  | utils.py    |     [10] TrackioCheckpoint
22:29:37 | INFO  | utils.py    |     [11] SwanLabCheckpoint
22:29:37 | INFO  | utils.py    |     [12] ModuleSummary
22:29:37 | INFO  | utils.py    |     [13] SLURMInfo
22:29:37 | INFO  | utils.py    |     [14] LogUnusedParametersOnce
22:29:37 | INFO  | utils.py    |     [15] HuggingFaceCheckpointCallback
22:29:37 | INFO  | utils.py    |     [16] HardwareMonitor
22:29:37 | INFO  | utils.py    |     [17] ModelCheckpoint
22:29:37 | INFO  | utils.py    |     [18] _RunDirCallback
22:29:37 | INFO  | utils.py    |     [19] ModelCheckpoint
22:29:37 | INFO  | utils.py    |   ⚑ marks order-sensitive callbacks; see AGENTS.md → Callback ordering for the full rules.
22:29:37 | INFO  | utils.py    | ── SklearnCheckpoint ─────────────────────────────
22:29:37 | INFO  | checkpoint_~|   Sklearn Modules:
22:29:37 | INFO  | checkpoint_~| 
┏━━━━━━━━━━┳━━━━━━━━┳━━━━━━━━┓
┃ Module   ┃ Name   ┃ Type   ┃
┣━━━━━━━━━━╋━━━━━━━━╋━━━━━━━━┫
┗━━━━━━━━━━┻━━━━━━━━┻━━━━━━━━┛
22:29:37 | INFO  | utils.py    | ── WandbCheckpoint ───────────────────────────────
22:29:37 | INFO  | utils.py    | ── TrackioCheckpoint ─────────────────────────────
22:29:37 | INFO  | utils.py    | ── SwanLabCheckpoint ─────────────────────────────
22:29:37 | INFO  | utils.py    | ── PyTorch Modules ───────────────────────────────
22:29:37 | WARN  | module.py   | ! You are calling self.parameters which also gives callbacks parameters, to remove them, pass `with_callbacks=False`
22:29:37 | INFO  | trainer_inf~| \n+---------------------------------------------------------+----------------------+--------------------------+--------------------------+---------+
| Module                                                  | Trainable parameters | Non Trainable parameters | Uninitialized parameters | Buffers |
+---------------------------------------------------------+----------------------+--------------------------+--------------------------+---------+
|                                                         |             18034987 |                        0 |                        0 |    8245 |
| callbacks_modules                                       |                    0 |                        0 |                        0 |       0 |
| callbacks_metrics                                       |                    0 |                        0 |                        0 |       0 |
| model                                                   |             18034987 |                        0 |                        0 |    8194 |
| model.encoder                                           |              5501376 |                        0 |                        0 |       0 |
| model.encoder.embeddings                                |               162624 |                        0 |                        0 |       0 |
| model.encoder.embeddings.patch_embeddings               |               113088 |                        0 |                        0 |       0 |
| model.encoder.embeddings.patch_embeddings.projection    |               113088 |                        0 |                        0 |       0 |
| model.encoder.embeddings.dropout                        |                    0 |                        0 |                        0 |       0 |
| model.encoder.layers                                    |              5338368 |                        0 |                        0 |       0 |
| model.encoder.layers.0                                  |               444864 |                        0 |                        0 |       0 |
| model.encoder.layers.0.attention                        |               148224 |                        0 |                        0 |       0 |
| model.encoder.layers.0.attention.q_proj                 |                37056 |                        0 |                        0 |       0 |
| model.encoder.layers.0.attention.k_proj                 |                37056 |                        0 |                        0 |       0 |
| model.encoder.layers.0.attention.v_proj                 |                37056 |                        0 |                        0 |       0 |
| model.encoder.layers.0.attention.o_proj                 |                37056 |                        0 |                        0 |       0 |
| model.encoder.layers.0.layernorm_before                 |                  384 |                        0 |                        0 |       0 |
| model.encoder.layers.0.layernorm_after                  |                  384 |                        0 |                        0 |       0 |
| model.encoder.layers.0.mlp                              |               295872 |                        0 |                        0 |       0 |
| model.encoder.layers.0.mlp.activation_fn                |                    0 |                        0 |                        0 |       0 |
| model.encoder.layers.0.mlp.fc1                          |               148224 |                        0 |                        0 |       0 |
| model.encoder.layers.0.mlp.fc2                          |               147648 |                        0 |                        0 |       0 |
| model.encoder.layers.0.dropout                          |                    0 |                        0 |                        0 |       0 |
| model.encoder.layers.1                                  |               444864 |                        0 |                        0 |       0 |
| model.encoder.layers.1.attention                        |               148224 |                        0 |                        0 |       0 |
| model.encoder.layers.1.attention.q_proj                 |                37056 |                        0 |                        0 |       0 |
| model.encoder.layers.1.attention.k_proj                 |                37056 |                        0 |                        0 |       0 |
| model.encoder.layers.1.attention.v_proj                 |                37056 |                        0 |                        0 |       0 |
| model.encoder.layers.1.attention.o_proj                 |                37056 |                        0 |                        0 |       0 |
| model.encoder.layers.1.layernorm_before                 |                  384 |                        0 |                        0 |       0 |
| model.encoder.layers.1.layernorm_after                  |                  384 |                        0 |                        0 |       0 |
| model.encoder.layers.1.mlp                              |               295872 |                        0 |                        0 |       0 |
| model.encoder.layers.1.mlp.activation_fn                |                    0 |                        0 |                        0 |       0 |
| model.encoder.layers.1.mlp.fc1                          |               148224 |                        0 |                        0 |       0 |
| model.encoder.layers.1.mlp.fc2                          |               147648 |                        0 |                        0 |       0 |
| model.encoder.layers.1.dropout                          |                    0 |                        0 |                        0 |       0 |
| model.encoder.layers.2                                  |               444864 |                        0 |                        0 |       0 |
| model.encoder.layers.2.attention                        |               148224 |                        0 |                        0 |       0 |
| model.encoder.layers.2.attention.q_proj                 |                37056 |                        0 |                        0 |       0 |
| model.encoder.layers.2.attention.k_proj                 |                37056 |                        0 |                        0 |       0 |
| model.encoder.layers.2.attention.v_proj                 |                37056 |                        0 |                        0 |       0 |
| model.encoder.layers.2.attention.o_proj                 |                37056 |                        0 |                        0 |       0 |
| model.encoder.layers.2.layernorm_before                 |                  384 |                        0 |                        0 |       0 |
| model.encoder.layers.2.layernorm_after                  |                  384 |                        0 |                        0 |       0 |
| model.encoder.layers.2.mlp                              |               295872 |                        0 |                        0 |       0 |
| model.encoder.layers.2.mlp.activation_fn                |                    0 |                        0 |                        0 |       0 |
| model.encoder.layers.2.mlp.fc1                          |               148224 |                        0 |                        0 |       0 |
| model.encoder.layers.2.mlp.fc2                          |               147648 |                        0 |                        0 |       0 |
| model.encoder.layers.2.dropout                          |                    0 |                        0 |                        0 |       0 |
| model.encoder.layers.3                                  |               444864 |                        0 |                        0 |       0 |
| model.encoder.layers.3.attention                        |               148224 |                        0 |                        0 |       0 |
| model.encoder.layers.3.attention.q_proj                 |                37056 |                        0 |                        0 |       0 |
| model.encoder.layers.3.attention.k_proj                 |                37056 |                        0 |                        0 |       0 |
| model.encoder.layers.3.attention.v_proj                 |                37056 |                        0 |                        0 |       0 |
| model.encoder.layers.3.attention.o_proj                 |                37056 |                        0 |                        0 |       0 |
| model.encoder.layers.3.layernorm_before                 |                  384 |                        0 |                        0 |       0 |
| model.encoder.layers.3.layernorm_after                  |                  384 |                        0 |                        0 |       0 |
| model.encoder.layers.3.mlp                              |               295872 |                        0 |                        0 |       0 |
| model.encoder.layers.3.mlp.activation_fn                |                    0 |                        0 |                        0 |       0 |
| model.encoder.layers.3.mlp.fc1                          |               148224 |                        0 |                        0 |       0 |
| model.encoder.layers.3.mlp.fc2                          |               147648 |                        0 |                        0 |       0 |
| model.encoder.layers.3.dropout                          |                    0 |                        0 |                        0 |       0 |
| model.encoder.layers.4                                  |               444864 |                        0 |                        0 |       0 |
| model.encoder.layers.4.attention                        |               148224 |                        0 |                        0 |       0 |
| model.encoder.layers.4.attention.q_proj                 |                37056 |                        0 |                        0 |       0 |
| model.encoder.layers.4.attention.k_proj                 |                37056 |                        0 |                        0 |       0 |
| model.encoder.layers.4.attention.v_proj                 |                37056 |                        0 |                        0 |       0 |
| model.encoder.layers.4.attention.o_proj                 |                37056 |                        0 |                        0 |       0 |
| model.encoder.layers.4.layernorm_before                 |                  384 |                        0 |                        0 |       0 |
| model.encoder.layers.4.layernorm_after                  |                  384 |                        0 |                        0 |       0 |
| model.encoder.layers.4.mlp                              |               295872 |                        0 |                        0 |       0 |
| model.encoder.layers.4.mlp.activation_fn                |                    0 |                        0 |                        0 |       0 |
| model.encoder.layers.4.mlp.fc1                          |               148224 |                        0 |                        0 |       0 |
| model.encoder.layers.4.mlp.fc2                          |               147648 |                        0 |                        0 |       0 |
| model.encoder.layers.4.dropout                          |                    0 |                        0 |                        0 |       0 |
| model.encoder.layers.5                                  |               444864 |                        0 |                        0 |       0 |
| model.encoder.layers.5.attention                        |               148224 |                        0 |                        0 |       0 |
| model.encoder.layers.5.attention.q_proj                 |                37056 |                        0 |                        0 |       0 |
| model.encoder.layers.5.attention.k_proj                 |                37056 |                        0 |                        0 |       0 |
| model.encoder.layers.5.attention.v_proj                 |                37056 |                        0 |                        0 |       0 |
| model.encoder.layers.5.attention.o_proj                 |                37056 |                        0 |                        0 |       0 |
| model.encoder.layers.5.layernorm_before                 |                  384 |                        0 |                        0 |       0 |
| model.encoder.layers.5.layernorm_after                  |                  384 |                        0 |                        0 |       0 |
| model.encoder.layers.5.mlp                              |               295872 |                        0 |                        0 |       0 |
| model.encoder.layers.5.mlp.activation_fn                |                    0 |                        0 |                        0 |       0 |
| model.encoder.layers.5.mlp.fc1                          |               148224 |                        0 |                        0 |       0 |
| model.encoder.layers.5.mlp.fc2                          |               147648 |                        0 |                        0 |       0 |
| model.encoder.layers.5.dropout                          |                    0 |                        0 |                        0 |       0 |
| model.encoder.layers.6                                  |               444864 |                        0 |                        0 |       0 |
| model.encoder.layers.6.attention                        |               148224 |                        0 |                        0 |       0 |
| model.encoder.layers.6.attention.q_proj                 |                37056 |                        0 |                        0 |       0 |
| model.encoder.layers.6.attention.k_proj                 |                37056 |                        0 |                        0 |       0 |
| model.encoder.layers.6.attention.v_proj                 |                37056 |                        0 |                        0 |       0 |
| model.encoder.layers.6.attention.o_proj                 |                37056 |                        0 |                        0 |       0 |
| model.encoder.layers.6.layernorm_before                 |                  384 |                        0 |                        0 |       0 |
| model.encoder.layers.6.layernorm_after                  |                  384 |                        0 |                        0 |       0 |
| model.encoder.layers.6.mlp                              |               295872 |                        0 |                        0 |       0 |
| model.encoder.layers.6.mlp.activation_fn                |                    0 |                        0 |                        0 |       0 |
| model.encoder.layers.6.mlp.fc1                          |               148224 |                        0 |                        0 |       0 |
| model.encoder.layers.6.mlp.fc2                          |               147648 |                        0 |                        0 |       0 |
| model.encoder.layers.6.dropout                          |                    0 |                        0 |                        0 |       0 |
| model.encoder.layers.7                                  |               444864 |                        0 |                        0 |       0 |
| model.encoder.layers.7.attention                        |               148224 |                        0 |                        0 |       0 |
| model.encoder.layers.7.attention.q_proj                 |                37056 |                        0 |                        0 |       0 |
| model.encoder.layers.7.attention.k_proj                 |                37056 |                        0 |                        0 |       0 |
| model.encoder.layers.7.attention.v_proj                 |                37056 |                        0 |                        0 |       0 |
| model.encoder.layers.7.attention.o_proj                 |                37056 |                        0 |                        0 |       0 |
| model.encoder.layers.7.layernorm_before                 |                  384 |                        0 |                        0 |       0 |
| model.encoder.layers.7.layernorm_after                  |                  384 |                        0 |                        0 |       0 |
| model.encoder.layers.7.mlp                              |               295872 |                        0 |                        0 |       0 |
| model.encoder.layers.7.mlp.activation_fn                |                    0 |                        0 |                        0 |       0 |
| model.encoder.layers.7.mlp.fc1                          |               148224 |                        0 |                        0 |       0 |
| model.encoder.layers.7.mlp.fc2                          |               147648 |                        0 |                        0 |       0 |
| model.encoder.layers.7.dropout                          |                    0 |                        0 |                        0 |       0 |
| model.encoder.layers.8                                  |               444864 |                        0 |                        0 |       0 |
| model.encoder.layers.8.attention                        |               148224 |                        0 |                        0 |       0 |
| model.encoder.layers.8.attention.q_proj                 |                37056 |                        0 |                        0 |       0 |
| model.encoder.layers.8.attention.k_proj                 |                37056 |                        0 |                        0 |       0 |
| model.encoder.layers.8.attention.v_proj                 |                37056 |                        0 |                        0 |       0 |
| model.encoder.layers.8.attention.o_proj                 |                37056 |                        0 |                        0 |       0 |
| model.encoder.layers.8.layernorm_before                 |                  384 |                        0 |                        0 |       0 |
| model.encoder.layers.8.layernorm_after                  |                  384 |                        0 |                        0 |       0 |
| model.encoder.layers.8.mlp                              |               295872 |                        0 |                        0 |       0 |
| model.encoder.layers.8.mlp.activation_fn                |                    0 |                        0 |                        0 |       0 |
| model.encoder.layers.8.mlp.fc1                          |               148224 |                        0 |                        0 |       0 |
| model.encoder.layers.8.mlp.fc2                          |               147648 |                        0 |                        0 |       0 |
| model.encoder.layers.8.dropout                          |                    0 |                        0 |                        0 |       0 |
| model.encoder.layers.9                                  |               444864 |                        0 |                        0 |       0 |
| model.encoder.layers.9.attention                        |               148224 |                        0 |                        0 |       0 |
| model.encoder.layers.9.attention.q_proj                 |                37056 |                        0 |                        0 |       0 |
| model.encoder.layers.9.attention.k_proj                 |                37056 |                        0 |                        0 |       0 |
| model.encoder.layers.9.attention.v_proj                 |                37056 |                        0 |                        0 |       0 |
| model.encoder.layers.9.attention.o_proj                 |                37056 |                        0 |                        0 |       0 |
| model.encoder.layers.9.layernorm_before                 |                  384 |                        0 |                        0 |       0 |
| model.encoder.layers.9.layernorm_after                  |                  384 |                        0 |                        0 |       0 |
| model.encoder.layers.9.mlp                              |               295872 |                        0 |                        0 |       0 |
| model.encoder.layers.9.mlp.activation_fn                |                    0 |                        0 |                        0 |       0 |
| model.encoder.layers.9.mlp.fc1                          |               148224 |                        0 |                        0 |       0 |
| model.encoder.layers.9.mlp.fc2                          |               147648 |                        0 |                        0 |       0 |
| model.encoder.layers.9.dropout                          |                    0 |                        0 |                        0 |       0 |
| model.encoder.layers.10                                 |               444864 |                        0 |                        0 |       0 |
| model.encoder.layers.10.attention                       |               148224 |                        0 |                        0 |       0 |
| model.encoder.layers.10.attention.q_proj                |                37056 |                        0 |                        0 |       0 |
| model.encoder.layers.10.attention.k_proj                |                37056 |                        0 |                        0 |       0 |
| model.encoder.layers.10.attention.v_proj                |                37056 |                        0 |                        0 |       0 |
| model.encoder.layers.10.attention.o_proj                |                37056 |                        0 |                        0 |       0 |
| model.encoder.layers.10.layernorm_before                |                  384 |                        0 |                        0 |       0 |
| model.encoder.layers.10.layernorm_after                 |                  384 |                        0 |                        0 |       0 |
| model.encoder.layers.10.mlp                             |               295872 |                        0 |                        0 |       0 |
| model.encoder.layers.10.mlp.activation_fn               |                    0 |                        0 |                        0 |       0 |
| model.encoder.layers.10.mlp.fc1                         |               148224 |                        0 |                        0 |       0 |
| model.encoder.layers.10.mlp.fc2                         |               147648 |                        0 |                        0 |       0 |
| model.encoder.layers.10.dropout                         |                    0 |                        0 |                        0 |       0 |
| model.encoder.layers.11                                 |               444864 |                        0 |                        0 |       0 |
| model.encoder.layers.11.attention                       |               148224 |                        0 |                        0 |       0 |
| model.encoder.layers.11.attention.q_proj                |                37056 |                        0 |                        0 |       0 |
| model.encoder.layers.11.attention.k_proj                |                37056 |                        0 |                        0 |       0 |
| model.encoder.layers.11.attention.v_proj                |                37056 |                        0 |                        0 |       0 |
| model.encoder.layers.11.attention.o_proj                |                37056 |                        0 |                        0 |       0 |
| model.encoder.layers.11.layernorm_before                |                  384 |                        0 |                        0 |       0 |
| model.encoder.layers.11.layernorm_after                 |                  384 |                        0 |                        0 |       0 |
| model.encoder.layers.11.mlp                             |               295872 |                        0 |                        0 |       0 |
| model.encoder.layers.11.mlp.activation_fn               |                    0 |                        0 |                        0 |       0 |
| model.encoder.layers.11.mlp.fc1                         |               148224 |                        0 |                        0 |       0 |
| model.encoder.layers.11.mlp.fc2                         |               147648 |                        0 |                        0 |       0 |
| model.encoder.layers.11.dropout                         |                    0 |                        0 |                        0 |       0 |
| model.encoder.layernorm                                 |                  384 |                        0 |                        0 |       0 |
| model.predictor                                         |             10791360 |                        0 |                        0 |       0 |
| model.predictor.dropout                                 |                    0 |                        0 |                        0 |       0 |
| model.predictor.transformer                             |             10790784 |                        0 |                        0 |       0 |
| model.predictor.transformer.norm                        |                  384 |                        0 |                        0 |       0 |
| model.predictor.transformer.layers                      |             10790400 |                        0 |                        0 |       0 |
| model.predictor.transformer.layers.0                    |              1798400 |                        0 |                        0 |       0 |
| model.predictor.transformer.layers.0.attn               |               787008 |                        0 |                        0 |       0 |
| model.predictor.transformer.layers.0.attn.norm          |                  384 |                        0 |                        0 |       0 |
| model.predictor.transformer.layers.0.attn.attend        |                    0 |                        0 |                        0 |       0 |
| model.predictor.transformer.layers.0.attn.to_qkv        |               589824 |                        0 |                        0 |       0 |
| model.predictor.transformer.layers.0.attn.to_out        |               196800 |                        0 |                        0 |       0 |
| model.predictor.transformer.layers.0.attn.to_out.0      |               196800 |                        0 |                        0 |       0 |
| model.predictor.transformer.layers.0.attn.to_out.1      |                    0 |                        0 |                        0 |       0 |
| model.predictor.transformer.layers.0.mlp                |               789056 |                        0 |                        0 |       0 |
| model.predictor.transformer.layers.0.mlp.net            |               789056 |                        0 |                        0 |       0 |
| model.predictor.transformer.layers.0.mlp.net.0          |                  384 |                        0 |                        0 |       0 |
| model.predictor.transformer.layers.0.mlp.net.1          |               395264 |                        0 |                        0 |       0 |
| model.predictor.transformer.layers.0.mlp.net.2          |                    0 |                        0 |                        0 |       0 |
| model.predictor.transformer.layers.0.mlp.net.3          |                    0 |                        0 |                        0 |       0 |
| model.predictor.transformer.layers.0.mlp.net.4          |               393408 |                        0 |                        0 |       0 |
| model.predictor.transformer.layers.0.mlp.net.5          |                    0 |                        0 |                        0 |       0 |
| model.predictor.transformer.layers.0.norm1              |                    0 |                        0 |                        0 |       0 |
| model.predictor.transformer.layers.0.norm2              |                    0 |                        0 |                        0 |       0 |
| model.predictor.transformer.layers.0.adaLN_modulation   |               222336 |                        0 |                        0 |       0 |
| model.predictor.transformer.layers.0.adaLN_modulation.0 |                    0 |                        0 |                        0 |       0 |
| model.predictor.transformer.layers.0.adaLN_modulation.1 |               222336 |                        0 |                        0 |       0 |
| model.predictor.transformer.layers.1                    |              1798400 |                        0 |                        0 |       0 |
| model.predictor.transformer.layers.1.attn               |               787008 |                        0 |                        0 |       0 |
| model.predictor.transformer.layers.1.attn.norm          |                  384 |                        0 |                        0 |       0 |
| model.predictor.transformer.layers.1.attn.attend        |                    0 |                        0 |                        0 |       0 |
| model.predictor.transformer.layers.1.attn.to_qkv        |               589824 |                        0 |                        0 |       0 |
| model.predictor.transformer.layers.1.attn.to_out        |               196800 |                        0 |                        0 |       0 |
| model.predictor.transformer.layers.1.attn.to_out.0      |               196800 |                        0 |                        0 |       0 |
| model.predictor.transformer.layers.1.attn.to_out.1      |                    0 |                        0 |                        0 |       0 |
| model.predictor.transformer.layers.1.mlp                |               789056 |                        0 |                        0 |       0 |
| model.predictor.transformer.layers.1.mlp.net            |               789056 |                        0 |                        0 |       0 |
| model.predictor.transformer.layers.1.mlp.net.0          |                  384 |                        0 |                        0 |       0 |
| model.predictor.transformer.layers.1.mlp.net.1          |               395264 |                        0 |                        0 |       0 |
| model.predictor.transformer.layers.1.mlp.net.2          |                    0 |                        0 |                        0 |       0 |
| model.predictor.transformer.layers.1.mlp.net.3          |                    0 |                        0 |                        0 |       0 |
| model.predictor.transformer.layers.1.mlp.net.4          |               393408 |                        0 |                        0 |       0 |
| model.predictor.transformer.layers.1.mlp.net.5          |                    0 |                        0 |                        0 |       0 |
| model.predictor.transformer.layers.1.norm1              |                    0 |                        0 |                        0 |       0 |
| model.predictor.transformer.layers.1.norm2              |                    0 |                        0 |                        0 |       0 |
| model.predictor.transformer.layers.1.adaLN_modulation   |               222336 |                        0 |                        0 |       0 |
| model.predictor.transformer.layers.1.adaLN_modulation.0 |                    0 |                        0 |                        0 |       0 |
| model.predictor.transformer.layers.1.adaLN_modulation.1 |               222336 |                        0 |                        0 |       0 |
| model.predictor.transformer.layers.2                    |              1798400 |                        0 |                        0 |       0 |
| model.predictor.transformer.layers.2.attn               |               787008 |                        0 |                        0 |       0 |
| model.predictor.transformer.layers.2.attn.norm          |                  384 |                        0 |                        0 |       0 |
| model.predictor.transformer.layers.2.attn.attend        |                    0 |                        0 |                        0 |       0 |
| model.predictor.transformer.layers.2.attn.to_qkv        |               589824 |                        0 |                        0 |       0 |
| model.predictor.transformer.layers.2.attn.to_out        |               196800 |                        0 |                        0 |       0 |
| model.predictor.transformer.layers.2.attn.to_out.0      |               196800 |                        0 |                        0 |       0 |
| model.predictor.transformer.layers.2.attn.to_out.1      |                    0 |                        0 |                        0 |       0 |
| model.predictor.transformer.layers.2.mlp                |               789056 |                        0 |                        0 |       0 |
| model.predictor.transformer.layers.2.mlp.net            |               789056 |                        0 |                        0 |       0 |
| model.predictor.transformer.layers.2.mlp.net.0          |                  384 |                        0 |                        0 |       0 |
| model.predictor.transformer.layers.2.mlp.net.1          |               395264 |                        0 |                        0 |       0 |
| model.predictor.transformer.layers.2.mlp.net.2          |                    0 |                        0 |                        0 |       0 |
| model.predictor.transformer.layers.2.mlp.net.3          |                    0 |                        0 |                        0 |       0 |
| model.predictor.transformer.layers.2.mlp.net.4          |               393408 |                        0 |                        0 |       0 |
| model.predictor.transformer.layers.2.mlp.net.5          |                    0 |                        0 |                        0 |       0 |
| model.predictor.transformer.layers.2.norm1              |                    0 |                        0 |                        0 |       0 |
| model.predictor.transformer.layers.2.norm2              |                    0 |                        0 |                        0 |       0 |
| model.predictor.transformer.layers.2.adaLN_modulation   |               222336 |                        0 |                        0 |       0 |
| model.predictor.transformer.layers.2.adaLN_modulation.0 |                    0 |                        0 |                        0 |       0 |
| model.predictor.transformer.layers.2.adaLN_modulation.1 |               222336 |                        0 |                        0 |       0 |
| model.predictor.transformer.layers.3                    |              1798400 |                        0 |                        0 |       0 |
| model.predictor.transformer.layers.3.attn               |               787008 |                        0 |                        0 |       0 |
| model.predictor.transformer.layers.3.attn.norm          |                  384 |                        0 |                        0 |       0 |
| model.predictor.transformer.layers.3.attn.attend        |                    0 |                        0 |                        0 |       0 |
| model.predictor.transformer.layers.3.attn.to_qkv        |               589824 |                        0 |                        0 |       0 |
| model.predictor.transformer.layers.3.attn.to_out        |               196800 |                        0 |                        0 |       0 |
| model.predictor.transformer.layers.3.attn.to_out.0      |               196800 |                        0 |                        0 |       0 |
| model.predictor.transformer.layers.3.attn.to_out.1      |                    0 |                        0 |                        0 |       0 |
| model.predictor.transformer.layers.3.mlp                |               789056 |                        0 |                        0 |       0 |
| model.predictor.transformer.layers.3.mlp.net            |               789056 |                        0 |                        0 |       0 |
| model.predictor.transformer.layers.3.mlp.net.0          |                  384 |                        0 |                        0 |       0 |
| model.predictor.transformer.layers.3.mlp.net.1          |               395264 |                        0 |                        0 |       0 |
| model.predictor.transformer.layers.3.mlp.net.2          |                    0 |                        0 |                        0 |       0 |
| model.predictor.transformer.layers.3.mlp.net.3          |                    0 |                        0 |                        0 |       0 |
| model.predictor.transformer.layers.3.mlp.net.4          |               393408 |                        0 |                        0 |       0 |
| model.predictor.transformer.layers.3.mlp.net.5          |                    0 |                        0 |                        0 |       0 |
| model.predictor.transformer.layers.3.norm1              |                    0 |                        0 |                        0 |       0 |
| model.predictor.transformer.layers.3.norm2              |                    0 |                        0 |                        0 |       0 |
| model.predictor.transformer.layers.3.adaLN_modulation   |               222336 |                        0 |                        0 |       0 |
| model.predictor.transformer.layers.3.adaLN_modulation.0 |                    0 |                        0 |                        0 |       0 |
| model.predictor.transformer.layers.3.adaLN_modulation.1 |               222336 |                        0 |                        0 |       0 |
| model.predictor.transformer.layers.4                    |              1798400 |                        0 |                        0 |       0 |
| model.predictor.transformer.layers.4.attn               |               787008 |                        0 |                        0 |       0 |
| model.predictor.transformer.layers.4.attn.norm          |                  384 |                        0 |                        0 |       0 |
| model.predictor.transformer.layers.4.attn.attend        |                    0 |                        0 |                        0 |       0 |
| model.predictor.transformer.layers.4.attn.to_qkv        |               589824 |                        0 |                        0 |       0 |
| model.predictor.transformer.layers.4.attn.to_out        |               196800 |                        0 |                        0 |       0 |
| model.predictor.transformer.layers.4.attn.to_out.0      |               196800 |                        0 |                        0 |       0 |
| model.predictor.transformer.layers.4.attn.to_out.1      |                    0 |                        0 |                        0 |       0 |
| model.predictor.transformer.layers.4.mlp                |               789056 |                        0 |                        0 |       0 |
| model.predictor.transformer.layers.4.mlp.net            |               789056 |                        0 |                        0 |       0 |
| model.predictor.transformer.layers.4.mlp.net.0          |                  384 |                        0 |                        0 |       0 |
| model.predictor.transformer.layers.4.mlp.net.1          |               395264 |                        0 |                        0 |       0 |
| model.predictor.transformer.layers.4.mlp.net.2          |                    0 |                        0 |                        0 |       0 |
| model.predictor.transformer.layers.4.mlp.net.3          |                    0 |                        0 |                        0 |       0 |
| model.predictor.transformer.layers.4.mlp.net.4          |               393408 |                        0 |                        0 |       0 |
| model.predictor.transformer.layers.4.mlp.net.5          |                    0 |                        0 |                        0 |       0 |
| model.predictor.transformer.layers.4.norm1              |                    0 |                        0 |                        0 |       0 |
| model.predictor.transformer.layers.4.norm2              |                    0 |                        0 |                        0 |       0 |
| model.predictor.transformer.layers.4.adaLN_modulation   |               222336 |                        0 |                        0 |       0 |
| model.predictor.transformer.layers.4.adaLN_modulation.0 |                    0 |                        0 |                        0 |       0 |
| model.predictor.transformer.layers.4.adaLN_modulation.1 |               222336 |                        0 |                        0 |       0 |
| model.predictor.transformer.layers.5                    |              1798400 |                        0 |                        0 |       0 |
| model.predictor.transformer.layers.5.attn               |               787008 |                        0 |                        0 |       0 |
| model.predictor.transformer.layers.5.attn.norm          |                  384 |                        0 |                        0 |       0 |
| model.predictor.transformer.layers.5.attn.attend        |                    0 |                        0 |                        0 |       0 |
| model.predictor.transformer.layers.5.attn.to_qkv        |               589824 |                        0 |                        0 |       0 |
| model.predictor.transformer.layers.5.attn.to_out        |               196800 |                        0 |                        0 |       0 |
| model.predictor.transformer.layers.5.attn.to_out.0      |               196800 |                        0 |                        0 |       0 |
| model.predictor.transformer.layers.5.attn.to_out.1      |                    0 |                        0 |                        0 |       0 |
| model.predictor.transformer.layers.5.mlp                |               789056 |                        0 |                        0 |       0 |
| model.predictor.transformer.layers.5.mlp.net            |               789056 |                        0 |                        0 |       0 |
| model.predictor.transformer.layers.5.mlp.net.0          |                  384 |                        0 |                        0 |       0 |
| model.predictor.transformer.layers.5.mlp.net.1          |               395264 |                        0 |                        0 |       0 |
| model.predictor.transformer.layers.5.mlp.net.2          |                    0 |                        0 |                        0 |       0 |
| model.predictor.transformer.layers.5.mlp.net.3          |                    0 |                        0 |                        0 |       0 |
| model.predictor.transformer.layers.5.mlp.net.4          |               393408 |                        0 |                        0 |       0 |
| model.predictor.transformer.layers.5.mlp.net.5          |                    0 |                        0 |                        0 |       0 |
| model.predictor.transformer.layers.5.norm1              |                    0 |                        0 |                        0 |       0 |
| model.predictor.transformer.layers.5.norm2              |                    0 |                        0 |                        0 |       0 |
| model.predictor.transformer.layers.5.adaLN_modulation   |               222336 |                        0 |                        0 |       0 |
| model.predictor.transformer.layers.5.adaLN_modulation.0 |                    0 |                        0 |                        0 |       0 |
| model.predictor.transformer.layers.5.adaLN_modulation.1 |               222336 |                        0 |                        0 |       0 |
| model.predictor.transformer.input_proj                  |                    0 |                        0 |                        0 |       0 |
| model.predictor.transformer.cond_proj                   |                    0 |                        0 |                        0 |       0 |
| model.predictor.transformer.output_proj                 |                    0 |                        0 |                        0 |       0 |
| model.action_encoder                                    |               156136 |                        0 |                        0 |       0 |
| model.action_encoder.patch_embed                        |                   40 |                        0 |                        0 |       0 |
| model.action_encoder.embed                              |               156096 |                        0 |                        0 |       0 |
| model.action_encoder.embed.0                            |                 8448 |                        0 |                        0 |       0 |
| model.action_encoder.embed.1                            |                    0 |                        0 |                        0 |       0 |
| model.action_encoder.embed.2                            |               147648 |                        0 |                        0 |       0 |
| model.projector                                         |               792768 |                        0 |                        0 |    4097 |
| model.projector.net                                     |               792768 |                        0 |                        0 |    4097 |
| model.projector.net.0                                   |               395264 |                        0 |                        0 |       0 |
| model.projector.net.1                                   |                 4096 |                        0 |                        0 |    4097 |
| model.projector.net.2                                   |                    0 |                        0 |                        0 |       0 |
| model.projector.net.3                                   |               393408 |                        0 |                        0 |       0 |
| model.pred_proj                                         |               792768 |                        0 |                        0 |    4097 |
| model.pred_proj.net                                     |               792768 |                        0 |                        0 |    4097 |
| model.pred_proj.net.0                                   |               395264 |                        0 |                        0 |       0 |
| model.pred_proj.net.1                                   |                 4096 |                        0 |                        0 |    4097 |
| model.pred_proj.net.2                                   |                    0 |                        0 |                        0 |       0 |
| model.pred_proj.net.3                                   |               393408 |                        0 |                        0 |       0 |
| model.probe_head                                        |                  579 |                        0 |                        0 |       0 |
| sigreg                                                  |                    0 |                        0 |                        0 |      51 |
+---------------------------------------------------------+----------------------+--------------------------+--------------------------+---------+
22:29:37 | INFO  | utils.py    | ── SLURM ─────────────────────────────────────────
22:29:37 | INFO  | trainer_inf~|   Job ID: N/A
22:29:37 | INFO  | trainer_inf~|   Task ID: N/A
22:29:37 | INFO  | trainer_inf~|   Job Name: N/A
22:29:37 | INFO  | trainer_inf~|   Nodes: N/A
22:29:37 | INFO  | trainer_inf~|   Tasks: N/A
22:29:37 | INFO  | trainer_inf~|   CPUs per node: N/A
22:29:37 | INFO  | trainer_inf~|   CPUs per task: N/A
22:29:37 | INFO  | trainer_inf~|   Memory per node: N/A
22:29:37 | INFO  | trainer_inf~|   Memory per CPU: N/A
22:29:37 | INFO  | trainer_inf~|   Time limit: N/A
22:29:37 | INFO  | trainer_inf~|   Partition: N/A
22:29:37 | INFO  | trainer_inf~|   Node List: N/A
22:29:37 | INFO  | trainer_inf~|   Submit Directory: N/A
22:29:37 | INFO  | utils.py    | ── HardwareMonitor ───────────────────────────────
22:29:37 | INFO  | hardware_mo~|   interval: 10.0s
22:29:37 | INFO  | hardware_mo~|   prefix:   'hardware/'
22:29:37 | INFO  | hardware_mo~|   metrics:  cpu=True ram=True disk=True net=True gpu=True
22:29:37 | INFO  | hardware_mo~|   per-rank: rank 0 only
22:29:37 | WARN  | env_info.py | ! pip freeze failed: Command '['/home/likun-share/junjxu/wm/le-wm/.venv/bin/python', '-m', 'pip', 'freeze']' returned non-zero exit status 1.
22:29:37 | OK    | env_info.py | ✓ Packages: 0 packages collected in 0.02s
LOCAL_RANK: 0 - CUDA_VISIBLE_DEVICES: [1]
22:29:37 | WARN  | hardware_mo~| HardwareMonitor: pynvml unavailable (ModuleNotFoundError("No module named 'pynvml'")); GPU metrics disabled.
22:29:37 | INFO  | utils.py    | ── Optimizers ────────────────────────────────────
22:29:37 | INFO  | module.py   |   Optimizer specified by Dict with keys ['model_opt']
22:29:37 | INFO  | module.py   | 
┏━━━━━━━━━━━━━┳━━━━━━━━━━━┳━━━━━━━━━━━━━━━━━━━┳━━━━━━━━━━━━━━━━━┳━━━━━━━━━━━━━━━━┳━━━━━━━━━━━━━━━━━━━━━━━━┓
┃ Optimizer   ┃ Pattern   ┃   Matched Modules ┃   Param Tensors ┃   Total Params ┃   RequiresGrad Tensors ┃
┣━━━━━━━━━━━━━╋━━━━━━━━━━━╋━━━━━━━━━━━━━━━━━━━╋━━━━━━━━━━━━━━━━━╋━━━━━━━━━━━━━━━━╋━━━━━━━━━━━━━━━━━━━━━━━━┫
┃ model_opt   ┃ model     ┃               317 ┃             299 ┃       18034987 ┃                    299 ┃
┗━━━━━━━━━━━━━┻━━━━━━━━━━━┻━━━━━━━━━━━━━━━━━━━┻━━━━━━━━━━━━━━━━━┻━━━━━━━━━━━━━━━━┻━━━━━━━━━━━━━━━━━━━━━━━━┛
22:29:37 | INFO  | lr_schedule~| 	User provided a dict
Loading `train_dataloader` to estimate number of stepping batches.
/home/likun-share/junjxu/wm/le-wm/.venv/lib/python3.10/site-packages/lance/__init__.py:320: UserWarning: lance is not fork-safe. If you are using multiprocessing, use spawn or forkserver instead.
  warnings.warn(
/usr/lib/python3.10/multiprocessing/popen_fork.py:66: RuntimeWarning: lancedb fork support is experimental: the internal async runtime has been reset in the forked child, but a small chance of deadlock remains if other state was mid-operation at fork time. The 'forkserver' or 'spawn' multiprocessing start method is likely a safer alternative.
  self.pid = os.fork()
/usr/lib/python3.10/multiprocessing/popen_fork.py:66: RuntimeWarning: lancedb fork support is experimental: the internal async runtime has been reset in the forked child, but a small chance of deadlock remains if other state was mid-operation at fork time. The 'forkserver' or 'spawn' multiprocessing start method is likely a safer alternative.
  self.pid = os.fork()
/usr/lib/python3.10/multiprocessing/popen_fork.py:66: RuntimeWarning: lancedb fork support is experimental: the internal async runtime has been reset in the forked child, but a small chance of deadlock remains if other state was mid-operation at fork time. The 'forkserver' or 'spawn' multiprocessing start method is likely a safer alternative.
  self.pid = os.fork()
/usr/lib/python3.10/multiprocessing/popen_fork.py:66: RuntimeWarning: lancedb fork support is experimental: the internal async runtime has been reset in the forked child, but a small chance of deadlock remains if other state was mid-operation at fork time. The 'forkserver' or 'spawn' multiprocessing start method is likely a safer alternative.
  self.pid = os.fork()
/home/likun-share/junjxu/wm/le-wm/.venv/lib/python3.10/site-packages/lance/__init__.py:320: UserWarning: lance is not fork-safe. If you are using multiprocessing, use spawn or forkserver instead.
  warnings.warn(
/usr/lib/python3.10/multiprocessing/popen_fork.py:66: RuntimeWarning: lancedb fork support is experimental: the internal async runtime has been reset in the forked child, but a small chance of deadlock remains if other state was mid-operation at fork time. The 'forkserver' or 'spawn' multiprocessing start method is likely a safer alternative.
  self.pid = os.fork()
/usr/lib/python3.10/multiprocessing/popen_fork.py:66: RuntimeWarning: lancedb fork support is experimental: the internal async runtime has been reset in the forked child, but a small chance of deadlock remains if other state was mid-operation at fork time. The 'forkserver' or 'spawn' multiprocessing start method is likely a safer alternative.
  self.pid = os.fork()
22:29:38 | INFO  | module.py   |   Configured optimizer 'model_opt' (modules=317, param_tensors=299, total_params=18034987) with LinearWarmupCosineAnnealingLR scheduler.
/home/likun-share/junjxu/wm/le-wm/.venv/lib/python3.10/site-packages/lightning/pytorch/utilities/model_summary/model_summary.py:242: Precision bf16-mixed is not supported by the model summary.  Estimated model size in MB will not be accurate. Using 32 bits instead.
┏━━━┳━━━━━━━━━━━━━━━━━━━┳━━━━━━━━━━━━┳━━━━━━━━┳━━━━━━━┳━━━━━━━┓
┃   ┃ Name              ┃ Type       ┃ Params ┃ Mode  ┃ FLOPs ┃
┡━━━╇━━━━━━━━━━━━━━━━━━━╇━━━━━━━━━━━━╇━━━━━━━━╇━━━━━━━╇━━━━━━━┩
│ 0 │ callbacks_modules │ ModuleDict │      0 │ train │     0 │
│ 1 │ callbacks_metrics │ ModuleDict │      0 │ train │     0 │
│ 2 │ model             │ JEPA       │ 18.0 M │ train │     0 │
│ 3 │ sigreg            │ SIGReg     │      0 │ train │     0 │
└───┴───────────────────┴────────────┴────────┴───────┴───────┘
Trainable params: 18.0 M                                                        
Non-trainable params: 0                                                         
Total params: 18.0 M                                                            
Total estimated model params size (MB): 72.140                                  
Modules in train mode: 320                                                      
Modules in eval mode: 0                                                         
Total FLOPs: 0                                                                  
22:29:38 | INFO  | logger.py   | [RegistryLogger] summary.json flushed (0 metrics, step=0, epoch=0) → /data1/likun-share/junjxu/.cache_stable-pretraining/runs/20260713/222936/1149693e2b17/summary.json
/usr/lib/python3.10/multiprocessing/popen_fork.py:66: RuntimeWarning: lancedb fork support is experimental: the internal async runtime has been reset in the forked child, but a small chance of deadlock remains if other state was mid-operation at fork time. The 'forkserver' or 'spawn' multiprocessing start method is likely a safer alternative.
  self.pid = os.fork()
/usr/lib/python3.10/multiprocessing/popen_fork.py:66: RuntimeWarning: lancedb fork support is experimental: the internal async runtime has been reset in the forked child, but a small chance of deadlock remains if other state was mid-operation at fork time. The 'forkserver' or 'spawn' multiprocessing start method is likely a safer alternative.
  self.pid = os.fork()
/usr/lib/python3.10/multiprocessing/popen_fork.py:66: RuntimeWarning: lancedb fork support is experimental: the internal async runtime has been reset in the forked child, but a small chance of deadlock remains if other state was mid-operation at fork time. The 'forkserver' or 'spawn' multiprocessing start method is likely a safer alternative.
  self.pid = os.fork()
/usr/lib/python3.10/multiprocessing/popen_fork.py:66: RuntimeWarning: lancedb fork support is experimental: the internal async runtime has been reset in the forked child, but a small chance of deadlock remains if other state was mid-operation at fork time. The 'forkserver' or 'spawn' multiprocessing start method is likely a safer alternative.
  self.pid = os.fork()
/usr/lib/python3.10/multiprocessing/popen_fork.py:66: RuntimeWarning: lancedb fork support is experimental: the internal async runtime has been reset in the forked child, but a small chance of deadlock remains if other state was mid-operation at fork time. The 'forkserver' or 'spawn' multiprocessing start method is likely a safer alternative.
  self.pid = os.fork()
/usr/lib/python3.10/multiprocessing/popen_fork.py:66: RuntimeWarning: lancedb fork support is experimental: the internal async runtime has been reset in the forked child, but a small chance of deadlock remains if other state was mid-operation at fork time. The 'forkserver' or 'spawn' multiprocessing start method is likely a safer alternative.
  self.pid = os.fork()
/home/likun-share/junjxu/wm/le-wm/.venv/lib/python3.10/site-packages/lightning/pytorch/utilities/data.py:79: Trying to infer the `batch_size` from an ambiguous collection. The batch size we found is 32. To avoid any miscalculations, use `self.log(..., batch_size=batch_size)`.
22:29:48 | INFO  | trainer_inf~| \n+----------------------------+--------------------+
|           Metric           |       Value        |
+----------------------------+--------------------+
|       [0;34;40mvalidate/loss[0m        | [0;32;40m2.343961238861084[0m  |
|    [0;34;40mvalidate/loss_epoch[0m     | [0;32;40m2.343961238861084[0m  |
|     [0;34;40mvalidate/pred_loss[0m     | [0;32;40m1.1720863580703735[0m |
|  [0;34;40mvalidate/pred_loss_epoch[0m  | [0;32;40m1.1720863580703735[0m |
|    [0;34;40mvalidate/sigreg_loss[0m    |      [0;32;40m13.0625[0m       |
| [0;34;40mvalidate/sigreg_loss_epoch[0m |      [0;32;40m13.0625[0m       |
+----------------------------+--------------------+
22:29:48 | WARN  | hf_models.py| ! No Hugging Face (PreTrainedModel) submodules found in LightningModule.
22:29:48 | INFO  | utils.py    | ── Optimizers ────────────────────────────────────
22:29:48 | INFO  | module.py   |   self.optimizers() gave us 1 optimizers
22:29:48 | WARN  | module.py   | ! No clip val found for optimizer default_0
22:29:48 | WARN  | module.py   | ! Will use the Trainer's value of 1.0
22:29:48 | WARN  | module.py   | ! No clip algorithm found for optimizer default_0
22:29:48 | WARN  | module.py   | ! Will use the Trainer's value of None
22:29:48 | OK    | module.py   | ✓ Optimizer check complete:
+------------+-----------+----------------+-----------+-----------+
| Opt. Index | Opt. name |      opt       | clip val. | clip alg. |
+------------+-----------+----------------+-----------+-----------+
|     0      | default_0 | LightningAdamW |    1.0    |    None   |
+------------+-----------+----------------+-----------+-----------+
22:29:48 | INFO  | utils.py    | ── LogUnusedParametersOnce ───────────────────────
22:29:48 | INFO  | unused_para~|   registered hooks on 299 leaf parameters
22:29:51 | WARN  | unused_para~| ! the following parameters did NOT receive gradients on the first backward pass (potentially causing Lightning's 'unused parameters' error):
22:29:51 | WARN  | unused_para~|   model.probe_head.weight
22:29:51 | WARN  | unused_para~|   model.probe_head.bias
22:29:51 | INFO  | unused_para~|   hooks removed, callback disabled
[Epoch 0/20] step 50/2077 (1.9 it/s)
[Epoch 0/20] step 100/2077 (2.1 it/s)
[Epoch 0/20] step 150/2077 (2.1 it/s)
[Epoch 0/20] step 200/2077 (2.1 it/s)
[Epoch 0/20] step 250/2077 (2.1 it/s)
[Epoch 0/20] step 300/2077 (2.2 it/s)
[Epoch 0/20] step 350/2077 (2.2 it/s)
[Epoch 0/20] step 400/2077 (2.2 it/s)
[Epoch 0/20] step 450/2077 (2.2 it/s)
[Epoch 0/20] step 500/2077 (2.2 it/s)
[Epoch 0/20] step 550/2077 (2.2 it/s)
[Epoch 0/20] step 600/2077 (2.2 it/s)
[Epoch 0/20] step 650/2077 (2.2 it/s)
[Epoch 0/20] step 700/2077 (2.2 it/s)
[Epoch 0/20] step 750/2077 (2.2 it/s)
[Epoch 0/20] step 800/2077 (2.2 it/s)
[Epoch 0/20] step 850/2077 (2.2 it/s)
[Epoch 0/20] step 900/2077 (2.2 it/s)
[Epoch 0/20] step 950/2077 (2.2 it/s)
[Epoch 0/20] step 1000/2077 (2.2 it/s)
[Epoch 0/20] step 1050/2077 (2.2 it/s)
[Epoch 0/20] step 1100/2077 (2.2 it/s)
[Epoch 0/20] step 1150/2077 (2.2 it/s)
[Epoch 0/20] step 1200/2077 (2.2 it/s)
[Epoch 0/20] step 1250/2077 (2.2 it/s)
[Epoch 0/20] step 1300/2077 (2.2 it/s)
[Epoch 0/20] step 1350/2077 (2.2 it/s)
[Epoch 0/20] step 1400/2077 (2.2 it/s)
[Epoch 0/20] step 1450/2077 (2.2 it/s)
[Epoch 0/20] step 1500/2077 (2.2 it/s)
[Epoch 0/20] step 1550/2077 (2.2 it/s)
[Epoch 0/20] step 1600/2077 (2.2 it/s)
[Epoch 0/20] step 1650/2077 (2.2 it/s)
[Epoch 0/20] step 1700/2077 (2.2 it/s)
[Epoch 0/20] step 1750/2077 (2.2 it/s)
[Epoch 0/20] step 1800/2077 (2.2 it/s)
[Epoch 0/20] step 1850/2077 (2.2 it/s)
[Epoch 0/20] step 1900/2077 (2.2 it/s)
[Epoch 0/20] step 1950/2077 (2.2 it/s)
[Epoch 0/20] step 2000/2077 (2.2 it/s)
[Epoch 0/20] step 2050/2077 (2.2 it/s)
/home/likun-share/junjxu/wm/le-wm/.venv/lib/python3.10/site-packages/lightning/pytorch/utilities/data.py:79: Trying to infer the `batch_size` from an ambiguous collection. The batch size we found is 26. To avoid any miscalculations, use `self.log(..., batch_size=batch_size)`.
22:46:32 | INFO  | trainer_inf~| \n+----------------------------+-----------------------+
|           Metric           |         Value         |
+----------------------------+-----------------------+
|          [0;34;40mfit/loss[0m          |  [0;32;40m0.17408230900764465[0m  |
|       [0;34;40mfit/pred_loss[0m        |  [0;32;40m0.04517606273293495[0m  |
|      [0;34;40mfit/sigreg_loss[0m       |         [0;32;40m1.4375[0m        |
|    [0;34;40mhardware/cpu_percent[0m    |   [0;32;40m19.799999237060547[0m  |
|  [0;34;40mhardware/disk_read_mb_s[0m   |          [0;32;40m0.0[0m          |
|  [0;34;40mhardware/disk_write_mb_s[0m  |   [0;32;40m0.793497622013092[0m   |
|   [0;34;40mhardware/net_recv_mb_s[0m   |  [0;32;40m0.002988722873851657[0m |
|   [0;34;40mhardware/net_sent_mb_s[0m   |   [0;32;40m0.0392582006752491[0m  |
|    [0;34;40mhardware/ram_used_gb[0m    |    [0;32;40m184.154541015625[0m   |
|   [0;34;40mhardware/ram_used_pct[0m    |   [0;32;40m18.299999237060547[0m  |
|    [0;34;40mhparams/lr_default_0[0m    | [0;32;40m4.979877849109471e-05[0m |
|       [0;34;40mvalidate/loss[0m        |   [0;32;40m0.2394844889640808[0m  |
|    [0;34;40mvalidate/loss_epoch[0m     |   [0;32;40m0.2394844889640808[0m  |
|     [0;34;40mvalidate/pred_loss[0m     |  [0;32;40m0.05084316432476044[0m  |
|  [0;34;40mvalidate/pred_loss_epoch[0m  |  [0;32;40m0.05084316432476044[0m  |
|    [0;34;40mvalidate/sigreg_loss[0m    |   [0;32;40m2.096040964126587[0m   |
| [0;34;40mvalidate/sigreg_loss_epoch[0m |   [0;32;40m2.096040964126587[0m   |
+----------------------------+-----------------------+
[Epoch 0/20] done in 1004.7s
22:46:32 | INFO  | checkpoint_~|   Checking for non PyTorch modules to save
22:46:32 | INFO  | atomic_chec~| [atomic_save] → /data1/likun-share/junjxu/.cache_stable-pretraining/runs/20260713/222936/1149693e2b17/checkpoints/epoch=0-step=2077.ckpt
22:46:33 | INFO  | atomic_chec~| [atomic_save] ✓ epoch=0-step=2077.ckpt saved (206.8 MiB, serialise=0.30s write=0.25s rename=0.1ms)
22:46:33 | INFO  | checkpoint_~|   Checking for non PyTorch modules to save
22:46:33 | INFO  | atomic_chec~| [atomic_save] → /data1/likun-share/junjxu/.cache_stable-pretraining/runs/20260713/222936/1149693e2b17/checkpoints/last.ckpt
22:46:34 | INFO  | atomic_chec~| [atomic_save] ✓ last.ckpt saved (206.8 MiB, serialise=0.31s write=0.23s rename=0.0ms)
[Epoch 1/20] step 50/2077 (1.9 it/s)
[Epoch 1/20] step 100/2077 (2.0 it/s)
[Epoch 1/20] step 150/2077 (2.1 it/s)
[Epoch 1/20] step 200/2077 (2.1 it/s)
[Epoch 1/20] step 250/2077 (2.1 it/s)
[Epoch 1/20] step 300/2077 (2.2 it/s)
[Epoch 1/20] step 350/2077 (2.2 it/s)
[Epoch 1/20] step 400/2077 (2.2 it/s)
[Epoch 1/20] step 450/2077 (2.2 it/s)
[Epoch 1/20] step 500/2077 (2.2 it/s)
[Epoch 1/20] step 550/2077 (2.2 it/s)
[Epoch 1/20] step 600/2077 (2.2 it/s)
[Epoch 1/20] step 650/2077 (2.2 it/s)
[Epoch 1/20] step 700/2077 (2.2 it/s)
[Epoch 1/20] step 750/2077 (2.2 it/s)
[Epoch 1/20] step 800/2077 (2.2 it/s)
[Epoch 1/20] step 850/2077 (2.2 it/s)
[Epoch 1/20] step 900/2077 (2.2 it/s)
[Epoch 1/20] step 950/2077 (2.2 it/s)
[Epoch 1/20] step 1000/2077 (2.2 it/s)
[Epoch 1/20] step 1050/2077 (2.2 it/s)
[Epoch 1/20] step 1100/2077 (2.2 it/s)
[Epoch 1/20] step 1150/2077 (2.2 it/s)
[Epoch 1/20] step 1200/2077 (2.2 it/s)
[Epoch 1/20] step 1250/2077 (2.2 it/s)
[Epoch 1/20] step 1300/2077 (2.2 it/s)
[Epoch 1/20] step 1350/2077 (2.2 it/s)
[Epoch 1/20] step 1400/2077 (2.2 it/s)
[Epoch 1/20] step 1450/2077 (2.2 it/s)
[Epoch 1/20] step 1500/2077 (2.2 it/s)
[Epoch 1/20] step 1550/2077 (2.2 it/s)
[Epoch 1/20] step 1600/2077 (2.2 it/s)
[Epoch 1/20] step 1650/2077 (2.2 it/s)
[Epoch 1/20] step 1700/2077 (2.2 it/s)
[Epoch 1/20] step 1750/2077 (2.2 it/s)
[Epoch 1/20] step 1800/2077 (2.2 it/s)
[Epoch 1/20] step 1850/2077 (2.2 it/s)
[Epoch 1/20] step 1900/2077 (2.2 it/s)
[Epoch 1/20] step 1950/2077 (2.2 it/s)
[Epoch 1/20] step 2000/2077 (2.2 it/s)
[Epoch 1/20] step 2050/2077 (2.2 it/s)
23:03:24 | INFO  | trainer_inf~| \n+----------------------------+-----------------------+
|           Metric           |         Value         |
+----------------------------+-----------------------+
|          [0;34;40mfit/loss[0m          |  [0;32;40m0.14178523421287537[0m  |
|       [0;34;40mfit/pred_loss[0m        |  [0;32;40m0.018250085413455963[0m |
|      [0;34;40mfit/sigreg_loss[0m       |         [0;32;40m1.375[0m         |
|    [0;34;40mhardware/cpu_percent[0m    |   [0;32;40m26.200000762939453[0m  |
|  [0;34;40mhardware/disk_read_mb_s[0m   |          [0;32;40m0.0[0m          |
|  [0;34;40mhardware/disk_write_mb_s[0m  |   [0;32;40m0.8728602528572083[0m  |
|   [0;34;40mhardware/net_recv_mb_s[0m   |  [0;32;40m0.23678408563137054[0m  |
|   [0;34;40mhardware/net_sent_mb_s[0m   |   [0;32;40m0.7288728356361389[0m  |
|    [0;34;40mhardware/ram_used_gb[0m    |   [0;32;40m186.4552001953125[0m   |
|   [0;34;40mhardware/ram_used_pct[0m    |          [0;32;40m18.5[0m         |
|    [0;34;40mhparams/lr_default_0[0m    | [0;32;40m4.898712722933851e-05[0m |
|       [0;34;40mvalidate/loss[0m        |  [0;32;40m0.21468643844127655[0m  |
|    [0;34;40mvalidate/loss_epoch[0m     |  [0;32;40m0.21468643844127655[0m  |
|     [0;34;40mvalidate/pred_loss[0m     |  [0;32;40m0.040000077337026596[0m |
|  [0;34;40mvalidate/pred_loss_epoch[0m  |  [0;32;40m0.040000077337026596[0m |
|    [0;34;40mvalidate/sigreg_loss[0m    |   [0;32;40m1.9409842491149902[0m  |
| [0;34;40mvalidate/sigreg_loss_epoch[0m |   [0;32;40m1.9409842491149902[0m  |
+----------------------------+-----------------------+
[Epoch 1/20] done in 1010.1s
23:03:24 | INFO  | checkpoint_~|   Checking for non PyTorch modules to save
23:03:24 | INFO  | atomic_chec~| [atomic_save] → /data1/likun-share/junjxu/.cache_stable-pretraining/runs/20260713/222936/1149693e2b17/checkpoints/epoch=1-step=4154.ckpt
23:03:24 | INFO  | atomic_chec~| [atomic_save] ✓ epoch=1-step=4154.ckpt saved (206.8 MiB, serialise=0.29s write=0.21s rename=0.0ms)
23:03:24 | INFO  | checkpoint_~|   Checking for non PyTorch modules to save
23:03:24 | INFO  | atomic_chec~| [atomic_save] → /data1/likun-share/junjxu/.cache_stable-pretraining/runs/20260713/222936/1149693e2b17/checkpoints/last.ckpt
23:03:25 | INFO  | atomic_chec~| [atomic_save] ✓ last.ckpt saved (206.8 MiB, serialise=0.27s write=0.21s rename=28.8ms)
[Epoch 2/20] step 50/2077 (2.0 it/s)
[Epoch 2/20] step 100/2077 (2.1 it/s)
[Epoch 2/20] step 150/2077 (2.1 it/s)
[Epoch 2/20] step 200/2077 (2.1 it/s)
[Epoch 2/20] step 250/2077 (2.2 it/s)
[Epoch 2/20] step 300/2077 (2.2 it/s)
[Epoch 2/20] step 350/2077 (2.2 it/s)
[Epoch 2/20] step 400/2077 (2.2 it/s)
[Epoch 2/20] step 450/2077 (2.2 it/s)
[Epoch 2/20] step 500/2077 (2.2 it/s)
[Epoch 2/20] step 550/2077 (2.2 it/s)
[Epoch 2/20] step 600/2077 (2.2 it/s)
[Epoch 2/20] step 650/2077 (2.2 it/s)
[Epoch 2/20] step 700/2077 (2.2 it/s)
[Epoch 2/20] step 750/2077 (2.2 it/s)
[Epoch 2/20] step 800/2077 (2.2 it/s)
[Epoch 2/20] step 850/2077 (2.2 it/s)
[Epoch 2/20] step 900/2077 (2.2 it/s)
[Epoch 2/20] step 950/2077 (2.2 it/s)
[Epoch 2/20] step 1000/2077 (2.2 it/s)
[Epoch 2/20] step 1050/2077 (2.2 it/s)
[Epoch 2/20] step 1100/2077 (2.2 it/s)
[Epoch 2/20] step 1150/2077 (2.2 it/s)
[Epoch 2/20] step 1200/2077 (2.2 it/s)
[Epoch 2/20] step 1250/2077 (2.2 it/s)
[Epoch 2/20] step 1300/2077 (2.2 it/s)
[Epoch 2/20] step 1350/2077 (2.2 it/s)
[Epoch 2/20] step 1400/2077 (2.2 it/s)
[Epoch 2/20] step 1450/2077 (2.2 it/s)
[Epoch 2/20] step 1500/2077 (2.2 it/s)
[Epoch 2/20] step 1550/2077 (2.2 it/s)
[Epoch 2/20] step 1600/2077 (2.2 it/s)
[Epoch 2/20] step 1650/2077 (2.2 it/s)
[Epoch 2/20] step 1700/2077 (2.2 it/s)
[Epoch 2/20] step 1750/2077 (2.2 it/s)
[Epoch 2/20] step 1800/2077 (2.2 it/s)
[Epoch 2/20] step 1850/2077 (2.2 it/s)
[Epoch 2/20] step 1900/2077 (2.2 it/s)
[Epoch 2/20] step 1950/2077 (2.2 it/s)
[Epoch 2/20] step 2000/2077 (2.2 it/s)
[Epoch 2/20] step 2050/2077 (2.2 it/s)
23:20:15 | INFO  | trainer_inf~| \n+----------------------------+------------------------+
|           Metric           |         Value          |
+----------------------------+------------------------+
|          [0;34;40mfit/loss[0m          |  [0;32;40m0.13961565494537354[0m   |
|       [0;34;40mfit/pred_loss[0m        |  [0;32;40m0.018521908670663834[0m  |
|      [0;34;40mfit/sigreg_loss[0m       |        [0;32;40m1.34375[0m         |
|    [0;34;40mhardware/cpu_percent[0m    |   [0;32;40m26.200000762939453[0m   |
|  [0;34;40mhardware/disk_read_mb_s[0m   |  [0;32;40m0.012888005934655666[0m  |
|  [0;34;40mhardware/disk_write_mb_s[0m  |   [0;32;40m3.5254554748535156[0m   |
|   [0;34;40mhardware/net_recv_mb_s[0m   |   [0;32;40m1.0630912780761719[0m   |
|   [0;34;40mhardware/net_sent_mb_s[0m   |  [0;32;40m0.07218705862760544[0m   |
|    [0;34;40mhardware/ram_used_gb[0m    |   [0;32;40m189.61492919921875[0m   |
|   [0;34;40mhardware/ram_used_pct[0m    |   [0;32;40m18.799999237060547[0m   |
|    [0;34;40mhparams/lr_default_0[0m    | [0;32;40m4.7572881157975644e-05[0m |
|       [0;34;40mvalidate/loss[0m        |  [0;32;40m0.20017050206661224[0m   |
|    [0;34;40mvalidate/loss_epoch[0m     |  [0;32;40m0.20017050206661224[0m   |
|     [0;34;40mvalidate/pred_loss[0m     |  [0;32;40m0.03053242713212967[0m   |
|  [0;34;40mvalidate/pred_loss_epoch[0m  |  [0;32;40m0.03053242713212967[0m   |
|    [0;34;40mvalidate/sigreg_loss[0m    |   [0;32;40m1.8844287395477295[0m   |
| [0;34;40mvalidate/sigreg_loss_epoch[0m |   [0;32;40m1.8844287395477295[0m   |
+----------------------------+------------------------+
[Epoch 2/20] done in 1010.6s
23:20:15 | INFO  | checkpoint_~|   Checking for non PyTorch modules to save
23:20:15 | INFO  | atomic_chec~| [atomic_save] → /data1/likun-share/junjxu/.cache_stable-pretraining/runs/20260713/222936/1149693e2b17/checkpoints/epoch=2-step=6231.ckpt
23:20:16 | INFO  | atomic_chec~| [atomic_save] ✓ epoch=2-step=6231.ckpt saved (206.8 MiB, serialise=0.27s write=0.21s rename=0.0ms)
23:20:16 | INFO  | checkpoint_~|   Checking for non PyTorch modules to save
23:20:16 | INFO  | atomic_chec~| [atomic_save] → /data1/likun-share/junjxu/.cache_stable-pretraining/runs/20260713/222936/1149693e2b17/checkpoints/last.ckpt
23:20:16 | INFO  | atomic_chec~| [atomic_save] ✓ last.ckpt saved (206.8 MiB, serialise=0.26s write=0.21s rename=26.5ms)
[Epoch 3/20] step 50/2077 (1.9 it/s)
[Epoch 3/20] step 100/2077 (2.0 it/s)
[Epoch 3/20] step 150/2077 (2.0 it/s)
[Epoch 3/20] step 200/2077 (2.1 it/s)
[Epoch 3/20] step 250/2077 (2.1 it/s)
[Epoch 3/20] step 300/2077 (2.1 it/s)
[Epoch 3/20] step 350/2077 (2.1 it/s)
[Epoch 3/20] step 400/2077 (2.1 it/s)
[Epoch 3/20] step 450/2077 (2.1 it/s)
[Epoch 3/20] step 500/2077 (2.1 it/s)
[Epoch 3/20] step 550/2077 (2.1 it/s)
[Epoch 3/20] step 600/2077 (2.1 it/s)
[Epoch 3/20] step 650/2077 (2.1 it/s)
[Epoch 3/20] step 700/2077 (2.1 it/s)
[Epoch 3/20] step 750/2077 (2.1 it/s)
[Epoch 3/20] step 800/2077 (2.1 it/s)
[Epoch 3/20] step 850/2077 (2.1 it/s)
[Epoch 3/20] step 900/2077 (2.1 it/s)
[Epoch 3/20] step 950/2077 (2.1 it/s)
[Epoch 3/20] step 1000/2077 (2.1 it/s)
[Epoch 3/20] step 1050/2077 (2.1 it/s)
[Epoch 3/20] step 1100/2077 (2.1 it/s)
[Epoch 3/20] step 1150/2077 (2.1 it/s)
[Epoch 3/20] step 1200/2077 (2.1 it/s)
[Epoch 3/20] step 1250/2077 (2.1 it/s)
[Epoch 3/20] step 1300/2077 (2.1 it/s)
[Epoch 3/20] step 1350/2077 (2.1 it/s)
[Epoch 3/20] step 1400/2077 (2.1 it/s)
[Epoch 3/20] step 1450/2077 (2.1 it/s)
[Epoch 3/20] step 1500/2077 (2.1 it/s)
[Epoch 3/20] step 1550/2077 (2.1 it/s)
[Epoch 3/20] step 1600/2077 (2.1 it/s)
[Epoch 3/20] step 1650/2077 (2.1 it/s)
[Epoch 3/20] step 1700/2077 (2.1 it/s)
[Epoch 3/20] step 1750/2077 (2.1 it/s)
[Epoch 3/20] step 1800/2077 (2.1 it/s)
[Epoch 3/20] step 1850/2077 (2.1 it/s)
[Epoch 3/20] step 1900/2077 (2.1 it/s)
[Epoch 3/20] step 1950/2077 (2.1 it/s)
[Epoch 3/20] step 2000/2077 (2.1 it/s)
[Epoch 3/20] step 2050/2077 (2.1 it/s)
23:37:37 | INFO  | trainer_inf~| \n+----------------------------+------------------------+
|           Metric           |         Value          |
+----------------------------+------------------------+
|          [0;34;40mfit/loss[0m          |  [0;32;40m0.13649030029773712[0m   |
|       [0;34;40mfit/pred_loss[0m        |  [0;32;40m0.02027936466038227[0m   |
|      [0;34;40mfit/sigreg_loss[0m       |       [0;32;40m1.2890625[0m        |
|    [0;34;40mhardware/cpu_percent[0m    |   [0;32;40m32.599998474121094[0m   |
|  [0;34;40mhardware/disk_read_mb_s[0m   |          [0;32;40m0.0[0m           |
|  [0;34;40mhardware/disk_write_mb_s[0m  |   [0;32;40m2.6542112827301025[0m   |
|   [0;34;40mhardware/net_recv_mb_s[0m   |  [0;32;40m0.003766546491533518[0m  |
|   [0;34;40mhardware/net_sent_mb_s[0m   |  [0;32;40m0.039901863783597946[0m  |
|    [0;34;40mhardware/ram_used_gb[0m    |   [0;32;40m189.31875610351562[0m   |
|   [0;34;40mhardware/ram_used_pct[0m    |   [0;32;40m18.799999237060547[0m   |
|    [0;34;40mhparams/lr_default_0[0m    | [0;32;40m4.5591565140057355e-05[0m |
|       [0;34;40mvalidate/loss[0m        |   [0;32;40m0.1997065544128418[0m   |
|    [0;34;40mvalidate/loss_epoch[0m     |   [0;32;40m0.1997065544128418[0m   |
|     [0;34;40mvalidate/pred_loss[0m     |  [0;32;40m0.03380294889211655[0m   |
|  [0;34;40mvalidate/pred_loss_epoch[0m  |  [0;32;40m0.03380294889211655[0m   |
|    [0;34;40mvalidate/sigreg_loss[0m    |   [0;32;40m1.8436421155929565[0m   |
| [0;34;40mvalidate/sigreg_loss_epoch[0m |   [0;32;40m1.8436421155929565[0m   |
+----------------------------+------------------------+
[Epoch 3/20] done in 1041.1s
23:37:37 | INFO  | checkpoint_~|   Checking for non PyTorch modules to save
23:37:37 | INFO  | atomic_chec~| [atomic_save] → /data1/likun-share/junjxu/.cache_stable-pretraining/runs/20260713/222936/1149693e2b17/checkpoints/epoch=3-step=8308.ckpt
23:37:38 | INFO  | atomic_chec~| [atomic_save] ✓ epoch=3-step=8308.ckpt saved (206.8 MiB, serialise=0.30s write=0.24s rename=0.0ms)
23:37:38 | INFO  | checkpoint_~|   Checking for non PyTorch modules to save
23:37:38 | INFO  | atomic_chec~| [atomic_save] → /data1/likun-share/junjxu/.cache_stable-pretraining/runs/20260713/222936/1149693e2b17/checkpoints/last.ckpt
23:37:39 | INFO  | atomic_chec~| [atomic_save] ✓ last.ckpt saved (206.8 MiB, serialise=0.27s write=0.21s rename=35.4ms)
[Epoch 4/20] step 50/2077 (1.9 it/s)
[Epoch 4/20] step 100/2077 (2.0 it/s)
[Epoch 4/20] step 150/2077 (2.1 it/s)
[Epoch 4/20] step 200/2077 (2.1 it/s)
[Epoch 4/20] step 250/2077 (2.1 it/s)
[Epoch 4/20] step 300/2077 (2.2 it/s)
[Epoch 4/20] step 350/2077 (2.2 it/s)
[Epoch 4/20] step 400/2077 (2.2 it/s)
[Epoch 4/20] step 450/2077 (2.2 it/s)
[Epoch 4/20] step 500/2077 (2.2 it/s)
[Epoch 4/20] step 550/2077 (2.2 it/s)
[Epoch 4/20] step 600/2077 (2.2 it/s)
[Epoch 4/20] step 650/2077 (2.2 it/s)
[Epoch 4/20] step 700/2077 (2.2 it/s)
[Epoch 4/20] step 750/2077 (2.2 it/s)
[Epoch 4/20] step 800/2077 (2.2 it/s)
[Epoch 4/20] step 850/2077 (2.2 it/s)
[Epoch 4/20] step 900/2077 (2.2 it/s)
[Epoch 4/20] step 950/2077 (2.2 it/s)
[Epoch 4/20] step 1000/2077 (2.2 it/s)
[Epoch 4/20] step 1050/2077 (2.2 it/s)
[Epoch 4/20] step 1100/2077 (2.2 it/s)
[Epoch 4/20] step 1150/2077 (2.2 it/s)
[Epoch 4/20] step 1200/2077 (2.2 it/s)
[Epoch 4/20] step 1250/2077 (2.2 it/s)
[Epoch 4/20] step 1300/2077 (2.2 it/s)
[Epoch 4/20] step 1350/2077 (2.2 it/s)
[Epoch 4/20] step 1400/2077 (2.2 it/s)
[Epoch 4/20] step 1450/2077 (2.2 it/s)
[Epoch 4/20] step 1500/2077 (2.2 it/s)
[Epoch 4/20] step 1550/2077 (2.2 it/s)
[Epoch 4/20] step 1600/2077 (2.2 it/s)
[Epoch 4/20] step 1650/2077 (2.2 it/s)
[Epoch 4/20] step 1700/2077 (2.2 it/s)
[Epoch 4/20] step 1750/2077 (2.2 it/s)
[Epoch 4/20] step 1800/2077 (2.2 it/s)
[Epoch 4/20] step 1850/2077 (2.2 it/s)
[Epoch 4/20] step 1900/2077 (2.2 it/s)
[Epoch 4/20] step 1950/2077 (2.2 it/s)
[Epoch 4/20] step 2000/2077 (2.2 it/s)
[Epoch 4/20] step 2050/2077 (2.2 it/s)
23:54:30 | INFO  | trainer_inf~| \n+----------------------------+-----------------------+
|           Metric           |         Value         |
+----------------------------+-----------------------+
|          [0;34;40mfit/loss[0m          |  [0;32;40m0.09605441242456436[0m  |
|       [0;34;40mfit/pred_loss[0m        |  [0;32;40m0.01109347678720951[0m  |
|      [0;34;40mfit/sigreg_loss[0m       |       [0;32;40m0.9453125[0m       |
|    [0;34;40mhardware/cpu_percent[0m    |          [0;32;40m33.5[0m         |
|  [0;34;40mhardware/disk_read_mb_s[0m   |          [0;32;40m0.0[0m          |
|  [0;34;40mhardware/disk_write_mb_s[0m  |   [0;32;40m2.604543447494507[0m   |
|   [0;34;40mhardware/net_recv_mb_s[0m   |  [0;32;40m0.012753729708492756[0m |
|   [0;34;40mhardware/net_sent_mb_s[0m   |   [0;32;40m0.0163304191082716[0m  |
|    [0;34;40mhardware/ram_used_gb[0m    |   [0;32;40m189.74148559570312[0m  |
|   [0;34;40mhardware/ram_used_pct[0m    |   [0;32;40m18.799999237060547[0m  |
|    [0;34;40mhparams/lr_default_0[0m    | [0;32;40m4.309295036364347e-05[0m |
|       [0;34;40mvalidate/loss[0m        |   [0;32;40m0.1886770874261856[0m  |
|    [0;34;40mvalidate/loss_epoch[0m     |   [0;32;40m0.1886770874261856[0m  |
|     [0;34;40mvalidate/pred_loss[0m     |  [0;32;40m0.02218225970864296[0m  |
|  [0;34;40mvalidate/pred_loss_epoch[0m  |  [0;32;40m0.02218225970864296[0m  |
|    [0;34;40mvalidate/sigreg_loss[0m    |   [0;32;40m1.8500943183898926[0m  |
| [0;34;40mvalidate/sigreg_loss_epoch[0m |   [0;32;40m1.8500943183898926[0m  |
+----------------------------+-----------------------+
[Epoch 4/20] done in 1011.6s
23:54:30 | INFO  | checkpoint_~|   Checking for non PyTorch modules to save
23:54:30 | INFO  | atomic_chec~| [atomic_save] → /data1/likun-share/junjxu/.cache_stable-pretraining/runs/20260713/222936/1149693e2b17/checkpoints/epoch=4-step=10385.ckpt
23:54:31 | INFO  | atomic_chec~| [atomic_save] ✓ epoch=4-step=10385.ckpt saved (206.8 MiB, serialise=0.28s write=0.21s rename=0.0ms)
23:54:31 | INFO  | checkpoint_~|   Checking for non PyTorch modules to save
23:54:31 | INFO  | atomic_chec~| [atomic_save] → /data1/likun-share/junjxu/.cache_stable-pretraining/runs/20260713/222936/1149693e2b17/checkpoints/last.ckpt
23:54:31 | INFO  | atomic_chec~| [atomic_save] ✓ last.ckpt saved (206.8 MiB, serialise=0.28s write=0.20s rename=37.9ms)
[Epoch 5/20] step 50/2077 (2.0 it/s)
[Epoch 5/20] step 100/2077 (2.1 it/s)
[Epoch 5/20] step 150/2077 (2.1 it/s)
[Epoch 5/20] step 200/2077 (2.1 it/s)
[Epoch 5/20] step 250/2077 (2.2 it/s)
[Epoch 5/20] step 300/2077 (2.2 it/s)
[Epoch 5/20] step 350/2077 (2.2 it/s)
[Epoch 5/20] step 400/2077 (2.2 it/s)
[Epoch 5/20] step 450/2077 (2.2 it/s)
[Epoch 5/20] step 500/2077 (2.2 it/s)
[Epoch 5/20] step 550/2077 (2.2 it/s)
[Epoch 5/20] step 600/2077 (2.2 it/s)
[Epoch 5/20] step 650/2077 (2.2 it/s)
[Epoch 5/20] step 700/2077 (2.2 it/s)
[Epoch 5/20] step 750/2077 (2.2 it/s)
[Epoch 5/20] step 800/2077 (2.2 it/s)
[Epoch 5/20] step 850/2077 (2.2 it/s)
[Epoch 5/20] step 900/2077 (2.2 it/s)
[Epoch 5/20] step 950/2077 (2.2 it/s)
[Epoch 5/20] step 1000/2077 (2.2 it/s)
[Epoch 5/20] step 1050/2077 (2.2 it/s)
[Epoch 5/20] step 1100/2077 (2.2 it/s)
[Epoch 5/20] step 1150/2077 (2.2 it/s)
[Epoch 5/20] step 1200/2077 (2.2 it/s)
[Epoch 5/20] step 1250/2077 (2.2 it/s)
[Epoch 5/20] step 1300/2077 (2.2 it/s)
[Epoch 5/20] step 1350/2077 (2.2 it/s)
[Epoch 5/20] step 1400/2077 (2.2 it/s)
[Epoch 5/20] step 1450/2077 (2.2 it/s)
[Epoch 5/20] step 1500/2077 (2.2 it/s)
[Epoch 5/20] step 1550/2077 (2.2 it/s)
[Epoch 5/20] step 1600/2077 (2.2 it/s)
[Epoch 5/20] step 1650/2077 (2.2 it/s)
[Epoch 5/20] step 1700/2077 (2.2 it/s)
[Epoch 5/20] step 1750/2077 (2.2 it/s)
[Epoch 5/20] step 1800/2077 (2.2 it/s)
[Epoch 5/20] step 1850/2077 (2.2 it/s)
[Epoch 5/20] step 1900/2077 (2.2 it/s)
[Epoch 5/20] step 1950/2077 (2.2 it/s)
[Epoch 5/20] step 2000/2077 (2.2 it/s)
[Epoch 5/20] step 2050/2077 (2.2 it/s)
00:11:19 | INFO  | trainer_inf~| \n+----------------------------+------------------------+
|           Metric           |         Value          |
+----------------------------+------------------------+
|          [0;34;40mfit/loss[0m          |  [0;32;40m0.10908430814743042[0m   |
|       [0;34;40mfit/pred_loss[0m        |  [0;32;40m0.02265852876007557[0m   |
|      [0;34;40mfit/sigreg_loss[0m       |       [0;32;40m0.9609375[0m        |
|    [0;34;40mhardware/cpu_percent[0m    |          [0;32;40m33.0[0m          |
|  [0;34;40mhardware/disk_read_mb_s[0m   |          [0;32;40m0.0[0m           |
|  [0;34;40mhardware/disk_write_mb_s[0m  |   [0;32;40m13.998234748840332[0m   |
|   [0;34;40mhardware/net_recv_mb_s[0m   |   [0;32;40m15.829218864440918[0m   |
|   [0;34;40mhardware/net_sent_mb_s[0m   |   [0;32;40m0.3755101263523102[0m   |
|    [0;34;40mhardware/ram_used_gb[0m    |   [0;32;40m190.73187255859375[0m   |
|   [0;34;40mhardware/ram_used_pct[0m    |   [0;32;40m18.899999618530273[0m   |
|    [0;34;40mhparams/lr_default_0[0m    | [0;32;40m4.0139813791029155e-05[0m |
|       [0;34;40mvalidate/loss[0m        |  [0;32;40m0.17310915887355804[0m   |
|    [0;34;40mvalidate/loss_epoch[0m     |  [0;32;40m0.17310915887355804[0m   |
|     [0;34;40mvalidate/pred_loss[0m     |  [0;32;40m0.021319391205906868[0m  |
|  [0;34;40mvalidate/pred_loss_epoch[0m  |  [0;32;40m0.021319391205906868[0m  |
|    [0;34;40mvalidate/sigreg_loss[0m    |   [0;32;40m1.6867574453353882[0m   |
| [0;34;40mvalidate/sigreg_loss_epoch[0m |   [0;32;40m1.6867574453353882[0m   |
+----------------------------+------------------------+
[Epoch 5/20] done in 1007.4s
00:11:19 | INFO  | checkpoint_~|   Checking for non PyTorch modules to save
00:11:19 | INFO  | atomic_chec~| [atomic_save] → /data1/likun-share/junjxu/.cache_stable-pretraining/runs/20260713/222936/1149693e2b17/checkpoints/epoch=5-step=12462.ckpt
00:11:19 | INFO  | atomic_chec~| [atomic_save] ✓ epoch=5-step=12462.ckpt saved (206.8 MiB, serialise=0.28s write=0.20s rename=0.0ms)
00:11:19 | INFO  | checkpoint_~|   Checking for non PyTorch modules to save
00:11:19 | INFO  | atomic_chec~| [atomic_save] → /data1/likun-share/junjxu/.cache_stable-pretraining/runs/20260713/222936/1149693e2b17/checkpoints/last.ckpt
00:11:20 | INFO  | atomic_chec~| [atomic_save] ✓ last.ckpt saved (206.8 MiB, serialise=0.27s write=0.20s rename=28.8ms)
[Epoch 6/20] step 50/2077 (2.0 it/s)
[Epoch 6/20] step 100/2077 (2.1 it/s)
[Epoch 6/20] step 150/2077 (2.1 it/s)
[Epoch 6/20] step 200/2077 (2.1 it/s)
[Epoch 6/20] step 250/2077 (2.1 it/s)
[Epoch 6/20] step 300/2077 (2.1 it/s)
[Epoch 6/20] step 350/2077 (2.1 it/s)
[Epoch 6/20] step 400/2077 (2.1 it/s)
[Epoch 6/20] step 450/2077 (2.2 it/s)
[Epoch 6/20] step 500/2077 (2.2 it/s)
[Epoch 6/20] step 550/2077 (2.2 it/s)
[Epoch 6/20] step 600/2077 (2.2 it/s)
[Epoch 6/20] step 650/2077 (2.2 it/s)
[Epoch 6/20] step 700/2077 (2.2 it/s)
[Epoch 6/20] step 750/2077 (2.2 it/s)
[Epoch 6/20] step 800/2077 (2.2 it/s)
[Epoch 6/20] step 850/2077 (2.2 it/s)
[Epoch 6/20] step 900/2077 (2.2 it/s)
[Epoch 6/20] step 950/2077 (2.2 it/s)
[Epoch 6/20] step 1000/2077 (2.2 it/s)
[Epoch 6/20] step 1050/2077 (2.2 it/s)
[Epoch 6/20] step 1100/2077 (2.2 it/s)
[Epoch 6/20] step 1150/2077 (2.2 it/s)
[Epoch 6/20] step 1200/2077 (2.2 it/s)
[Epoch 6/20] step 1250/2077 (2.2 it/s)
[Epoch 6/20] step 1300/2077 (2.2 it/s)
[Epoch 6/20] step 1350/2077 (2.2 it/s)
[Epoch 6/20] step 1400/2077 (2.2 it/s)
[Epoch 6/20] step 1450/2077 (2.2 it/s)
[Epoch 6/20] step 1500/2077 (2.2 it/s)
[Epoch 6/20] step 1550/2077 (2.2 it/s)
[Epoch 6/20] step 1600/2077 (2.2 it/s)
[Epoch 6/20] step 1650/2077 (2.2 it/s)
[Epoch 6/20] step 1700/2077 (2.2 it/s)
[Epoch 6/20] step 1750/2077 (2.2 it/s)
[Epoch 6/20] step 1800/2077 (2.2 it/s)
[Epoch 6/20] step 1850/2077 (2.2 it/s)
[Epoch 6/20] step 1900/2077 (2.2 it/s)
[Epoch 6/20] step 1950/2077 (2.2 it/s)
[Epoch 6/20] step 2000/2077 (2.2 it/s)
[Epoch 6/20] step 2050/2077 (2.2 it/s)
00:28:09 | INFO  | trainer_inf~| \n+----------------------------+-----------------------+
|           Metric           |         Value         |
+----------------------------+-----------------------+
|          [0;34;40mfit/loss[0m          |  [0;32;40m0.11045511066913605[0m  |
|       [0;34;40mfit/pred_loss[0m        |  [0;32;40m0.027935581281781197[0m |
|      [0;34;40mfit/sigreg_loss[0m       |       [0;32;40m0.91796875[0m      |
|    [0;34;40mhardware/cpu_percent[0m    |          [0;32;40m34.0[0m         |
|  [0;34;40mhardware/disk_read_mb_s[0m   |          [0;32;40m0.0[0m          |
|  [0;34;40mhardware/disk_write_mb_s[0m  |   [0;32;40m2.7243640422821045[0m  |
|   [0;34;40mhardware/net_recv_mb_s[0m   |  [0;32;40m0.23303495347499847[0m  |
|   [0;34;40mhardware/net_sent_mb_s[0m   |   [0;32;40m0.715520441532135[0m   |
|    [0;34;40mhardware/ram_used_gb[0m    |   [0;32;40m189.50643920898438[0m  |
|   [0;34;40mhardware/ram_used_pct[0m    |   [0;32;40m18.799999237060547[0m  |
|    [0;34;40mhparams/lr_default_0[0m    | [0;32;40m3.680633381009102e-05[0m |
|       [0;34;40mvalidate/loss[0m        |  [0;32;40m0.17497840523719788[0m  |
|    [0;34;40mvalidate/loss_epoch[0m     |  [0;32;40m0.17497840523719788[0m  |
|     [0;34;40mvalidate/pred_loss[0m     |  [0;32;40m0.02272278629243374[0m  |
|  [0;34;40mvalidate/pred_loss_epoch[0m  |  [0;32;40m0.02272278629243374[0m  |
|    [0;34;40mvalidate/sigreg_loss[0m    |   [0;32;40m1.6920524835586548[0m  |
| [0;34;40mvalidate/sigreg_loss_epoch[0m |   [0;32;40m1.6920524835586548[0m  |
+----------------------------+-----------------------+
[Epoch 6/20] done in 1009.7s
00:28:09 | INFO  | checkpoint_~|   Checking for non PyTorch modules to save
00:28:09 | INFO  | atomic_chec~| [atomic_save] → /data1/likun-share/junjxu/.cache_stable-pretraining/runs/20260713/222936/1149693e2b17/checkpoints/epoch=6-step=14539.ckpt
00:28:10 | INFO  | atomic_chec~| [atomic_save] ✓ epoch=6-step=14539.ckpt saved (206.8 MiB, serialise=0.27s write=0.23s rename=0.0ms)
00:28:10 | INFO  | checkpoint_~|   Checking for non PyTorch modules to save
00:28:10 | INFO  | atomic_chec~| [atomic_save] → /data1/likun-share/junjxu/.cache_stable-pretraining/runs/20260713/222936/1149693e2b17/checkpoints/last.ckpt
00:28:11 | INFO  | atomic_chec~| [atomic_save] ✓ last.ckpt saved (206.8 MiB, serialise=0.31s write=0.21s rename=26.2ms)
[Epoch 7/20] step 50/2077 (1.9 it/s)
[Epoch 7/20] step 100/2077 (2.1 it/s)
[Epoch 7/20] step 150/2077 (2.1 it/s)
[Epoch 7/20] step 200/2077 (2.1 it/s)
[Epoch 7/20] step 250/2077 (2.1 it/s)
[Epoch 7/20] step 300/2077 (2.2 it/s)
[Epoch 7/20] step 350/2077 (2.2 it/s)
[Epoch 7/20] step 400/2077 (2.2 it/s)
[Epoch 7/20] step 450/2077 (2.2 it/s)
[Epoch 7/20] step 500/2077 (2.2 it/s)
[Epoch 7/20] step 550/2077 (2.2 it/s)
[Epoch 7/20] step 600/2077 (2.2 it/s)
[Epoch 7/20] step 650/2077 (2.2 it/s)
[Epoch 7/20] step 700/2077 (2.2 it/s)
[Epoch 7/20] step 750/2077 (2.2 it/s)
[Epoch 7/20] step 800/2077 (2.2 it/s)
[Epoch 7/20] step 850/2077 (2.2 it/s)
[Epoch 7/20] step 900/2077 (2.2 it/s)
[Epoch 7/20] step 950/2077 (2.2 it/s)
[Epoch 7/20] step 1000/2077 (2.2 it/s)
[Epoch 7/20] step 1050/2077 (2.2 it/s)
[Epoch 7/20] step 1100/2077 (2.2 it/s)
[Epoch 7/20] step 1150/2077 (2.2 it/s)
[Epoch 7/20] step 1200/2077 (2.2 it/s)
[Epoch 7/20] step 1250/2077 (2.2 it/s)
[Epoch 7/20] step 1300/2077 (2.2 it/s)
[Epoch 7/20] step 1350/2077 (2.2 it/s)
[Epoch 7/20] step 1400/2077 (2.2 it/s)
[Epoch 7/20] step 1450/2077 (2.2 it/s)
[Epoch 7/20] step 1500/2077 (2.2 it/s)
[Epoch 7/20] step 1550/2077 (2.2 it/s)
[Epoch 7/20] step 1600/2077 (2.2 it/s)
[Epoch 7/20] step 1650/2077 (2.2 it/s)
[Epoch 7/20] step 1700/2077 (2.2 it/s)
[Epoch 7/20] step 1750/2077 (2.2 it/s)
[Epoch 7/20] step 1800/2077 (2.2 it/s)
[Epoch 7/20] step 1850/2077 (2.2 it/s)
[Epoch 7/20] step 1900/2077 (2.2 it/s)
[Epoch 7/20] step 1950/2077 (2.2 it/s)
[Epoch 7/20] step 2000/2077 (2.2 it/s)
[Epoch 7/20] step 2050/2077 (2.2 it/s)
00:45:16 | INFO  | trainer_inf~| \n+----------------------------+------------------------+
|           Metric           |         Value          |
+----------------------------+------------------------+
|          [0;34;40mfit/loss[0m          |  [0;32;40m0.13004127144813538[0m   |
|       [0;34;40mfit/pred_loss[0m        |  [0;32;40m0.020177988335490227[0m  |
|      [0;34;40mfit/sigreg_loss[0m       |        [0;32;40m1.21875[0m         |
|    [0;34;40mhardware/cpu_percent[0m    |   [0;32;40m35.29999923706055[0m    |
|  [0;34;40mhardware/disk_read_mb_s[0m   |   [0;32;40m351.0516662597656[0m    |
|  [0;34;40mhardware/disk_write_mb_s[0m  |   [0;32;40m2.232266664505005[0m    |
|   [0;34;40mhardware/net_recv_mb_s[0m   |   [0;32;40m0.2817915380001068[0m   |
|   [0;34;40mhardware/net_sent_mb_s[0m   |  [0;32;40m0.21724815666675568[0m   |
|    [0;34;40mhardware/ram_used_gb[0m    |   [0;32;40m201.35650634765625[0m   |
|   [0;34;40mhardware/ram_used_pct[0m    |          [0;32;40m20.0[0m          |
|    [0;34;40mhparams/lr_default_0[0m    | [0;32;40m3.3176260330947116e-05[0m |
|       [0;34;40mvalidate/loss[0m        |  [0;32;40m0.17335109412670135[0m   |
|    [0;34;40mvalidate/loss_epoch[0m     |  [0;32;40m0.17335109412670135[0m   |
|     [0;34;40mvalidate/pred_loss[0m     |  [0;32;40m0.02009773999452591[0m   |
|  [0;34;40mvalidate/pred_loss_epoch[0m  |  [0;32;40m0.02009773999452591[0m   |
|    [0;34;40mvalidate/sigreg_loss[0m    |   [0;32;40m1.7027738094329834[0m   |
| [0;34;40mvalidate/sigreg_loss_epoch[0m |   [0;32;40m1.7027738094329834[0m   |
+----------------------------+------------------------+
[Epoch 7/20] done in 1025.2s
00:45:16 | INFO  | checkpoint_~|   Checking for non PyTorch modules to save
00:45:16 | INFO  | atomic_chec~| [atomic_save] → /data1/likun-share/junjxu/.cache_stable-pretraining/runs/20260713/222936/1149693e2b17/checkpoints/epoch=7-step=16616.ckpt
00:45:16 | INFO  | atomic_chec~| [atomic_save] ✓ epoch=7-step=16616.ckpt saved (206.8 MiB, serialise=0.27s write=0.20s rename=0.1ms)
00:45:16 | INFO  | checkpoint_~|   Checking for non PyTorch modules to save
00:45:16 | INFO  | atomic_chec~| [atomic_save] → /data1/likun-share/junjxu/.cache_stable-pretraining/runs/20260713/222936/1149693e2b17/checkpoints/last.ckpt
00:45:17 | INFO  | atomic_chec~| [atomic_save] ✓ last.ckpt saved (206.8 MiB, serialise=0.29s write=0.21s rename=28.8ms)
[Epoch 8/20] step 50/2077 (1.9 it/s)
[Epoch 8/20] step 100/2077 (2.0 it/s)
[Epoch 8/20] step 150/2077 (2.0 it/s)
[Epoch 8/20] step 200/2077 (2.0 it/s)
[Epoch 8/20] step 250/2077 (2.0 it/s)
[Epoch 8/20] step 300/2077 (2.1 it/s)
[Epoch 8/20] step 350/2077 (2.1 it/s)
[Epoch 8/20] step 400/2077 (2.1 it/s)
[Epoch 8/20] step 450/2077 (2.1 it/s)
[Epoch 8/20] step 500/2077 (2.1 it/s)
[Epoch 8/20] step 550/2077 (2.1 it/s)
[Epoch 8/20] step 600/2077 (2.1 it/s)
[Epoch 8/20] step 650/2077 (2.1 it/s)
[Epoch 8/20] step 700/2077 (2.1 it/s)
[Epoch 8/20] step 750/2077 (2.1 it/s)
[Epoch 8/20] step 800/2077 (2.1 it/s)
[Epoch 8/20] step 850/2077 (2.1 it/s)
[Epoch 8/20] step 900/2077 (2.1 it/s)
[Epoch 8/20] step 950/2077 (2.1 it/s)
[Epoch 8/20] step 1000/2077 (2.1 it/s)
[Epoch 8/20] step 1050/2077 (2.1 it/s)
[Epoch 8/20] step 1100/2077 (2.1 it/s)
[Epoch 8/20] step 1150/2077 (2.1 it/s)
[Epoch 8/20] step 1200/2077 (2.1 it/s)
[Epoch 8/20] step 1250/2077 (2.1 it/s)
[Epoch 8/20] step 1300/2077 (2.1 it/s)
[Epoch 8/20] step 1350/2077 (2.1 it/s)
[Epoch 8/20] step 1400/2077 (2.1 it/s)
[Epoch 8/20] step 1450/2077 (2.1 it/s)
[Epoch 8/20] step 1500/2077 (2.1 it/s)
[Epoch 8/20] step 1550/2077 (2.1 it/s)
[Epoch 8/20] step 1600/2077 (2.1 it/s)
[Epoch 8/20] step 1650/2077 (2.1 it/s)
[Epoch 8/20] step 1700/2077 (2.1 it/s)
[Epoch 8/20] step 1750/2077 (2.1 it/s)
[Epoch 8/20] step 1800/2077 (2.1 it/s)
[Epoch 8/20] step 1850/2077 (2.1 it/s)
[Epoch 8/20] step 1900/2077 (2.1 it/s)
[Epoch 8/20] step 1950/2077 (2.1 it/s)
[Epoch 8/20] step 2000/2077 (2.1 it/s)
[Epoch 8/20] step 2050/2077 (2.1 it/s)
01:02:30 | INFO  | trainer_inf~| \n+----------------------------+------------------------+
|           Metric           |         Value          |
+----------------------------+------------------------+
|          [0;34;40mfit/loss[0m          |   [0;32;40m0.0979883074760437[0m   |
|       [0;34;40mfit/pred_loss[0m        |  [0;32;40m0.013027366250753403[0m  |
|      [0;34;40mfit/sigreg_loss[0m       |       [0;32;40m0.9453125[0m        |
|    [0;34;40mhardware/cpu_percent[0m    |   [0;32;40m32.29999923706055[0m    |
|  [0;34;40mhardware/disk_read_mb_s[0m   |  [0;32;40m0.019133467227220535[0m  |
|  [0;34;40mhardware/disk_write_mb_s[0m  |   [0;32;40m25.962554931640625[0m   |
|   [0;34;40mhardware/net_recv_mb_s[0m   |   [0;32;40m44.503238677978516[0m   |
|   [0;34;40mhardware/net_sent_mb_s[0m   |   [0;32;40m0.4303439259529114[0m   |
|    [0;34;40mhardware/ram_used_gb[0m    |   [0;32;40m198.29208374023438[0m   |
|   [0;34;40mhardware/ram_used_pct[0m    |   [0;32;40m19.700000762939453[0m   |
|    [0;34;40mhparams/lr_default_0[0m    | [0;32;40m2.9340786568354815e-05[0m |
|       [0;34;40mvalidate/loss[0m        |  [0;32;40m0.16867220401763916[0m   |
|    [0;34;40mvalidate/loss_epoch[0m     |  [0;32;40m0.16867220401763916[0m   |
|     [0;34;40mvalidate/pred_loss[0m     |  [0;32;40m0.019379114732146263[0m  |
|  [0;34;40mvalidate/pred_loss_epoch[0m  |  [0;32;40m0.019379114732146263[0m  |
|    [0;34;40mvalidate/sigreg_loss[0m    |   [0;32;40m1.6584861278533936[0m   |
| [0;34;40mvalidate/sigreg_loss_epoch[0m |   [0;32;40m1.6584861278533936[0m   |
+----------------------------+------------------------+
[Epoch 8/20] done in 1033.2s
01:02:30 | INFO  | checkpoint_~|   Checking for non PyTorch modules to save
01:02:30 | INFO  | atomic_chec~| [atomic_save] → /data1/likun-share/junjxu/.cache_stable-pretraining/runs/20260713/222936/1149693e2b17/checkpoints/epoch=8-step=18693.ckpt
01:02:31 | INFO  | atomic_chec~| [atomic_save] ✓ epoch=8-step=18693.ckpt saved (206.8 MiB, serialise=0.29s write=0.23s rename=0.1ms)
01:02:31 | INFO  | checkpoint_~|   Checking for non PyTorch modules to save
01:02:31 | INFO  | atomic_chec~| [atomic_save] → /data1/likun-share/junjxu/.cache_stable-pretraining/runs/20260713/222936/1149693e2b17/checkpoints/last.ckpt
01:02:31 | INFO  | atomic_chec~| [atomic_save] ✓ last.ckpt saved (206.8 MiB, serialise=0.30s write=0.23s rename=28.9ms)
[Epoch 9/20] step 50/2077 (1.9 it/s)
[Epoch 9/20] step 100/2077 (2.0 it/s)
[Epoch 9/20] step 150/2077 (2.1 it/s)
[Epoch 9/20] step 200/2077 (2.1 it/s)
[Epoch 9/20] step 250/2077 (2.1 it/s)
[Epoch 9/20] step 300/2077 (2.1 it/s)
[Epoch 9/20] step 350/2077 (2.1 it/s)
[Epoch 9/20] step 400/2077 (2.1 it/s)
[Epoch 9/20] step 450/2077 (2.1 it/s)
[Epoch 9/20] step 500/2077 (2.1 it/s)
[Epoch 9/20] step 550/2077 (2.1 it/s)
[Epoch 9/20] step 600/2077 (2.1 it/s)
[Epoch 9/20] step 650/2077 (2.1 it/s)
[Epoch 9/20] step 700/2077 (2.1 it/s)
[Epoch 9/20] step 750/2077 (2.1 it/s)
[Epoch 9/20] step 800/2077 (2.1 it/s)
[Epoch 9/20] step 850/2077 (2.1 it/s)
[Epoch 9/20] step 900/2077 (2.1 it/s)
[Epoch 9/20] step 950/2077 (2.0 it/s)
[Epoch 9/20] step 1000/2077 (2.0 it/s)
[Epoch 9/20] step 1050/2077 (2.0 it/s)
[Epoch 9/20] step 1100/2077 (2.0 it/s)
[Epoch 9/20] step 1150/2077 (2.0 it/s)
[Epoch 9/20] step 1200/2077 (2.0 it/s)
[Epoch 9/20] step 1250/2077 (2.0 it/s)
[Epoch 9/20] step 1300/2077 (2.0 it/s)
[Epoch 9/20] step 1350/2077 (2.0 it/s)
[Epoch 9/20] step 1400/2077 (2.1 it/s)
[Epoch 9/20] step 1450/2077 (2.1 it/s)
[Epoch 9/20] step 1500/2077 (2.1 it/s)
[Epoch 9/20] step 1550/2077 (2.1 it/s)
[Epoch 9/20] step 1600/2077 (2.1 it/s)
[Epoch 9/20] step 1650/2077 (2.1 it/s)
[Epoch 9/20] step 1700/2077 (2.1 it/s)
[Epoch 9/20] step 1750/2077 (2.1 it/s)
[Epoch 9/20] step 1800/2077 (2.1 it/s)
[Epoch 9/20] step 1850/2077 (2.1 it/s)
[Epoch 9/20] step 1900/2077 (2.1 it/s)
[Epoch 9/20] step 1950/2077 (2.1 it/s)
[Epoch 9/20] step 2000/2077 (2.1 it/s)
[Epoch 9/20] step 2050/2077 (2.1 it/s)
01:20:13 | INFO  | trainer_inf~| \n+----------------------------+------------------------+
|           Metric           |         Value          |
+----------------------------+------------------------+
|          [0;34;40mfit/loss[0m          |  [0;32;40m0.09294915944337845[0m   |
|       [0;34;40mfit/pred_loss[0m        |  [0;32;40m0.007988224737346172[0m  |
|      [0;34;40mfit/sigreg_loss[0m       |       [0;32;40m0.9453125[0m        |
|    [0;34;40mhardware/cpu_percent[0m    |   [0;32;40m30.899999618530273[0m   |
|  [0;34;40mhardware/disk_read_mb_s[0m   |          [0;32;40m0.0[0m           |
|  [0;34;40mhardware/disk_write_mb_s[0m  |   [0;32;40m82.47357177734375[0m    |
|   [0;34;40mhardware/net_recv_mb_s[0m   |   [0;32;40m130.61058044433594[0m   |
|   [0;34;40mhardware/net_sent_mb_s[0m   |   [0;32;40m13.286149024963379[0m   |
|    [0;34;40mhardware/ram_used_gb[0m    |   [0;32;40m211.0836181640625[0m    |
|   [0;34;40mhardware/ram_used_pct[0m    |          [0;32;40m21.0[0m          |
|    [0;34;40mhparams/lr_default_0[0m    | [0;32;40m2.5396262572030537e-05[0m |
|       [0;34;40mvalidate/loss[0m        |  [0;32;40m0.16929785907268524[0m   |
|    [0;34;40mvalidate/loss_epoch[0m     |  [0;32;40m0.16929785907268524[0m   |
|     [0;34;40mvalidate/pred_loss[0m     |  [0;32;40m0.01788107119500637[0m   |
|  [0;34;40mvalidate/pred_loss_epoch[0m  |  [0;32;40m0.01788107119500637[0m   |
|    [0;34;40mvalidate/sigreg_loss[0m    |   [0;32;40m1.6822916269302368[0m   |
| [0;34;40mvalidate/sigreg_loss_epoch[0m |   [0;32;40m1.6822916269302368[0m   |
+----------------------------+------------------------+
[Epoch 9/20] done in 1061.9s
01:20:13 | INFO  | checkpoint_~|   Checking for non PyTorch modules to save
01:20:13 | INFO  | atomic_chec~| [atomic_save] → /data1/likun-share/junjxu/.cache_stable-pretraining/runs/20260713/222936/1149693e2b17/checkpoints/epoch=9-step=20770.ckpt
01:20:14 | INFO  | atomic_chec~| [atomic_save] ✓ epoch=9-step=20770.ckpt saved (206.8 MiB, serialise=0.26s write=0.21s rename=0.1ms)
01:20:14 | INFO  | checkpoint_~|   Checking for non PyTorch modules to save
01:20:14 | INFO  | atomic_chec~| [atomic_save] → /data1/likun-share/junjxu/.cache_stable-pretraining/runs/20260713/222936/1149693e2b17/checkpoints/last.ckpt
01:20:14 | INFO  | atomic_chec~| [atomic_save] ✓ last.ckpt saved (206.8 MiB, serialise=0.26s write=0.22s rename=28.4ms)
[Epoch 10/20] step 50/2077 (1.9 it/s)
[Epoch 10/20] step 100/2077 (2.0 it/s)
[Epoch 10/20] step 150/2077 (2.0 it/s)
[Epoch 10/20] step 200/2077 (2.0 it/s)
[Epoch 10/20] step 250/2077 (2.0 it/s)
[Epoch 10/20] step 300/2077 (2.1 it/s)
[Epoch 10/20] step 350/2077 (2.1 it/s)
[Epoch 10/20] step 400/2077 (2.1 it/s)
[Epoch 10/20] step 450/2077 (2.1 it/s)
[Epoch 10/20] step 500/2077 (2.1 it/s)
[Epoch 10/20] step 550/2077 (2.1 it/s)
[Epoch 10/20] step 600/2077 (2.1 it/s)
[Epoch 10/20] step 650/2077 (2.1 it/s)
[Epoch 10/20] step 700/2077 (2.1 it/s)
[Epoch 10/20] step 750/2077 (2.1 it/s)
[Epoch 10/20] step 800/2077 (2.1 it/s)
[Epoch 10/20] step 850/2077 (2.1 it/s)
[Epoch 10/20] step 900/2077 (2.1 it/s)
[Epoch 10/20] step 950/2077 (2.1 it/s)
[Epoch 10/20] step 1000/2077 (2.1 it/s)
[Epoch 10/20] step 1050/2077 (2.1 it/s)
[Epoch 10/20] step 1100/2077 (2.1 it/s)
[Epoch 10/20] step 1150/2077 (2.1 it/s)
[Epoch 10/20] step 1200/2077 (2.1 it/s)
[Epoch 10/20] step 1250/2077 (2.1 it/s)
[Epoch 10/20] step 1300/2077 (2.1 it/s)
[Epoch 10/20] step 1350/2077 (2.1 it/s)
[Epoch 10/20] step 1400/2077 (2.1 it/s)
[Epoch 10/20] step 1450/2077 (2.1 it/s)
[Epoch 10/20] step 1500/2077 (2.1 it/s)
[Epoch 10/20] step 1550/2077 (2.1 it/s)
[Epoch 10/20] step 1600/2077 (2.1 it/s)
[Epoch 10/20] step 1650/2077 (2.1 it/s)
[Epoch 10/20] step 1700/2077 (2.1 it/s)
[Epoch 10/20] step 1750/2077 (2.1 it/s)
[Epoch 10/20] step 1800/2077 (2.1 it/s)
[Epoch 10/20] step 1850/2077 (2.1 it/s)
[Epoch 10/20] step 1900/2077 (2.1 it/s)
[Epoch 10/20] step 1950/2077 (2.1 it/s)
[Epoch 10/20] step 2000/2077 (2.1 it/s)
[Epoch 10/20] step 2050/2077 (2.1 it/s)
01:37:48 | INFO  | trainer_inf~| \n+----------------------------+------------------------+
|           Metric           |         Value          |
+----------------------------+------------------------+
|          [0;34;40mfit/loss[0m          |  [0;32;40m0.09291587769985199[0m   |
|       [0;34;40mfit/pred_loss[0m        |  [0;32;40m0.006978381425142288[0m  |
|      [0;34;40mfit/sigreg_loss[0m       |       [0;32;40m0.95703125[0m       |
|    [0;34;40mhardware/cpu_percent[0m    |   [0;32;40m27.200000762939453[0m   |
|  [0;34;40mhardware/disk_read_mb_s[0m   |          [0;32;40m0.0[0m           |
|  [0;34;40mhardware/disk_write_mb_s[0m  |   [0;32;40m60.923580169677734[0m   |
|   [0;34;40mhardware/net_recv_mb_s[0m   |   [0;32;40m119.2397232055664[0m    |
|   [0;34;40mhardware/net_sent_mb_s[0m   |   [0;32;40m1.5388579368591309[0m   |
|    [0;34;40mhardware/ram_used_gb[0m    |   [0;32;40m206.9935302734375[0m    |
|   [0;34;40mhardware/ram_used_pct[0m    |          [0;32;40m20.5[0m          |
|    [0;34;40mhparams/lr_default_0[0m    | [0;32;40m2.1441785065690055e-05[0m |
|       [0;34;40mvalidate/loss[0m        |  [0;32;40m0.16817627847194672[0m   |
|    [0;34;40mvalidate/loss_epoch[0m     |  [0;32;40m0.16817627847194672[0m   |
|     [0;34;40mvalidate/pred_loss[0m     |  [0;32;40m0.020741280168294907[0m  |
|  [0;34;40mvalidate/pred_loss_epoch[0m  |  [0;32;40m0.020741280168294907[0m  |
|    [0;34;40mvalidate/sigreg_loss[0m    |   [0;32;40m1.6382112503051758[0m   |
| [0;34;40mvalidate/sigreg_loss_epoch[0m |   [0;32;40m1.6382112503051758[0m   |
+----------------------------+------------------------+
[Epoch 10/20] done in 1054.0s
01:37:48 | INFO  | checkpoint_~|   Checking for non PyTorch modules to save
01:37:48 | INFO  | atomic_chec~| [atomic_save] → /data1/likun-share/junjxu/.cache_stable-pretraining/runs/20260713/222936/1149693e2b17/checkpoints/epoch=10-step=22847.ckpt
01:37:49 | INFO  | atomic_chec~| [atomic_save] ✓ epoch=10-step=22847.ckpt saved (206.8 MiB, serialise=0.27s write=0.22s rename=0.1ms)
01:37:49 | INFO  | checkpoint_~|   Checking for non PyTorch modules to save
01:37:49 | INFO  | atomic_chec~| [atomic_save] → /data1/likun-share/junjxu/.cache_stable-pretraining/runs/20260713/222936/1149693e2b17/checkpoints/last.ckpt
01:37:49 | INFO  | atomic_chec~| [atomic_save] ✓ last.ckpt saved (206.8 MiB, serialise=0.28s write=0.23s rename=29.9ms)
[Epoch 11/20] step 50/2077 (2.0 it/s)
[Epoch 11/20] step 100/2077 (2.1 it/s)
[Epoch 11/20] step 150/2077 (2.1 it/s)
[Epoch 11/20] step 200/2077 (2.1 it/s)
[Epoch 11/20] step 250/2077 (2.1 it/s)
[Epoch 11/20] step 300/2077 (2.0 it/s)
[Epoch 11/20] step 350/2077 (2.1 it/s)
[Epoch 11/20] step 400/2077 (2.1 it/s)
[Epoch 11/20] step 450/2077 (2.1 it/s)
[Epoch 11/20] step 500/2077 (2.1 it/s)
[Epoch 11/20] step 550/2077 (2.1 it/s)
[Epoch 11/20] step 600/2077 (2.1 it/s)
[Epoch 11/20] step 650/2077 (2.1 it/s)
[Epoch 11/20] step 700/2077 (2.1 it/s)
[Epoch 11/20] step 750/2077 (2.1 it/s)
[Epoch 11/20] step 800/2077 (2.1 it/s)
[Epoch 11/20] step 850/2077 (2.1 it/s)
[Epoch 11/20] step 900/2077 (2.1 it/s)
[Epoch 11/20] step 950/2077 (2.1 it/s)
[Epoch 11/20] step 1000/2077 (2.1 it/s)
[Epoch 11/20] step 1050/2077 (2.1 it/s)
[Epoch 11/20] step 1100/2077 (2.1 it/s)
[Epoch 11/20] step 1150/2077 (2.1 it/s)
[Epoch 11/20] step 1200/2077 (2.1 it/s)
[Epoch 11/20] step 1250/2077 (2.1 it/s)
[Epoch 11/20] step 1300/2077 (2.1 it/s)
[Epoch 11/20] step 1350/2077 (2.1 it/s)
[Epoch 11/20] step 1400/2077 (2.1 it/s)
[Epoch 11/20] step 1450/2077 (2.1 it/s)
[Epoch 11/20] step 1500/2077 (2.1 it/s)
[Epoch 11/20] step 1550/2077 (2.1 it/s)
[Epoch 11/20] step 1600/2077 (2.1 it/s)
[Epoch 11/20] step 1650/2077 (2.1 it/s)
[Epoch 11/20] step 1700/2077 (2.1 it/s)
[Epoch 11/20] step 1750/2077 (2.1 it/s)
[Epoch 11/20] step 1800/2077 (2.1 it/s)
[Epoch 11/20] step 1850/2077 (2.1 it/s)
[Epoch 11/20] step 1900/2077 (2.1 it/s)
[Epoch 11/20] step 1950/2077 (2.1 it/s)
[Epoch 11/20] step 2000/2077 (2.1 it/s)
[Epoch 11/20] step 2050/2077 (2.1 it/s)
01:55:26 | INFO  | trainer_inf~| \n+----------------------------+------------------------+
|           Metric           |         Value          |
+----------------------------+------------------------+
|          [0;34;40mfit/loss[0m          |  [0;32;40m0.08164426684379578[0m   |
|       [0;34;40mfit/pred_loss[0m        |  [0;32;40m0.008402076549828053[0m  |
|      [0;34;40mfit/sigreg_loss[0m       |       [0;32;40m0.81640625[0m       |
|    [0;34;40mhardware/cpu_percent[0m    |   [0;32;40m30.799999237060547[0m   |
|  [0;34;40mhardware/disk_read_mb_s[0m   |   [0;32;40m6.886949062347412[0m    |
|  [0;34;40mhardware/disk_write_mb_s[0m  |   [0;32;40m73.32320404052734[0m    |
|   [0;34;40mhardware/net_recv_mb_s[0m   |   [0;32;40m118.7730712890625[0m    |
|   [0;34;40mhardware/net_sent_mb_s[0m   |   [0;32;40m1.606109857559204[0m    |
|    [0;34;40mhardware/ram_used_gb[0m    |   [0;32;40m200.85592651367188[0m   |
|   [0;34;40mhardware/ram_used_pct[0m    |   [0;32;40m19.899999618530273[0m   |
|    [0;34;40mhparams/lr_default_0[0m    | [0;32;40m1.7576696336618625e-05[0m |
|       [0;34;40mvalidate/loss[0m        |  [0;32;40m0.16318334639072418[0m   |
|    [0;34;40mvalidate/loss_epoch[0m     |  [0;32;40m0.16318334639072418[0m   |
|     [0;34;40mvalidate/pred_loss[0m     |  [0;32;40m0.016340788453817368[0m  |
|  [0;34;40mvalidate/pred_loss_epoch[0m  |  [0;32;40m0.016340788453817368[0m  |
|    [0;34;40mvalidate/sigreg_loss[0m    |   [0;32;40m1.6318415403366089[0m   |
| [0;34;40mvalidate/sigreg_loss_epoch[0m |   [0;32;40m1.6318415403366089[0m   |
+----------------------------+------------------------+
[Epoch 11/20] done in 1057.2s
01:55:26 | INFO  | checkpoint_~|   Checking for non PyTorch modules to save
01:55:26 | INFO  | atomic_chec~| [atomic_save] → /data1/likun-share/junjxu/.cache_stable-pretraining/runs/20260713/222936/1149693e2b17/checkpoints/epoch=11-step=24924.ckpt
01:55:27 | INFO  | atomic_chec~| [atomic_save] ✓ epoch=11-step=24924.ckpt saved (206.8 MiB, serialise=0.29s write=0.22s rename=0.0ms)
01:55:27 | INFO  | checkpoint_~|   Checking for non PyTorch modules to save
01:55:27 | INFO  | atomic_chec~| [atomic_save] → /data1/likun-share/junjxu/.cache_stable-pretraining/runs/20260713/222936/1149693e2b17/checkpoints/last.ckpt
01:55:28 | INFO  | atomic_chec~| [atomic_save] ✓ last.ckpt saved (206.8 MiB, serialise=0.28s write=0.21s rename=26.9ms)
[Epoch 12/20] step 50/2077 (1.9 it/s)
[Epoch 12/20] step 100/2077 (2.0 it/s)
[Epoch 12/20] step 150/2077 (2.1 it/s)
[Epoch 12/20] step 200/2077 (2.1 it/s)
[Epoch 12/20] step 250/2077 (2.1 it/s)
[Epoch 12/20] step 300/2077 (2.1 it/s)
[Epoch 12/20] step 350/2077 (2.1 it/s)
[Epoch 12/20] step 400/2077 (2.1 it/s)
[Epoch 12/20] step 450/2077 (2.1 it/s)
[Epoch 12/20] step 500/2077 (2.1 it/s)
[Epoch 12/20] step 550/2077 (2.1 it/s)
[Epoch 12/20] step 600/2077 (2.1 it/s)
[Epoch 12/20] step 650/2077 (2.1 it/s)
[Epoch 12/20] step 700/2077 (2.1 it/s)
[Epoch 12/20] step 750/2077 (2.1 it/s)
[Epoch 12/20] step 800/2077 (2.1 it/s)
[Epoch 12/20] step 850/2077 (2.1 it/s)
[Epoch 12/20] step 900/2077 (2.1 it/s)
[Epoch 12/20] step 950/2077 (2.1 it/s)
[Epoch 12/20] step 1000/2077 (2.1 it/s)
[Epoch 12/20] step 1050/2077 (2.1 it/s)
[Epoch 12/20] step 1100/2077 (2.1 it/s)
[Epoch 12/20] step 1150/2077 (2.1 it/s)
[Epoch 12/20] step 1200/2077 (2.1 it/s)
[Epoch 12/20] step 1250/2077 (2.1 it/s)
[Epoch 12/20] step 1300/2077 (2.1 it/s)
[Epoch 12/20] step 1350/2077 (2.1 it/s)
[Epoch 12/20] step 1400/2077 (2.1 it/s)
[Epoch 12/20] step 1450/2077 (2.1 it/s)
[Epoch 12/20] step 1500/2077 (2.1 it/s)
[Epoch 12/20] step 1550/2077 (2.1 it/s)
[Epoch 12/20] step 1600/2077 (2.1 it/s)
[Epoch 12/20] step 1650/2077 (2.1 it/s)
[Epoch 12/20] step 1700/2077 (2.1 it/s)
[Epoch 12/20] step 1750/2077 (2.1 it/s)
[Epoch 12/20] step 1800/2077 (2.1 it/s)
[Epoch 12/20] step 1850/2077 (2.1 it/s)
[Epoch 12/20] step 1900/2077 (2.1 it/s)
[Epoch 12/20] step 1950/2077 (2.1 it/s)
[Epoch 12/20] step 2000/2077 (2.1 it/s)
[Epoch 12/20] step 2050/2077 (2.1 it/s)
02:13:05 | INFO  | trainer_inf~| \n+----------------------------+-----------------------+
|           Metric           |         Value         |
+----------------------------+-----------------------+
|          [0;34;40mfit/loss[0m          |  [0;32;40m0.09335055947303772[0m  |
|       [0;34;40mfit/pred_loss[0m        |  [0;32;40m0.011319310404360294[0m |
|      [0;34;40mfit/sigreg_loss[0m       |       [0;32;40m0.91015625[0m      |
|    [0;34;40mhardware/cpu_percent[0m    |   [0;32;40m27.299999237060547[0m  |
|  [0;34;40mhardware/disk_read_mb_s[0m   | [0;32;40m0.0039040036499500275[0m |
|  [0;34;40mhardware/disk_write_mb_s[0m  |   [0;32;40m479.4081115722656[0m   |
|   [0;34;40mhardware/net_recv_mb_s[0m   |   [0;32;40m119.09407806396484[0m  |
|   [0;34;40mhardware/net_sent_mb_s[0m   |   [0;32;40m1.642720103263855[0m   |
|    [0;34;40mhardware/ram_used_gb[0m    |   [0;32;40m208.35311889648438[0m  |
|   [0;34;40mhardware/ram_used_pct[0m    |   [0;32;40m20.700000762939453[0m  |
|    [0;34;40mhparams/lr_default_0[0m    | [0;32;40m1.389809312968282e-05[0m |
|       [0;34;40mvalidate/loss[0m        |  [0;32;40m0.16197620332241058[0m  |
|    [0;34;40mvalidate/loss_epoch[0m     |  [0;32;40m0.16197620332241058[0m  |
|     [0;34;40mvalidate/pred_loss[0m     |  [0;32;40m0.015751603990793228[0m |
|  [0;34;40mvalidate/pred_loss_epoch[0m  |  [0;32;40m0.015751603990793228[0m |
|    [0;34;40mvalidate/sigreg_loss[0m    |   [0;32;40m1.6248793601989746[0m  |
| [0;34;40mvalidate/sigreg_loss_epoch[0m |   [0;32;40m1.6248793601989746[0m  |
+----------------------------+-----------------------+
[Epoch 12/20] done in 1057.5s
02:13:05 | INFO  | checkpoint_~|   Checking for non PyTorch modules to save
02:13:05 | INFO  | atomic_chec~| [atomic_save] → /data1/likun-share/junjxu/.cache_stable-pretraining/runs/20260713/222936/1149693e2b17/checkpoints/epoch=12-step=27001.ckpt
02:13:06 | INFO  | atomic_chec~| [atomic_save] ✓ epoch=12-step=27001.ckpt saved (206.8 MiB, serialise=0.28s write=0.24s rename=0.0ms)
02:13:06 | INFO  | checkpoint_~|   Checking for non PyTorch modules to save
02:13:06 | INFO  | atomic_chec~| [atomic_save] → /data1/likun-share/junjxu/.cache_stable-pretraining/runs/20260713/222936/1149693e2b17/checkpoints/last.ckpt
02:13:06 | INFO  | atomic_chec~| [atomic_save] ✓ last.ckpt saved (206.8 MiB, serialise=0.30s write=0.22s rename=30.3ms)
[Epoch 13/20] step 50/2077 (1.8 it/s)
[Epoch 13/20] step 100/2077 (1.9 it/s)
[Epoch 13/20] step 150/2077 (2.0 it/s)
[Epoch 13/20] step 200/2077 (2.0 it/s)
[Epoch 13/20] step 250/2077 (2.1 it/s)
[Epoch 13/20] step 300/2077 (2.1 it/s)
[Epoch 13/20] step 350/2077 (2.1 it/s)
[Epoch 13/20] step 400/2077 (2.1 it/s)
[Epoch 13/20] step 450/2077 (2.1 it/s)
[Epoch 13/20] step 500/2077 (2.1 it/s)
[Epoch 13/20] step 550/2077 (2.1 it/s)
[Epoch 13/20] step 600/2077 (2.1 it/s)
[Epoch 13/20] step 650/2077 (2.1 it/s)
[Epoch 13/20] step 700/2077 (2.1 it/s)
[Epoch 13/20] step 750/2077 (2.1 it/s)
[Epoch 13/20] step 800/2077 (2.1 it/s)
[Epoch 13/20] step 850/2077 (2.1 it/s)
[Epoch 13/20] step 900/2077 (2.1 it/s)
[Epoch 13/20] step 950/2077 (2.1 it/s)
[Epoch 13/20] step 1000/2077 (2.1 it/s)
[Epoch 13/20] step 1050/2077 (2.2 it/s)
[Epoch 13/20] step 1100/2077 (2.2 it/s)
[Epoch 13/20] step 1150/2077 (2.2 it/s)
[Epoch 13/20] step 1200/2077 (2.2 it/s)
[Epoch 13/20] step 1250/2077 (2.2 it/s)
[Epoch 13/20] step 1300/2077 (2.2 it/s)
[Epoch 13/20] step 1350/2077 (2.2 it/s)
[Epoch 13/20] step 1400/2077 (2.2 it/s)
[Epoch 13/20] step 1450/2077 (2.2 it/s)
[Epoch 13/20] step 1500/2077 (2.2 it/s)
[Epoch 13/20] step 1550/2077 (2.2 it/s)
[Epoch 13/20] step 1600/2077 (2.2 it/s)
[Epoch 13/20] step 1650/2077 (2.2 it/s)
[Epoch 13/20] step 1700/2077 (2.2 it/s)
[Epoch 13/20] step 1750/2077 (2.2 it/s)
[Epoch 13/20] step 1800/2077 (2.2 it/s)
[Epoch 13/20] step 1850/2077 (2.2 it/s)
[Epoch 13/20] step 1900/2077 (2.2 it/s)
[Epoch 13/20] step 1950/2077 (2.2 it/s)
[Epoch 13/20] step 2000/2077 (2.2 it/s)
[Epoch 13/20] step 2050/2077 (2.2 it/s)
02:30:26 | INFO  | trainer_inf~| \n+----------------------------+------------------------+
|           Metric           |         Value          |
+----------------------------+------------------------+
|          [0;34;40mfit/loss[0m          |  [0;32;40m0.10620572417974472[0m   |
|       [0;34;40mfit/pred_loss[0m        |  [0;32;40m0.01392056979238987[0m   |
|      [0;34;40mfit/sigreg_loss[0m       |       [0;32;40m1.0234375[0m        |
|    [0;34;40mhardware/cpu_percent[0m    |   [0;32;40m30.399999618530273[0m   |
|  [0;34;40mhardware/disk_read_mb_s[0m   |          [0;32;40m0.0[0m           |
|  [0;34;40mhardware/disk_write_mb_s[0m  |   [0;32;40m48.150325775146484[0m   |
|   [0;34;40mhardware/net_recv_mb_s[0m   |   [0;32;40m118.74775695800781[0m   |
|   [0;34;40mhardware/net_sent_mb_s[0m   |   [0;32;40m1.4813672304153442[0m   |
|    [0;34;40mhardware/ram_used_gb[0m    |   [0;32;40m201.8444366455078[0m    |
|   [0;34;40mhardware/ram_used_pct[0m    |          [0;32;40m20.0[0m          |
|    [0;34;40mhparams/lr_default_0[0m    | [0;32;40m1.0498388292035088e-05[0m |
|       [0;34;40mvalidate/loss[0m        |  [0;32;40m0.16769447922706604[0m   |
|    [0;34;40mvalidate/loss_epoch[0m     |  [0;32;40m0.16769447922706604[0m   |
|     [0;34;40mvalidate/pred_loss[0m     |  [0;32;40m0.01731082610785961[0m   |
|  [0;34;40mvalidate/pred_loss_epoch[0m  |  [0;32;40m0.01731082610785961[0m   |
|    [0;34;40mvalidate/sigreg_loss[0m    |   [0;32;40m1.6710457801818848[0m   |
| [0;34;40mvalidate/sigreg_loss_epoch[0m |   [0;32;40m1.6710457801818848[0m   |
+----------------------------+------------------------+
[Epoch 13/20] done in 1039.8s
02:30:26 | INFO  | checkpoint_~|   Checking for non PyTorch modules to save
02:30:26 | INFO  | atomic_chec~| [atomic_save] → /data1/likun-share/junjxu/.cache_stable-pretraining/runs/20260713/222936/1149693e2b17/checkpoints/epoch=13-step=29078.ckpt
02:30:27 | INFO  | atomic_chec~| [atomic_save] ✓ epoch=13-step=29078.ckpt saved (206.8 MiB, serialise=0.35s write=0.28s rename=0.0ms)
02:30:27 | INFO  | checkpoint_~|   Checking for non PyTorch modules to save
02:30:27 | INFO  | atomic_chec~| [atomic_save] → /data1/likun-share/junjxu/.cache_stable-pretraining/runs/20260713/222936/1149693e2b17/checkpoints/last.ckpt
02:30:27 | INFO  | atomic_chec~| [atomic_save] ✓ last.ckpt saved (206.8 MiB, serialise=0.33s write=0.29s rename=30.4ms)
[Epoch 14/20] step 50/2077 (1.9 it/s)
[Epoch 14/20] step 100/2077 (2.0 it/s)
[Epoch 14/20] step 150/2077 (2.1 it/s)
[Epoch 14/20] step 200/2077 (2.1 it/s)
[Epoch 14/20] step 250/2077 (2.1 it/s)
[Epoch 14/20] step 300/2077 (2.1 it/s)
[Epoch 14/20] step 350/2077 (2.1 it/s)
[Epoch 14/20] step 400/2077 (2.1 it/s)
[Epoch 14/20] step 450/2077 (2.2 it/s)
[Epoch 14/20] step 500/2077 (2.2 it/s)
[Epoch 14/20] step 550/2077 (2.2 it/s)
[Epoch 14/20] step 600/2077 (2.2 it/s)
[Epoch 14/20] step 650/2077 (2.2 it/s)
[Epoch 14/20] step 700/2077 (2.2 it/s)
[Epoch 14/20] step 750/2077 (2.2 it/s)
[Epoch 14/20] step 800/2077 (2.2 it/s)
[Epoch 14/20] step 850/2077 (2.2 it/s)
[Epoch 14/20] step 900/2077 (2.2 it/s)
[Epoch 14/20] step 950/2077 (2.2 it/s)
[Epoch 14/20] step 1000/2077 (2.2 it/s)
[Epoch 14/20] step 1050/2077 (2.2 it/s)
[Epoch 14/20] step 1100/2077 (2.2 it/s)
[Epoch 14/20] step 1150/2077 (2.2 it/s)
[Epoch 14/20] step 1200/2077 (2.2 it/s)
[Epoch 14/20] step 1250/2077 (2.2 it/s)
[Epoch 14/20] step 1300/2077 (2.2 it/s)
[Epoch 14/20] step 1350/2077 (2.2 it/s)
[Epoch 14/20] step 1400/2077 (2.2 it/s)
[Epoch 14/20] step 1450/2077 (2.2 it/s)
[Epoch 14/20] step 1500/2077 (2.2 it/s)
[Epoch 14/20] step 1550/2077 (2.2 it/s)
[Epoch 14/20] step 1600/2077 (2.2 it/s)
[Epoch 14/20] step 1650/2077 (2.2 it/s)
[Epoch 14/20] step 1700/2077 (2.2 it/s)
[Epoch 14/20] step 1750/2077 (2.2 it/s)
[Epoch 14/20] step 1800/2077 (2.2 it/s)
[Epoch 14/20] step 1850/2077 (2.2 it/s)
[Epoch 14/20] step 1900/2077 (2.2 it/s)
[Epoch 14/20] step 1950/2077 (2.2 it/s)
[Epoch 14/20] step 2000/2077 (2.2 it/s)
[Epoch 14/20] step 2050/2077 (2.2 it/s)
02:47:23 | INFO  | trainer_inf~| \n+----------------------------+-----------------------+
|           Metric           |         Value         |
+----------------------------+-----------------------+
|          [0;34;40mfit/loss[0m          |  [0;32;40m0.10130780190229416[0m  |
|       [0;34;40mfit/pred_loss[0m        |  [0;32;40m0.011952332220971584[0m |
|      [0;34;40mfit/sigreg_loss[0m       |       [0;32;40m0.9921875[0m       |
|    [0;34;40mhardware/cpu_percent[0m    |   [0;32;40m33.20000076293945[0m   |
|  [0;34;40mhardware/disk_read_mb_s[0m   |          [0;32;40m0.0[0m          |
|  [0;34;40mhardware/disk_write_mb_s[0m  |   [0;32;40m42.68768310546875[0m   |
|   [0;34;40mhardware/net_recv_mb_s[0m   |  [0;32;40m0.007698483299463987[0m |
|   [0;34;40mhardware/net_sent_mb_s[0m   |  [0;32;40m0.04481923207640648[0m  |
|    [0;34;40mhardware/ram_used_gb[0m    |   [0;32;40m213.46591186523438[0m  |
|   [0;34;40mhardware/ram_used_pct[0m    |   [0;32;40m21.200000762939453[0m  |
|    [0;34;40mhparams/lr_default_0[0m    | [0;32;40m7.462990197382169e-06[0m |
|       [0;34;40mvalidate/loss[0m        |  [0;32;40m0.16669853031635284[0m  |
|    [0;34;40mvalidate/loss_epoch[0m     |  [0;32;40m0.16669853031635284[0m  |
|     [0;34;40mvalidate/pred_loss[0m     |  [0;32;40m0.019230203703045845[0m |
|  [0;34;40mvalidate/pred_loss_epoch[0m  |  [0;32;40m0.019230203703045845[0m |
|    [0;34;40mvalidate/sigreg_loss[0m    |   [0;32;40m1.6385053396224976[0m  |
| [0;34;40mvalidate/sigreg_loss_epoch[0m |   [0;32;40m1.6385053396224976[0m  |
+----------------------------+-----------------------+
[Epoch 14/20] done in 1015.9s
02:47:23 | INFO  | checkpoint_~|   Checking for non PyTorch modules to save
02:47:23 | INFO  | atomic_chec~| [atomic_save] → /data1/likun-share/junjxu/.cache_stable-pretraining/runs/20260713/222936/1149693e2b17/checkpoints/epoch=14-step=31155.ckpt
02:47:24 | INFO  | atomic_chec~| [atomic_save] ✓ epoch=14-step=31155.ckpt saved (206.8 MiB, serialise=0.38s write=0.27s rename=0.0ms)
02:47:24 | INFO  | checkpoint_~|   Checking for non PyTorch modules to save
02:47:24 | INFO  | atomic_chec~| [atomic_save] → /data1/likun-share/junjxu/.cache_stable-pretraining/runs/20260713/222936/1149693e2b17/checkpoints/last.ckpt
02:47:25 | INFO  | atomic_chec~| [atomic_save] ✓ last.ckpt saved (206.8 MiB, serialise=0.34s write=0.27s rename=35.9ms)
[Epoch 15/20] step 50/2077 (1.9 it/s)
[Epoch 15/20] step 100/2077 (2.1 it/s)
[Epoch 15/20] step 150/2077 (2.1 it/s)
[Epoch 15/20] step 200/2077 (2.1 it/s)
[Epoch 15/20] step 250/2077 (2.2 it/s)
[Epoch 15/20] step 300/2077 (2.2 it/s)
[Epoch 15/20] step 350/2077 (2.2 it/s)
[Epoch 15/20] step 400/2077 (2.2 it/s)
[Epoch 15/20] step 450/2077 (2.2 it/s)
[Epoch 15/20] step 500/2077 (2.2 it/s)
[Epoch 15/20] step 550/2077 (2.2 it/s)
[Epoch 15/20] step 600/2077 (2.2 it/s)
[Epoch 15/20] step 650/2077 (2.2 it/s)
[Epoch 15/20] step 700/2077 (2.2 it/s)
[Epoch 15/20] step 750/2077 (2.2 it/s)
[Epoch 15/20] step 800/2077 (2.2 it/s)
[Epoch 15/20] step 850/2077 (2.2 it/s)
[Epoch 15/20] step 900/2077 (2.2 it/s)
[Epoch 15/20] step 950/2077 (2.2 it/s)
[Epoch 15/20] step 1000/2077 (2.2 it/s)
[Epoch 15/20] step 1050/2077 (2.2 it/s)
[Epoch 15/20] step 1100/2077 (2.2 it/s)
[Epoch 15/20] step 1150/2077 (2.2 it/s)
[Epoch 15/20] step 1200/2077 (2.2 it/s)
[Epoch 15/20] step 1250/2077 (2.2 it/s)
[Epoch 15/20] step 1300/2077 (2.2 it/s)
[Epoch 15/20] step 1350/2077 (2.2 it/s)
[Epoch 15/20] step 1400/2077 (2.2 it/s)
[Epoch 15/20] step 1450/2077 (2.2 it/s)
[Epoch 15/20] step 1500/2077 (2.2 it/s)
[Epoch 15/20] step 1550/2077 (2.2 it/s)
[Epoch 15/20] step 1600/2077 (2.2 it/s)
[Epoch 15/20] step 1650/2077 (2.2 it/s)
[Epoch 15/20] step 1700/2077 (2.2 it/s)
[Epoch 15/20] step 1750/2077 (2.2 it/s)
[Epoch 15/20] step 1800/2077 (2.2 it/s)
[Epoch 15/20] step 1850/2077 (2.2 it/s)
[Epoch 15/20] step 1900/2077 (2.2 it/s)
[Epoch 15/20] step 1950/2077 (2.2 it/s)
[Epoch 15/20] step 2000/2077 (2.2 it/s)
[Epoch 15/20] step 2050/2077 (2.2 it/s)
03:04:21 | INFO  | trainer_inf~| \n+----------------------------+-----------------------+
|           Metric           |         Value         |
+----------------------------+-----------------------+
|          [0;34;40mfit/loss[0m          |  [0;32;40m0.09085593372583389[0m  |
|       [0;34;40mfit/pred_loss[0m        |  [0;32;40m0.009801247157156467[0m |
|      [0;34;40mfit/sigreg_loss[0m       |       [0;32;40m0.8984375[0m       |
|    [0;34;40mhardware/cpu_percent[0m    |   [0;32;40m26.700000762939453[0m  |
|  [0;34;40mhardware/disk_read_mb_s[0m   |          [0;32;40m0.0[0m          |
|  [0;34;40mhardware/disk_write_mb_s[0m  |   [0;32;40m42.82959747314453[0m   |
|   [0;34;40mhardware/net_recv_mb_s[0m   |  [0;32;40m0.008796514943242073[0m |
|   [0;34;40mhardware/net_sent_mb_s[0m   |  [0;32;40m0.04438227787613869[0m  |
|    [0;34;40mhardware/ram_used_gb[0m    |   [0;32;40m205.47242736816406[0m  |
|   [0;34;40mhardware/ram_used_pct[0m    |   [0;32;40m20.399999618530273[0m  |
|    [0;34;40mhparams/lr_default_0[0m    | [0;32;40m4.868152245762758e-06[0m |
|       [0;34;40mvalidate/loss[0m        |   [0;32;40m0.1685427725315094[0m  |
|    [0;34;40mvalidate/loss_epoch[0m     |   [0;32;40m0.1685427725315094[0m  |
|     [0;34;40mvalidate/pred_loss[0m     |  [0;32;40m0.017265936359763145[0m |
|  [0;34;40mvalidate/pred_loss_epoch[0m  |  [0;32;40m0.017265936359763145[0m |
|    [0;34;40mvalidate/sigreg_loss[0m    |   [0;32;40m1.6812487840652466[0m  |
| [0;34;40mvalidate/sigreg_loss_epoch[0m |   [0;32;40m1.6812487840652466[0m  |
+----------------------------+-----------------------+
[Epoch 15/20] done in 1016.8s
03:04:21 | INFO  | checkpoint_~|   Checking for non PyTorch modules to save
03:04:21 | INFO  | atomic_chec~| [atomic_save] → /data1/likun-share/junjxu/.cache_stable-pretraining/runs/20260713/222936/1149693e2b17/checkpoints/epoch=15-step=33232.ckpt
03:04:22 | INFO  | atomic_chec~| [atomic_save] ✓ epoch=15-step=33232.ckpt saved (206.8 MiB, serialise=0.43s write=0.29s rename=0.1ms)
03:04:22 | INFO  | checkpoint_~|   Checking for non PyTorch modules to save
03:04:22 | INFO  | atomic_chec~| [atomic_save] → /data1/likun-share/junjxu/.cache_stable-pretraining/runs/20260713/222936/1149693e2b17/checkpoints/last.ckpt
03:04:23 | INFO  | atomic_chec~| [atomic_save] ✓ last.ckpt saved (206.8 MiB, serialise=0.37s write=0.30s rename=34.7ms)
[Epoch 16/20] step 50/2077 (2.0 it/s)
[Epoch 16/20] step 100/2077 (2.1 it/s)
[Epoch 16/20] step 150/2077 (2.1 it/s)
[Epoch 16/20] step 200/2077 (2.1 it/s)
[Epoch 16/20] step 250/2077 (2.2 it/s)
[Epoch 16/20] step 300/2077 (2.2 it/s)
[Epoch 16/20] step 350/2077 (2.2 it/s)
[Epoch 16/20] step 400/2077 (2.2 it/s)
[Epoch 16/20] step 450/2077 (2.2 it/s)
[Epoch 16/20] step 500/2077 (2.2 it/s)
[Epoch 16/20] step 550/2077 (2.2 it/s)
[Epoch 16/20] step 600/2077 (2.2 it/s)
[Epoch 16/20] step 650/2077 (2.2 it/s)
[Epoch 16/20] step 700/2077 (2.2 it/s)
[Epoch 16/20] step 750/2077 (2.2 it/s)
[Epoch 16/20] step 800/2077 (2.2 it/s)
[Epoch 16/20] step 850/2077 (2.2 it/s)
[Epoch 16/20] step 900/2077 (2.2 it/s)
[Epoch 16/20] step 950/2077 (2.2 it/s)
[Epoch 16/20] step 1000/2077 (2.2 it/s)
[Epoch 16/20] step 1050/2077 (2.2 it/s)
[Epoch 16/20] step 1100/2077 (2.2 it/s)
[Epoch 16/20] step 1150/2077 (2.2 it/s)
[Epoch 16/20] step 1200/2077 (2.2 it/s)
[Epoch 16/20] step 1250/2077 (2.2 it/s)
[Epoch 16/20] step 1300/2077 (2.2 it/s)
[Epoch 16/20] step 1350/2077 (2.2 it/s)
[Epoch 16/20] step 1400/2077 (2.2 it/s)
[Epoch 16/20] step 1450/2077 (2.2 it/s)
[Epoch 16/20] step 1500/2077 (2.2 it/s)
[Epoch 16/20] step 1550/2077 (2.2 it/s)
[Epoch 16/20] step 1600/2077 (2.2 it/s)
[Epoch 16/20] step 1650/2077 (2.2 it/s)
[Epoch 16/20] step 1700/2077 (2.2 it/s)
[Epoch 16/20] step 1750/2077 (2.2 it/s)
[Epoch 16/20] step 1800/2077 (2.2 it/s)
[Epoch 16/20] step 1850/2077 (2.2 it/s)
[Epoch 16/20] step 1900/2077 (2.2 it/s)
[Epoch 16/20] step 1950/2077 (2.2 it/s)
[Epoch 16/20] step 2000/2077 (2.2 it/s)
[Epoch 16/20] step 2050/2077 (2.2 it/s)
03:21:22 | INFO  | trainer_inf~| \n+----------------------------+------------------------+
|           Metric           |         Value          |
+----------------------------+------------------------+
|          [0;34;40mfit/loss[0m          |  [0;32;40m0.10519783198833466[0m   |
|       [0;34;40mfit/pred_loss[0m        |  [0;32;40m0.007541585713624954[0m  |
|      [0;34;40mfit/sigreg_loss[0m       |       [0;32;40m1.0859375[0m        |
|    [0;34;40mhardware/cpu_percent[0m    |   [0;32;40m29.600000381469727[0m   |
|  [0;34;40mhardware/disk_read_mb_s[0m   | [0;32;40m0.0007810934912413359[0m  |
|  [0;34;40mhardware/disk_write_mb_s[0m  |   [0;32;40m1.441117525100708[0m    |
|   [0;34;40mhardware/net_recv_mb_s[0m   |  [0;32;40m0.010656033642590046[0m  |
|   [0;34;40mhardware/net_sent_mb_s[0m   |  [0;32;40m0.04779115691781044[0m   |
|    [0;34;40mhardware/ram_used_gb[0m    |   [0;32;40m210.11441040039062[0m   |
|   [0;34;40mhardware/ram_used_pct[0m    |   [0;32;40m20.899999618530273[0m   |
|    [0;34;40mhparams/lr_default_0[0m    | [0;32;40m2.7790606509370264e-06[0m |
|       [0;34;40mvalidate/loss[0m        |   [0;32;40m0.1664617508649826[0m   |
|    [0;34;40mvalidate/loss_epoch[0m     |   [0;32;40m0.1664617508649826[0m   |
|     [0;34;40mvalidate/pred_loss[0m     |  [0;32;40m0.013509796001017094[0m  |
|  [0;34;40mvalidate/pred_loss_epoch[0m  |  [0;32;40m0.013509796001017094[0m  |
|    [0;34;40mvalidate/sigreg_loss[0m    |   [0;32;40m1.6996196508407593[0m   |
| [0;34;40mvalidate/sigreg_loss_epoch[0m |   [0;32;40m1.6996196508407593[0m   |
+----------------------------+------------------------+
[Epoch 16/20] done in 1019.2s
03:21:22 | INFO  | checkpoint_~|   Checking for non PyTorch modules to save
03:21:22 | INFO  | atomic_chec~| [atomic_save] → /data1/likun-share/junjxu/.cache_stable-pretraining/runs/20260713/222936/1149693e2b17/checkpoints/epoch=16-step=35309.ckpt
03:21:23 | INFO  | atomic_chec~| [atomic_save] ✓ epoch=16-step=35309.ckpt saved (206.8 MiB, serialise=0.34s write=0.28s rename=0.1ms)
03:21:23 | INFO  | checkpoint_~|   Checking for non PyTorch modules to save
03:21:23 | INFO  | atomic_chec~| [atomic_save] → /data1/likun-share/junjxu/.cache_stable-pretraining/runs/20260713/222936/1149693e2b17/checkpoints/last.ckpt
03:21:24 | INFO  | atomic_chec~| [atomic_save] ✓ last.ckpt saved (206.8 MiB, serialise=0.32s write=0.27s rename=48.0ms)
[Epoch 17/20] step 50/2077 (1.9 it/s)
[Epoch 17/20] step 100/2077 (2.1 it/s)
[Epoch 17/20] step 150/2077 (2.1 it/s)
[Epoch 17/20] step 200/2077 (2.1 it/s)
[Epoch 17/20] step 250/2077 (2.2 it/s)
[Epoch 17/20] step 300/2077 (2.2 it/s)
[Epoch 17/20] step 350/2077 (2.2 it/s)
[Epoch 17/20] step 400/2077 (2.2 it/s)
[Epoch 17/20] step 450/2077 (2.2 it/s)
[Epoch 17/20] step 500/2077 (2.2 it/s)
[Epoch 17/20] step 550/2077 (2.2 it/s)
[Epoch 17/20] step 600/2077 (2.2 it/s)
[Epoch 17/20] step 650/2077 (2.2 it/s)
[Epoch 17/20] step 700/2077 (2.2 it/s)
[Epoch 17/20] step 750/2077 (2.2 it/s)
[Epoch 17/20] step 800/2077 (2.2 it/s)
[Epoch 17/20] step 850/2077 (2.2 it/s)
[Epoch 17/20] step 900/2077 (2.2 it/s)
[Epoch 17/20] step 950/2077 (2.2 it/s)
[Epoch 17/20] step 1000/2077 (2.2 it/s)
[Epoch 17/20] step 1050/2077 (2.2 it/s)
[Epoch 17/20] step 1100/2077 (2.2 it/s)
[Epoch 17/20] step 1150/2077 (2.2 it/s)
[Epoch 17/20] step 1200/2077 (2.2 it/s)
[Epoch 17/20] step 1250/2077 (2.2 it/s)
[Epoch 17/20] step 1300/2077 (2.2 it/s)
[Epoch 17/20] step 1350/2077 (2.2 it/s)
[Epoch 17/20] step 1400/2077 (2.2 it/s)
[Epoch 17/20] step 1450/2077 (2.2 it/s)
[Epoch 17/20] step 1500/2077 (2.2 it/s)
[Epoch 17/20] step 1550/2077 (2.2 it/s)
[Epoch 17/20] step 1600/2077 (2.2 it/s)
[Epoch 17/20] step 1650/2077 (2.2 it/s)
[Epoch 17/20] step 1700/2077 (2.2 it/s)
[Epoch 17/20] step 1750/2077 (2.2 it/s)
[Epoch 17/20] step 1800/2077 (2.2 it/s)
[Epoch 17/20] step 1850/2077 (2.2 it/s)
[Epoch 17/20] step 1900/2077 (2.2 it/s)
[Epoch 17/20] step 1950/2077 (2.2 it/s)
[Epoch 17/20] step 2000/2077 (2.2 it/s)
[Epoch 17/20] step 2050/2077 (2.2 it/s)
03:38:16 | INFO  | trainer_inf~| \n+----------------------------+------------------------+
|           Metric           |         Value          |
+----------------------------+------------------------+
|          [0;34;40mfit/loss[0m          |  [0;32;40m0.09832964837551117[0m   |
|       [0;34;40mfit/pred_loss[0m        |  [0;32;40m0.009950739331543446[0m  |
|      [0;34;40mfit/sigreg_loss[0m       |        [0;32;40m0.984375[0m        |
|    [0;34;40mhardware/cpu_percent[0m    |   [0;32;40m30.399999618530273[0m   |
|  [0;34;40mhardware/disk_read_mb_s[0m   |          [0;32;40m0.0[0m           |
|  [0;34;40mhardware/disk_write_mb_s[0m  |   [0;32;40m43.504066467285156[0m   |
|   [0;34;40mhardware/net_recv_mb_s[0m   |   [0;32;40m4.905818939208984[0m    |
|   [0;34;40mhardware/net_sent_mb_s[0m   |   [0;32;40m4.940844535827637[0m    |
|    [0;34;40mhardware/ram_used_gb[0m    |       [0;32;40m212.65625[0m        |
|   [0;34;40mhardware/ram_used_pct[0m    |   [0;32;40m21.100000381469727[0m   |
|    [0;34;40mhparams/lr_default_0[0m    | [0;32;40m1.2481980320444563e-06[0m |
|       [0;34;40mvalidate/loss[0m        |  [0;32;40m0.16822516918182373[0m   |
|    [0;34;40mvalidate/loss_epoch[0m     |  [0;32;40m0.16822516918182373[0m   |
|     [0;34;40mvalidate/pred_loss[0m     |  [0;32;40m0.016339050605893135[0m  |
|  [0;34;40mvalidate/pred_loss_epoch[0m  |  [0;32;40m0.016339050605893135[0m  |
|    [0;34;40mvalidate/sigreg_loss[0m    |   [0;32;40m1.6874428987503052[0m   |
| [0;34;40mvalidate/sigreg_loss_epoch[0m |   [0;32;40m1.6874428987503052[0m   |
+----------------------------+------------------------+
[Epoch 17/20] done in 1012.9s
03:38:16 | INFO  | checkpoint_~|   Checking for non PyTorch modules to save
03:38:16 | INFO  | atomic_chec~| [atomic_save] → /data1/likun-share/junjxu/.cache_stable-pretraining/runs/20260713/222936/1149693e2b17/checkpoints/epoch=17-step=37386.ckpt
03:38:17 | INFO  | atomic_chec~| [atomic_save] ✓ epoch=17-step=37386.ckpt saved (206.8 MiB, serialise=0.32s write=0.27s rename=0.1ms)
03:38:17 | INFO  | checkpoint_~|   Checking for non PyTorch modules to save
03:38:17 | INFO  | atomic_chec~| [atomic_save] → /data1/likun-share/junjxu/.cache_stable-pretraining/runs/20260713/222936/1149693e2b17/checkpoints/last.ckpt
03:38:18 | INFO  | atomic_chec~| [atomic_save] ✓ last.ckpt saved (206.8 MiB, serialise=0.31s write=0.27s rename=30.4ms)
[Epoch 18/20] step 50/2077 (2.0 it/s)
[Epoch 18/20] step 100/2077 (2.1 it/s)
[Epoch 18/20] step 150/2077 (2.1 it/s)
[Epoch 18/20] step 200/2077 (2.2 it/s)
[Epoch 18/20] step 250/2077 (2.2 it/s)
[Epoch 18/20] step 300/2077 (2.2 it/s)
[Epoch 18/20] step 350/2077 (2.2 it/s)
[Epoch 18/20] step 400/2077 (2.2 it/s)
[Epoch 18/20] step 450/2077 (2.2 it/s)
[Epoch 18/20] step 500/2077 (2.2 it/s)
[Epoch 18/20] step 550/2077 (2.2 it/s)
[Epoch 18/20] step 600/2077 (2.2 it/s)
[Epoch 18/20] step 650/2077 (2.2 it/s)
[Epoch 18/20] step 700/2077 (2.2 it/s)
[Epoch 18/20] step 750/2077 (2.2 it/s)
[Epoch 18/20] step 800/2077 (2.2 it/s)
[Epoch 18/20] step 850/2077 (2.2 it/s)
[Epoch 18/20] step 900/2077 (2.2 it/s)
[Epoch 18/20] step 950/2077 (2.2 it/s)
[Epoch 18/20] step 1000/2077 (2.2 it/s)
[Epoch 18/20] step 1050/2077 (2.2 it/s)
[Epoch 18/20] step 1100/2077 (2.2 it/s)
[Epoch 18/20] step 1150/2077 (2.2 it/s)
[Epoch 18/20] step 1200/2077 (2.2 it/s)
[Epoch 18/20] step 1250/2077 (2.2 it/s)
[Epoch 18/20] step 1300/2077 (2.2 it/s)
[Epoch 18/20] step 1350/2077 (2.2 it/s)
[Epoch 18/20] step 1400/2077 (2.2 it/s)
[Epoch 18/20] step 1450/2077 (2.2 it/s)
[Epoch 18/20] step 1500/2077 (2.2 it/s)
[Epoch 18/20] step 1550/2077 (2.2 it/s)
[Epoch 18/20] step 1600/2077 (2.2 it/s)
[Epoch 18/20] step 1650/2077 (2.2 it/s)
[Epoch 18/20] step 1700/2077 (2.2 it/s)
[Epoch 18/20] step 1750/2077 (2.2 it/s)
[Epoch 18/20] step 1800/2077 (2.2 it/s)
[Epoch 18/20] step 1850/2077 (2.2 it/s)
[Epoch 18/20] step 1900/2077 (2.2 it/s)
[Epoch 18/20] step 1950/2077 (2.2 it/s)
[Epoch 18/20] step 2000/2077 (2.2 it/s)
[Epoch 18/20] step 2050/2077 (2.2 it/s)
03:55:15 | INFO  | trainer_inf~| \n+----------------------------+-----------------------+
|           Metric           |         Value         |
+----------------------------+-----------------------+
|          [0;34;40mfit/loss[0m          |  [0;32;40m0.08957873284816742[0m  |
|       [0;34;40mfit/pred_loss[0m        |  [0;32;40m0.006082642357796431[0m |
|      [0;34;40mfit/sigreg_loss[0m       |       [0;32;40m0.92578125[0m      |
|    [0;34;40mhardware/cpu_percent[0m    |   [0;32;40m35.29999923706055[0m   |
|  [0;34;40mhardware/disk_read_mb_s[0m   |          [0;32;40m0.0[0m          |
|  [0;34;40mhardware/disk_write_mb_s[0m  |   [0;32;40m1.8538790941238403[0m  |
|   [0;34;40mhardware/net_recv_mb_s[0m   |   [0;32;40m6.093038082122803[0m   |
|   [0;34;40mhardware/net_sent_mb_s[0m   |   [0;32;40m6.093171119689941[0m   |
|    [0;34;40mhardware/ram_used_gb[0m    |   [0;32;40m213.60739135742188[0m  |
|   [0;34;40mhardware/ram_used_pct[0m    |   [0;32;40m21.200000762939453[0m  |
|    [0;34;40mhparams/lr_default_0[0m    | [0;32;40m3.140216904284898e-07[0m |
|       [0;34;40mvalidate/loss[0m        |  [0;32;40m0.17047858238220215[0m  |
|    [0;34;40mvalidate/loss_epoch[0m     |  [0;32;40m0.17047858238220215[0m  |
|     [0;34;40mvalidate/pred_loss[0m     |  [0;32;40m0.017870817333459854[0m |
|  [0;34;40mvalidate/pred_loss_epoch[0m  |  [0;32;40m0.017870817333459854[0m |
|    [0;34;40mvalidate/sigreg_loss[0m    |   [0;32;40m1.6958286762237549[0m  |
| [0;34;40mvalidate/sigreg_loss_epoch[0m |   [0;32;40m1.6958286762237549[0m  |
+----------------------------+-----------------------+
[Epoch 18/20] done in 1017.2s
03:55:15 | INFO  | checkpoint_~|   Checking for non PyTorch modules to save
03:55:15 | INFO  | atomic_chec~| [atomic_save] → /data1/likun-share/junjxu/.cache_stable-pretraining/runs/20260713/222936/1149693e2b17/checkpoints/epoch=18-step=39463.ckpt
03:55:16 | INFO  | atomic_chec~| [atomic_save] ✓ epoch=18-step=39463.ckpt saved (206.8 MiB, serialise=0.37s write=0.26s rename=0.0ms)
03:55:16 | INFO  | checkpoint_~|   Checking for non PyTorch modules to save
03:55:16 | INFO  | atomic_chec~| [atomic_save] → /data1/likun-share/junjxu/.cache_stable-pretraining/runs/20260713/222936/1149693e2b17/checkpoints/last.ckpt
03:55:16 | INFO  | atomic_chec~| [atomic_save] ✓ last.ckpt saved (206.8 MiB, serialise=0.38s write=0.27s rename=32.0ms)
[Epoch 19/20] step 50/2077 (2.0 it/s)
[Epoch 19/20] step 100/2077 (2.1 it/s)
[Epoch 19/20] step 150/2077 (2.1 it/s)
[Epoch 19/20] step 200/2077 (2.2 it/s)
[Epoch 19/20] step 250/2077 (2.2 it/s)
[Epoch 19/20] step 300/2077 (2.2 it/s)
[Epoch 19/20] step 350/2077 (2.2 it/s)
[Epoch 19/20] step 400/2077 (2.2 it/s)
[Epoch 19/20] step 450/2077 (2.2 it/s)
[Epoch 19/20] step 500/2077 (2.2 it/s)
[Epoch 19/20] step 550/2077 (2.2 it/s)
[Epoch 19/20] step 600/2077 (2.2 it/s)
[Epoch 19/20] step 650/2077 (2.2 it/s)
[Epoch 19/20] step 700/2077 (2.2 it/s)
[Epoch 19/20] step 750/2077 (2.2 it/s)
[Epoch 19/20] step 800/2077 (2.2 it/s)
[Epoch 19/20] step 850/2077 (2.2 it/s)
[Epoch 19/20] step 900/2077 (2.2 it/s)
[Epoch 19/20] step 950/2077 (2.2 it/s)
[Epoch 19/20] step 1000/2077 (2.2 it/s)
[Epoch 19/20] step 1050/2077 (2.2 it/s)
[Epoch 19/20] step 1100/2077 (2.2 it/s)
[Epoch 19/20] step 1150/2077 (2.2 it/s)
[Epoch 19/20] step 1200/2077 (2.2 it/s)
[Epoch 19/20] step 1250/2077 (2.2 it/s)
[Epoch 19/20] step 1300/2077 (2.2 it/s)
[Epoch 19/20] step 1350/2077 (2.2 it/s)
[Epoch 19/20] step 1400/2077 (2.2 it/s)
[Epoch 19/20] step 1450/2077 (2.2 it/s)
[Epoch 19/20] step 1500/2077 (2.2 it/s)
[Epoch 19/20] step 1550/2077 (2.2 it/s)
[Epoch 19/20] step 1600/2077 (2.2 it/s)
[Epoch 19/20] step 1650/2077 (2.2 it/s)
[Epoch 19/20] step 1700/2077 (2.2 it/s)
[Epoch 19/20] step 1750/2077 (2.2 it/s)
[Epoch 19/20] step 1800/2077 (2.2 it/s)
[Epoch 19/20] step 1850/2077 (2.2 it/s)
[Epoch 19/20] step 1900/2077 (2.2 it/s)
[Epoch 19/20] step 1950/2077 (2.2 it/s)
[Epoch 19/20] step 2000/2077 (2.2 it/s)
[Epoch 19/20] step 2050/2077 (2.2 it/s)
04:12:05 | INFO  | trainer_inf~| \n+----------------------------+----------------------+
|           Metric           |        Value         |
+----------------------------+----------------------+
|          [0;34;40mfit/loss[0m          | [0;32;40m0.09007089585065842[0m  |
|       [0;34;40mfit/pred_loss[0m        | [0;32;40m0.007551363669335842[0m |
|      [0;34;40mfit/sigreg_loss[0m       |      [0;32;40m0.91796875[0m      |
|    [0;34;40mhardware/cpu_percent[0m    |         [0;32;40m34.5[0m         |
|  [0;34;40mhardware/disk_read_mb_s[0m   |         [0;32;40m0.0[0m          |
|  [0;34;40mhardware/disk_write_mb_s[0m  |  [0;32;40m96.91548156738281[0m   |
|   [0;34;40mhardware/net_recv_mb_s[0m   |  [0;32;40m119.17668914794922[0m  |
|   [0;34;40mhardware/net_sent_mb_s[0m   |  [0;32;40m1.9606918096542358[0m  |
|    [0;34;40mhardware/ram_used_gb[0m    |  [0;32;40m203.91397094726562[0m  |
|   [0;34;40mhardware/ram_used_pct[0m    |  [0;32;40m20.200000762939453[0m  |
|    [0;34;40mhparams/lr_default_0[0m    |         [0;32;40m0.0[0m          |
|       [0;34;40mvalidate/loss[0m        |  [0;32;40m0.1640840321779251[0m  |
|    [0;34;40mvalidate/loss_epoch[0m     |  [0;32;40m0.1640840321779251[0m  |
|     [0;34;40mvalidate/pred_loss[0m     | [0;32;40m0.011093423701822758[0m |
|  [0;34;40mvalidate/pred_loss_epoch[0m  | [0;32;40m0.011093423701822758[0m |
|    [0;34;40mvalidate/sigreg_loss[0m    |  [0;32;40m1.6996428966522217[0m  |
| [0;34;40mvalidate/sigreg_loss_epoch[0m |  [0;32;40m1.6996428966522217[0m  |
+----------------------------+----------------------+
[Epoch 19/20] done in 1008.7s
04:12:05 | INFO  | checkpoint_~|   Checking for non PyTorch modules to save
04:12:05 | INFO  | atomic_chec~| [atomic_save] → /data1/likun-share/junjxu/.cache_stable-pretraining/runs/20260713/222936/1149693e2b17/checkpoints/epoch=19-step=41540.ckpt
04:12:06 | INFO  | atomic_chec~| [atomic_save] ✓ epoch=19-step=41540.ckpt saved (206.8 MiB, serialise=0.26s write=0.22s rename=0.0ms)
04:12:06 | INFO  | checkpoint_~|   Checking for non PyTorch modules to save
04:12:06 | INFO  | atomic_chec~| [atomic_save] → /data1/likun-share/junjxu/.cache_stable-pretraining/runs/20260713/222936/1149693e2b17/checkpoints/last.ckpt
04:12:06 | INFO  | atomic_chec~| [atomic_save] ✓ last.ckpt saved (206.8 MiB, serialise=0.26s write=0.23s rename=29.9ms)
`Trainer.fit` stopped: `max_epochs=20` reached.
04:12:06 | OK    | env_info.py | ✓ NVIDIA Driver: 580.65.06
04:12:06 | OK    | env_info.py | ✓ Git: main @ 780736e4
04:12:06 | INFO  | env_info.py |   Remote: git@github.com-xuustc99:XuUSTC99/wm.git
04:12:06 | WARN  | env_info.py | ! Working directory has uncommitted changes
04:12:06 | OK    | env_info.py | ✓ Environment: 4 relevant variables captured
04:12:06 | INFO  | env_info.py |   Serializing environment data...
04:12:06 | INFO  | env_info.py |   File exists, using version 378: environment_v378.json
04:12:06 | INFO  | env_info.py |   File exists, using version 380: requirements_frozen_v380.txt
04:12:06 | INFO  | env_info.py |   Save directory: /home/likun-share/.cache/stable-pretraining
04:12:06 | INFO  | env_info.py |   Writing environment to temp file...
04:12:06 | INFO  | env_info.py |   Moving to: environment_v378.json
04:12:06 | OK    | env_info.py | ✓ Environment file saved (3.5 KB)
04:12:06 | OK    | env_info.py | ✓ Requirements file saved (0.1 KB)
Epoch 19/19 ━━━━━━━━━━━━━━━━━━━━━━━━━━━━━ 2077/2077 0:15:43 • 0:00:00 2.19it/s 
04:12:07 | INFO  | utils.py    | ── SignalHandlers (after Trainer.fit() returned) ──
04:12:07 | INFO  | manager.py  |   SIGUSR1  → SIG_DFL (default OS action — terminate process)
04:12:07 | INFO  | manager.py  |   SIGUSR2  → SIG_DFL (default OS action — terminate process)
04:12:07 | INFO  | manager.py  |   SIGCONT  → SIG_DFL (default OS action — terminate process)
04:12:07 | INFO  | manager.py  |   SIGTERM  → SIG_DFL (default OS action — terminate process)
