13:11:55 | INFO  | __init__.py | PyTorch version 2.9.1+cu128 available.
13:11:55 | INFO  | __init__.py | JAX version 0.6.2 available.
13:11:58 | INFO  | atomic_chec~| [atomic_save] installed crash-safe checkpoint plugin (write to sibling .tmp + fsync + atomic rename)
[2026-07-22 13:11:58,812][root][INFO] - Cached 'action' from '/data1/likun-share/junjxu/.stable_worldmodel/datasets/phyworld_uniform_motion_id1k.h5'
[2026-07-22 13:11:58,813][root][INFO] - Cached 'proprio' from '/data1/likun-share/junjxu/.stable_worldmodel/datasets/phyworld_uniform_motion_id1k.h5'
13:11:58 | INFO  | utils.py    | Created ViT-tiny from scratch with config: {'hidden_size': 192, 'num_hidden_layers': 12, 'num_attention_heads': 3, 'intermediate_size': 768, 'image_size': 224, 'patch_size': 14}
[dynamics] SecondOrderDynamics enabled: pos_dim=2 use_action=False act_dim=0 learnable_accel=True accel_form=const
13:11:58 | INFO  | module.py   | Setting up DataModule
13:11:59 | INFO  | utils.py    | ── Module ────────────────────────────────────────
13:11:59 | WARN  | module.py   | ! No hyperparameters provided - hyperparameter logging is disabled.
13:11:59 | INFO  | module.py   |   Setting custom forward method.
13:11:59 | INFO  | module.py   |   Setting attribute: self.model = <class 'jepa.JEPA'>
13:11:59 | INFO  | module.py   |   Setting attribute: self.sigreg = <class 'module.SIGReg'>
13:11:59 | INFO  | module.py   |   Setting attribute: self.optim = <class 'dict'>
13:11:59 | INFO  | module.py   |   No metrics configuration provided - automatic metric tracking is disabled.
/home/likun-share/junjxu/wm/le-wm/.venv/lib/python3.10/site-packages/lightning/fabric/connector.py:571: `precision=bf16` is supported for historical reasons but its usage is discouraged. Please set your precision to bf16-mixed instead!
Using bfloat16 Automatic Mixed Precision (AMP)
13:11:59 | INFO  | env_info.py |   EnvironmentDumpCallback initialized (filename=environment.json, async=True)
13:11:59 | INFO  | utils.py    | ── HuggingFaceCheckpoint ─────────────────────────
13:11:59 | INFO  | hf_models.py|   save_dir: <cyan>hf_exports</cyan>
13:11:59 | INFO  | hf_models.py|   per_step: <cyan>False</cyan>  (False ⇒ overwrite single 'last/' subdir; True ⇒ keep step_N/)
Adding 14 callbacks from entry point 'stablepretraining_callbacks': PrintProgressBar, ModuleRegistryCallback, LoggingCallback, EnvironmentDumpCallback, TrainerInfo, SklearnCheckpoint, WandbCheckpoint, TrackioCheckpoint, SwanLabCheckpoint, ModuleSummary, SLURMInfo, LogUnusedParametersOnce, HuggingFaceCheckpointCallback, HardwareMonitor
GPU available: True (cuda), used: True
TPU available: False, using: 0 TPU cores
💡 Tip: For seamless cloud logging and experiment tracking, try installing [litlogger](https://pypi.org/project/litlogger/) to enable LitLogger, which logs metrics and artifacts automatically to the Lightning Experiments platform.
13:11:59 | INFO  | utils.py    | ── SIGTERM preempt handler — install ─────────────
13:11:59 | INFO  | manager.py  |   SLURM_JOB_ID         = None
13:11:59 | INFO  | manager.py  |   SLURM_RESTART_COUNT  = '0'
13:11:59 | INFO  | manager.py  |   SLURM_PROCID         = '?'
13:11:59 | INFO  | manager.py  |   SLURM_NODEID         = '?'
13:11:59 | INFO  | manager.py  |   → not under SLURM (SLURM_JOB_ID unset); leaving SIGTERM handler as-is. Forwarding to submitit's USR signal would be a no-op since submitit isn't running upstream.
13:11:59 | WARN  | manager.py  | User didn't specify seed, runs won't be exactly reproducible!
13:11:59 | INFO  | manager.py  |   Manager init: ckpt_path=None, weights_only=True
13:11:59 | INFO  | utils.py    | ── WorkingDirectory ──────────────────────────────
13:11:59 | INFO  | manager.py  |   cwd: /home/likun-share/junjxu/wm/le-wm
13:11:59 | INFO  | utils.py    | ── Seed ──────────────────────────────────────────
13:11:59 | INFO  | manager.py  |   seed: None
/home/likun-share/junjxu/wm/le-wm/.venv/lib/python3.10/site-packages/lightning/fabric/utilities/seed.py:44: No seed found, seed set to 0
Seed set to 0
13:11:59 | INFO  | utils.py    | ── RunDirectory ──────────────────────────────────
13:11:59 | INFO  | manager.py  |   cache_dir = /data1/likun-share/junjxu/.cache_stable-pretraining
13:11:59 | INFO  | manager.py  |   ddp: launch_key=(single-process) rank=0 is_rank_zero=True
13:11:59 | INFO  | utils.py    | ── RunDirectory: requeue probe ───────────────────
13:11:59 | INFO  | manager.py  |   SLURM session key   = (no SLURM)
13:11:59 | INFO  | manager.py  |   SLURM_RESTART_COUNT = 0
13:11:59 | INFO  | manager.py  |   in_requeue          = False
13:11:59 | INFO  | utils.py    | ── RunDirectory: fresh ───────────────────────────
13:11:59 | INFO  | manager.py  |   no user ckpt_path — training from scratch / pretrained backbone.
13:11:59 | INFO  | manager.py  |   created run_dir = /data1/likun-share/junjxu/.cache_stable-pretraining/runs/20260722/131159/ad72a3772377
13:11:59 | INFO  | manager.py  |   wrote run_meta.json with run_id=ad72a3772377
13:11:59 | INFO  | manager.py  |   SLURM index = (no SLURM, skipped)
13:11:59 | WARN  | manager.py  | ! cache_dir is set but the Trainer was passed as an already-instantiated object. Cannot override default_root_dir cleanly. Consider passing the trainer as a config dict instead.
13:11:59 | WARN  | manager.py  | ! Hydra run.dir='outputs/2026-07-22/13-11-58' will be ignored for trainer outputs (cache_dir takes precedence).
13:11:59 | WARN  | manager.py  | ! Hydra sweep.dir='multirun/2026-07-22/13-11-58' will be ignored for trainer outputs (cache_dir takes precedence).
13:11:59 | INFO  | logger.py   | [RegistryLogger] run_id=ad72a3772377 run_dir=/data1/likun-share/junjxu/.cache_stable-pretraining/runs/20260722/131159/ad72a3772377 — sidecar.json + summary.json + metrics.csv will live here
13:11:59 | INFO  | utils.py    | ── RegistryLogger ────────────────────────────────
13:11:59 | INFO  | manager.py  |   run_dir: /data1/likun-share/junjxu/.cache_stable-pretraining/runs/20260722/131159/ad72a3772377
13:11:59 | INFO  | manager.py  |   run_id:  ad72a3772377
13:11:59 | INFO  | utils.py    | ── CSVLogger ─────────────────────────────────────
13:11:59 | INFO  | manager.py  |   root_dir: /data1/likun-share/junjxu/.cache_stable-pretraining/runs/20260722/131159/ad72a3772377/
13:11:59 | INFO  | manager.py  |   save_dir: /data1/likun-share/junjxu/.cache_stable-pretraining/runs/20260722/131159/ad72a3772377
13:11:59 | INFO  | manager.py  |   log_dir: /data1/likun-share/junjxu/.cache_stable-pretraining/runs/20260722/131159/ad72a3772377/
13:11:59 | INFO  | utils.py    | ── SignalHandlers (after submitit setup (spt SIGTERM installed in __init__)) ──
13:11:59 | INFO  | manager.py  |   SIGUSR1  → SIG_DFL (default OS action — terminate process)
13:11:59 | INFO  | manager.py  |   SIGUSR2  → SIG_DFL (default OS action — terminate process)
13:11:59 | INFO  | manager.py  |   SIGCONT  → SIG_DFL (default OS action — terminate process)
13:11:59 | INFO  | manager.py  |   SIGTERM  → SIG_DFL (default OS action — terminate process)
13:11:59 | INFO  | utils.py    | ── Callbacks ─────────────────────────────────────
13:11:59 | INFO  | manager.py  |   count: 19
13:11:59 | INFO  | utils.py    | ── CacheDirCheckpointing ─────────────────────────
13:11:59 | INFO  | manager.py  |   Saving checkpoints to: /data1/likun-share/junjxu/.cache_stable-pretraining/runs/20260722/131159/ad72a3772377/checkpoints
13:11:59 | WARN  | manager.py  |   Redirecting HuggingFaceCheckpointCallback from 'hf_exports' to '/data1/likun-share/junjxu/.cache_stable-pretraining/runs/20260722/131159/ad72a3772377/hf_exports' (cache_dir is active — prevents races on a shared cache)
13:11:59 | INFO  | manager.py  |   Added requeue checkpoint (filename='last')
13:11:59 | INFO  | utils.py    | ── LoadPath resolution ───────────────────────────
13:11:59 | INFO  | manager.py  |   in_requeue = False
13:11:59 | INFO  | manager.py  |   user ckpt_path = None
13:11:59 | INFO  | manager.py  |   user weights_only = True
13:11:59 | INFO  | manager.py  |   → no ckpt_path; training from scratch.
13:11:59 | INFO  | utils.py    | ── TrainerFit ────────────────────────────────────
13:11:59 | INFO  | manager.py  |   ckpt_path:     None
13:11:59 | INFO  | manager.py  |   weights_only:  None
13:11:59 | INFO  | utils.py    | ── SignalHandlers (before Trainer.fit() (handler installed in __init__)) ──
13:11:59 | INFO  | manager.py  |   SIGUSR1  → SIG_DFL (default OS action — terminate process)
13:11:59 | INFO  | manager.py  |   SIGUSR2  → SIG_DFL (default OS action — terminate process)
13:11:59 | INFO  | manager.py  |   SIGCONT  → SIG_DFL (default OS action — terminate process)
13:11:59 | INFO  | manager.py  |   SIGTERM  → SIG_DFL (default OS action — terminate process)
13:11:59 | INFO  | manager.py  |   → entering Trainer.fit(); lightning's _SignalConnector will now register its own handlers. SIGTERM will become _HandlersCompose([_sigterm_notifier_fn, _sigterm_handler_fn, spt._handler]); USR-sig binding from submitit is preserved (lightning skips USR registration when one already exists).
💡 Tip: For seamless cloud uploads and versioning, try installing [litmodels](https://pypi.org/project/litmodels/) to enable LitModelCheckpoint, which syncs automatically with the Lightning model registry.
You are using a CUDA device ('NVIDIA A800-SXM4-80GB') that has Tensor Cores. To properly utilize them, you should set `torch.set_float32_matmul_precision('medium' | 'high')` which will trade-off precision for performance. For more details, read https://pytorch.org/docs/stable/generated/torch.set_float32_matmul_precision.html#torch.set_float32_matmul_precision
13:12:01 | OK    | module.py   | ✓ dataset for fit loaded
13:12:01 | INFO  | module.py   |   setup was done by user
13:12:01 | INFO  | utils.py    | ── EnvironmentDump ───────────────────────────────
13:12:01 | INFO  | env_info.py |   log_dir: /home/likun-share/.cache/stable-pretraining
13:12:01 | INFO  | env_info.py |   Running environment dump in background thread (non-blocking)
13:12:01 | INFO  | env_info.py |   Collecting environment information...
13:12:01 | OK    | env_info.py | ✓ Background thread started successfully
13:12:01 | OK    | env_info.py | ✓ Python 3.10.12
13:12:01 | INFO  | trainer_inf~|   linking trainer to DataModule
13:12:01 | OK    | env_info.py | ✓ System: Linux 5.15.0-113-generic (x86_64)
13:12:01 | INFO  | utils.py    | ── Callbacks (in order) ──────────────────────────
13:12:01 | INFO  | env_info.py |   Hostname: 10-116-90-13
13:12:01 | INFO  | utils.py    |     [ 0] ModelObjectCallBack
13:12:01 | INFO  | utils.py    |     [ 1] RichProgressBar
13:12:01 | INFO  | utils.py    |     [ 2] RichModelSummary
13:12:01 | INFO  | utils.py    |     [ 3] PrintProgressBar
13:12:01 | INFO  | utils.py    |     [ 4] ModuleRegistryCallback
13:12:01 | INFO  | utils.py    |     [ 5] LoggingCallback
13:12:01 | INFO  | utils.py    |     [ 6] EnvironmentDumpCallback
13:12:01 | INFO  | utils.py    |     [ 7] TrainerInfo
13:12:01 | INFO  | utils.py    |     [ 8] SklearnCheckpoint
13:12:01 | INFO  | utils.py    |     [ 9] WandbCheckpoint
13:12:01 | INFO  | utils.py    |     [10] TrackioCheckpoint
13:12:01 | INFO  | utils.py    |     [11] SwanLabCheckpoint
13:12:01 | INFO  | utils.py    |     [12] ModuleSummary
13:12:01 | INFO  | utils.py    |     [13] SLURMInfo
13:12:01 | INFO  | utils.py    |     [14] LogUnusedParametersOnce
13:12:01 | INFO  | utils.py    |     [15] HuggingFaceCheckpointCallback
13:12:01 | INFO  | utils.py    |     [16] HardwareMonitor
13:12:01 | INFO  | utils.py    |     [17] ModelCheckpoint
13:12:01 | INFO  | utils.py    |     [18] _RunDirCallback
13:12:01 | INFO  | utils.py    |     [19] ModelCheckpoint
13:12:01 | INFO  | utils.py    |   ⚑ marks order-sensitive callbacks; see AGENTS.md → Callback ordering for the full rules.
13:12:01 | INFO  | utils.py    | ── SklearnCheckpoint ─────────────────────────────
13:12:01 | INFO  | checkpoint_~|   Sklearn Modules:
13:12:01 | INFO  | checkpoint_~| 
┏━━━━━━━━━━┳━━━━━━━━┳━━━━━━━━┓
┃ Module   ┃ Name   ┃ Type   ┃
┣━━━━━━━━━━╋━━━━━━━━╋━━━━━━━━┫
┗━━━━━━━━━━┻━━━━━━━━┻━━━━━━━━┛
13:12:01 | INFO  | utils.py    | ── WandbCheckpoint ───────────────────────────────
13:12:01 | INFO  | utils.py    | ── TrackioCheckpoint ─────────────────────────────
13:12:01 | INFO  | utils.py    | ── SwanLabCheckpoint ─────────────────────────────
13:12:01 | INFO  | utils.py    | ── PyTorch Modules ───────────────────────────────
13:12:01 | WARN  | module.py   | ! You are calling self.parameters which also gives callbacks parameters, to remove them, pass `with_callbacks=False`
13:12:01 | INFO  | trainer_inf~| \n+---------------------------------------------------------+----------------------+--------------------------+--------------------------+---------+
| Module                                                  | Trainable parameters | Non Trainable parameters | Uninitialized parameters | Buffers |
+---------------------------------------------------------+----------------------+--------------------------+--------------------------+---------+
|                                                         |             18034786 |                        0 |                        0 |    8245 |
| callbacks_modules                                       |                    0 |                        0 |                        0 |       0 |
| callbacks_metrics                                       |                    0 |                        0 |                        0 |       0 |
| model                                                   |             18034786 |                        0 |                        0 |    8194 |
| model.encoder                                           |              5501376 |                        0 |                        0 |       0 |
| model.encoder.embeddings                                |               162624 |                        0 |                        0 |       0 |
| model.encoder.embeddings.patch_embeddings               |               113088 |                        0 |                        0 |       0 |
| model.encoder.embeddings.patch_embeddings.projection    |               113088 |                        0 |                        0 |       0 |
| model.encoder.embeddings.dropout                        |                    0 |                        0 |                        0 |       0 |
| model.encoder.layers                                    |              5338368 |                        0 |                        0 |       0 |
| model.encoder.layers.0                                  |               444864 |                        0 |                        0 |       0 |
| model.encoder.layers.0.attention                        |               148224 |                        0 |                        0 |       0 |
| model.encoder.layers.0.attention.q_proj                 |                37056 |                        0 |                        0 |       0 |
| model.encoder.layers.0.attention.k_proj                 |                37056 |                        0 |                        0 |       0 |
| model.encoder.layers.0.attention.v_proj                 |                37056 |                        0 |                        0 |       0 |
| model.encoder.layers.0.attention.o_proj                 |                37056 |                        0 |                        0 |       0 |
| model.encoder.layers.0.layernorm_before                 |                  384 |                        0 |                        0 |       0 |
| model.encoder.layers.0.layernorm_after                  |                  384 |                        0 |                        0 |       0 |
| model.encoder.layers.0.mlp                              |               295872 |                        0 |                        0 |       0 |
| model.encoder.layers.0.mlp.activation_fn                |                    0 |                        0 |                        0 |       0 |
| model.encoder.layers.0.mlp.fc1                          |               148224 |                        0 |                        0 |       0 |
| model.encoder.layers.0.mlp.fc2                          |               147648 |                        0 |                        0 |       0 |
| model.encoder.layers.0.dropout                          |                    0 |                        0 |                        0 |       0 |
| model.encoder.layers.1                                  |               444864 |                        0 |                        0 |       0 |
| model.encoder.layers.1.attention                        |               148224 |                        0 |                        0 |       0 |
| model.encoder.layers.1.attention.q_proj                 |                37056 |                        0 |                        0 |       0 |
| model.encoder.layers.1.attention.k_proj                 |                37056 |                        0 |                        0 |       0 |
| model.encoder.layers.1.attention.v_proj                 |                37056 |                        0 |                        0 |       0 |
| model.encoder.layers.1.attention.o_proj                 |                37056 |                        0 |                        0 |       0 |
| model.encoder.layers.1.layernorm_before                 |                  384 |                        0 |                        0 |       0 |
| model.encoder.layers.1.layernorm_after                  |                  384 |                        0 |                        0 |       0 |
| model.encoder.layers.1.mlp                              |               295872 |                        0 |                        0 |       0 |
| model.encoder.layers.1.mlp.activation_fn                |                    0 |                        0 |                        0 |       0 |
| model.encoder.layers.1.mlp.fc1                          |               148224 |                        0 |                        0 |       0 |
| model.encoder.layers.1.mlp.fc2                          |               147648 |                        0 |                        0 |       0 |
| model.encoder.layers.1.dropout                          |                    0 |                        0 |                        0 |       0 |
| model.encoder.layers.2                                  |               444864 |                        0 |                        0 |       0 |
| model.encoder.layers.2.attention                        |               148224 |                        0 |                        0 |       0 |
| model.encoder.layers.2.attention.q_proj                 |                37056 |                        0 |                        0 |       0 |
| model.encoder.layers.2.attention.k_proj                 |                37056 |                        0 |                        0 |       0 |
| model.encoder.layers.2.attention.v_proj                 |                37056 |                        0 |                        0 |       0 |
| model.encoder.layers.2.attention.o_proj                 |                37056 |                        0 |                        0 |       0 |
| model.encoder.layers.2.layernorm_before                 |                  384 |                        0 |                        0 |       0 |
| model.encoder.layers.2.layernorm_after                  |                  384 |                        0 |                        0 |       0 |
| model.encoder.layers.2.mlp                              |               295872 |                        0 |                        0 |       0 |
| model.encoder.layers.2.mlp.activation_fn                |                    0 |                        0 |                        0 |       0 |
| model.encoder.layers.2.mlp.fc1                          |               148224 |                        0 |                        0 |       0 |
| model.encoder.layers.2.mlp.fc2                          |               147648 |                        0 |                        0 |       0 |
| model.encoder.layers.2.dropout                          |                    0 |                        0 |                        0 |       0 |
| model.encoder.layers.3                                  |               444864 |                        0 |                        0 |       0 |
| model.encoder.layers.3.attention                        |               148224 |                        0 |                        0 |       0 |
| model.encoder.layers.3.attention.q_proj                 |                37056 |                        0 |                        0 |       0 |
| model.encoder.layers.3.attention.k_proj                 |                37056 |                        0 |                        0 |       0 |
| model.encoder.layers.3.attention.v_proj                 |                37056 |                        0 |                        0 |       0 |
| model.encoder.layers.3.attention.o_proj                 |                37056 |                        0 |                        0 |       0 |
| model.encoder.layers.3.layernorm_before                 |                  384 |                        0 |                        0 |       0 |
| model.encoder.layers.3.layernorm_after                  |                  384 |                        0 |                        0 |       0 |
| model.encoder.layers.3.mlp                              |               295872 |                        0 |                        0 |       0 |
| model.encoder.layers.3.mlp.activation_fn                |                    0 |                        0 |                        0 |       0 |
| model.encoder.layers.3.mlp.fc1                          |               148224 |                        0 |                        0 |       0 |
| model.encoder.layers.3.mlp.fc2                          |               147648 |                        0 |                        0 |       0 |
| model.encoder.layers.3.dropout                          |                    0 |                        0 |                        0 |       0 |
| model.encoder.layers.4                                  |               444864 |                        0 |                        0 |       0 |
| model.encoder.layers.4.attention                        |               148224 |                        0 |                        0 |       0 |
| model.encoder.layers.4.attention.q_proj                 |                37056 |                        0 |                        0 |       0 |
| model.encoder.layers.4.attention.k_proj                 |                37056 |                        0 |                        0 |       0 |
| model.encoder.layers.4.attention.v_proj                 |                37056 |                        0 |                        0 |       0 |
| model.encoder.layers.4.attention.o_proj                 |                37056 |                        0 |                        0 |       0 |
| model.encoder.layers.4.layernorm_before                 |                  384 |                        0 |                        0 |       0 |
| model.encoder.layers.4.layernorm_after                  |                  384 |                        0 |                        0 |       0 |
| model.encoder.layers.4.mlp                              |               295872 |                        0 |                        0 |       0 |
| model.encoder.layers.4.mlp.activation_fn                |                    0 |                        0 |                        0 |       0 |
| model.encoder.layers.4.mlp.fc1                          |               148224 |                        0 |                        0 |       0 |
| model.encoder.layers.4.mlp.fc2                          |               147648 |                        0 |                        0 |       0 |
| model.encoder.layers.4.dropout                          |                    0 |                        0 |                        0 |       0 |
| model.encoder.layers.5                                  |               444864 |                        0 |                        0 |       0 |
| model.encoder.layers.5.attention                        |               148224 |                        0 |                        0 |       0 |
| model.encoder.layers.5.attention.q_proj                 |                37056 |                        0 |                        0 |       0 |
| model.encoder.layers.5.attention.k_proj                 |                37056 |                        0 |                        0 |       0 |
| model.encoder.layers.5.attention.v_proj                 |                37056 |                        0 |                        0 |       0 |
| model.encoder.layers.5.attention.o_proj                 |                37056 |                        0 |                        0 |       0 |
| model.encoder.layers.5.layernorm_before                 |                  384 |                        0 |                        0 |       0 |
| model.encoder.layers.5.layernorm_after                  |                  384 |                        0 |                        0 |       0 |
| model.encoder.layers.5.mlp                              |               295872 |                        0 |                        0 |       0 |
| model.encoder.layers.5.mlp.activation_fn                |                    0 |                        0 |                        0 |       0 |
| model.encoder.layers.5.mlp.fc1                          |               148224 |                        0 |                        0 |       0 |
| model.encoder.layers.5.mlp.fc2                          |               147648 |                        0 |                        0 |       0 |
| model.encoder.layers.5.dropout                          |                    0 |                        0 |                        0 |       0 |
| model.encoder.layers.6                                  |               444864 |                        0 |                        0 |       0 |
| model.encoder.layers.6.attention                        |               148224 |                        0 |                        0 |       0 |
| model.encoder.layers.6.attention.q_proj                 |                37056 |                        0 |                        0 |       0 |
| model.encoder.layers.6.attention.k_proj                 |                37056 |                        0 |                        0 |       0 |
| model.encoder.layers.6.attention.v_proj                 |                37056 |                        0 |                        0 |       0 |
| model.encoder.layers.6.attention.o_proj                 |                37056 |                        0 |                        0 |       0 |
| model.encoder.layers.6.layernorm_before                 |                  384 |                        0 |                        0 |       0 |
| model.encoder.layers.6.layernorm_after                  |                  384 |                        0 |                        0 |       0 |
| model.encoder.layers.6.mlp                              |               295872 |                        0 |                        0 |       0 |
| model.encoder.layers.6.mlp.activation_fn                |                    0 |                        0 |                        0 |       0 |
| model.encoder.layers.6.mlp.fc1                          |               148224 |                        0 |                        0 |       0 |
| model.encoder.layers.6.mlp.fc2                          |               147648 |                        0 |                        0 |       0 |
| model.encoder.layers.6.dropout                          |                    0 |                        0 |                        0 |       0 |
| model.encoder.layers.7                                  |               444864 |                        0 |                        0 |       0 |
| model.encoder.layers.7.attention                        |               148224 |                        0 |                        0 |       0 |
| model.encoder.layers.7.attention.q_proj                 |                37056 |                        0 |                        0 |       0 |
| model.encoder.layers.7.attention.k_proj                 |                37056 |                        0 |                        0 |       0 |
| model.encoder.layers.7.attention.v_proj                 |                37056 |                        0 |                        0 |       0 |
| model.encoder.layers.7.attention.o_proj                 |                37056 |                        0 |                        0 |       0 |
| model.encoder.layers.7.layernorm_before                 |                  384 |                        0 |                        0 |       0 |
| model.encoder.layers.7.layernorm_after                  |                  384 |                        0 |                        0 |       0 |
| model.encoder.layers.7.mlp                              |               295872 |                        0 |                        0 |       0 |
| model.encoder.layers.7.mlp.activation_fn                |                    0 |                        0 |                        0 |       0 |
| model.encoder.layers.7.mlp.fc1                          |               148224 |                        0 |                        0 |       0 |
| model.encoder.layers.7.mlp.fc2                          |               147648 |                        0 |                        0 |       0 |
| model.encoder.layers.7.dropout                          |                    0 |                        0 |                        0 |       0 |
| model.encoder.layers.8                                  |               444864 |                        0 |                        0 |       0 |
| model.encoder.layers.8.attention                        |               148224 |                        0 |                        0 |       0 |
| model.encoder.layers.8.attention.q_proj                 |                37056 |                        0 |                        0 |       0 |
| model.encoder.layers.8.attention.k_proj                 |                37056 |                        0 |                        0 |       0 |
| model.encoder.layers.8.attention.v_proj                 |                37056 |                        0 |                        0 |       0 |
| model.encoder.layers.8.attention.o_proj                 |                37056 |                        0 |                        0 |       0 |
| model.encoder.layers.8.layernorm_before                 |                  384 |                        0 |                        0 |       0 |
| model.encoder.layers.8.layernorm_after                  |                  384 |                        0 |                        0 |       0 |
| model.encoder.layers.8.mlp                              |               295872 |                        0 |                        0 |       0 |
| model.encoder.layers.8.mlp.activation_fn                |                    0 |                        0 |                        0 |       0 |
| model.encoder.layers.8.mlp.fc1                          |               148224 |                        0 |                        0 |       0 |
| model.encoder.layers.8.mlp.fc2                          |               147648 |                        0 |                        0 |       0 |
| model.encoder.layers.8.dropout                          |                    0 |                        0 |                        0 |       0 |
| model.encoder.layers.9                                  |               444864 |                        0 |                        0 |       0 |
| model.encoder.layers.9.attention                        |               148224 |                        0 |                        0 |       0 |
| model.encoder.layers.9.attention.q_proj                 |                37056 |                        0 |                        0 |       0 |
| model.encoder.layers.9.attention.k_proj                 |                37056 |                        0 |                        0 |       0 |
| model.encoder.layers.9.attention.v_proj                 |                37056 |                        0 |                        0 |       0 |
| model.encoder.layers.9.attention.o_proj                 |                37056 |                        0 |                        0 |       0 |
| model.encoder.layers.9.layernorm_before                 |                  384 |                        0 |                        0 |       0 |
| model.encoder.layers.9.layernorm_after                  |                  384 |                        0 |                        0 |       0 |
| model.encoder.layers.9.mlp                              |               295872 |                        0 |                        0 |       0 |
| model.encoder.layers.9.mlp.activation_fn                |                    0 |                        0 |                        0 |       0 |
| model.encoder.layers.9.mlp.fc1                          |               148224 |                        0 |                        0 |       0 |
| model.encoder.layers.9.mlp.fc2                          |               147648 |                        0 |                        0 |       0 |
| model.encoder.layers.9.dropout                          |                    0 |                        0 |                        0 |       0 |
| model.encoder.layers.10                                 |               444864 |                        0 |                        0 |       0 |
| model.encoder.layers.10.attention                       |               148224 |                        0 |                        0 |       0 |
| model.encoder.layers.10.attention.q_proj                |                37056 |                        0 |                        0 |       0 |
| model.encoder.layers.10.attention.k_proj                |                37056 |                        0 |                        0 |       0 |
| model.encoder.layers.10.attention.v_proj                |                37056 |                        0 |                        0 |       0 |
| model.encoder.layers.10.attention.o_proj                |                37056 |                        0 |                        0 |       0 |
| model.encoder.layers.10.layernorm_before                |                  384 |                        0 |                        0 |       0 |
| model.encoder.layers.10.layernorm_after                 |                  384 |                        0 |                        0 |       0 |
| model.encoder.layers.10.mlp                             |               295872 |                        0 |                        0 |       0 |
| model.encoder.layers.10.mlp.activation_fn               |                    0 |                        0 |                        0 |       0 |
| model.encoder.layers.10.mlp.fc1                         |               148224 |                        0 |                        0 |       0 |
| model.encoder.layers.10.mlp.fc2                         |               147648 |                        0 |                        0 |       0 |
| model.encoder.layers.10.dropout                         |                    0 |                        0 |                        0 |       0 |
| model.encoder.layers.11                                 |               444864 |                        0 |                        0 |       0 |
| model.encoder.layers.11.attention                       |               148224 |                        0 |                        0 |       0 |
| model.encoder.layers.11.attention.q_proj                |                37056 |                        0 |                        0 |       0 |
| model.encoder.layers.11.attention.k_proj                |                37056 |                        0 |                        0 |       0 |
| model.encoder.layers.11.attention.v_proj                |                37056 |                        0 |                        0 |       0 |
| model.encoder.layers.11.attention.o_proj                |                37056 |                        0 |                        0 |       0 |
| model.encoder.layers.11.layernorm_before                |                  384 |                        0 |                        0 |       0 |
| model.encoder.layers.11.layernorm_after                 |                  384 |                        0 |                        0 |       0 |
| model.encoder.layers.11.mlp                             |               295872 |                        0 |                        0 |       0 |
| model.encoder.layers.11.mlp.activation_fn               |                    0 |                        0 |                        0 |       0 |
| model.encoder.layers.11.mlp.fc1                         |               148224 |                        0 |                        0 |       0 |
| model.encoder.layers.11.mlp.fc2                         |               147648 |                        0 |                        0 |       0 |
| model.encoder.layers.11.dropout                         |                    0 |                        0 |                        0 |       0 |
| model.encoder.layernorm                                 |                  384 |                        0 |                        0 |       0 |
| model.predictor                                         |             10791360 |                        0 |                        0 |       0 |
| model.predictor.dropout                                 |                    0 |                        0 |                        0 |       0 |
| model.predictor.transformer                             |             10790784 |                        0 |                        0 |       0 |
| model.predictor.transformer.norm                        |                  384 |                        0 |                        0 |       0 |
| model.predictor.transformer.layers                      |             10790400 |                        0 |                        0 |       0 |
| model.predictor.transformer.layers.0                    |              1798400 |                        0 |                        0 |       0 |
| model.predictor.transformer.layers.0.attn               |               787008 |                        0 |                        0 |       0 |
| model.predictor.transformer.layers.0.attn.norm          |                  384 |                        0 |                        0 |       0 |
| model.predictor.transformer.layers.0.attn.attend        |                    0 |                        0 |                        0 |       0 |
| model.predictor.transformer.layers.0.attn.to_qkv        |               589824 |                        0 |                        0 |       0 |
| model.predictor.transformer.layers.0.attn.to_out        |               196800 |                        0 |                        0 |       0 |
| model.predictor.transformer.layers.0.attn.to_out.0      |               196800 |                        0 |                        0 |       0 |
| model.predictor.transformer.layers.0.attn.to_out.1      |                    0 |                        0 |                        0 |       0 |
| model.predictor.transformer.layers.0.mlp                |               789056 |                        0 |                        0 |       0 |
| model.predictor.transformer.layers.0.mlp.net            |               789056 |                        0 |                        0 |       0 |
| model.predictor.transformer.layers.0.mlp.net.0          |                  384 |                        0 |                        0 |       0 |
| model.predictor.transformer.layers.0.mlp.net.1          |               395264 |                        0 |                        0 |       0 |
| model.predictor.transformer.layers.0.mlp.net.2          |                    0 |                        0 |                        0 |       0 |
| model.predictor.transformer.layers.0.mlp.net.3          |                    0 |                        0 |                        0 |       0 |
| model.predictor.transformer.layers.0.mlp.net.4          |               393408 |                        0 |                        0 |       0 |
| model.predictor.transformer.layers.0.mlp.net.5          |                    0 |                        0 |                        0 |       0 |
| model.predictor.transformer.layers.0.norm1              |                    0 |                        0 |                        0 |       0 |
| model.predictor.transformer.layers.0.norm2              |                    0 |                        0 |                        0 |       0 |
| model.predictor.transformer.layers.0.adaLN_modulation   |               222336 |                        0 |                        0 |       0 |
| model.predictor.transformer.layers.0.adaLN_modulation.0 |                    0 |                        0 |                        0 |       0 |
| model.predictor.transformer.layers.0.adaLN_modulation.1 |               222336 |                        0 |                        0 |       0 |
| model.predictor.transformer.layers.1                    |              1798400 |                        0 |                        0 |       0 |
| model.predictor.transformer.layers.1.attn               |               787008 |                        0 |                        0 |       0 |
| model.predictor.transformer.layers.1.attn.norm          |                  384 |                        0 |                        0 |       0 |
| model.predictor.transformer.layers.1.attn.attend        |                    0 |                        0 |                        0 |       0 |
| model.predictor.transformer.layers.1.attn.to_qkv        |               589824 |                        0 |                        0 |       0 |
| model.predictor.transformer.layers.1.attn.to_out        |               196800 |                        0 |                        0 |       0 |
| model.predictor.transformer.layers.1.attn.to_out.0      |               196800 |                        0 |                        0 |       0 |
| model.predictor.transformer.layers.1.attn.to_out.1      |                    0 |                        0 |                        0 |       0 |
| model.predictor.transformer.layers.1.mlp                |               789056 |                        0 |                        0 |       0 |
| model.predictor.transformer.layers.1.mlp.net            |               789056 |                        0 |                        0 |       0 |
| model.predictor.transformer.layers.1.mlp.net.0          |                  384 |                        0 |                        0 |       0 |
| model.predictor.transformer.layers.1.mlp.net.1          |               395264 |                        0 |                        0 |       0 |
| model.predictor.transformer.layers.1.mlp.net.2          |                    0 |                        0 |                        0 |       0 |
| model.predictor.transformer.layers.1.mlp.net.3          |                    0 |                        0 |                        0 |       0 |
| model.predictor.transformer.layers.1.mlp.net.4          |               393408 |                        0 |                        0 |       0 |
| model.predictor.transformer.layers.1.mlp.net.5          |                    0 |                        0 |                        0 |       0 |
| model.predictor.transformer.layers.1.norm1              |                    0 |                        0 |                        0 |       0 |
| model.predictor.transformer.layers.1.norm2              |                    0 |                        0 |                        0 |       0 |
| model.predictor.transformer.layers.1.adaLN_modulation   |               222336 |                        0 |                        0 |       0 |
| model.predictor.transformer.layers.1.adaLN_modulation.0 |                    0 |                        0 |                        0 |       0 |
| model.predictor.transformer.layers.1.adaLN_modulation.1 |               222336 |                        0 |                        0 |       0 |
| model.predictor.transformer.layers.2                    |              1798400 |                        0 |                        0 |       0 |
| model.predictor.transformer.layers.2.attn               |               787008 |                        0 |                        0 |       0 |
| model.predictor.transformer.layers.2.attn.norm          |                  384 |                        0 |                        0 |       0 |
| model.predictor.transformer.layers.2.attn.attend        |                    0 |                        0 |                        0 |       0 |
| model.predictor.transformer.layers.2.attn.to_qkv        |               589824 |                        0 |                        0 |       0 |
| model.predictor.transformer.layers.2.attn.to_out        |               196800 |                        0 |                        0 |       0 |
| model.predictor.transformer.layers.2.attn.to_out.0      |               196800 |                        0 |                        0 |       0 |
| model.predictor.transformer.layers.2.attn.to_out.1      |                    0 |                        0 |                        0 |       0 |
| model.predictor.transformer.layers.2.mlp                |               789056 |                        0 |                        0 |       0 |
| model.predictor.transformer.layers.2.mlp.net            |               789056 |                        0 |                        0 |       0 |
| model.predictor.transformer.layers.2.mlp.net.0          |                  384 |                        0 |                        0 |       0 |
| model.predictor.transformer.layers.2.mlp.net.1          |               395264 |                        0 |                        0 |       0 |
| model.predictor.transformer.layers.2.mlp.net.2          |                    0 |                        0 |                        0 |       0 |
| model.predictor.transformer.layers.2.mlp.net.3          |                    0 |                        0 |                        0 |       0 |
| model.predictor.transformer.layers.2.mlp.net.4          |               393408 |                        0 |                        0 |       0 |
| model.predictor.transformer.layers.2.mlp.net.5          |                    0 |                        0 |                        0 |       0 |
| model.predictor.transformer.layers.2.norm1              |                    0 |                        0 |                        0 |       0 |
| model.predictor.transformer.layers.2.norm2              |                    0 |                        0 |                        0 |       0 |
| model.predictor.transformer.layers.2.adaLN_modulation   |               222336 |                        0 |                        0 |       0 |
| model.predictor.transformer.layers.2.adaLN_modulation.0 |                    0 |                        0 |                        0 |       0 |
| model.predictor.transformer.layers.2.adaLN_modulation.1 |               222336 |                        0 |                        0 |       0 |
| model.predictor.transformer.layers.3                    |              1798400 |                        0 |                        0 |       0 |
| model.predictor.transformer.layers.3.attn               |               787008 |                        0 |                        0 |       0 |
| model.predictor.transformer.layers.3.attn.norm          |                  384 |                        0 |                        0 |       0 |
| model.predictor.transformer.layers.3.attn.attend        |                    0 |                        0 |                        0 |       0 |
| model.predictor.transformer.layers.3.attn.to_qkv        |               589824 |                        0 |                        0 |       0 |
| model.predictor.transformer.layers.3.attn.to_out        |               196800 |                        0 |                        0 |       0 |
| model.predictor.transformer.layers.3.attn.to_out.0      |               196800 |                        0 |                        0 |       0 |
| model.predictor.transformer.layers.3.attn.to_out.1      |                    0 |                        0 |                        0 |       0 |
| model.predictor.transformer.layers.3.mlp                |               789056 |                        0 |                        0 |       0 |
| model.predictor.transformer.layers.3.mlp.net            |               789056 |                        0 |                        0 |       0 |
| model.predictor.transformer.layers.3.mlp.net.0          |                  384 |                        0 |                        0 |       0 |
| model.predictor.transformer.layers.3.mlp.net.1          |               395264 |                        0 |                        0 |       0 |
| model.predictor.transformer.layers.3.mlp.net.2          |                    0 |                        0 |                        0 |       0 |
| model.predictor.transformer.layers.3.mlp.net.3          |                    0 |                        0 |                        0 |       0 |
| model.predictor.transformer.layers.3.mlp.net.4          |               393408 |                        0 |                        0 |       0 |
| model.predictor.transformer.layers.3.mlp.net.5          |                    0 |                        0 |                        0 |       0 |
| model.predictor.transformer.layers.3.norm1              |                    0 |                        0 |                        0 |       0 |
| model.predictor.transformer.layers.3.norm2              |                    0 |                        0 |                        0 |       0 |
| model.predictor.transformer.layers.3.adaLN_modulation   |               222336 |                        0 |                        0 |       0 |
| model.predictor.transformer.layers.3.adaLN_modulation.0 |                    0 |                        0 |                        0 |       0 |
| model.predictor.transformer.layers.3.adaLN_modulation.1 |               222336 |                        0 |                        0 |       0 |
| model.predictor.transformer.layers.4                    |              1798400 |                        0 |                        0 |       0 |
| model.predictor.transformer.layers.4.attn               |               787008 |                        0 |                        0 |       0 |
| model.predictor.transformer.layers.4.attn.norm          |                  384 |                        0 |                        0 |       0 |
| model.predictor.transformer.layers.4.attn.attend        |                    0 |                        0 |                        0 |       0 |
| model.predictor.transformer.layers.4.attn.to_qkv        |               589824 |                        0 |                        0 |       0 |
| model.predictor.transformer.layers.4.attn.to_out        |               196800 |                        0 |                        0 |       0 |
| model.predictor.transformer.layers.4.attn.to_out.0      |               196800 |                        0 |                        0 |       0 |
| model.predictor.transformer.layers.4.attn.to_out.1      |                    0 |                        0 |                        0 |       0 |
| model.predictor.transformer.layers.4.mlp                |               789056 |                        0 |                        0 |       0 |
| model.predictor.transformer.layers.4.mlp.net            |               789056 |                        0 |                        0 |       0 |
| model.predictor.transformer.layers.4.mlp.net.0          |                  384 |                        0 |                        0 |       0 |
| model.predictor.transformer.layers.4.mlp.net.1          |               395264 |                        0 |                        0 |       0 |
| model.predictor.transformer.layers.4.mlp.net.2          |                    0 |                        0 |                        0 |       0 |
| model.predictor.transformer.layers.4.mlp.net.3          |                    0 |                        0 |                        0 |       0 |
| model.predictor.transformer.layers.4.mlp.net.4          |               393408 |                        0 |                        0 |       0 |
| model.predictor.transformer.layers.4.mlp.net.5          |                    0 |                        0 |                        0 |       0 |
| model.predictor.transformer.layers.4.norm1              |                    0 |                        0 |                        0 |       0 |
| model.predictor.transformer.layers.4.norm2              |                    0 |                        0 |                        0 |       0 |
| model.predictor.transformer.layers.4.adaLN_modulation   |               222336 |                        0 |                        0 |       0 |
| model.predictor.transformer.layers.4.adaLN_modulation.0 |                    0 |                        0 |                        0 |       0 |
| model.predictor.transformer.layers.4.adaLN_modulation.1 |               222336 |                        0 |                        0 |       0 |
| model.predictor.transformer.layers.5                    |              1798400 |                        0 |                        0 |       0 |
| model.predictor.transformer.layers.5.attn               |               787008 |                        0 |                        0 |       0 |
| model.predictor.transformer.layers.5.attn.norm          |                  384 |                        0 |                        0 |       0 |
| model.predictor.transformer.layers.5.attn.attend        |                    0 |                        0 |                        0 |       0 |
| model.predictor.transformer.layers.5.attn.to_qkv        |               589824 |                        0 |                        0 |       0 |
| model.predictor.transformer.layers.5.attn.to_out        |               196800 |                        0 |                        0 |       0 |
| model.predictor.transformer.layers.5.attn.to_out.0      |               196800 |                        0 |                        0 |       0 |
| model.predictor.transformer.layers.5.attn.to_out.1      |                    0 |                        0 |                        0 |       0 |
| model.predictor.transformer.layers.5.mlp                |               789056 |                        0 |                        0 |       0 |
| model.predictor.transformer.layers.5.mlp.net            |               789056 |                        0 |                        0 |       0 |
| model.predictor.transformer.layers.5.mlp.net.0          |                  384 |                        0 |                        0 |       0 |
| model.predictor.transformer.layers.5.mlp.net.1          |               395264 |                        0 |                        0 |       0 |
| model.predictor.transformer.layers.5.mlp.net.2          |                    0 |                        0 |                        0 |       0 |
| model.predictor.transformer.layers.5.mlp.net.3          |                    0 |                        0 |                        0 |       0 |
| model.predictor.transformer.layers.5.mlp.net.4          |               393408 |                        0 |                        0 |       0 |
| model.predictor.transformer.layers.5.mlp.net.5          |                    0 |                        0 |                        0 |       0 |
| model.predictor.transformer.layers.5.norm1              |                    0 |                        0 |                        0 |       0 |
| model.predictor.transformer.layers.5.norm2              |                    0 |                        0 |                        0 |       0 |
| model.predictor.transformer.layers.5.adaLN_modulation   |               222336 |                        0 |                        0 |       0 |
| model.predictor.transformer.layers.5.adaLN_modulation.0 |                    0 |                        0 |                        0 |       0 |
| model.predictor.transformer.layers.5.adaLN_modulation.1 |               222336 |                        0 |                        0 |       0 |
| model.predictor.transformer.input_proj                  |                    0 |                        0 |                        0 |       0 |
| model.predictor.transformer.cond_proj                   |                    0 |                        0 |                        0 |       0 |
| model.predictor.transformer.output_proj                 |                    0 |                        0 |                        0 |       0 |
| model.action_encoder                                    |               156126 |                        0 |                        0 |       0 |
| model.action_encoder.patch_embed                        |                   30 |                        0 |                        0 |       0 |
| model.action_encoder.embed                              |               156096 |                        0 |                        0 |       0 |
| model.action_encoder.embed.0                            |                 8448 |                        0 |                        0 |       0 |
| model.action_encoder.embed.1                            |                    0 |                        0 |                        0 |       0 |
| model.action_encoder.embed.2                            |               147648 |                        0 |                        0 |       0 |
| model.projector                                         |               792768 |                        0 |                        0 |    4097 |
| model.projector.net                                     |               792768 |                        0 |                        0 |    4097 |
| model.projector.net.0                                   |               395264 |                        0 |                        0 |       0 |
| model.projector.net.1                                   |                 4096 |                        0 |                        0 |    4097 |
| model.projector.net.2                                   |                    0 |                        0 |                        0 |       0 |
| model.projector.net.3                                   |               393408 |                        0 |                        0 |       0 |
| model.pred_proj                                         |               792768 |                        0 |                        0 |    4097 |
| model.pred_proj.net                                     |               792768 |                        0 |                        0 |    4097 |
| model.pred_proj.net.0                                   |               395264 |                        0 |                        0 |       0 |
| model.pred_proj.net.1                                   |                 4096 |                        0 |                        0 |    4097 |
| model.pred_proj.net.2                                   |                    0 |                        0 |                        0 |       0 |
| model.pred_proj.net.3                                   |               393408 |                        0 |                        0 |       0 |
| model.probe_head                                        |                  386 |                        0 |                        0 |       0 |
| model.dynamics                                          |                    2 |                        0 |                        0 |       0 |
| sigreg                                                  |                    0 |                        0 |                        0 |      51 |
+---------------------------------------------------------+----------------------+--------------------------+--------------------------+---------+
13:12:01 | WARN  | env_info.py | ! pip freeze failed: Command '['/home/likun-share/junjxu/wm/le-wm/.venv/bin/python', '-m', 'pip', 'freeze']' returned non-zero exit status 1.
13:12:01 | INFO  | utils.py    | ── SLURM ─────────────────────────────────────────
13:12:01 | OK    | env_info.py | ✓ Packages: 0 packages collected in 0.03s
13:12:01 | INFO  | trainer_inf~|   Job ID: N/A
13:12:01 | INFO  | trainer_inf~|   Task ID: N/A
13:12:01 | INFO  | trainer_inf~|   Job Name: N/A
13:12:01 | INFO  | trainer_inf~|   Nodes: N/A
13:12:01 | INFO  | trainer_inf~|   Tasks: N/A
13:12:01 | INFO  | trainer_inf~|   CPUs per node: N/A
13:12:01 | INFO  | trainer_inf~|   CPUs per task: N/A
13:12:01 | INFO  | trainer_inf~|   Memory per node: N/A
13:12:01 | INFO  | trainer_inf~|   Memory per CPU: N/A
13:12:01 | INFO  | trainer_inf~|   Time limit: N/A
13:12:01 | INFO  | trainer_inf~|   Partition: N/A
13:12:01 | INFO  | trainer_inf~|   Node List: N/A
13:12:01 | INFO  | trainer_inf~|   Submit Directory: N/A
13:12:01 | INFO  | utils.py    | ── HardwareMonitor ───────────────────────────────
13:12:01 | INFO  | hardware_mo~|   interval: 10.0s
13:12:01 | INFO  | hardware_mo~|   prefix:   'hardware/'
13:12:01 | INFO  | hardware_mo~|   metrics:  cpu=True ram=True disk=True net=True gpu=True
13:12:01 | INFO  | hardware_mo~|   per-rank: rank 0 only
LOCAL_RANK: 0 - CUDA_VISIBLE_DEVICES: [7]
13:12:01 | WARN  | hardware_mo~| HardwareMonitor: pynvml unavailable (ModuleNotFoundError("No module named 'pynvml'")); GPU metrics disabled.
13:12:01 | INFO  | utils.py    | ── Optimizers ────────────────────────────────────
13:12:01 | INFO  | module.py   |   Optimizer specified by Dict with keys ['model_opt']
13:12:01 | INFO  | module.py   | 
┏━━━━━━━━━━━━━┳━━━━━━━━━━━┳━━━━━━━━━━━━━━━━━━━┳━━━━━━━━━━━━━━━━━┳━━━━━━━━━━━━━━━━┳━━━━━━━━━━━━━━━━━━━━━━━━┓
┃ Optimizer   ┃ Pattern   ┃   Matched Modules ┃   Param Tensors ┃   Total Params ┃   RequiresGrad Tensors ┃
┣━━━━━━━━━━━━━╋━━━━━━━━━━━╋━━━━━━━━━━━━━━━━━━━╋━━━━━━━━━━━━━━━━━╋━━━━━━━━━━━━━━━━╋━━━━━━━━━━━━━━━━━━━━━━━━┫
┃ model_opt   ┃ model     ┃               318 ┃             300 ┃       18034786 ┃                    300 ┃
┗━━━━━━━━━━━━━┻━━━━━━━━━━━┻━━━━━━━━━━━━━━━━━━━┻━━━━━━━━━━━━━━━━━┻━━━━━━━━━━━━━━━━┻━━━━━━━━━━━━━━━━━━━━━━━━┛
13:12:01 | INFO  | lr_schedule~| 	User provided a dict
Loading `train_dataloader` to estimate number of stepping batches.
/home/likun-share/junjxu/wm/le-wm/.venv/lib/python3.10/site-packages/lance/__init__.py:320: UserWarning: lance is not fork-safe. If you are using multiprocessing, use spawn or forkserver instead.
  warnings.warn(
/usr/lib/python3.10/multiprocessing/popen_fork.py:66: RuntimeWarning: lancedb fork support is experimental: the internal async runtime has been reset in the forked child, but a small chance of deadlock remains if other state was mid-operation at fork time. The 'forkserver' or 'spawn' multiprocessing start method is likely a safer alternative.
  self.pid = os.fork()
/usr/lib/python3.10/multiprocessing/popen_fork.py:66: RuntimeWarning: lancedb fork support is experimental: the internal async runtime has been reset in the forked child, but a small chance of deadlock remains if other state was mid-operation at fork time. The 'forkserver' or 'spawn' multiprocessing start method is likely a safer alternative.
  self.pid = os.fork()
/usr/lib/python3.10/multiprocessing/popen_fork.py:66: RuntimeWarning: lancedb fork support is experimental: the internal async runtime has been reset in the forked child, but a small chance of deadlock remains if other state was mid-operation at fork time. The 'forkserver' or 'spawn' multiprocessing start method is likely a safer alternative.
  self.pid = os.fork()
/home/likun-share/junjxu/wm/le-wm/.venv/lib/python3.10/site-packages/lance/__init__.py:320: UserWarning: lance is not fork-safe. If you are using multiprocessing, use spawn or forkserver instead.
  warnings.warn(
/usr/lib/python3.10/multiprocessing/popen_fork.py:66: RuntimeWarning: lancedb fork support is experimental: the internal async runtime has been reset in the forked child, but a small chance of deadlock remains if other state was mid-operation at fork time. The 'forkserver' or 'spawn' multiprocessing start method is likely a safer alternative.
  self.pid = os.fork()
/usr/lib/python3.10/multiprocessing/popen_fork.py:66: RuntimeWarning: lancedb fork support is experimental: the internal async runtime has been reset in the forked child, but a small chance of deadlock remains if other state was mid-operation at fork time. The 'forkserver' or 'spawn' multiprocessing start method is likely a safer alternative.
  self.pid = os.fork()
/usr/lib/python3.10/multiprocessing/popen_fork.py:66: RuntimeWarning: lancedb fork support is experimental: the internal async runtime has been reset in the forked child, but a small chance of deadlock remains if other state was mid-operation at fork time. The 'forkserver' or 'spawn' multiprocessing start method is likely a safer alternative.
  self.pid = os.fork()
13:12:01 | INFO  | module.py   |   Configured optimizer 'model_opt' (modules=318, param_tensors=300, total_params=18034786) with LinearWarmupCosineAnnealingLR scheduler.
/home/likun-share/junjxu/wm/le-wm/.venv/lib/python3.10/site-packages/lightning/pytorch/utilities/model_summary/model_summary.py:242: Precision bf16-mixed is not supported by the model summary.  Estimated model size in MB will not be accurate. Using 32 bits instead.
┏━━━┳━━━━━━━━━━━━━━━━━━━┳━━━━━━━━━━━━┳━━━━━━━━┳━━━━━━━┳━━━━━━━┓
┃   ┃ Name              ┃ Type       ┃ Params ┃ Mode  ┃ FLOPs ┃
┡━━━╇━━━━━━━━━━━━━━━━━━━╇━━━━━━━━━━━━╇━━━━━━━━╇━━━━━━━╇━━━━━━━┩
│ 0 │ callbacks_modules │ ModuleDict │      0 │ train │     0 │
│ 1 │ callbacks_metrics │ ModuleDict │      0 │ train │     0 │
│ 2 │ model             │ JEPA       │ 18.0 M │ train │     0 │
│ 3 │ sigreg            │ SIGReg     │      0 │ train │     0 │
└───┴───────────────────┴────────────┴────────┴───────┴───────┘
Trainable params: 18.0 M                                                        
Non-trainable params: 0                                                         
Total params: 18.0 M                                                            
Total estimated model params size (MB): 72.139                                  
Modules in train mode: 321                                                      
Modules in eval mode: 0                                                         
Total FLOPs: 0                                                                  
13:12:01 | INFO  | logger.py   | [RegistryLogger] summary.json flushed (0 metrics, step=0, epoch=0) → /data1/likun-share/junjxu/.cache_stable-pretraining/runs/20260722/131159/ad72a3772377/summary.json
/usr/lib/python3.10/multiprocessing/popen_fork.py:66: RuntimeWarning: lancedb fork support is experimental: the internal async runtime has been reset in the forked child, but a small chance of deadlock remains if other state was mid-operation at fork time. The 'forkserver' or 'spawn' multiprocessing start method is likely a safer alternative.
  self.pid = os.fork()
/usr/lib/python3.10/multiprocessing/popen_fork.py:66: RuntimeWarning: lancedb fork support is experimental: the internal async runtime has been reset in the forked child, but a small chance of deadlock remains if other state was mid-operation at fork time. The 'forkserver' or 'spawn' multiprocessing start method is likely a safer alternative.
  self.pid = os.fork()
/usr/lib/python3.10/multiprocessing/popen_fork.py:66: RuntimeWarning: lancedb fork support is experimental: the internal async runtime has been reset in the forked child, but a small chance of deadlock remains if other state was mid-operation at fork time. The 'forkserver' or 'spawn' multiprocessing start method is likely a safer alternative.
  self.pid = os.fork()
/usr/lib/python3.10/multiprocessing/popen_fork.py:66: RuntimeWarning: lancedb fork support is experimental: the internal async runtime has been reset in the forked child, but a small chance of deadlock remains if other state was mid-operation at fork time. The 'forkserver' or 'spawn' multiprocessing start method is likely a safer alternative.
  self.pid = os.fork()
/usr/lib/python3.10/multiprocessing/popen_fork.py:66: RuntimeWarning: lancedb fork support is experimental: the internal async runtime has been reset in the forked child, but a small chance of deadlock remains if other state was mid-operation at fork time. The 'forkserver' or 'spawn' multiprocessing start method is likely a safer alternative.
  self.pid = os.fork()
/usr/lib/python3.10/multiprocessing/popen_fork.py:66: RuntimeWarning: lancedb fork support is experimental: the internal async runtime has been reset in the forked child, but a small chance of deadlock remains if other state was mid-operation at fork time. The 'forkserver' or 'spawn' multiprocessing start method is likely a safer alternative.
  self.pid = os.fork()
13:12:11 | WARN  | env_info.py | ! nvidia-smi timed out
13:12:11 | OK    | env_info.py | ✓ Git: fig2-threeseed-completion @ 96258496
13:12:11 | INFO  | env_info.py |   Remote: git@github.com-xuustc99:XuUSTC99/wm.git
13:12:11 | WARN  | env_info.py | ! Working directory has uncommitted changes
13:12:11 | OK    | env_info.py | ✓ Environment: 4 relevant variables captured
13:12:11 | INFO  | env_info.py |   Serializing environment data...
13:12:11 | INFO  | env_info.py |   File exists, using version 592: environment_v592.json
13:12:11 | INFO  | env_info.py |   File exists, using version 594: requirements_frozen_v594.txt
13:12:11 | INFO  | env_info.py |   Save directory: /home/likun-share/.cache/stable-pretraining
13:12:11 | INFO  | env_info.py |   Writing environment to temp file...
13:12:11 | INFO  | env_info.py |   Moving to: environment_v592.json
13:12:11 | OK    | env_info.py | ✓ Environment file saved (2.0 KB)
13:12:11 | OK    | env_info.py | ✓ Requirements file saved (0.1 KB)
/home/likun-share/junjxu/wm/le-wm/.venv/lib/python3.10/site-packages/lightning/pytorch/utilities/data.py:79: Trying to infer the `batch_size` from an ambiguous collection. The batch size we found is 64. To avoid any miscalculations, use `self.log(..., batch_size=batch_size)`.
13:12:12 | INFO  | trainer_inf~| \n+--------------------------------+---------------------+
|             Metric             |        Value        |
+--------------------------------+---------------------+
|         [0;34;40mvalidate/loss[0m          |  [0;32;40m3.4628281593322754[0m |
|      [0;34;40mvalidate/loss_epoch[0m       |  [0;32;40m3.4628281593322754[0m |
|       [0;34;40mvalidate/pred_loss[0m       | [0;32;40m0.09005125612020493[0m |
|    [0;34;40mvalidate/pred_loss_epoch[0m    | [0;32;40m0.09005125612020493[0m |
|      [0;34;40mvalidate/sigreg_loss[0m      |        [0;32;40m27.75[0m        |
|   [0;34;40mvalidate/sigreg_loss_epoch[0m   |        [0;32;40m27.75[0m        |
|    [0;34;40mvalidate/structured_loss[0m    |  [0;32;40m0.8727771043777466[0m |
| [0;34;40mvalidate/structured_loss_epoch[0m |  [0;32;40m0.8727771043777466[0m |
+--------------------------------+---------------------+
13:12:12 | WARN  | hf_models.py| ! No Hugging Face (PreTrainedModel) submodules found in LightningModule.
13:12:12 | INFO  | utils.py    | ── Optimizers ────────────────────────────────────
13:12:12 | INFO  | module.py   |   self.optimizers() gave us 1 optimizers
13:12:12 | WARN  | module.py   | ! No clip val found for optimizer default_0
13:12:12 | WARN  | module.py   | ! Will use the Trainer's value of 1.0
13:12:12 | WARN  | module.py   | ! No clip algorithm found for optimizer default_0
13:12:12 | WARN  | module.py   | ! Will use the Trainer's value of None
13:12:12 | OK    | module.py   | ✓ Optimizer check complete:
+------------+-----------+----------------+-----------+-----------+
| Opt. Index | Opt. name |      opt       | clip val. | clip alg. |
+------------+-----------+----------------+-----------+-----------+
|     0      | default_0 | LightningAdamW |    1.0    |    None   |
+------------+-----------+----------------+-----------+-----------+
13:12:12 | INFO  | utils.py    | ── LogUnusedParametersOnce ───────────────────────
13:12:12 | INFO  | unused_para~|   registered hooks on 300 leaf parameters
13:12:14 | WARN  | unused_para~| ! the following parameters did NOT receive gradients on the first backward pass (potentially causing Lightning's 'unused parameters' error):
13:12:14 | WARN  | unused_para~|   model.probe_head.weight
13:12:14 | WARN  | unused_para~|   model.probe_head.bias
13:12:14 | INFO  | unused_para~|   hooks removed, callback disabled
[Epoch 0/60] step 50/309 (2.5 it/s)
[Epoch 0/60] step 100/309 (2.7 it/s)
[Epoch 0/60] step 150/309 (2.8 it/s)
[Epoch 0/60] step 200/309 (2.7 it/s)
[Epoch 0/60] step 250/309 (2.8 it/s)
[Epoch 0/60] step 300/309 (2.9 it/s)
/home/likun-share/junjxu/wm/le-wm/.venv/lib/python3.10/site-packages/lightning/pytorch/utilities/data.py:79: Trying to infer the `batch_size` from an ambiguous collection. The batch size we found is 23. To avoid any miscalculations, use `self.log(..., batch_size=batch_size)`.
13:14:10 | INFO  | trainer_inf~| \n+--------------------------------+------------------------+
|             Metric             |         Value          |
+--------------------------------+------------------------+
|            [0;34;40mfit/loss[0m            |   [0;32;40m1.5667181015014648[0m   |
|         [0;34;40mfit/pred_loss[0m          |  [0;32;40m0.22284333407878876[0m   |
|        [0;34;40mfit/sigreg_loss[0m         |         [0;32;40m5.5625[0m         |
|      [0;34;40mfit/structured_loss[0m       |   [0;32;40m0.8438746929168701[0m   |
|      [0;34;40mhardware/cpu_percent[0m      |   [0;32;40m52.70000076293945[0m    |
|    [0;34;40mhardware/disk_read_mb_s[0m     |          [0;32;40m0.0[0m           |
|    [0;34;40mhardware/disk_write_mb_s[0m    |   [0;32;40m1.369798183441162[0m    |
|     [0;34;40mhardware/net_recv_mb_s[0m     |   [0;32;40m0.5703432559967041[0m   |
|     [0;34;40mhardware/net_sent_mb_s[0m     |   [0;32;40m0.2936912178993225[0m   |
|      [0;34;40mhardware/ram_used_gb[0m      |   [0;32;40m267.2640075683594[0m    |
|     [0;34;40mhardware/ram_used_pct[0m      |          [0;32;40m26.5[0m          |
|      [0;34;40mhparams/lr_default_0[0m      | [0;32;40m1.9997747585875914e-05[0m |
|         [0;34;40mvalidate/loss[0m          |   [0;32;40m22.83798599243164[0m    |
|      [0;34;40mvalidate/loss_epoch[0m       |   [0;32;40m22.83798599243164[0m    |
|       [0;34;40mvalidate/pred_loss[0m       |   [0;32;40m10.324997901916504[0m   |
|    [0;34;40mvalidate/pred_loss_epoch[0m    |   [0;32;40m10.324997901916504[0m   |
|      [0;34;40mvalidate/sigreg_loss[0m      |   [0;32;40m123.49909210205078[0m   |
|   [0;34;40mvalidate/sigreg_loss_epoch[0m   |   [0;32;40m123.49909210205078[0m   |
|    [0;34;40mvalidate/structured_loss[0m    |   [0;32;40m1.3978618383407593[0m   |
| [0;34;40mvalidate/structured_loss_epoch[0m |   [0;32;40m1.3978618383407593[0m   |
+--------------------------------+------------------------+
[Epoch 0/60] done in 117.9s
13:14:10 | INFO  | checkpoint_~|   Checking for non PyTorch modules to save
13:14:10 | INFO  | atomic_chec~| [atomic_save] → /data1/likun-share/junjxu/.cache_stable-pretraining/runs/20260722/131159/ad72a3772377/checkpoints/epoch=0-step=309.ckpt
13:14:10 | INFO  | atomic_chec~| [atomic_save] ✓ epoch=0-step=309.ckpt saved (206.8 MiB, serialise=0.34s write=0.29s rename=0.0ms)
13:14:10 | INFO  | checkpoint_~|   Checking for non PyTorch modules to save
13:14:10 | INFO  | atomic_chec~| [atomic_save] → /data1/likun-share/junjxu/.cache_stable-pretraining/runs/20260722/131159/ad72a3772377/checkpoints/last.ckpt
13:14:11 | INFO  | atomic_chec~| [atomic_save] ✓ last.ckpt saved (206.8 MiB, serialise=0.42s write=0.30s rename=0.0ms)
[Epoch 1/60] step 50/309 (2.5 it/s)
[Epoch 1/60] step 100/309 (2.6 it/s)
[Epoch 1/60] step 150/309 (2.7 it/s)
[Epoch 1/60] step 200/309 (2.8 it/s)
[Epoch 1/60] step 250/309 (2.8 it/s)
[Epoch 1/60] step 300/309 (2.8 it/s)
13:16:11 | INFO  | trainer_inf~| \n+--------------------------------+------------------------+
|             Metric             |         Value          |
+--------------------------------+------------------------+
|            [0;34;40mfit/loss[0m            |   [0;32;40m0.7638587355613708[0m   |
|         [0;34;40mfit/pred_loss[0m          |  [0;32;40m0.13529181480407715[0m   |
|        [0;34;40mfit/sigreg_loss[0m         |        [0;32;40m4.96875[0m         |
|      [0;34;40mfit/structured_loss[0m       |   [0;32;40m0.1813012957572937[0m   |
|      [0;34;40mhardware/cpu_percent[0m      |   [0;32;40m52.29999923706055[0m    |
|    [0;34;40mhardware/disk_read_mb_s[0m     |          [0;32;40m0.0[0m           |
|    [0;34;40mhardware/disk_write_mb_s[0m    |   [0;32;40m1.5783659219741821[0m   |
|     [0;34;40mhardware/net_recv_mb_s[0m     |   [0;32;40m1.1993441581726074[0m   |
|     [0;34;40mhardware/net_sent_mb_s[0m     |   [0;32;40m1.729056477546692[0m    |
|      [0;34;40mhardware/ram_used_gb[0m      |   [0;32;40m279.33782958984375[0m   |
|     [0;34;40mhardware/ram_used_pct[0m      |   [0;32;40m27.700000762939453[0m   |
|      [0;34;40mhparams/lr_default_0[0m      | [0;32;40m1.9972550944657996e-05[0m |
|         [0;34;40mvalidate/loss[0m          |   [0;32;40m8.805745124816895[0m    |
|      [0;34;40mvalidate/loss_epoch[0m       |   [0;32;40m8.805745124816895[0m    |
|       [0;34;40mvalidate/pred_loss[0m       |   [0;32;40m0.9289599657058716[0m   |
|    [0;34;40mvalidate/pred_loss_epoch[0m    |   [0;32;40m0.9289599657058716[0m   |
|      [0;34;40mvalidate/sigreg_loss[0m      |   [0;32;40m44.66945266723633[0m    |
|   [0;34;40mvalidate/sigreg_loss_epoch[0m   |   [0;32;40m44.66945266723633[0m    |
|    [0;34;40mvalidate/structured_loss[0m    |   [0;32;40m3.8595685958862305[0m   |
| [0;34;40mvalidate/structured_loss_epoch[0m |   [0;32;40m3.8595685958862305[0m   |
+--------------------------------+------------------------+
[Epoch 1/60] done in 119.5s
13:16:11 | INFO  | checkpoint_~|   Checking for non PyTorch modules to save
13:16:11 | INFO  | atomic_chec~| [atomic_save] → /data1/likun-share/junjxu/.cache_stable-pretraining/runs/20260722/131159/ad72a3772377/checkpoints/epoch=1-step=618.ckpt
13:16:11 | INFO  | atomic_chec~| [atomic_save] ✓ epoch=1-step=618.ckpt saved (206.8 MiB, serialise=0.35s write=0.32s rename=0.1ms)
13:16:11 | INFO  | checkpoint_~|   Checking for non PyTorch modules to save
13:16:11 | INFO  | atomic_chec~| [atomic_save] → /data1/likun-share/junjxu/.cache_stable-pretraining/runs/20260722/131159/ad72a3772377/checkpoints/last.ckpt
13:16:13 | INFO  | atomic_chec~| [atomic_save] ✓ last.ckpt saved (206.8 MiB, serialise=0.83s write=0.27s rename=41.2ms)
[Epoch 2/60] step 50/309 (2.5 it/s)
[Epoch 2/60] step 100/309 (2.7 it/s)
[Epoch 2/60] step 150/309 (2.9 it/s)
[Epoch 2/60] step 200/309 (2.9 it/s)
[Epoch 2/60] step 250/309 (2.9 it/s)
[Epoch 2/60] step 300/309 (2.9 it/s)
13:18:08 | INFO  | trainer_inf~| \n+--------------------------------+------------------------+
|             Metric             |         Value          |
+--------------------------------+------------------------+
|            [0;34;40mfit/loss[0m            |   [0;32;40m0.6812993288040161[0m   |
|         [0;34;40mfit/pred_loss[0m          |  [0;32;40m0.09472745656967163[0m   |
|        [0;34;40mfit/sigreg_loss[0m         |        [0;32;40m5.09375[0m         |
|      [0;34;40mfit/structured_loss[0m       |  [0;32;40m0.12758751213550568[0m   |
|      [0;34;40mhardware/cpu_percent[0m      |   [0;32;40m48.20000076293945[0m    |
|    [0;34;40mhardware/disk_read_mb_s[0m     |          [0;32;40m0.0[0m           |
|    [0;34;40mhardware/disk_write_mb_s[0m    |   [0;32;40m0.5115192532539368[0m   |
|     [0;34;40mhardware/net_recv_mb_s[0m     |   [0;32;40m0.6042852997779846[0m   |
|     [0;34;40mhardware/net_sent_mb_s[0m     |   [0;32;40m1.730528473854065[0m    |
|      [0;34;40mhardware/ram_used_gb[0m      |    [0;32;40m275.313720703125[0m    |
|     [0;34;40mhardware/ram_used_pct[0m      |   [0;32;40m27.299999237060547[0m   |
|      [0;34;40mhparams/lr_default_0[0m      | [0;32;40m1.9919465557904914e-05[0m |
|         [0;34;40mvalidate/loss[0m          |   [0;32;40m5.278536796569824[0m    |
|      [0;34;40mvalidate/loss_epoch[0m       |   [0;32;40m5.278536796569824[0m    |
|       [0;34;40mvalidate/pred_loss[0m       |   [0;32;40m0.5688623189926147[0m   |
|    [0;34;40mvalidate/pred_loss_epoch[0m    |   [0;32;40m0.5688623189926147[0m   |
|      [0;34;40mvalidate/sigreg_loss[0m      |   [0;32;40m22.56429100036621[0m    |
|   [0;34;40mvalidate/sigreg_loss_epoch[0m   |   [0;32;40m22.56429100036621[0m    |
|    [0;34;40mvalidate/structured_loss[0m    |   [0;32;40m2.6788418292999268[0m   |
| [0;34;40mvalidate/structured_loss_epoch[0m |   [0;32;40m2.6788418292999268[0m   |
+--------------------------------+------------------------+
[Epoch 2/60] done in 115.5s
13:18:08 | INFO  | checkpoint_~|   Checking for non PyTorch modules to save
13:18:08 | INFO  | atomic_chec~| [atomic_save] → /data1/likun-share/junjxu/.cache_stable-pretraining/runs/20260722/131159/ad72a3772377/checkpoints/epoch=2-step=927.ckpt
13:18:09 | INFO  | atomic_chec~| [atomic_save] ✓ epoch=2-step=927.ckpt saved (206.8 MiB, serialise=0.32s write=0.29s rename=0.0ms)
13:18:09 | INFO  | checkpoint_~|   Checking for non PyTorch modules to save
13:18:09 | INFO  | atomic_chec~| [atomic_save] → /data1/likun-share/junjxu/.cache_stable-pretraining/runs/20260722/131159/ad72a3772377/checkpoints/last.ckpt
13:18:09 | INFO  | atomic_chec~| [atomic_save] ✓ last.ckpt saved (206.8 MiB, serialise=0.35s write=0.25s rename=31.3ms)
[Epoch 3/60] step 50/309 (2.7 it/s)
[Epoch 3/60] step 100/309 (2.9 it/s)
[Epoch 3/60] step 150/309 (2.9 it/s)
[Epoch 3/60] step 200/309 (2.9 it/s)
[Epoch 3/60] step 250/309 (2.9 it/s)
[Epoch 3/60] step 300/309 (2.9 it/s)
13:20:06 | INFO  | trainer_inf~| \n+--------------------------------+------------------------+
|             Metric             |         Value          |
+--------------------------------+------------------------+
|            [0;34;40mfit/loss[0m            |   [0;32;40m0.6460369825363159[0m   |
|         [0;34;40mfit/pred_loss[0m          |  [0;32;40m0.08971672505140305[0m   |
|        [0;34;40mfit/sigreg_loss[0m         |        [0;32;40m4.84375[0m         |
|      [0;34;40mfit/structured_loss[0m       |  [0;32;40m0.12077339738607407[0m   |
|      [0;34;40mhardware/cpu_percent[0m      |   [0;32;40m49.099998474121094[0m   |
|    [0;34;40mhardware/disk_read_mb_s[0m     |          [0;32;40m0.0[0m           |
|    [0;34;40mhardware/disk_write_mb_s[0m    |   [0;32;40m0.7036257386207581[0m   |
|     [0;34;40mhardware/net_recv_mb_s[0m     |   [0;32;40m0.0608137883245945[0m   |
|     [0;34;40mhardware/net_sent_mb_s[0m     |   [0;32;40m0.0727892592549324[0m   |
|      [0;34;40mhardware/ram_used_gb[0m      |   [0;32;40m271.81195068359375[0m   |
|     [0;34;40mhardware/ram_used_pct[0m      |          [0;32;40m27.0[0m          |
|      [0;34;40mhparams/lr_default_0[0m      | [0;32;40m1.9838640582747757e-05[0m |
|         [0;34;40mvalidate/loss[0m          |   [0;32;40m7.193890571594238[0m    |
|      [0;34;40mvalidate/loss_epoch[0m       |   [0;32;40m7.193890571594238[0m    |
|       [0;34;40mvalidate/pred_loss[0m       |   [0;32;40m0.4498066008090973[0m   |
|    [0;34;40mvalidate/pred_loss_epoch[0m    |   [0;32;40m0.4498066008090973[0m   |
|      [0;34;40mvalidate/sigreg_loss[0m      |   [0;32;40m46.58378982543945[0m    |
|   [0;34;40mvalidate/sigreg_loss_epoch[0m   |   [0;32;40m46.58378982543945[0m    |
|    [0;34;40mvalidate/structured_loss[0m    |   [0;32;40m2.5505406856536865[0m   |
| [0;34;40mvalidate/structured_loss_epoch[0m |   [0;32;40m2.5505406856536865[0m   |
+--------------------------------+------------------------+
[Epoch 3/60] done in 116.5s
13:20:06 | INFO  | checkpoint_~|   Checking for non PyTorch modules to save
13:20:06 | INFO  | atomic_chec~| [atomic_save] → /data1/likun-share/junjxu/.cache_stable-pretraining/runs/20260722/131159/ad72a3772377/checkpoints/epoch=3-step=1236.ckpt
13:20:07 | INFO  | atomic_chec~| [atomic_save] ✓ epoch=3-step=1236.ckpt saved (206.8 MiB, serialise=0.40s write=0.29s rename=0.1ms)
13:20:07 | INFO  | checkpoint_~|   Checking for non PyTorch modules to save
13:20:07 | INFO  | atomic_chec~| [atomic_save] → /data1/likun-share/junjxu/.cache_stable-pretraining/runs/20260722/131159/ad72a3772377/checkpoints/last.ckpt
13:20:07 | INFO  | atomic_chec~| [atomic_save] ✓ last.ckpt saved (206.8 MiB, serialise=0.37s write=0.27s rename=35.6ms)
[Epoch 4/60] step 50/309 (2.6 it/s)
[Epoch 4/60] step 100/309 (2.8 it/s)
[Epoch 4/60] step 150/309 (2.9 it/s)
[Epoch 4/60] step 200/309 (2.9 it/s)
[Epoch 4/60] step 250/309 (2.9 it/s)
[Epoch 4/60] step 300/309 (2.9 it/s)
13:22:04 | INFO  | trainer_inf~| \n+--------------------------------+-----------------------+
|             Metric             |         Value         |
+--------------------------------+-----------------------+
|            [0;34;40mfit/loss[0m            |  [0;32;40m0.46326056122779846[0m  |
|         [0;34;40mfit/pred_loss[0m          |  [0;32;40m0.052051883190870285[0m |
|        [0;34;40mfit/sigreg_loss[0m         |         [0;32;40m3.9375[0m        |
|      [0;34;40mfit/structured_loss[0m       |  [0;32;40m0.05769307166337967[0m  |
|      [0;34;40mhardware/cpu_percent[0m      |          [0;32;40m46.5[0m         |
|    [0;34;40mhardware/disk_read_mb_s[0m     |  [0;32;40m0.04334314167499542[0m  |
|    [0;34;40mhardware/disk_write_mb_s[0m    |    [0;32;40m66.8113021850586[0m   |
|     [0;34;40mhardware/net_recv_mb_s[0m     |  [0;32;40m0.029226800426840782[0m |
|     [0;34;40mhardware/net_sent_mb_s[0m     |  [0;32;40m0.02769748866558075[0m  |
|      [0;34;40mhardware/ram_used_gb[0m      |   [0;32;40m264.8428955078125[0m   |
|     [0;34;40mhardware/ram_used_pct[0m      |   [0;32;40m26.299999237060547[0m  |
|      [0;34;40mhparams/lr_default_0[0m      | [0;32;40m1.973030339286197e-05[0m |
|         [0;34;40mvalidate/loss[0m          |   [0;32;40m2.959242105484009[0m   |
|      [0;34;40mvalidate/loss_epoch[0m       |   [0;32;40m2.959242105484009[0m   |
|       [0;34;40mvalidate/pred_loss[0m       |  [0;32;40m0.12340385466814041[0m  |
|    [0;34;40mvalidate/pred_loss_epoch[0m    |  [0;32;40m0.12340385466814041[0m  |
|      [0;34;40mvalidate/sigreg_loss[0m      |   [0;32;40m17.875625610351562[0m  |
|   [0;34;40mvalidate/sigreg_loss_epoch[0m   |   [0;32;40m17.875625610351562[0m  |
|    [0;34;40mvalidate/structured_loss[0m    |   [0;32;40m1.2275878190994263[0m  |
| [0;34;40mvalidate/structured_loss_epoch[0m |   [0;32;40m1.2275878190994263[0m  |
+--------------------------------+-----------------------+
[Epoch 4/60] done in 116.6s
13:22:04 | INFO  | checkpoint_~|   Checking for non PyTorch modules to save
13:22:04 | INFO  | atomic_chec~| [atomic_save] → /data1/likun-share/junjxu/.cache_stable-pretraining/runs/20260722/131159/ad72a3772377/checkpoints/epoch=4-step=1545.ckpt
13:22:05 | INFO  | atomic_chec~| [atomic_save] ✓ epoch=4-step=1545.ckpt saved (206.8 MiB, serialise=0.39s write=0.25s rename=0.0ms)
13:22:05 | INFO  | checkpoint_~|   Checking for non PyTorch modules to save
13:22:05 | INFO  | atomic_chec~| [atomic_save] → /data1/likun-share/junjxu/.cache_stable-pretraining/runs/20260722/131159/ad72a3772377/checkpoints/last.ckpt
13:22:05 | INFO  | atomic_chec~| [atomic_save] ✓ last.ckpt saved (206.8 MiB, serialise=0.32s write=0.29s rename=30.1ms)
[Epoch 5/60] step 50/309 (2.6 it/s)
[Epoch 5/60] step 100/309 (2.8 it/s)
[Epoch 5/60] step 150/309 (2.8 it/s)
[Epoch 5/60] step 200/309 (2.8 it/s)
[Epoch 5/60] step 250/309 (2.9 it/s)
[Epoch 5/60] step 300/309 (2.9 it/s)
13:24:03 | INFO  | trainer_inf~| \n+--------------------------------+------------------------+
|             Metric             |         Value          |
+--------------------------------+------------------------+
|            [0;34;40mfit/loss[0m            |   [0;32;40m0.4577831029891968[0m   |
|         [0;34;40mfit/pred_loss[0m          |  [0;32;40m0.04880041629076004[0m   |
|        [0;34;40mfit/sigreg_loss[0m         |         [0;32;40m3.3125[0m         |
|      [0;34;40mfit/structured_loss[0m       |  [0;32;40m0.11015456914901733[0m   |
|      [0;34;40mhardware/cpu_percent[0m      |   [0;32;40m46.20000076293945[0m    |
|    [0;34;40mhardware/disk_read_mb_s[0m     |          [0;32;40m0.0[0m           |
|    [0;34;40mhardware/disk_write_mb_s[0m    |   [0;32;40m42.14093017578125[0m    |
|     [0;34;40mhardware/net_recv_mb_s[0m     |  [0;32;40m0.09455294907093048[0m   |
|     [0;34;40mhardware/net_sent_mb_s[0m     |  [0;32;40m0.21293261647224426[0m   |
|      [0;34;40mhardware/ram_used_gb[0m      |   [0;32;40m268.6739196777344[0m    |
|     [0;34;40mhardware/ram_used_pct[0m      |   [0;32;40m26.700000762939453[0m   |
|      [0;34;40mhparams/lr_default_0[0m      | [0;32;40m1.9594754121499136e-05[0m |
|         [0;34;40mvalidate/loss[0m          |   [0;32;40m2.104017972946167[0m    |
|      [0;34;40mvalidate/loss_epoch[0m       |   [0;32;40m2.104017972946167[0m    |
|       [0;34;40mvalidate/pred_loss[0m       |  [0;32;40m0.15422430634498596[0m   |
|    [0;34;40mvalidate/pred_loss_epoch[0m    |  [0;32;40m0.15422430634498596[0m   |
|      [0;34;40mvalidate/sigreg_loss[0m      |   [0;32;40m10.370253562927246[0m   |
|   [0;34;40mvalidate/sigreg_loss_epoch[0m   |   [0;32;40m10.370253562927246[0m   |
|    [0;34;40mvalidate/structured_loss[0m    |   [0;32;40m1.0162450075149536[0m   |
| [0;34;40mvalidate/structured_loss_epoch[0m |   [0;32;40m1.0162450075149536[0m   |
+--------------------------------+------------------------+
[Epoch 5/60] done in 118.1s
13:24:03 | INFO  | checkpoint_~|   Checking for non PyTorch modules to save
13:24:03 | INFO  | atomic_chec~| [atomic_save] → /data1/likun-share/junjxu/.cache_stable-pretraining/runs/20260722/131159/ad72a3772377/checkpoints/epoch=5-step=1854.ckpt
13:24:04 | INFO  | atomic_chec~| [atomic_save] ✓ epoch=5-step=1854.ckpt saved (206.8 MiB, serialise=0.38s write=0.30s rename=0.1ms)
13:24:04 | INFO  | checkpoint_~|   Checking for non PyTorch modules to save
13:24:04 | INFO  | atomic_chec~| [atomic_save] → /data1/likun-share/junjxu/.cache_stable-pretraining/runs/20260722/131159/ad72a3772377/checkpoints/last.ckpt
13:24:05 | INFO  | atomic_chec~| [atomic_save] ✓ last.ckpt saved (206.8 MiB, serialise=0.39s write=0.29s rename=36.2ms)
[Epoch 6/60] step 50/309 (2.3 it/s)
[Epoch 6/60] step 100/309 (2.6 it/s)
[Epoch 6/60] step 150/309 (2.8 it/s)
[Epoch 6/60] step 200/309 (2.9 it/s)
[Epoch 6/60] step 250/309 (2.9 it/s)
[Epoch 6/60] step 300/309 (2.9 it/s)
13:26:02 | INFO  | trainer_inf~| \n+--------------------------------+----------------------+
|             Metric             |        Value         |
+--------------------------------+----------------------+
|            [0;34;40mfit/loss[0m            | [0;32;40m0.40430837869644165[0m  |
|         [0;34;40mfit/pred_loss[0m          | [0;32;40m0.04476533457636833[0m  |
|        [0;34;40mfit/sigreg_loss[0m         |       [0;32;40m3.359375[0m       |
|      [0;34;40mfit/structured_loss[0m       | [0;32;40m0.05680868402123451[0m  |
|      [0;34;40mhardware/cpu_percent[0m      |         [0;32;40m49.0[0m         |
|    [0;34;40mhardware/disk_read_mb_s[0m     | [0;32;40m0.000780954142101109[0m |
|    [0;34;40mhardware/disk_write_mb_s[0m    | [0;32;40m0.24639104306697845[0m  |
|     [0;34;40mhardware/net_recv_mb_s[0m     | [0;32;40m0.03356768190860748[0m  |
|     [0;34;40mhardware/net_sent_mb_s[0m     | [0;32;40m0.06858592480421066[0m  |
|      [0;34;40mhardware/ram_used_gb[0m      |   [0;32;40m273.448486328125[0m   |
|     [0;34;40mhardware/ram_used_pct[0m      |  [0;32;40m27.100000381469727[0m  |
|      [0;34;40mhparams/lr_default_0[0m      | [0;32;40m1.9432374756434e-05[0m  |
|         [0;34;40mvalidate/loss[0m          |  [0;32;40m0.885440468788147[0m   |
|      [0;34;40mvalidate/loss_epoch[0m       |  [0;32;40m0.885440468788147[0m   |
|       [0;34;40mvalidate/pred_loss[0m       | [0;32;40m0.09517467021942139[0m  |
|    [0;34;40mvalidate/pred_loss_epoch[0m    | [0;32;40m0.09517467021942139[0m  |
|      [0;34;40mvalidate/sigreg_loss[0m      |  [0;32;40m6.588513374328613[0m   |
|   [0;34;40mvalidate/sigreg_loss_epoch[0m   |  [0;32;40m6.588513374328613[0m   |
|    [0;34;40mvalidate/structured_loss[0m    | [0;32;40m0.19722019135951996[0m  |
| [0;34;40mvalidate/structured_loss_epoch[0m | [0;32;40m0.19722019135951996[0m  |
+--------------------------------+----------------------+
[Epoch 6/60] done in 116.7s
13:26:02 | INFO  | checkpoint_~|   Checking for non PyTorch modules to save
13:26:02 | INFO  | atomic_chec~| [atomic_save] → /data1/likun-share/junjxu/.cache_stable-pretraining/runs/20260722/131159/ad72a3772377/checkpoints/epoch=6-step=2163.ckpt
13:26:02 | INFO  | atomic_chec~| [atomic_save] ✓ epoch=6-step=2163.ckpt saved (206.8 MiB, serialise=0.30s write=0.26s rename=0.1ms)
13:26:02 | INFO  | checkpoint_~|   Checking for non PyTorch modules to save
13:26:02 | INFO  | atomic_chec~| [atomic_save] → /data1/likun-share/junjxu/.cache_stable-pretraining/runs/20260722/131159/ad72a3772377/checkpoints/last.ckpt
13:26:03 | INFO  | atomic_chec~| [atomic_save] ✓ last.ckpt saved (206.8 MiB, serialise=0.30s write=0.26s rename=27.5ms)
[Epoch 7/60] step 50/309 (2.6 it/s)
[Epoch 7/60] step 100/309 (2.9 it/s)
[Epoch 7/60] step 150/309 (2.9 it/s)
[Epoch 7/60] step 200/309 (3.0 it/s)
[Epoch 7/60] step 250/309 (3.0 it/s)
[Epoch 7/60] step 300/309 (3.0 it/s)
13:27:58 | INFO  | trainer_inf~| \n+--------------------------------+------------------------+
|             Metric             |         Value          |
+--------------------------------+------------------------+
|            [0;34;40mfit/loss[0m            |   [0;32;40m0.3413567543029785[0m   |
|         [0;34;40mfit/pred_loss[0m          |  [0;32;40m0.03732919320464134[0m   |
|        [0;34;40mfit/sigreg_loss[0m         |        [0;32;40m2.90625[0m         |
|      [0;34;40mfit/structured_loss[0m       |  [0;32;40m0.042308807373046875[0m  |
|      [0;34;40mhardware/cpu_percent[0m      |   [0;32;40m49.79999923706055[0m    |
|    [0;34;40mhardware/disk_read_mb_s[0m     | [0;32;40m0.0007809384260326624[0m  |
|    [0;34;40mhardware/disk_write_mb_s[0m    |  [0;32;40m0.26825234293937683[0m   |
|     [0;34;40mhardware/net_recv_mb_s[0m     |  [0;32;40m0.07384863495826721[0m   |
|     [0;34;40mhardware/net_sent_mb_s[0m     |  [0;32;40m0.18670834600925446[0m   |
|      [0;34;40mhardware/ram_used_gb[0m      |   [0;32;40m270.87139892578125[0m   |
|     [0;34;40mhardware/ram_used_pct[0m      |   [0;32;40m26.899999618530273[0m   |
|      [0;34;40mhparams/lr_default_0[0m      | [0;32;40m1.9243618226028048e-05[0m |
|         [0;34;40mvalidate/loss[0m          |   [0;32;40m2.523969888687134[0m    |
|      [0;34;40mvalidate/loss_epoch[0m       |   [0;32;40m2.523969888687134[0m    |
|       [0;34;40mvalidate/pred_loss[0m       |  [0;32;40m0.24479129910469055[0m   |
|    [0;34;40mvalidate/pred_loss_epoch[0m    |  [0;32;40m0.24479129910469055[0m   |
|      [0;34;40mvalidate/sigreg_loss[0m      |   [0;32;40m22.73183822631836[0m    |
|   [0;34;40mvalidate/sigreg_loss_epoch[0m   |   [0;32;40m22.73183822631836[0m    |
|    [0;34;40mvalidate/structured_loss[0m    |  [0;32;40m0.23254497349262238[0m   |
| [0;34;40mvalidate/structured_loss_epoch[0m |  [0;32;40m0.23254497349262238[0m   |
+--------------------------------+------------------------+
[Epoch 7/60] done in 115.2s
13:27:58 | INFO  | checkpoint_~|   Checking for non PyTorch modules to save
13:27:58 | INFO  | atomic_chec~| [atomic_save] → /data1/likun-share/junjxu/.cache_stable-pretraining/runs/20260722/131159/ad72a3772377/checkpoints/epoch=7-step=2472.ckpt
13:27:59 | INFO  | atomic_chec~| [atomic_save] ✓ epoch=7-step=2472.ckpt saved (206.8 MiB, serialise=0.31s write=0.25s rename=0.1ms)
13:27:59 | INFO  | checkpoint_~|   Checking for non PyTorch modules to save
13:27:59 | INFO  | atomic_chec~| [atomic_save] → /data1/likun-share/junjxu/.cache_stable-pretraining/runs/20260722/131159/ad72a3772377/checkpoints/last.ckpt
13:27:59 | INFO  | atomic_chec~| [atomic_save] ✓ last.ckpt saved (206.8 MiB, serialise=0.32s write=0.26s rename=28.8ms)
[Epoch 8/60] step 50/309 (2.8 it/s)
[Epoch 8/60] step 100/309 (2.8 it/s)
[Epoch 8/60] step 150/309 (2.7 it/s)
[Epoch 8/60] step 200/309 (2.7 it/s)
[Epoch 8/60] step 250/309 (2.7 it/s)
[Epoch 8/60] step 300/309 (2.7 it/s)
13:30:11 | INFO  | trainer_inf~| \n+--------------------------------+------------------------+
|             Metric             |         Value          |
+--------------------------------+------------------------+
|            [0;34;40mfit/loss[0m            |   [0;32;40m0.2908388078212738[0m   |
|         [0;34;40mfit/pred_loss[0m          |  [0;32;40m0.04112983122467995[0m   |
|        [0;34;40mfit/sigreg_loss[0m         |        [0;32;40m2.421875[0m        |
|      [0;34;40mfit/structured_loss[0m       |  [0;32;40m0.03193555027246475[0m   |
|      [0;34;40mhardware/cpu_percent[0m      |   [0;32;40m48.29999923706055[0m    |
|    [0;34;40mhardware/disk_read_mb_s[0m     |   [0;32;40m0.4638384282588959[0m   |
|    [0;34;40mhardware/disk_write_mb_s[0m    |   [0;32;40m42.107391357421875[0m   |
|     [0;34;40mhardware/net_recv_mb_s[0m     |  [0;32;40m0.09310964494943619[0m   |
|     [0;34;40mhardware/net_sent_mb_s[0m     |  [0;32;40m0.18229766190052032[0m   |
|      [0;34;40mhardware/ram_used_gb[0m      |   [0;32;40m268.3494567871094[0m    |
|     [0;34;40mhardware/ram_used_pct[0m      |   [0;32;40m26.600000381469727[0m   |
|      [0;34;40mhparams/lr_default_0[0m      | [0;32;40m1.9029012037208304e-05[0m |
|         [0;34;40mvalidate/loss[0m          |   [0;32;40m0.7278825640678406[0m   |
|      [0;34;40mvalidate/loss_epoch[0m       |   [0;32;40m0.7278825640678406[0m   |
|       [0;34;40mvalidate/pred_loss[0m       |  [0;32;40m0.06438842415809631[0m   |
|    [0;34;40mvalidate/pred_loss_epoch[0m    |  [0;32;40m0.06438842415809631[0m   |
|      [0;34;40mvalidate/sigreg_loss[0m      |   [0;32;40m5.056211471557617[0m    |
|   [0;34;40mvalidate/sigreg_loss_epoch[0m   |   [0;32;40m5.056211471557617[0m    |
|    [0;34;40mvalidate/structured_loss[0m    |  [0;32;40m0.20844139158725739[0m   |
| [0;34;40mvalidate/structured_loss_epoch[0m |  [0;32;40m0.20844139158725739[0m   |
+--------------------------------+------------------------+
[Epoch 8/60] done in 131.4s
13:30:11 | INFO  | checkpoint_~|   Checking for non PyTorch modules to save
13:30:11 | INFO  | atomic_chec~| [atomic_save] → /data1/likun-share/junjxu/.cache_stable-pretraining/runs/20260722/131159/ad72a3772377/checkpoints/epoch=8-step=2781.ckpt
13:30:12 | INFO  | atomic_chec~| [atomic_save] ✓ epoch=8-step=2781.ckpt saved (206.8 MiB, serialise=0.51s write=0.36s rename=0.1ms)
13:30:12 | INFO  | checkpoint_~|   Checking for non PyTorch modules to save
13:30:12 | INFO  | atomic_chec~| [atomic_save] → /data1/likun-share/junjxu/.cache_stable-pretraining/runs/20260722/131159/ad72a3772377/checkpoints/last.ckpt
13:30:13 | INFO  | atomic_chec~| [atomic_save] ✓ last.ckpt saved (206.8 MiB, serialise=0.51s write=0.39s rename=51.0ms)
[Epoch 9/60] step 50/309 (1.7 it/s)
[Epoch 9/60] step 100/309 (1.8 it/s)
[Epoch 9/60] step 150/309 (1.8 it/s)
[Epoch 9/60] step 200/309 (1.8 it/s)
[Epoch 9/60] step 250/309 (1.8 it/s)
[Epoch 9/60] step 300/309 (1.8 it/s)
13:33:13 | INFO  | trainer_inf~| \n+--------------------------------+------------------------+
|             Metric             |         Value          |
+--------------------------------+------------------------+
|            [0;34;40mfit/loss[0m            |  [0;32;40m0.29698070883750916[0m   |
|         [0;34;40mfit/pred_loss[0m          |  [0;32;40m0.03444809839129448[0m   |
|        [0;34;40mfit/sigreg_loss[0m         |        [0;32;40m2.546875[0m        |
|      [0;34;40mfit/structured_loss[0m       |  [0;32;40m0.03304043412208557[0m   |
|      [0;34;40mhardware/cpu_percent[0m      |   [0;32;40m59.70000076293945[0m    |
|    [0;34;40mhardware/disk_read_mb_s[0m     | [0;32;40m0.0007810236420482397[0m  |
|    [0;34;40mhardware/disk_write_mb_s[0m    |   [0;32;40m40.845584869384766[0m   |
|     [0;34;40mhardware/net_recv_mb_s[0m     |     [0;32;40m70.5107421875[0m      |
|     [0;34;40mhardware/net_sent_mb_s[0m     |   [0;32;40m0.7032495141029358[0m   |
|      [0;34;40mhardware/ram_used_gb[0m      |   [0;32;40m276.5226745605469[0m    |
|     [0;34;40mhardware/ram_used_pct[0m      |          [0;32;40m27.5[0m          |
|      [0;34;40mhparams/lr_default_0[0m      | [0;32;40m1.8789158275467344e-05[0m |
|         [0;34;40mvalidate/loss[0m          |   [0;32;40m0.7555858492851257[0m   |
|      [0;34;40mvalidate/loss_epoch[0m       |   [0;32;40m0.7555858492851257[0m   |
|       [0;34;40mvalidate/pred_loss[0m       |  [0;32;40m0.045616887509822845[0m  |
|    [0;34;40mvalidate/pred_loss_epoch[0m    |  [0;32;40m0.045616887509822845[0m  |
|      [0;34;40mvalidate/sigreg_loss[0m      |   [0;32;40m6.459747314453125[0m    |
|   [0;34;40mvalidate/sigreg_loss_epoch[0m   |   [0;32;40m6.459747314453125[0m    |
|    [0;34;40mvalidate/structured_loss[0m    |  [0;32;40m0.12853823602199554[0m   |
| [0;34;40mvalidate/structured_loss_epoch[0m |  [0;32;40m0.12853823602199554[0m   |
+--------------------------------+------------------------+
[Epoch 9/60] done in 180.7s
13:33:14 | INFO  | checkpoint_~|   Checking for non PyTorch modules to save
13:33:14 | INFO  | atomic_chec~| [atomic_save] → /data1/likun-share/junjxu/.cache_stable-pretraining/runs/20260722/131159/ad72a3772377/checkpoints/epoch=9-step=3090.ckpt
13:33:14 | INFO  | atomic_chec~| [atomic_save] ✓ epoch=9-step=3090.ckpt saved (206.8 MiB, serialise=0.35s write=0.25s rename=0.1ms)
13:33:14 | INFO  | checkpoint_~|   Checking for non PyTorch modules to save
13:33:14 | INFO  | atomic_chec~| [atomic_save] → /data1/likun-share/junjxu/.cache_stable-pretraining/runs/20260722/131159/ad72a3772377/checkpoints/last.ckpt
13:33:15 | INFO  | atomic_chec~| [atomic_save] ✓ last.ckpt saved (206.8 MiB, serialise=0.32s write=0.27s rename=34.2ms)
[Epoch 10/60] step 50/309 (1.4 it/s)
[Epoch 10/60] step 100/309 (1.6 it/s)
[Epoch 10/60] step 150/309 (1.7 it/s)
[Epoch 10/60] step 200/309 (1.7 it/s)
[Epoch 10/60] step 250/309 (1.7 it/s)
[Epoch 10/60] step 300/309 (1.8 it/s)
13:36:22 | INFO  | trainer_inf~| \n+--------------------------------+------------------------+
|             Metric             |         Value          |
+--------------------------------+------------------------+
|            [0;34;40mfit/loss[0m            |   [0;32;40m0.2421979159116745[0m   |
|         [0;34;40mfit/pred_loss[0m          |  [0;32;40m0.027202066034078598[0m  |
|        [0;34;40mfit/sigreg_loss[0m         |         [0;32;40m2.125[0m          |
|      [0;34;40mfit/structured_loss[0m       |  [0;32;40m0.023589596152305603[0m  |
|      [0;34;40mhardware/cpu_percent[0m      |   [0;32;40m70.19999694824219[0m    |
|    [0;34;40mhardware/disk_read_mb_s[0m     | [0;32;40m0.0007809781236574054[0m  |
|    [0;34;40mhardware/disk_write_mb_s[0m    |   [0;32;40m147.8274383544922[0m    |
|     [0;34;40mhardware/net_recv_mb_s[0m     |  [0;32;40m0.12780289351940155[0m   |
|     [0;34;40mhardware/net_sent_mb_s[0m     |   [0;32;40m0.2623994052410126[0m   |
|      [0;34;40mhardware/ram_used_gb[0m      |   [0;32;40m276.7029113769531[0m    |
|     [0;34;40mhardware/ram_used_pct[0m      |          [0;32;40m27.5[0m          |
|      [0;34;40mhparams/lr_default_0[0m      | [0;32;40m1.8524724509916268e-05[0m |
|         [0;34;40mvalidate/loss[0m          |   [0;32;40m0.8739462494850159[0m   |
|      [0;34;40mvalidate/loss_epoch[0m       |   [0;32;40m0.8739462494850159[0m   |
|       [0;34;40mvalidate/pred_loss[0m       |  [0;32;40m0.051216065883636475[0m  |
|    [0;34;40mvalidate/pred_loss_epoch[0m    |  [0;32;40m0.051216065883636475[0m  |
|      [0;34;40mvalidate/sigreg_loss[0m      |   [0;32;40m5.298196792602539[0m    |
|   [0;34;40mvalidate/sigreg_loss_epoch[0m   |   [0;32;40m5.298196792602539[0m    |
|    [0;34;40mvalidate/structured_loss[0m    |  [0;32;40m0.34597185254096985[0m   |
| [0;34;40mvalidate/structured_loss_epoch[0m |  [0;32;40m0.34597185254096985[0m   |
+--------------------------------+------------------------+
[Epoch 10/60] done in 187.0s
13:36:22 | INFO  | checkpoint_~|   Checking for non PyTorch modules to save
13:36:22 | INFO  | atomic_chec~| [atomic_save] → /data1/likun-share/junjxu/.cache_stable-pretraining/runs/20260722/131159/ad72a3772377/checkpoints/epoch=10-step=3399.ckpt
13:36:23 | INFO  | atomic_chec~| [atomic_save] ✓ epoch=10-step=3399.ckpt saved (206.8 MiB, serialise=0.98s write=0.27s rename=0.1ms)
13:36:23 | INFO  | checkpoint_~|   Checking for non PyTorch modules to save
13:36:23 | INFO  | atomic_chec~| [atomic_save] → /data1/likun-share/junjxu/.cache_stable-pretraining/runs/20260722/131159/ad72a3772377/checkpoints/last.ckpt
13:36:24 | INFO  | atomic_chec~| [atomic_save] ✓ last.ckpt saved (206.8 MiB, serialise=0.38s write=0.33s rename=44.3ms)
[Epoch 11/60] step 50/309 (1.7 it/s)
[Epoch 11/60] step 100/309 (1.7 it/s)
[Epoch 11/60] step 150/309 (1.9 it/s)
[Epoch 11/60] step 200/309 (2.1 it/s)
[Epoch 11/60] step 250/309 (2.2 it/s)
[Epoch 11/60] step 300/309 (2.3 it/s)
13:38:49 | INFO  | trainer_inf~| \n+--------------------------------+------------------------+
|             Metric             |         Value          |
+--------------------------------+------------------------+
|            [0;34;40mfit/loss[0m            |  [0;32;40m0.22246858477592468[0m   |
|         [0;34;40mfit/pred_loss[0m          |  [0;32;40m0.026874100789427757[0m  |
|        [0;34;40mfit/sigreg_loss[0m         |        [0;32;40m2.03125[0m         |
|      [0;34;40mfit/structured_loss[0m       |  [0;32;40m0.012977300211787224[0m  |
|      [0;34;40mhardware/cpu_percent[0m      |          [0;32;40m51.5[0m          |
|    [0;34;40mhardware/disk_read_mb_s[0m     |          [0;32;40m0.0[0m           |
|    [0;34;40mhardware/disk_write_mb_s[0m    |   [0;32;40m0.8793607950210571[0m   |
|     [0;34;40mhardware/net_recv_mb_s[0m     |    [0;32;40m29.1954402923584[0m    |
|     [0;34;40mhardware/net_sent_mb_s[0m     |   [0;32;40m0.8344322443008423[0m   |
|      [0;34;40mhardware/ram_used_gb[0m      |   [0;32;40m267.9828796386719[0m    |
|     [0;34;40mhardware/ram_used_pct[0m      |   [0;32;40m26.600000381469727[0m   |
|      [0;34;40mhparams/lr_default_0[0m      | [0;32;40m1.8236452888231725e-05[0m |
|         [0;34;40mvalidate/loss[0m          |   [0;32;40m0.4437685012817383[0m   |
|      [0;34;40mvalidate/loss_epoch[0m       |   [0;32;40m0.4437685012817383[0m   |
|       [0;34;40mvalidate/pred_loss[0m       |  [0;32;40m0.04331308603286743[0m   |
|    [0;34;40mvalidate/pred_loss_epoch[0m    |  [0;32;40m0.04331308603286743[0m   |
|      [0;34;40mvalidate/sigreg_loss[0m      |   [0;32;40m3.7197091579437256[0m   |
|   [0;34;40mvalidate/sigreg_loss_epoch[0m   |   [0;32;40m3.7197091579437256[0m   |
|    [0;34;40mvalidate/structured_loss[0m    |  [0;32;40m0.06562238186597824[0m   |
| [0;34;40mvalidate/structured_loss_epoch[0m |  [0;32;40m0.06562238186597824[0m   |
+--------------------------------+------------------------+
[Epoch 11/60] done in 145.1s
13:38:49 | INFO  | checkpoint_~|   Checking for non PyTorch modules to save
13:38:49 | INFO  | atomic_chec~| [atomic_save] → /data1/likun-share/junjxu/.cache_stable-pretraining/runs/20260722/131159/ad72a3772377/checkpoints/epoch=11-step=3708.ckpt
13:38:50 | INFO  | atomic_chec~| [atomic_save] ✓ epoch=11-step=3708.ckpt saved (206.8 MiB, serialise=0.44s write=0.28s rename=0.1ms)
13:38:50 | INFO  | checkpoint_~|   Checking for non PyTorch modules to save
13:38:50 | INFO  | atomic_chec~| [atomic_save] → /data1/likun-share/junjxu/.cache_stable-pretraining/runs/20260722/131159/ad72a3772377/checkpoints/last.ckpt
13:38:50 | INFO  | atomic_chec~| [atomic_save] ✓ last.ckpt saved (206.8 MiB, serialise=0.34s write=0.29s rename=27.9ms)
[Epoch 12/60] step 50/309 (2.5 it/s)
[Epoch 12/60] step 100/309 (2.5 it/s)
[Epoch 12/60] step 150/309 (2.7 it/s)
[Epoch 12/60] step 200/309 (2.8 it/s)
[Epoch 12/60] step 250/309 (2.8 it/s)
[Epoch 12/60] step 300/309 (2.9 it/s)
13:40:50 | INFO  | trainer_inf~| \n+--------------------------------+------------------------+
|             Metric             |         Value          |
+--------------------------------+------------------------+
|            [0;34;40mfit/loss[0m            |  [0;32;40m0.26089614629745483[0m   |
|         [0;34;40mfit/pred_loss[0m          |   [0;32;40m0.0282052643597126[0m   |
|        [0;34;40mfit/sigreg_loss[0m         |        [0;32;40m1.96875[0m         |
|      [0;34;40mfit/structured_loss[0m       |  [0;32;40m0.055933065712451935[0m  |
|      [0;34;40mhardware/cpu_percent[0m      |          [0;32;40m50.0[0m          |
|    [0;34;40mhardware/disk_read_mb_s[0m     | [0;32;40m0.00039047328755259514[0m |
|    [0;34;40mhardware/disk_write_mb_s[0m    |   [0;32;40m92.86860656738281[0m    |
|     [0;34;40mhardware/net_recv_mb_s[0m     |   [0;32;40m31.45663833618164[0m    |
|     [0;34;40mhardware/net_sent_mb_s[0m     |   [0;32;40m1.008018970489502[0m    |
|      [0;34;40mhardware/ram_used_gb[0m      |   [0;32;40m272.4394226074219[0m    |
|     [0;34;40mhardware/ram_used_pct[0m      |          [0;32;40m27.0[0m          |
|      [0;34;40mhparams/lr_default_0[0m      | [0;32;40m1.792514740373008e-05[0m  |
|         [0;34;40mvalidate/loss[0m          |   [0;32;40m1.0451716184616089[0m   |
|      [0;34;40mvalidate/loss_epoch[0m       |   [0;32;40m1.0451716184616089[0m   |
|       [0;34;40mvalidate/pred_loss[0m       |   [0;32;40m0.1292717605829239[0m   |
|    [0;34;40mvalidate/pred_loss_epoch[0m    |   [0;32;40m0.1292717605829239[0m   |
|      [0;34;40mvalidate/sigreg_loss[0m      |   [0;32;40m5.775203227996826[0m    |
|   [0;34;40mvalidate/sigreg_loss_epoch[0m   |   [0;32;40m5.775203227996826[0m    |
|    [0;34;40mvalidate/structured_loss[0m    |   [0;32;40m0.3962780237197876[0m   |
| [0;34;40mvalidate/structured_loss_epoch[0m |   [0;32;40m0.3962780237197876[0m   |
+--------------------------------+------------------------+
[Epoch 12/60] done in 119.5s
13:40:50 | INFO  | checkpoint_~|   Checking for non PyTorch modules to save
13:40:50 | INFO  | atomic_chec~| [atomic_save] → /data1/likun-share/junjxu/.cache_stable-pretraining/runs/20260722/131159/ad72a3772377/checkpoints/epoch=12-step=4017.ckpt
13:40:51 | INFO  | atomic_chec~| [atomic_save] ✓ epoch=12-step=4017.ckpt saved (206.8 MiB, serialise=0.38s write=0.31s rename=0.1ms)
13:40:51 | INFO  | checkpoint_~|   Checking for non PyTorch modules to save
13:40:51 | INFO  | atomic_chec~| [atomic_save] → /data1/likun-share/junjxu/.cache_stable-pretraining/runs/20260722/131159/ad72a3772377/checkpoints/last.ckpt
13:40:51 | INFO  | atomic_chec~| [atomic_save] ✓ last.ckpt saved (206.8 MiB, serialise=0.36s write=0.29s rename=29.5ms)
[Epoch 13/60] step 50/309 (2.7 it/s)
[Epoch 13/60] step 100/309 (2.8 it/s)
[Epoch 13/60] step 150/309 (2.8 it/s)
[Epoch 13/60] step 200/309 (2.9 it/s)
[Epoch 13/60] step 250/309 (3.0 it/s)
[Epoch 13/60] step 300/309 (3.0 it/s)
13:42:48 | INFO  | trainer_inf~| \n+--------------------------------+------------------------+
|             Metric             |         Value          |
+--------------------------------+------------------------+
|            [0;34;40mfit/loss[0m            |   [0;32;40m0.2449488341808319[0m   |
|         [0;34;40mfit/pred_loss[0m          |  [0;32;40m0.023423051461577415[0m  |
|        [0;34;40mfit/sigreg_loss[0m         |       [0;32;40m1.9765625[0m        |
|      [0;34;40mfit/structured_loss[0m       |  [0;32;40m0.04379141330718994[0m   |
|      [0;34;40mhardware/cpu_percent[0m      |   [0;32;40m50.599998474121094[0m   |
|    [0;34;40mhardware/disk_read_mb_s[0m     |          [0;32;40m0.0[0m           |
|    [0;34;40mhardware/disk_write_mb_s[0m    |   [0;32;40m51.28724670410156[0m    |
|     [0;34;40mhardware/net_recv_mb_s[0m     |   [0;32;40m29.435178756713867[0m   |
|     [0;34;40mhardware/net_sent_mb_s[0m     |   [0;32;40m0.7666033506393433[0m   |
|      [0;34;40mhardware/ram_used_gb[0m      |   [0;32;40m269.62164306640625[0m   |
|     [0;34;40mhardware/ram_used_pct[0m      |   [0;32;40m26.799999237060547[0m   |
|      [0;34;40mhparams/lr_default_0[0m      | [0;32;40m1.7591679352335632e-05[0m |
|         [0;34;40mvalidate/loss[0m          |  [0;32;40m0.48010143637657166[0m   |
|      [0;34;40mvalidate/loss_epoch[0m       |  [0;32;40m0.48010143637657166[0m   |
|       [0;34;40mvalidate/pred_loss[0m       |  [0;32;40m0.05971142277121544[0m   |
|    [0;34;40mvalidate/pred_loss_epoch[0m    |  [0;32;40m0.05971142277121544[0m   |
|      [0;34;40mvalidate/sigreg_loss[0m      |   [0;32;40m3.858849287033081[0m    |
|   [0;34;40mvalidate/sigreg_loss_epoch[0m   |   [0;32;40m3.858849287033081[0m    |
|    [0;34;40mvalidate/structured_loss[0m    |   [0;32;40m0.0730566531419754[0m   |
| [0;34;40mvalidate/structured_loss_epoch[0m |   [0;32;40m0.0730566531419754[0m   |
+--------------------------------+------------------------+
[Epoch 13/60] done in 116.2s
13:42:48 | INFO  | checkpoint_~|   Checking for non PyTorch modules to save
13:42:48 | INFO  | atomic_chec~| [atomic_save] → /data1/likun-share/junjxu/.cache_stable-pretraining/runs/20260722/131159/ad72a3772377/checkpoints/epoch=13-step=4326.ckpt
13:42:48 | INFO  | atomic_chec~| [atomic_save] ✓ epoch=13-step=4326.ckpt saved (206.8 MiB, serialise=0.33s write=0.31s rename=0.1ms)
13:42:48 | INFO  | checkpoint_~|   Checking for non PyTorch modules to save
13:42:48 | INFO  | atomic_chec~| [atomic_save] → /data1/likun-share/junjxu/.cache_stable-pretraining/runs/20260722/131159/ad72a3772377/checkpoints/last.ckpt
13:42:49 | INFO  | atomic_chec~| [atomic_save] ✓ last.ckpt saved (206.8 MiB, serialise=0.37s write=0.29s rename=79.1ms)
[Epoch 14/60] step 50/309 (2.6 it/s)
[Epoch 14/60] step 100/309 (2.8 it/s)
[Epoch 14/60] step 150/309 (2.9 it/s)
[Epoch 14/60] step 200/309 (3.0 it/s)
[Epoch 14/60] step 250/309 (3.0 it/s)
[Epoch 14/60] step 300/309 (3.0 it/s)
13:44:49 | INFO  | trainer_inf~| \n+--------------------------------+-----------------------+
|             Metric             |         Value         |
+--------------------------------+-----------------------+
|            [0;34;40mfit/loss[0m            |  [0;32;40m0.21411721408367157[0m  |
|         [0;34;40mfit/pred_loss[0m          |  [0;32;40m0.021106969565153122[0m |
|        [0;34;40mfit/sigreg_loss[0m         |         [0;32;40m2.0625[0m        |
|      [0;34;40mfit/structured_loss[0m       |  [0;32;40m0.007463366724550724[0m |
|      [0;34;40mhardware/cpu_percent[0m      |   [0;32;40m53.79999923706055[0m   |
|    [0;34;40mhardware/disk_read_mb_s[0m     | [0;32;40m0.0007809402886778116[0m |
|    [0;34;40mhardware/disk_write_mb_s[0m    |   [0;32;40m69.60598754882812[0m   |
|     [0;34;40mhardware/net_recv_mb_s[0m     |   [0;32;40m28.614269256591797[0m  |
|     [0;34;40mhardware/net_sent_mb_s[0m     |   [0;32;40m0.7630687355995178[0m  |
|      [0;34;40mhardware/ram_used_gb[0m      |   [0;32;40m267.6938171386719[0m   |
|     [0;34;40mhardware/ram_used_pct[0m      |   [0;32;40m26.600000381469727[0m  |
|      [0;34;40mhparams/lr_default_0[0m      |  [0;32;40m1.72369818756124e-05[0m |
|         [0;34;40mvalidate/loss[0m          |  [0;32;40m0.35477614402770996[0m  |
|      [0;34;40mvalidate/loss_epoch[0m       |  [0;32;40m0.35477614402770996[0m  |
|       [0;34;40mvalidate/pred_loss[0m       |  [0;32;40m0.024091020226478577[0m |
|    [0;34;40mvalidate/pred_loss_epoch[0m    |  [0;32;40m0.024091020226478577[0m |
|      [0;34;40mvalidate/sigreg_loss[0m      |   [0;32;40m3.019721269607544[0m   |
|   [0;34;40mvalidate/sigreg_loss_epoch[0m   |   [0;32;40m3.019721269607544[0m   |
|    [0;34;40mvalidate/structured_loss[0m    |  [0;32;40m0.05883816257119179[0m  |
| [0;34;40mvalidate/structured_loss_epoch[0m |  [0;32;40m0.05883816257119179[0m  |
+--------------------------------+-----------------------+
[Epoch 14/60] done in 119.6s
13:44:49 | INFO  | checkpoint_~|   Checking for non PyTorch modules to save
13:44:49 | INFO  | atomic_chec~| [atomic_save] → /data1/likun-share/junjxu/.cache_stable-pretraining/runs/20260722/131159/ad72a3772377/checkpoints/epoch=14-step=4635.ckpt
13:44:49 | INFO  | atomic_chec~| [atomic_save] ✓ epoch=14-step=4635.ckpt saved (206.8 MiB, serialise=0.34s write=0.25s rename=0.1ms)
13:44:49 | INFO  | checkpoint_~|   Checking for non PyTorch modules to save
13:44:49 | INFO  | atomic_chec~| [atomic_save] → /data1/likun-share/junjxu/.cache_stable-pretraining/runs/20260722/131159/ad72a3772377/checkpoints/last.ckpt
13:44:50 | INFO  | atomic_chec~| [atomic_save] ✓ last.ckpt saved (206.8 MiB, serialise=0.35s write=0.26s rename=30.4ms)
[Epoch 15/60] step 50/309 (2.2 it/s)
[Epoch 15/60] step 100/309 (2.3 it/s)
[Epoch 15/60] step 150/309 (2.4 it/s)
[Epoch 15/60] step 200/309 (2.4 it/s)
[Epoch 15/60] step 250/309 (2.4 it/s)
[Epoch 15/60] step 300/309 (2.5 it/s)
13:47:07 | INFO  | trainer_inf~| \n+--------------------------------+-----------------------+
|             Metric             |         Value         |
+--------------------------------+-----------------------+
|            [0;34;40mfit/loss[0m            |  [0;32;40m0.20351040363311768[0m  |
|         [0;34;40mfit/pred_loss[0m          |  [0;32;40m0.020906582474708557[0m |
|        [0;34;40mfit/sigreg_loss[0m         |        [0;32;40m1.953125[0m       |
|      [0;34;40mfit/structured_loss[0m       |  [0;32;40m0.006822576746344566[0m |
|      [0;34;40mhardware/cpu_percent[0m      |          [0;32;40m53.5[0m         |
|    [0;34;40mhardware/disk_read_mb_s[0m     |          [0;32;40m0.0[0m          |
|    [0;34;40mhardware/disk_write_mb_s[0m    |   [0;32;40m0.2506757974624634[0m  |
|     [0;34;40mhardware/net_recv_mb_s[0m     |   [0;32;40m29.330907821655273[0m  |
|     [0;34;40mhardware/net_sent_mb_s[0m     |   [0;32;40m0.7254350185394287[0m  |
|      [0;34;40mhardware/ram_used_gb[0m      |   [0;32;40m268.4236755371094[0m   |
|     [0;34;40mhardware/ram_used_pct[0m      |   [0;32;40m26.600000381469727[0m  |
|      [0;34;40mhparams/lr_default_0[0m      | [0;32;40m1.686204814177472e-05[0m |
|         [0;34;40mvalidate/loss[0m          |   [0;32;40m0.373222678899765[0m   |
|      [0;34;40mvalidate/loss_epoch[0m       |   [0;32;40m0.373222678899765[0m   |
|       [0;34;40mvalidate/pred_loss[0m       |  [0;32;40m0.029596395790576935[0m |
|    [0;34;40mvalidate/pred_loss_epoch[0m    |  [0;32;40m0.029596395790576935[0m |
|      [0;34;40mvalidate/sigreg_loss[0m      |   [0;32;40m3.209754467010498[0m   |
|   [0;34;40mvalidate/sigreg_loss_epoch[0m   |   [0;32;40m3.209754467010498[0m   |
|    [0;34;40mvalidate/structured_loss[0m    |  [0;32;40m0.05483417585492134[0m  |
| [0;34;40mvalidate/structured_loss_epoch[0m |  [0;32;40m0.05483417585492134[0m  |
+--------------------------------+-----------------------+
[Epoch 15/60] done in 137.2s
13:47:07 | INFO  | checkpoint_~|   Checking for non PyTorch modules to save
13:47:07 | INFO  | atomic_chec~| [atomic_save] → /data1/likun-share/junjxu/.cache_stable-pretraining/runs/20260722/131159/ad72a3772377/checkpoints/epoch=15-step=4944.ckpt
13:47:08 | INFO  | atomic_chec~| [atomic_save] ✓ epoch=15-step=4944.ckpt saved (206.8 MiB, serialise=0.39s write=0.29s rename=0.1ms)
13:47:08 | INFO  | checkpoint_~|   Checking for non PyTorch modules to save
13:47:08 | INFO  | atomic_chec~| [atomic_save] → /data1/likun-share/junjxu/.cache_stable-pretraining/runs/20260722/131159/ad72a3772377/checkpoints/last.ckpt
13:47:09 | INFO  | atomic_chec~| [atomic_save] ✓ last.ckpt saved (206.8 MiB, serialise=0.38s write=0.30s rename=34.1ms)
[Epoch 16/60] step 50/309 (2.5 it/s)
[Epoch 16/60] step 100/309 (2.7 it/s)
[Epoch 16/60] step 150/309 (2.8 it/s)
[Epoch 16/60] step 200/309 (2.9 it/s)
[Epoch 16/60] step 250/309 (2.9 it/s)
[Epoch 16/60] step 300/309 (3.0 it/s)
13:49:05 | INFO  | trainer_inf~| \n+--------------------------------+------------------------+
|             Metric             |         Value          |
+--------------------------------+------------------------+
|            [0;34;40mfit/loss[0m            |  [0;32;40m0.22612962126731873[0m   |
|         [0;34;40mfit/pred_loss[0m          |  [0;32;40m0.026103725656867027[0m  |
|        [0;34;40mfit/sigreg_loss[0m         |        [0;32;40m1.765625[0m        |
|      [0;34;40mfit/structured_loss[0m       |  [0;32;40m0.040846213698387146[0m  |
|      [0;34;40mhardware/cpu_percent[0m      |   [0;32;40m46.20000076293945[0m    |
|    [0;34;40mhardware/disk_read_mb_s[0m     | [0;32;40m0.00039041496347635984[0m |
|    [0;34;40mhardware/disk_write_mb_s[0m    |   [0;32;40m21.16361427307129[0m    |
|     [0;34;40mhardware/net_recv_mb_s[0m     |   [0;32;40m27.628376007080078[0m   |
|     [0;34;40mhardware/net_sent_mb_s[0m     |   [0;32;40m0.6868667602539062[0m   |
|      [0;34;40mhardware/ram_used_gb[0m      |   [0;32;40m269.1393127441406[0m    |
|     [0;34;40mhardware/ram_used_pct[0m      |   [0;32;40m26.700000762939453[0m   |
|      [0;34;40mhparams/lr_default_0[0m      | [0;32;40m1.6467924069729634e-05[0m |
|         [0;34;40mvalidate/loss[0m          |   [0;32;40m0.7564644813537598[0m   |
|      [0;34;40mvalidate/loss_epoch[0m       |   [0;32;40m0.7564644813537598[0m   |
|       [0;34;40mvalidate/pred_loss[0m       |  [0;32;40m0.02914474532008171[0m   |
|    [0;34;40mvalidate/pred_loss_epoch[0m    |  [0;32;40m0.02914474532008171[0m   |
|      [0;34;40mvalidate/sigreg_loss[0m      |   [0;32;40m5.214316368103027[0m    |
|   [0;34;40mvalidate/sigreg_loss_epoch[0m   |   [0;32;40m5.214316368103027[0m    |
|    [0;34;40mvalidate/structured_loss[0m    |  [0;32;40m0.25817275047302246[0m   |
| [0;34;40mvalidate/structured_loss_epoch[0m |  [0;32;40m0.25817275047302246[0m   |
+--------------------------------+------------------------+
[Epoch 16/60] done in 116.2s
13:49:05 | INFO  | checkpoint_~|   Checking for non PyTorch modules to save
13:49:05 | INFO  | atomic_chec~| [atomic_save] → /data1/likun-share/junjxu/.cache_stable-pretraining/runs/20260722/131159/ad72a3772377/checkpoints/epoch=16-step=5253.ckpt
13:49:05 | INFO  | atomic_chec~| [atomic_save] ✓ epoch=16-step=5253.ckpt saved (206.8 MiB, serialise=0.34s write=0.28s rename=0.1ms)
13:49:06 | INFO  | checkpoint_~|   Checking for non PyTorch modules to save
13:49:06 | INFO  | atomic_chec~| [atomic_save] → /data1/likun-share/junjxu/.cache_stable-pretraining/runs/20260722/131159/ad72a3772377/checkpoints/last.ckpt
13:49:06 | INFO  | atomic_chec~| [atomic_save] ✓ last.ckpt saved (206.8 MiB, serialise=0.35s write=0.28s rename=36.5ms)
[Epoch 17/60] step 50/309 (2.5 it/s)
[Epoch 17/60] step 100/309 (2.7 it/s)
[Epoch 17/60] step 150/309 (2.8 it/s)
[Epoch 17/60] step 200/309 (2.7 it/s)
[Epoch 17/60] step 250/309 (2.6 it/s)
[Epoch 17/60] step 300/309 (2.6 it/s)
13:51:17 | INFO  | trainer_inf~| \n+--------------------------------+------------------------+
|             Metric             |         Value          |
+--------------------------------+------------------------+
|            [0;34;40mfit/loss[0m            |  [0;32;40m0.22206458449363708[0m   |
|         [0;34;40mfit/pred_loss[0m          |  [0;32;40m0.02139003947377205[0m   |
|        [0;34;40mfit/sigreg_loss[0m         |         [0;32;40m1.875[0m          |
|      [0;34;40mfit/structured_loss[0m       |  [0;32;40m0.03172924369573593[0m   |
|      [0;34;40mhardware/cpu_percent[0m      |   [0;32;40m47.099998474121094[0m   |
|    [0;34;40mhardware/disk_read_mb_s[0m     | [0;32;40m0.0007809759117662907[0m  |
|    [0;34;40mhardware/disk_write_mb_s[0m    |   [0;32;40m14.19775104522705[0m    |
|     [0;34;40mhardware/net_recv_mb_s[0m     |   [0;32;40m27.972984313964844[0m   |
|     [0;34;40mhardware/net_sent_mb_s[0m     |   [0;32;40m0.7360591292381287[0m   |
|      [0;34;40mhardware/ram_used_gb[0m      |   [0;32;40m269.2405090332031[0m    |
|     [0;34;40mhardware/ram_used_pct[0m      |   [0;32;40m26.700000762939453[0m   |
|      [0;34;40mhparams/lr_default_0[0m      | [0;32;40m1.6055711967055686e-05[0m |
|         [0;34;40mvalidate/loss[0m          |   [0;32;40m0.5239595770835876[0m   |
|      [0;34;40mvalidate/loss_epoch[0m       |   [0;32;40m0.5239595770835876[0m   |
|       [0;34;40mvalidate/pred_loss[0m       |   [0;32;40m0.032163355499506[0m    |
|    [0;34;40mvalidate/pred_loss_epoch[0m    |   [0;32;40m0.032163355499506[0m    |
|      [0;34;40mvalidate/sigreg_loss[0m      |   [0;32;40m4.062755584716797[0m    |
|   [0;34;40mvalidate/sigreg_loss_epoch[0m   |   [0;32;40m4.062755584716797[0m    |
|    [0;34;40mvalidate/structured_loss[0m    |  [0;32;40m0.12597303092479706[0m   |
| [0;34;40mvalidate/structured_loss_epoch[0m |  [0;32;40m0.12597303092479706[0m   |
+--------------------------------+------------------------+
[Epoch 17/60] done in 130.4s
13:51:17 | INFO  | checkpoint_~|   Checking for non PyTorch modules to save
13:51:17 | INFO  | atomic_chec~| [atomic_save] → /data1/likun-share/junjxu/.cache_stable-pretraining/runs/20260722/131159/ad72a3772377/checkpoints/epoch=17-step=5562.ckpt
13:51:17 | INFO  | atomic_chec~| [atomic_save] ✓ epoch=17-step=5562.ckpt saved (206.8 MiB, serialise=0.38s write=0.28s rename=0.1ms)
13:51:17 | INFO  | checkpoint_~|   Checking for non PyTorch modules to save
13:51:17 | INFO  | atomic_chec~| [atomic_save] → /data1/likun-share/junjxu/.cache_stable-pretraining/runs/20260722/131159/ad72a3772377/checkpoints/last.ckpt
13:51:18 | INFO  | atomic_chec~| [atomic_save] ✓ last.ckpt saved (206.8 MiB, serialise=0.38s write=0.33s rename=54.9ms)
[Epoch 18/60] step 50/309 (2.3 it/s)
[Epoch 18/60] step 100/309 (2.4 it/s)
[Epoch 18/60] step 150/309 (2.6 it/s)
[Epoch 18/60] step 200/309 (2.8 it/s)
[Epoch 18/60] step 250/309 (2.8 it/s)
[Epoch 18/60] step 300/309 (2.9 it/s)
13:53:18 | INFO  | trainer_inf~| \n+--------------------------------+------------------------+
|             Metric             |         Value          |
+--------------------------------+------------------------+
|            [0;34;40mfit/loss[0m            |  [0;32;40m0.21171337366104126[0m   |
|         [0;34;40mfit/pred_loss[0m          |  [0;32;40m0.021038521081209183[0m  |
|        [0;34;40mfit/sigreg_loss[0m         |        [0;32;40m1.96875[0m         |
|      [0;34;40mfit/structured_loss[0m       |  [0;32;40m0.013917043805122375[0m  |
|      [0;34;40mhardware/cpu_percent[0m      |   [0;32;40m47.900001525878906[0m   |
|    [0;34;40mhardware/disk_read_mb_s[0m     | [0;32;40m0.0007810044335201383[0m  |
|    [0;34;40mhardware/disk_write_mb_s[0m    |   [0;32;40m16.774803161621094[0m   |
|     [0;34;40mhardware/net_recv_mb_s[0m     |   [0;32;40m31.972387313842773[0m   |
|     [0;34;40mhardware/net_sent_mb_s[0m     |   [0;32;40m0.8649318814277649[0m   |
|      [0;34;40mhardware/ram_used_gb[0m      |   [0;32;40m268.1947937011719[0m    |
|     [0;34;40mhardware/ram_used_pct[0m      |   [0;32;40m26.600000381469727[0m   |
|      [0;34;40mhparams/lr_default_0[0m      | [0;32;40m1.5626565073034726e-05[0m |
|         [0;34;40mvalidate/loss[0m          |    [0;32;40m0.29493448138237[0m    |
|      [0;34;40mvalidate/loss_epoch[0m       |    [0;32;40m0.29493448138237[0m    |
|       [0;34;40mvalidate/pred_loss[0m       |  [0;32;40m0.021068645641207695[0m  |
|    [0;34;40mvalidate/pred_loss_epoch[0m    |  [0;32;40m0.021068645641207695[0m  |
|      [0;34;40mvalidate/sigreg_loss[0m      |   [0;32;40m2.8451356887817383[0m   |
|   [0;34;40mvalidate/sigreg_loss_epoch[0m   |   [0;32;40m2.8451356887817383[0m   |
|    [0;34;40mvalidate/structured_loss[0m    |  [0;32;40m0.017802143469452858[0m  |
| [0;34;40mvalidate/structured_loss_epoch[0m |  [0;32;40m0.017802143469452858[0m  |
+--------------------------------+------------------------+
[Epoch 18/60] done in 119.9s
13:53:18 | INFO  | checkpoint_~|   Checking for non PyTorch modules to save
13:53:18 | INFO  | atomic_chec~| [atomic_save] → /data1/likun-share/junjxu/.cache_stable-pretraining/runs/20260722/131159/ad72a3772377/checkpoints/epoch=18-step=5871.ckpt
13:53:19 | INFO  | atomic_chec~| [atomic_save] ✓ epoch=18-step=5871.ckpt saved (206.8 MiB, serialise=0.40s write=0.30s rename=0.1ms)
13:53:19 | INFO  | checkpoint_~|   Checking for non PyTorch modules to save
13:53:19 | INFO  | atomic_chec~| [atomic_save] → /data1/likun-share/junjxu/.cache_stable-pretraining/runs/20260722/131159/ad72a3772377/checkpoints/last.ckpt
13:53:20 | INFO  | atomic_chec~| [atomic_save] ✓ last.ckpt saved (206.8 MiB, serialise=0.34s write=0.28s rename=39.9ms)
[Epoch 19/60] step 50/309 (2.5 it/s)
[Epoch 19/60] step 100/309 (2.7 it/s)
[Epoch 19/60] step 150/309 (2.8 it/s)
[Epoch 19/60] step 200/309 (2.9 it/s)
[Epoch 19/60] step 250/309 (2.9 it/s)
[Epoch 19/60] step 300/309 (2.9 it/s)
13:55:19 | INFO  | trainer_inf~| \n+--------------------------------+------------------------+
|             Metric             |         Value          |
+--------------------------------+------------------------+
|            [0;34;40mfit/loss[0m            |   [0;32;40m0.1907612681388855[0m   |
|         [0;34;40mfit/pred_loss[0m          |   [0;32;40m0.0167065542191267[0m   |
|        [0;34;40mfit/sigreg_loss[0m         |        [0;32;40m1.734375[0m        |
|      [0;34;40mfit/structured_loss[0m       |  [0;32;40m0.01780470460653305[0m   |
|      [0;34;40mhardware/cpu_percent[0m      |   [0;32;40m49.79999923706055[0m    |
|    [0;34;40mhardware/disk_read_mb_s[0m     | [0;32;40m0.0007808819646015763[0m  |
|    [0;34;40mhardware/disk_write_mb_s[0m    |   [0;32;40m70.82716369628906[0m    |
|     [0;34;40mhardware/net_recv_mb_s[0m     |   [0;32;40m26.782039642333984[0m   |
|     [0;34;40mhardware/net_sent_mb_s[0m     |   [0;32;40m0.6991510391235352[0m   |
|      [0;34;40mhardware/ram_used_gb[0m      |   [0;32;40m268.15863037109375[0m   |
|     [0;34;40mhardware/ram_used_pct[0m      |   [0;32;40m26.600000381469727[0m   |
|      [0;34;40mhparams/lr_default_0[0m      | [0;32;40m1.5181684830167796e-05[0m |
|         [0;34;40mvalidate/loss[0m          |  [0;32;40m0.37741777300834656[0m   |
|      [0;34;40mvalidate/loss_epoch[0m       |  [0;32;40m0.37741777300834656[0m   |
|       [0;34;40mvalidate/pred_loss[0m       |  [0;32;40m0.018652766942977905[0m  |
|    [0;34;40mvalidate/pred_loss_epoch[0m    |  [0;32;40m0.018652766942977905[0m  |
|      [0;34;40mvalidate/sigreg_loss[0m      |    [0;32;40m3.04538631439209[0m    |
|   [0;34;40mvalidate/sigreg_loss_epoch[0m   |    [0;32;40m3.04538631439209[0m    |
|    [0;34;40mvalidate/structured_loss[0m    |  [0;32;40m0.08463986217975616[0m   |
| [0;34;40mvalidate/structured_loss_epoch[0m |  [0;32;40m0.08463986217975616[0m   |
+--------------------------------+------------------------+
[Epoch 19/60] done in 119.4s
13:55:19 | INFO  | checkpoint_~|   Checking for non PyTorch modules to save
13:55:19 | INFO  | atomic_chec~| [atomic_save] → /data1/likun-share/junjxu/.cache_stable-pretraining/runs/20260722/131159/ad72a3772377/checkpoints/epoch=19-step=6180.ckpt
13:55:20 | INFO  | atomic_chec~| [atomic_save] ✓ epoch=19-step=6180.ckpt saved (206.8 MiB, serialise=0.69s write=0.42s rename=0.1ms)
13:55:20 | INFO  | checkpoint_~|   Checking for non PyTorch modules to save
13:55:20 | INFO  | atomic_chec~| [atomic_save] → /data1/likun-share/junjxu/.cache_stable-pretraining/runs/20260722/131159/ad72a3772377/checkpoints/last.ckpt
13:55:21 | INFO  | atomic_chec~| [atomic_save] ✓ last.ckpt saved (206.8 MiB, serialise=0.72s write=0.36s rename=58.9ms)
[Epoch 20/60] step 50/309 (1.9 it/s)
[Epoch 20/60] step 100/309 (2.3 it/s)
[Epoch 20/60] step 150/309 (2.5 it/s)
[Epoch 20/60] step 200/309 (2.6 it/s)
[Epoch 20/60] step 250/309 (2.7 it/s)
[Epoch 20/60] step 300/309 (2.7 it/s)
13:57:26 | INFO  | trainer_inf~| \n+--------------------------------+-----------------------+
|             Metric             |         Value         |
+--------------------------------+-----------------------+
|            [0;34;40mfit/loss[0m            |  [0;32;40m0.20003214478492737[0m  |
|         [0;34;40mfit/pred_loss[0m          |  [0;32;40m0.02107931673526764[0m  |
|        [0;34;40mfit/sigreg_loss[0m         |       [0;32;40m1.7109375[0m       |
|      [0;34;40mfit/structured_loss[0m       |  [0;32;40m0.024655960500240326[0m |
|      [0;34;40mhardware/cpu_percent[0m      |   [0;32;40m47.099998474121094[0m  |
|    [0;34;40mhardware/disk_read_mb_s[0m     | [0;32;40m0.0023428595159202814[0m |
|    [0;34;40mhardware/disk_write_mb_s[0m    |   [0;32;40m172.4250946044922[0m   |
|     [0;34;40mhardware/net_recv_mb_s[0m     |   [0;32;40m79.26873779296875[0m   |
|     [0;34;40mhardware/net_sent_mb_s[0m     |   [0;32;40m3.156574249267578[0m   |
|      [0;34;40mhardware/ram_used_gb[0m      |   [0;32;40m266.5989685058594[0m   |
|     [0;34;40mhardware/ram_used_pct[0m      |          [0;32;40m26.5[0m         |
|      [0;34;40mhparams/lr_default_0[0m      | [0;32;40m1.472231451771222e-05[0m |
|         [0;34;40mvalidate/loss[0m          |  [0;32;40m0.35646092891693115[0m  |
|      [0;34;40mvalidate/loss_epoch[0m       |  [0;32;40m0.35646092891693115[0m  |
|       [0;34;40mvalidate/pred_loss[0m       |  [0;32;40m0.02545200102031231[0m  |
|    [0;34;40mvalidate/pred_loss_epoch[0m    |  [0;32;40m0.02545200102031231[0m  |
|      [0;34;40mvalidate/sigreg_loss[0m      |   [0;32;40m2.8202059268951416[0m  |
|   [0;34;40mvalidate/sigreg_loss_epoch[0m   |   [0;32;40m2.8202059268951416[0m  |
|    [0;34;40mvalidate/structured_loss[0m    |  [0;32;40m0.07732255011796951[0m  |
| [0;34;40mvalidate/structured_loss_epoch[0m |  [0;32;40m0.07732255011796951[0m  |
+--------------------------------+-----------------------+
[Epoch 20/60] done in 124.6s
13:57:26 | INFO  | checkpoint_~|   Checking for non PyTorch modules to save
13:57:26 | INFO  | atomic_chec~| [atomic_save] → /data1/likun-share/junjxu/.cache_stable-pretraining/runs/20260722/131159/ad72a3772377/checkpoints/epoch=20-step=6489.ckpt
13:57:27 | INFO  | atomic_chec~| [atomic_save] ✓ epoch=20-step=6489.ckpt saved (206.8 MiB, serialise=0.45s write=0.30s rename=0.1ms)
13:57:27 | INFO  | checkpoint_~|   Checking for non PyTorch modules to save
13:57:27 | INFO  | atomic_chec~| [atomic_save] → /data1/likun-share/junjxu/.cache_stable-pretraining/runs/20260722/131159/ad72a3772377/checkpoints/last.ckpt
13:57:28 | INFO  | atomic_chec~| [atomic_save] ✓ last.ckpt saved (206.8 MiB, serialise=0.41s write=0.28s rename=28.4ms)
[Epoch 21/60] step 50/309 (2.3 it/s)
[Epoch 21/60] step 100/309 (2.1 it/s)
[Epoch 21/60] step 150/309 (2.3 it/s)
[Epoch 21/60] step 200/309 (2.4 it/s)
[Epoch 21/60] step 250/309 (2.5 it/s)
[Epoch 21/60] step 300/309 (2.6 it/s)
13:59:38 | INFO  | trainer_inf~| \n+--------------------------------+------------------------+
|             Metric             |         Value          |
+--------------------------------+------------------------+
|            [0;34;40mfit/loss[0m            |  [0;32;40m0.19513562321662903[0m   |
|         [0;34;40mfit/pred_loss[0m          |  [0;32;40m0.015480658039450645[0m  |
|        [0;34;40mfit/sigreg_loss[0m         |       [0;32;40m1.7109375[0m        |
|      [0;34;40mfit/structured_loss[0m       |  [0;32;40m0.025358090177178383[0m  |
|      [0;34;40mhardware/cpu_percent[0m      |   [0;32;40m52.400001525878906[0m   |
|    [0;34;40mhardware/disk_read_mb_s[0m     | [0;32;40m0.0007809872040525079[0m  |
|    [0;34;40mhardware/disk_write_mb_s[0m    |   [0;32;40m12.61450481414795[0m    |
|     [0;34;40mhardware/net_recv_mb_s[0m     |   [0;32;40m28.496416091918945[0m   |
|     [0;34;40mhardware/net_sent_mb_s[0m     |   [0;32;40m0.736110270023346[0m    |
|      [0;34;40mhardware/ram_used_gb[0m      |   [0;32;40m267.45843505859375[0m   |
|     [0;34;40mhardware/ram_used_pct[0m      |   [0;32;40m26.600000381469727[0m   |
|      [0;34;40mhparams/lr_default_0[0m      | [0;32;40m1.4249738342186902e-05[0m |
|         [0;34;40mvalidate/loss[0m          |  [0;32;40m0.35310274362564087[0m   |
|      [0;34;40mvalidate/loss_epoch[0m       |  [0;32;40m0.35310274362564087[0m   |
|       [0;34;40mvalidate/pred_loss[0m       |  [0;32;40m0.021603042259812355[0m  |
|    [0;34;40mvalidate/pred_loss_epoch[0m    |  [0;32;40m0.021603042259812355[0m  |
|      [0;34;40mvalidate/sigreg_loss[0m      |   [0;32;40m3.144561529159546[0m    |
|   [0;34;40mvalidate/sigreg_loss_epoch[0m   |   [0;32;40m3.144561529159546[0m    |
|    [0;34;40mvalidate/structured_loss[0m    |  [0;32;40m0.04848751425743103[0m   |
| [0;34;40mvalidate/structured_loss_epoch[0m |  [0;32;40m0.04848751425743103[0m   |
+--------------------------------+------------------------+
[Epoch 21/60] done in 130.7s
13:59:38 | INFO  | checkpoint_~|   Checking for non PyTorch modules to save
13:59:38 | INFO  | atomic_chec~| [atomic_save] → /data1/likun-share/junjxu/.cache_stable-pretraining/runs/20260722/131159/ad72a3772377/checkpoints/epoch=21-step=6798.ckpt
13:59:39 | INFO  | atomic_chec~| [atomic_save] ✓ epoch=21-step=6798.ckpt saved (206.8 MiB, serialise=0.40s write=0.34s rename=0.0ms)
13:59:39 | INFO  | checkpoint_~|   Checking for non PyTorch modules to save
13:59:39 | INFO  | atomic_chec~| [atomic_save] → /data1/likun-share/junjxu/.cache_stable-pretraining/runs/20260722/131159/ad72a3772377/checkpoints/last.ckpt
13:59:40 | INFO  | atomic_chec~| [atomic_save] ✓ last.ckpt saved (206.8 MiB, serialise=0.39s write=0.31s rename=32.9ms)
[Epoch 22/60] step 50/309 (2.5 it/s)
[Epoch 22/60] step 100/309 (2.7 it/s)
[Epoch 22/60] step 150/309 (2.8 it/s)
[Epoch 22/60] step 200/309 (2.9 it/s)
[Epoch 22/60] step 250/309 (2.8 it/s)
[Epoch 22/60] step 300/309 (2.6 it/s)
14:01:52 | INFO  | trainer_inf~| \n+--------------------------------+------------------------+
|             Metric             |         Value          |
+--------------------------------+------------------------+
|            [0;34;40mfit/loss[0m            |  [0;32;40m0.18057334423065186[0m   |
|         [0;34;40mfit/pred_loss[0m          |  [0;32;40m0.01717304438352585[0m   |
|        [0;34;40mfit/sigreg_loss[0m         |       [0;32;40m1.6640625[0m        |
|      [0;34;40mfit/structured_loss[0m       |  [0;32;40m0.01398622989654541[0m   |
|      [0;34;40mhardware/cpu_percent[0m      |   [0;32;40m96.30000305175781[0m    |
|    [0;34;40mhardware/disk_read_mb_s[0m     |  [0;32;40m0.005857683252543211[0m  |
|    [0;34;40mhardware/disk_write_mb_s[0m    |   [0;32;40m79.91325378417969[0m    |
|     [0;34;40mhardware/net_recv_mb_s[0m     |   [0;32;40m47.27580261230469[0m    |
|     [0;34;40mhardware/net_sent_mb_s[0m     |   [0;32;40m0.8008453249931335[0m   |
|      [0;34;40mhardware/ram_used_gb[0m      |    [0;32;40m278.382080078125[0m    |
|     [0;34;40mhardware/ram_used_pct[0m      |   [0;32;40m27.600000381469727[0m   |
|      [0;34;40mhparams/lr_default_0[0m      | [0;32;40m1.3765277799393516e-05[0m |
|         [0;34;40mvalidate/loss[0m          |   [0;32;40m0.3010571300983429[0m   |
|      [0;34;40mvalidate/loss_epoch[0m       |   [0;32;40m0.3010571300983429[0m   |
|       [0;34;40mvalidate/pred_loss[0m       |  [0;32;40m0.01731163077056408[0m   |
|    [0;34;40mvalidate/pred_loss_epoch[0m    |  [0;32;40m0.01731163077056408[0m   |
|      [0;34;40mvalidate/sigreg_loss[0m      |   [0;32;40m2.883185625076294[0m    |
|   [0;34;40mvalidate/sigreg_loss_epoch[0m   |   [0;32;40m2.883185625076294[0m    |
|    [0;34;40mvalidate/structured_loss[0m    |  [0;32;40m0.024190792813897133[0m  |
| [0;34;40mvalidate/structured_loss_epoch[0m |  [0;32;40m0.024190792813897133[0m  |
+--------------------------------+------------------------+
[Epoch 22/60] done in 132.1s
14:01:52 | INFO  | checkpoint_~|   Checking for non PyTorch modules to save
14:01:52 | INFO  | atomic_chec~| [atomic_save] → /data1/likun-share/junjxu/.cache_stable-pretraining/runs/20260722/131159/ad72a3772377/checkpoints/epoch=22-step=7107.ckpt
14:01:53 | INFO  | atomic_chec~| [atomic_save] ✓ epoch=22-step=7107.ckpt saved (206.8 MiB, serialise=0.32s write=0.29s rename=0.1ms)
14:01:53 | INFO  | checkpoint_~|   Checking for non PyTorch modules to save
14:01:53 | INFO  | atomic_chec~| [atomic_save] → /data1/likun-share/junjxu/.cache_stable-pretraining/runs/20260722/131159/ad72a3772377/checkpoints/last.ckpt
14:01:53 | INFO  | atomic_chec~| [atomic_save] ✓ last.ckpt saved (206.8 MiB, serialise=0.31s write=0.27s rename=75.5ms)
[Epoch 23/60] step 50/309 (1.6 it/s)
[Epoch 23/60] step 100/309 (1.7 it/s)
[Epoch 23/60] step 150/309 (1.7 it/s)
[Epoch 23/60] step 200/309 (1.8 it/s)
[Epoch 23/60] step 250/309 (1.8 it/s)
[Epoch 23/60] step 300/309 (1.8 it/s)
14:05:00 | INFO  | trainer_inf~| \n+--------------------------------+------------------------+
|             Metric             |         Value          |
+--------------------------------+------------------------+
|            [0;34;40mfit/loss[0m            |   [0;32;40m0.203202024102211[0m    |
|         [0;34;40mfit/pred_loss[0m          |  [0;32;40m0.018351750448346138[0m  |
|        [0;34;40mfit/sigreg_loss[0m         |        [0;32;40m1.71875[0m         |
|      [0;34;40mfit/structured_loss[0m       |  [0;32;40m0.030553406104445457[0m  |
|      [0;34;40mhardware/cpu_percent[0m      |   [0;32;40m44.79999923706055[0m    |
|    [0;34;40mhardware/disk_read_mb_s[0m     | [0;32;40m0.0011715864529833198[0m  |
|    [0;34;40mhardware/disk_write_mb_s[0m    |   [0;32;40m74.11260986328125[0m    |
|     [0;34;40mhardware/net_recv_mb_s[0m     |   [0;32;40m40.90449142456055[0m    |
|     [0;34;40mhardware/net_sent_mb_s[0m     |   [0;32;40m0.9318040609359741[0m   |
|      [0;34;40mhardware/ram_used_gb[0m      |   [0;32;40m278.2782287597656[0m    |
|     [0;34;40mhardware/ram_used_pct[0m      |   [0;32;40m27.600000381469727[0m   |
|      [0;34;40mhparams/lr_default_0[0m      | [0;32;40m1.3270287126943003e-05[0m |
|         [0;34;40mvalidate/loss[0m          |   [0;32;40m0.4468501806259155[0m   |
|      [0;34;40mvalidate/loss_epoch[0m       |   [0;32;40m0.4468501806259155[0m   |
|       [0;34;40mvalidate/pred_loss[0m       |  [0;32;40m0.030024966225028038[0m  |
|    [0;34;40mvalidate/pred_loss_epoch[0m    |  [0;32;40m0.030024966225028038[0m  |
|      [0;34;40mvalidate/sigreg_loss[0m      |   [0;32;40m3.4935872554779053[0m   |
|   [0;34;40mvalidate/sigreg_loss_epoch[0m   |   [0;32;40m3.4935872554779053[0m   |
|    [0;34;40mvalidate/structured_loss[0m    |  [0;32;40m0.10236325860023499[0m   |
| [0;34;40mvalidate/structured_loss_epoch[0m |  [0;32;40m0.10236325860023499[0m   |
+--------------------------------+------------------------+
[Epoch 23/60] done in 186.4s
14:05:00 | INFO  | checkpoint_~|   Checking for non PyTorch modules to save
14:05:00 | INFO  | atomic_chec~| [atomic_save] → /data1/likun-share/junjxu/.cache_stable-pretraining/runs/20260722/131159/ad72a3772377/checkpoints/epoch=23-step=7416.ckpt
14:05:00 | INFO  | atomic_chec~| [atomic_save] ✓ epoch=23-step=7416.ckpt saved (206.8 MiB, serialise=0.30s write=0.26s rename=0.1ms)
14:05:00 | INFO  | checkpoint_~|   Checking for non PyTorch modules to save
14:05:00 | INFO  | atomic_chec~| [atomic_save] → /data1/likun-share/junjxu/.cache_stable-pretraining/runs/20260722/131159/ad72a3772377/checkpoints/last.ckpt
14:05:01 | INFO  | atomic_chec~| [atomic_save] ✓ last.ckpt saved (206.8 MiB, serialise=0.34s write=0.27s rename=26.5ms)
[Epoch 24/60] step 50/309 (1.7 it/s)
[Epoch 24/60] step 100/309 (1.7 it/s)
[Epoch 24/60] step 150/309 (1.9 it/s)
[Epoch 24/60] step 200/309 (2.0 it/s)
[Epoch 24/60] step 250/309 (2.0 it/s)
[Epoch 24/60] step 300/309 (2.0 it/s)
14:07:49 | INFO  | trainer_inf~| \n+--------------------------------+------------------------+
|             Metric             |         Value          |
+--------------------------------+------------------------+
|            [0;34;40mfit/loss[0m            |  [0;32;40m0.18690887093544006[0m   |
|         [0;34;40mfit/pred_loss[0m          |  [0;32;40m0.015504138544201851[0m  |
|        [0;34;40mfit/sigreg_loss[0m         |       [0;32;40m1.6953125[0m        |
|      [0;34;40mfit/structured_loss[0m       |  [0;32;40m0.019060978665947914[0m  |
|      [0;34;40mhardware/cpu_percent[0m      |   [0;32;40m41.599998474121094[0m   |
|    [0;34;40mhardware/disk_read_mb_s[0m     |          [0;32;40m0.0[0m           |
|    [0;34;40mhardware/disk_write_mb_s[0m    |   [0;32;40m21.627742767333984[0m   |
|     [0;34;40mhardware/net_recv_mb_s[0m     |   [0;32;40m30.214515686035156[0m   |
|     [0;34;40mhardware/net_sent_mb_s[0m     |   [0;32;40m0.8192177414894104[0m   |
|      [0;34;40mhardware/ram_used_gb[0m      |    [0;32;40m276.279052734375[0m    |
|     [0;34;40mhardware/ram_used_pct[0m      |   [0;32;40m27.399999618530273[0m   |
|      [0;34;40mhparams/lr_default_0[0m      | [0;32;40m1.2766152394760866e-05[0m |
|         [0;34;40mvalidate/loss[0m          |   [0;32;40m0.3348378539085388[0m   |
|      [0;34;40mvalidate/loss_epoch[0m       |   [0;32;40m0.3348378539085388[0m   |
|       [0;34;40mvalidate/pred_loss[0m       |  [0;32;40m0.026518652215600014[0m  |
|    [0;34;40mvalidate/pred_loss_epoch[0m    |  [0;32;40m0.026518652215600014[0m  |
|      [0;34;40mvalidate/sigreg_loss[0m      |   [0;32;40m2.6875603199005127[0m   |
|   [0;34;40mvalidate/sigreg_loss_epoch[0m   |   [0;32;40m2.6875603199005127[0m   |
|    [0;34;40mvalidate/structured_loss[0m    |  [0;32;40m0.06651005148887634[0m   |
| [0;34;40mvalidate/structured_loss_epoch[0m |  [0;32;40m0.06651005148887634[0m   |
+--------------------------------+------------------------+
[Epoch 24/60] done in 168.3s
14:07:49 | INFO  | checkpoint_~|   Checking for non PyTorch modules to save
14:07:49 | INFO  | atomic_chec~| [atomic_save] → /data1/likun-share/junjxu/.cache_stable-pretraining/runs/20260722/131159/ad72a3772377/checkpoints/epoch=24-step=7725.ckpt
14:07:50 | INFO  | atomic_chec~| [atomic_save] ✓ epoch=24-step=7725.ckpt saved (206.8 MiB, serialise=0.35s write=0.26s rename=0.1ms)
14:07:50 | INFO  | checkpoint_~|   Checking for non PyTorch modules to save
14:07:50 | INFO  | atomic_chec~| [atomic_save] → /data1/likun-share/junjxu/.cache_stable-pretraining/runs/20260722/131159/ad72a3772377/checkpoints/last.ckpt
14:07:51 | INFO  | atomic_chec~| [atomic_save] ✓ last.ckpt saved (206.8 MiB, serialise=0.35s write=0.27s rename=28.6ms)
[Epoch 25/60] step 50/309 (1.6 it/s)
[Epoch 25/60] step 100/309 (1.7 it/s)
[Epoch 25/60] step 150/309 (1.7 it/s)
[Epoch 25/60] step 200/309 (1.7 it/s)
[Epoch 25/60] step 250/309 (1.7 it/s)
[Epoch 25/60] step 300/309 (1.7 it/s)
14:10:59 | INFO  | trainer_inf~| \n+--------------------------------+------------------------+
|             Metric             |         Value          |
+--------------------------------+------------------------+
|            [0;34;40mfit/loss[0m            |  [0;32;40m0.20261740684509277[0m   |
|         [0;34;40mfit/pred_loss[0m          |  [0;32;40m0.015810435637831688[0m  |
|        [0;34;40mfit/sigreg_loss[0m         |       [0;32;40m1.7109375[0m        |
|      [0;34;40mfit/structured_loss[0m       |  [0;32;40m0.032510098069906235[0m  |
|      [0;34;40mhardware/cpu_percent[0m      |   [0;32;40m41.70000076293945[0m    |
|    [0;34;40mhardware/disk_read_mb_s[0m     | [0;32;40m0.0007808886002749205[0m  |
|    [0;34;40mhardware/disk_write_mb_s[0m    |    [0;32;40m49.1299934387207[0m    |
|     [0;34;40mhardware/net_recv_mb_s[0m     |   [0;32;40m28.451169967651367[0m   |
|     [0;34;40mhardware/net_sent_mb_s[0m     |   [0;32;40m0.9299859404563904[0m   |
|      [0;34;40mhardware/ram_used_gb[0m      |    [0;32;40m277.942138671875[0m    |
|     [0;34;40mhardware/ram_used_pct[0m      |   [0;32;40m27.600000381469727[0m   |
|      [0;34;40mhparams/lr_default_0[0m      | [0;32;40m1.2254281500645448e-05[0m |
|         [0;34;40mvalidate/loss[0m          |   [0;32;40m0.2640295624732971[0m   |
|      [0;34;40mvalidate/loss_epoch[0m       |   [0;32;40m0.2640295624732971[0m   |
|       [0;34;40mvalidate/pred_loss[0m       |  [0;32;40m0.015096830204129219[0m  |
|    [0;34;40mvalidate/pred_loss_epoch[0m    |  [0;32;40m0.015096830204129219[0m  |
|      [0;34;40mvalidate/sigreg_loss[0m      |    [0;32;40m2.5772864818573[0m     |
|   [0;34;40mvalidate/sigreg_loss_epoch[0m   |    [0;32;40m2.5772864818573[0m     |
|    [0;34;40mvalidate/structured_loss[0m    |  [0;32;40m0.01697089709341526[0m   |
| [0;34;40mvalidate/structured_loss_epoch[0m |  [0;32;40m0.01697089709341526[0m   |
+--------------------------------+------------------------+
[Epoch 25/60] done in 188.2s
14:10:59 | INFO  | checkpoint_~|   Checking for non PyTorch modules to save
14:10:59 | INFO  | atomic_chec~| [atomic_save] → /data1/likun-share/junjxu/.cache_stable-pretraining/runs/20260722/131159/ad72a3772377/checkpoints/epoch=25-step=8034.ckpt
14:10:59 | INFO  | atomic_chec~| [atomic_save] ✓ epoch=25-step=8034.ckpt saved (206.8 MiB, serialise=0.29s write=0.26s rename=0.1ms)
14:10:59 | INFO  | checkpoint_~|   Checking for non PyTorch modules to save
14:10:59 | INFO  | atomic_chec~| [atomic_save] → /data1/likun-share/junjxu/.cache_stable-pretraining/runs/20260722/131159/ad72a3772377/checkpoints/last.ckpt
14:11:00 | INFO  | atomic_chec~| [atomic_save] ✓ last.ckpt saved (206.8 MiB, serialise=0.31s write=0.27s rename=23.2ms)
[Epoch 26/60] step 50/309 (1.8 it/s)
[Epoch 26/60] step 100/309 (1.9 it/s)
[Epoch 26/60] step 150/309 (1.9 it/s)
[Epoch 26/60] step 200/309 (1.9 it/s)
[Epoch 26/60] step 250/309 (1.9 it/s)
[Epoch 26/60] step 300/309 (1.9 it/s)
14:13:57 | INFO  | trainer_inf~| \n+--------------------------------+------------------------+
|             Metric             |         Value          |
+--------------------------------+------------------------+
|            [0;34;40mfit/loss[0m            |  [0;32;40m0.17971734702587128[0m   |
|         [0;34;40mfit/pred_loss[0m          |  [0;32;40m0.016048025339841843[0m  |
|        [0;34;40mfit/sigreg_loss[0m         |         [0;32;40m1.625[0m          |
|      [0;34;40mfit/structured_loss[0m       |  [0;32;40m0.017184937372803688[0m  |
|      [0;34;40mhardware/cpu_percent[0m      |          [0;32;40m55.0[0m          |
|    [0;34;40mhardware/disk_read_mb_s[0m     | [0;32;40m0.00039048396865837276[0m |
|    [0;34;40mhardware/disk_write_mb_s[0m    |    [0;32;40m85.6553955078125[0m    |
|     [0;34;40mhardware/net_recv_mb_s[0m     |   [0;32;40m46.07448196411133[0m    |
|     [0;34;40mhardware/net_sent_mb_s[0m     |   [0;32;40m1.164469838142395[0m    |
|      [0;34;40mhardware/ram_used_gb[0m      |   [0;32;40m274.99859619140625[0m   |
|     [0;34;40mhardware/ram_used_pct[0m      |   [0;32;40m27.299999237060547[0m   |
|      [0;34;40mhparams/lr_default_0[0m      | [0;32;40m1.1736106898752041e-05[0m |
|         [0;34;40mvalidate/loss[0m          |   [0;32;40m0.3279367685317993[0m   |
|      [0;34;40mvalidate/loss_epoch[0m       |   [0;32;40m0.3279367685317993[0m   |
|       [0;34;40mvalidate/pred_loss[0m       |  [0;32;40m0.02607792802155018[0m   |
|    [0;34;40mvalidate/pred_loss_epoch[0m    |  [0;32;40m0.02607792802155018[0m   |
|      [0;34;40mvalidate/sigreg_loss[0m      |   [0;32;40m2.8517720699310303[0m   |
|   [0;34;40mvalidate/sigreg_loss_epoch[0m   |   [0;32;40m2.8517720699310303[0m   |
|    [0;34;40mvalidate/structured_loss[0m    |  [0;32;40m0.04508371651172638[0m   |
| [0;34;40mvalidate/structured_loss_epoch[0m |  [0;32;40m0.04508371651172638[0m   |
+--------------------------------+------------------------+
[Epoch 26/60] done in 177.5s
14:13:58 | INFO  | checkpoint_~|   Checking for non PyTorch modules to save
14:13:58 | INFO  | atomic_chec~| [atomic_save] → /data1/likun-share/junjxu/.cache_stable-pretraining/runs/20260722/131159/ad72a3772377/checkpoints/epoch=26-step=8343.ckpt
14:13:58 | INFO  | atomic_chec~| [atomic_save] ✓ epoch=26-step=8343.ckpt saved (206.8 MiB, serialise=0.46s write=0.32s rename=0.1ms)
14:13:58 | INFO  | checkpoint_~|   Checking for non PyTorch modules to save
14:13:58 | INFO  | atomic_chec~| [atomic_save] → /data1/likun-share/junjxu/.cache_stable-pretraining/runs/20260722/131159/ad72a3772377/checkpoints/last.ckpt
14:13:59 | INFO  | atomic_chec~| [atomic_save] ✓ last.ckpt saved (206.8 MiB, serialise=0.55s write=0.40s rename=48.0ms)
[Epoch 27/60] step 50/309 (1.6 it/s)
[Epoch 27/60] step 100/309 (1.8 it/s)
[Epoch 27/60] step 150/309 (1.7 it/s)
[Epoch 27/60] step 200/309 (1.8 it/s)
[Epoch 27/60] step 250/309 (1.8 it/s)
[Epoch 27/60] step 300/309 (1.8 it/s)
14:17:19 | INFO  | trainer_inf~| \n+--------------------------------+------------------------+
|             Metric             |         Value          |
+--------------------------------+------------------------+
|            [0;34;40mfit/loss[0m            |  [0;32;40m0.20866438746452332[0m   |
|         [0;34;40mfit/pred_loss[0m          |  [0;32;40m0.017552882432937622[0m  |
|        [0;34;40mfit/sigreg_loss[0m         |       [0;32;40m1.8203125[0m        |
|      [0;34;40mfit/structured_loss[0m       |  [0;32;40m0.027049003168940544[0m  |
|      [0;34;40mhardware/cpu_percent[0m      |         [0;32;40m100.0[0m          |
|    [0;34;40mhardware/disk_read_mb_s[0m     |          [0;32;40m0.0[0m           |
|    [0;34;40mhardware/disk_write_mb_s[0m    |   [0;32;40m22.488374710083008[0m   |
|     [0;34;40mhardware/net_recv_mb_s[0m     |   [0;32;40m21.777921676635742[0m   |
|     [0;34;40mhardware/net_sent_mb_s[0m     |   [0;32;40m0.5799149870872498[0m   |
|      [0;34;40mhardware/ram_used_gb[0m      |   [0;32;40m277.9886169433594[0m    |
|     [0;34;40mhardware/ram_used_pct[0m      |   [0;32;40m27.600000381469727[0m   |
|      [0;34;40mhparams/lr_default_0[0m      | [0;32;40m1.1213077414140571e-05[0m |
|         [0;34;40mvalidate/loss[0m          |   [0;32;40m0.4917859733104706[0m   |
|      [0;34;40mvalidate/loss_epoch[0m       |   [0;32;40m0.4917859733104706[0m   |
|       [0;34;40mvalidate/pred_loss[0m       |  [0;32;40m0.017012396827340126[0m  |
|    [0;34;40mvalidate/pred_loss_epoch[0m    |  [0;32;40m0.017012396827340126[0m  |
|      [0;34;40mvalidate/sigreg_loss[0m      |   [0;32;40m3.614704132080078[0m    |
|   [0;34;40mvalidate/sigreg_loss_epoch[0m   |   [0;32;40m3.614704132080078[0m    |
|    [0;34;40mvalidate/structured_loss[0m    |  [0;32;40m0.14933401346206665[0m   |
| [0;34;40mvalidate/structured_loss_epoch[0m |  [0;32;40m0.14933401346206665[0m   |
+--------------------------------+------------------------+
[Epoch 27/60] done in 199.7s
14:17:19 | INFO  | checkpoint_~|   Checking for non PyTorch modules to save
14:17:19 | INFO  | atomic_chec~| [atomic_save] → /data1/likun-share/junjxu/.cache_stable-pretraining/runs/20260722/131159/ad72a3772377/checkpoints/epoch=27-step=8652.ckpt
14:17:20 | INFO  | atomic_chec~| [atomic_save] ✓ epoch=27-step=8652.ckpt saved (206.8 MiB, serialise=0.49s write=0.34s rename=0.1ms)
14:17:20 | INFO  | checkpoint_~|   Checking for non PyTorch modules to save
14:17:20 | INFO  | atomic_chec~| [atomic_save] → /data1/likun-share/junjxu/.cache_stable-pretraining/runs/20260722/131159/ad72a3772377/checkpoints/last.ckpt
14:17:21 | INFO  | atomic_chec~| [atomic_save] ✓ last.ckpt saved (206.8 MiB, serialise=0.38s write=0.30s rename=73.0ms)
[Epoch 28/60] step 50/309 (1.7 it/s)
[Epoch 28/60] step 100/309 (1.8 it/s)
[Epoch 28/60] step 150/309 (1.9 it/s)
[Epoch 28/60] step 200/309 (1.8 it/s)
[Epoch 28/60] step 250/309 (1.7 it/s)
[Epoch 28/60] step 300/309 (1.8 it/s)
14:20:28 | INFO  | trainer_inf~| \n+--------------------------------+------------------------+
|             Metric             |         Value          |
+--------------------------------+------------------------+
|            [0;34;40mfit/loss[0m            |   [0;32;40m0.1771320104598999[0m   |
|         [0;34;40mfit/pred_loss[0m          |  [0;32;40m0.012887494638562202[0m  |
|        [0;34;40mfit/sigreg_loss[0m         |        [0;32;40m1.65625[0m         |
|      [0;34;40mfit/structured_loss[0m       |  [0;32;40m0.014830462634563446[0m  |
|      [0;34;40mhardware/cpu_percent[0m      |   [0;32;40m63.099998474121094[0m   |
|    [0;34;40mhardware/disk_read_mb_s[0m     |          [0;32;40m0.0[0m           |
|    [0;34;40mhardware/disk_write_mb_s[0m    |   [0;32;40m51.814876556396484[0m   |
|     [0;34;40mhardware/net_recv_mb_s[0m     |   [0;32;40m119.5408706665039[0m    |
|     [0;34;40mhardware/net_sent_mb_s[0m     |   [0;32;40m2.034071445465088[0m    |
|      [0;34;40mhardware/ram_used_gb[0m      |   [0;32;40m279.70037841796875[0m   |
|     [0;34;40mhardware/ram_used_pct[0m      |   [0;32;40m27.799999237060547[0m   |
|      [0;34;40mhparams/lr_default_0[0m      | [0;32;40m1.0686655514291488e-05[0m |
|         [0;34;40mvalidate/loss[0m          |  [0;32;40m0.34974226355552673[0m   |
|      [0;34;40mvalidate/loss_epoch[0m       |  [0;32;40m0.34974226355552673[0m   |
|       [0;34;40mvalidate/pred_loss[0m       |  [0;32;40m0.025866031646728516[0m  |
|    [0;34;40mvalidate/pred_loss_epoch[0m    |  [0;32;40m0.025866031646728516[0m  |
|      [0;34;40mvalidate/sigreg_loss[0m      |   [0;32;40m2.9086055755615234[0m   |
|   [0;34;40mvalidate/sigreg_loss_epoch[0m   |   [0;32;40m2.9086055755615234[0m   |
|    [0;34;40mvalidate/structured_loss[0m    |  [0;32;40m0.061988744884729385[0m  |
| [0;34;40mvalidate/structured_loss_epoch[0m |  [0;32;40m0.061988744884729385[0m  |
+--------------------------------+------------------------+
[Epoch 28/60] done in 187.4s
14:20:28 | INFO  | checkpoint_~|   Checking for non PyTorch modules to save
14:20:28 | INFO  | atomic_chec~| [atomic_save] → /data1/likun-share/junjxu/.cache_stable-pretraining/runs/20260722/131159/ad72a3772377/checkpoints/epoch=28-step=8961.ckpt
14:20:29 | INFO  | atomic_chec~| [atomic_save] ✓ epoch=28-step=8961.ckpt saved (206.8 MiB, serialise=0.30s write=0.28s rename=0.1ms)
14:20:29 | INFO  | checkpoint_~|   Checking for non PyTorch modules to save
14:20:29 | INFO  | atomic_chec~| [atomic_save] → /data1/likun-share/junjxu/.cache_stable-pretraining/runs/20260722/131159/ad72a3772377/checkpoints/last.ckpt
14:20:30 | INFO  | atomic_chec~| [atomic_save] ✓ last.ckpt saved (206.8 MiB, serialise=0.88s write=0.28s rename=27.3ms)
[Epoch 29/60] step 50/309 (2.1 it/s)
[Epoch 29/60] step 100/309 (2.2 it/s)
[Epoch 29/60] step 150/309 (2.3 it/s)
[Epoch 29/60] step 200/309 (2.3 it/s)
[Epoch 29/60] step 250/309 (2.3 it/s)
[Epoch 29/60] step 300/309 (2.4 it/s)
14:22:49 | INFO  | trainer_inf~| \n+--------------------------------+------------------------+
|             Metric             |         Value          |
+--------------------------------+------------------------+
|            [0;34;40mfit/loss[0m            |  [0;32;40m0.20712172985076904[0m   |
|         [0;34;40mfit/pred_loss[0m          |  [0;32;40m0.012873165309429169[0m  |
|        [0;34;40mfit/sigreg_loss[0m         |         [0;32;40m1.8125[0m         |
|      [0;34;40mfit/structured_loss[0m       |  [0;32;40m0.031162617728114128[0m  |
|      [0;34;40mhardware/cpu_percent[0m      |   [0;32;40m52.70000076293945[0m    |
|    [0;34;40mhardware/disk_read_mb_s[0m     | [0;32;40m0.0007809044909663498[0m  |
|    [0;34;40mhardware/disk_write_mb_s[0m    |   [0;32;40m66.09770965576172[0m    |
|     [0;34;40mhardware/net_recv_mb_s[0m     |   [0;32;40m117.9141616821289[0m    |
|     [0;34;40mhardware/net_sent_mb_s[0m     |   [0;32;40m1.6942135095596313[0m   |
|      [0;34;40mhardware/ram_used_gb[0m      |     [0;32;40m336.4853515625[0m     |
|     [0;34;40mhardware/ram_used_pct[0m      |   [0;32;40m33.400001525878906[0m   |
|      [0;34;40mhparams/lr_default_0[0m      | [0;32;40m1.0158313671126962e-05[0m |
|         [0;34;40mvalidate/loss[0m          |  [0;32;40m0.23934951424598694[0m   |
|      [0;34;40mvalidate/loss_epoch[0m       |  [0;32;40m0.23934951424598694[0m   |
|       [0;34;40mvalidate/pred_loss[0m       |  [0;32;40m0.010277404449880123[0m  |
|    [0;34;40mvalidate/pred_loss_epoch[0m    |  [0;32;40m0.010277404449880123[0m  |
|      [0;34;40mvalidate/sigreg_loss[0m      |   [0;32;40m2.4230473041534424[0m   |
|   [0;34;40mvalidate/sigreg_loss_epoch[0m   |   [0;32;40m2.4230473041534424[0m   |
|    [0;34;40mvalidate/structured_loss[0m    |  [0;32;40m0.011032207868993282[0m  |
| [0;34;40mvalidate/structured_loss_epoch[0m |  [0;32;40m0.011032207868993282[0m  |
+--------------------------------+------------------------+
[Epoch 29/60] done in 138.9s
14:22:49 | INFO  | checkpoint_~|   Checking for non PyTorch modules to save
14:22:49 | INFO  | atomic_chec~| [atomic_save] → /data1/likun-share/junjxu/.cache_stable-pretraining/runs/20260722/131159/ad72a3772377/checkpoints/epoch=29-step=9270.ckpt
14:22:50 | INFO  | atomic_chec~| [atomic_save] ✓ epoch=29-step=9270.ckpt saved (206.8 MiB, serialise=0.33s write=0.28s rename=0.1ms)
14:22:50 | INFO  | checkpoint_~|   Checking for non PyTorch modules to save
14:22:50 | INFO  | atomic_chec~| [atomic_save] → /data1/likun-share/junjxu/.cache_stable-pretraining/runs/20260722/131159/ad72a3772377/checkpoints/last.ckpt
14:22:50 | INFO  | atomic_chec~| [atomic_save] ✓ last.ckpt saved (206.8 MiB, serialise=0.38s write=0.26s rename=30.2ms)
[Epoch 30/60] step 50/309 (2.7 it/s)
[Epoch 30/60] step 100/309 (2.8 it/s)
[Epoch 30/60] step 150/309 (2.8 it/s)
[Epoch 30/60] step 200/309 (2.9 it/s)
[Epoch 30/60] step 250/309 (2.9 it/s)
[Epoch 30/60] step 300/309 (2.9 it/s)
14:24:48 | INFO  | trainer_inf~| \n+--------------------------------+-----------------------+
|             Metric             |         Value         |
+--------------------------------+-----------------------+
|            [0;34;40mfit/loss[0m            |  [0;32;40m0.15515437722206116[0m  |
|         [0;34;40mfit/pred_loss[0m          |  [0;32;40m0.012119770050048828[0m |
|        [0;34;40mfit/sigreg_loss[0m         |        [0;32;40m1.53125[0m        |
|      [0;34;40mfit/structured_loss[0m       |  [0;32;40m0.005339297000318766[0m |
|      [0;34;40mhardware/cpu_percent[0m      |   [0;32;40m48.29999923706055[0m   |
|    [0;34;40mhardware/disk_read_mb_s[0m     |  [0;32;40m0.001561901532113552[0m |
|    [0;34;40mhardware/disk_write_mb_s[0m    |   [0;32;40m102.20576477050781[0m  |
|     [0;34;40mhardware/net_recv_mb_s[0m     |   [0;32;40m117.54085540771484[0m  |
|     [0;34;40mhardware/net_sent_mb_s[0m     |    [0;32;40m1.8026202917099[0m    |
|      [0;34;40mhardware/ram_used_gb[0m      |   [0;32;40m268.1113586425781[0m   |
|     [0;34;40mhardware/ram_used_pct[0m      |   [0;32;40m26.600000381469727[0m  |
|      [0;34;40mhparams/lr_default_0[0m      | [0;32;40m9.629528904042672e-06[0m |
|         [0;34;40mvalidate/loss[0m          |   [0;32;40m0.2516462802886963[0m  |
|      [0;34;40mvalidate/loss_epoch[0m       |   [0;32;40m0.2516462802886963[0m  |
|       [0;34;40mvalidate/pred_loss[0m       |   [0;32;40m0.0117884436622262[0m  |
|    [0;34;40mvalidate/pred_loss_epoch[0m    |   [0;32;40m0.0117884436622262[0m  |
|      [0;34;40mvalidate/sigreg_loss[0m      |   [0;32;40m2.3325304985046387[0m  |
|   [0;34;40mvalidate/sigreg_loss_epoch[0m   |   [0;32;40m2.3325304985046387[0m  |
|    [0;34;40mvalidate/structured_loss[0m    |  [0;32;40m0.029868431389331818[0m |
| [0;34;40mvalidate/structured_loss_epoch[0m |  [0;32;40m0.029868431389331818[0m |
+--------------------------------+-----------------------+
[Epoch 30/60] done in 117.6s
14:24:48 | INFO  | checkpoint_~|   Checking for non PyTorch modules to save
14:24:48 | INFO  | atomic_chec~| [atomic_save] → /data1/likun-share/junjxu/.cache_stable-pretraining/runs/20260722/131159/ad72a3772377/checkpoints/epoch=30-step=9579.ckpt
14:24:49 | INFO  | atomic_chec~| [atomic_save] ✓ epoch=30-step=9579.ckpt saved (206.8 MiB, serialise=0.34s write=0.29s rename=0.1ms)
14:24:49 | INFO  | checkpoint_~|   Checking for non PyTorch modules to save
14:24:49 | INFO  | atomic_chec~| [atomic_save] → /data1/likun-share/junjxu/.cache_stable-pretraining/runs/20260722/131159/ad72a3772377/checkpoints/last.ckpt
14:24:49 | INFO  | atomic_chec~| [atomic_save] ✓ last.ckpt saved (206.8 MiB, serialise=0.35s write=0.26s rename=29.4ms)
[Epoch 31/60] step 50/309 (2.6 it/s)
[Epoch 31/60] step 100/309 (2.9 it/s)
[Epoch 31/60] step 150/309 (2.9 it/s)
[Epoch 31/60] step 200/309 (3.0 it/s)
[Epoch 31/60] step 250/309 (3.0 it/s)
[Epoch 31/60] step 300/309 (3.0 it/s)
14:26:48 | INFO  | trainer_inf~| \n+--------------------------------+-----------------------+
|             Metric             |         Value         |
+--------------------------------+-----------------------+
|            [0;34;40mfit/loss[0m            |  [0;32;40m0.19097073376178741[0m  |
|         [0;34;40mfit/pred_loss[0m          |  [0;32;40m0.011530425399541855[0m |
|        [0;34;40mfit/sigreg_loss[0m         |       [0;32;40m1.5234375[0m       |
|      [0;34;40mfit/structured_loss[0m       |  [0;32;40m0.04272155836224556[0m  |
|      [0;34;40mhardware/cpu_percent[0m      |   [0;32;40m50.70000076293945[0m   |
|    [0;34;40mhardware/disk_read_mb_s[0m     | [0;32;40m0.0007809811504557729[0m |
|    [0;34;40mhardware/disk_write_mb_s[0m    |   [0;32;40m72.57618713378906[0m   |
|     [0;34;40mhardware/net_recv_mb_s[0m     |   [0;32;40m117.57506561279297[0m  |
|     [0;34;40mhardware/net_sent_mb_s[0m     |   [0;32;40m1.849682331085205[0m   |
|      [0;34;40mhardware/ram_used_gb[0m      |   [0;32;40m268.8982238769531[0m   |
|     [0;34;40mhardware/ram_used_pct[0m      |   [0;32;40m26.700000762939453[0m  |
|      [0;34;40mhparams/lr_default_0[0m      | [0;32;40m9.101780051423702e-06[0m |
|         [0;34;40mvalidate/loss[0m          |  [0;32;40m0.23580779135227203[0m  |
|      [0;34;40mvalidate/loss_epoch[0m       |  [0;32;40m0.23580779135227203[0m  |
|       [0;34;40mvalidate/pred_loss[0m       |  [0;32;40m0.013399992138147354[0m |
|    [0;34;40mvalidate/pred_loss_epoch[0m    |  [0;32;40m0.013399992138147354[0m |
|      [0;34;40mvalidate/sigreg_loss[0m      |   [0;32;40m2.365347146987915[0m   |
|   [0;34;40mvalidate/sigreg_loss_epoch[0m   |   [0;32;40m2.365347146987915[0m   |
|    [0;34;40mvalidate/structured_loss[0m    |  [0;32;40m0.009497621096670628[0m |
| [0;34;40mvalidate/structured_loss_epoch[0m |  [0;32;40m0.009497621096670628[0m |
+--------------------------------+-----------------------+
[Epoch 31/60] done in 119.0s
14:26:48 | INFO  | checkpoint_~|   Checking for non PyTorch modules to save
14:26:48 | INFO  | atomic_chec~| [atomic_save] → /data1/likun-share/junjxu/.cache_stable-pretraining/runs/20260722/131159/ad72a3772377/checkpoints/epoch=31-step=9888.ckpt
14:26:49 | INFO  | atomic_chec~| [atomic_save] ✓ epoch=31-step=9888.ckpt saved (206.8 MiB, serialise=0.42s write=0.33s rename=0.1ms)
14:26:49 | INFO  | checkpoint_~|   Checking for non PyTorch modules to save
14:26:49 | INFO  | atomic_chec~| [atomic_save] → /data1/likun-share/junjxu/.cache_stable-pretraining/runs/20260722/131159/ad72a3772377/checkpoints/last.ckpt
14:26:50 | INFO  | atomic_chec~| [atomic_save] ✓ last.ckpt saved (206.8 MiB, serialise=0.51s write=0.32s rename=42.7ms)
[Epoch 32/60] step 50/309 (1.5 it/s)
[Epoch 32/60] step 100/309 (1.6 it/s)
[Epoch 32/60] step 150/309 (1.7 it/s)
[Epoch 32/60] step 200/309 (1.8 it/s)
[Epoch 32/60] step 250/309 (1.8 it/s)
[Epoch 32/60] step 300/309 (1.9 it/s)
14:29:47 | INFO  | trainer_inf~| \n+--------------------------------+-----------------------+
|             Metric             |         Value         |
+--------------------------------+-----------------------+
|            [0;34;40mfit/loss[0m            |  [0;32;40m0.15975253283977509[0m  |
|         [0;34;40mfit/pred_loss[0m          |  [0;32;40m0.01064751110970974[0m  |
|        [0;34;40mfit/sigreg_loss[0m         |        [0;32;40m1.53125[0m        |
|      [0;34;40mfit/structured_loss[0m       |  [0;32;40m0.01140971202403307[0m  |
|      [0;34;40mhardware/cpu_percent[0m      |    [0;32;40m74.0999984741211[0m   |
|    [0;34;40mhardware/disk_read_mb_s[0m     | [0;32;40m0.0019524750532582402[0m |
|    [0;34;40mhardware/disk_write_mb_s[0m    |    [0;32;40m22.6463680267334[0m   |
|     [0;34;40mhardware/net_recv_mb_s[0m     |   [0;32;40m118.35570526123047[0m  |
|     [0;34;40mhardware/net_sent_mb_s[0m     |   [0;32;40m1.8320235013961792[0m  |
|      [0;34;40mhardware/ram_used_gb[0m      |    [0;32;40m276.892822265625[0m   |
|     [0;34;40mhardware/ram_used_pct[0m      |          [0;32;40m27.5[0m         |
|      [0;34;40mhparams/lr_default_0[0m      |  [0;32;40m8.57654322317103e-06[0m |
|         [0;34;40mvalidate/loss[0m          |   [0;32;40m0.2877005636692047[0m  |
|      [0;34;40mvalidate/loss_epoch[0m       |   [0;32;40m0.2877005636692047[0m  |
|       [0;34;40mvalidate/pred_loss[0m       |  [0;32;40m0.01502980850636959[0m  |
|    [0;34;40mvalidate/pred_loss_epoch[0m    |  [0;32;40m0.01502980850636959[0m  |
|      [0;34;40mvalidate/sigreg_loss[0m      |   [0;32;40m2.7504653930664062[0m  |
|   [0;34;40mvalidate/sigreg_loss_epoch[0m   |   [0;32;40m2.7504653930664062[0m  |
|    [0;34;40mvalidate/structured_loss[0m    |  [0;32;40m0.02511551044881344[0m  |
| [0;34;40mvalidate/structured_loss_epoch[0m |  [0;32;40m0.02511551044881344[0m  |
+--------------------------------+-----------------------+
[Epoch 32/60] done in 176.8s
14:29:47 | INFO  | checkpoint_~|   Checking for non PyTorch modules to save
14:29:47 | INFO  | atomic_chec~| [atomic_save] → /data1/likun-share/junjxu/.cache_stable-pretraining/runs/20260722/131159/ad72a3772377/checkpoints/epoch=32-step=10197.ckpt
14:29:48 | INFO  | atomic_chec~| [atomic_save] ✓ epoch=32-step=10197.ckpt saved (206.8 MiB, serialise=0.40s write=0.33s rename=0.1ms)
14:29:48 | INFO  | checkpoint_~|   Checking for non PyTorch modules to save
14:29:48 | INFO  | atomic_chec~| [atomic_save] → /data1/likun-share/junjxu/.cache_stable-pretraining/runs/20260722/131159/ad72a3772377/checkpoints/last.ckpt
14:29:48 | INFO  | atomic_chec~| [atomic_save] ✓ last.ckpt saved (206.8 MiB, serialise=0.45s write=0.31s rename=30.3ms)
[Epoch 33/60] step 50/309 (2.0 it/s)
[Epoch 33/60] step 100/309 (2.2 it/s)
[Epoch 33/60] step 150/309 (2.1 it/s)
[Epoch 33/60] step 200/309 (2.1 it/s)
[Epoch 33/60] step 250/309 (2.2 it/s)
[Epoch 33/60] step 300/309 (2.2 it/s)
14:32:17 | INFO  | trainer_inf~| \n+--------------------------------+-----------------------+
|             Metric             |         Value         |
+--------------------------------+-----------------------+
|            [0;34;40mfit/loss[0m            |  [0;32;40m0.24207451939582825[0m  |
|         [0;34;40mfit/pred_loss[0m          |  [0;32;40m0.01394563727080822[0m  |
|        [0;34;40mfit/sigreg_loss[0m         |       [0;32;40m1.7734375[0m       |
|      [0;34;40mfit/structured_loss[0m       |  [0;32;40m0.06894919276237488[0m  |
|      [0;34;40mhardware/cpu_percent[0m      |   [0;32;40m63.900001525878906[0m  |
|    [0;34;40mhardware/disk_read_mb_s[0m     | [0;32;40m0.0007810660172253847[0m |
|    [0;34;40mhardware/disk_write_mb_s[0m    |   [0;32;40m207.85377502441406[0m  |
|     [0;34;40mhardware/net_recv_mb_s[0m     |   [0;32;40m119.64341735839844[0m  |
|     [0;34;40mhardware/net_sent_mb_s[0m     |   [0;32;40m1.7709771394729614[0m  |
|      [0;34;40mhardware/ram_used_gb[0m      |    [0;32;40m279.253662109375[0m   |
|     [0;34;40mhardware/ram_used_pct[0m      |   [0;32;40m27.700000762939453[0m  |
|      [0;34;40mhparams/lr_default_0[0m      | [0;32;40m8.055287253228016e-06[0m |
|         [0;34;40mvalidate/loss[0m          |  [0;32;40m0.29255422949790955[0m  |
|      [0;34;40mvalidate/loss_epoch[0m       |  [0;32;40m0.29255422949790955[0m  |
|       [0;34;40mvalidate/pred_loss[0m       |  [0;32;40m0.013370522297918797[0m |
|    [0;34;40mvalidate/pred_loss_epoch[0m    |  [0;32;40m0.013370522297918797[0m |
|      [0;34;40mvalidate/sigreg_loss[0m      |   [0;32;40m2.4331443309783936[0m  |
|   [0;34;40mvalidate/sigreg_loss_epoch[0m   |   [0;32;40m2.4331443309783936[0m  |
|    [0;34;40mvalidate/structured_loss[0m    |  [0;32;40m0.06022056192159653[0m  |
| [0;34;40mvalidate/structured_loss_epoch[0m |  [0;32;40m0.06022056192159653[0m  |
+--------------------------------+-----------------------+
[Epoch 33/60] done in 149.1s
14:32:18 | INFO  | checkpoint_~|   Checking for non PyTorch modules to save
14:32:18 | INFO  | atomic_chec~| [atomic_save] → /data1/likun-share/junjxu/.cache_stable-pretraining/runs/20260722/131159/ad72a3772377/checkpoints/epoch=33-step=10506.ckpt
14:32:18 | INFO  | atomic_chec~| [atomic_save] ✓ epoch=33-step=10506.ckpt saved (206.8 MiB, serialise=0.31s write=0.24s rename=0.1ms)
14:32:18 | INFO  | checkpoint_~|   Checking for non PyTorch modules to save
14:32:18 | INFO  | atomic_chec~| [atomic_save] → /data1/likun-share/junjxu/.cache_stable-pretraining/runs/20260722/131159/ad72a3772377/checkpoints/last.ckpt
14:32:19 | INFO  | atomic_chec~| [atomic_save] ✓ last.ckpt saved (206.8 MiB, serialise=0.30s write=0.25s rename=46.0ms)
[Epoch 34/60] step 50/309 (2.3 it/s)
[Epoch 34/60] step 100/309 (2.7 it/s)
[Epoch 34/60] step 150/309 (2.6 it/s)
[Epoch 34/60] step 200/309 (2.6 it/s)
[Epoch 34/60] step 250/309 (2.7 it/s)
[Epoch 34/60] step 300/309 (2.7 it/s)
14:34:24 | INFO  | trainer_inf~| \n+--------------------------------+------------------------+
|             Metric             |         Value          |
+--------------------------------+------------------------+
|            [0;34;40mfit/loss[0m            |   [0;32;40m0.1841488927602768[0m   |
|         [0;34;40mfit/pred_loss[0m          |  [0;32;40m0.016135092824697495[0m  |
|        [0;34;40mfit/sigreg_loss[0m         |        [0;32;40m1.546875[0m        |
|      [0;34;40mfit/structured_loss[0m       |  [0;32;40m0.028365353122353554[0m  |
|      [0;34;40mhardware/cpu_percent[0m      |   [0;32;40m52.70000076293945[0m    |
|    [0;34;40mhardware/disk_read_mb_s[0m     | [0;32;40m0.0003904907207470387[0m  |
|    [0;34;40mhardware/disk_write_mb_s[0m    |   [0;32;40m0.7204553484916687[0m   |
|     [0;34;40mhardware/net_recv_mb_s[0m     |   [0;32;40m119.31780242919922[0m   |
|     [0;34;40mhardware/net_sent_mb_s[0m     |   [0;32;40m1.8798940181732178[0m   |
|      [0;34;40mhardware/ram_used_gb[0m      |   [0;32;40m271.2823181152344[0m    |
|     [0;34;40mhardware/ram_used_pct[0m      |   [0;32;40m26.899999618530273[0m   |
|      [0;34;40mhparams/lr_default_0[0m      | [0;32;40m7.5394691521069035e-06[0m |
|         [0;34;40mvalidate/loss[0m          |   [0;32;40m0.3335937261581421[0m   |
|      [0;34;40mvalidate/loss_epoch[0m       |   [0;32;40m0.3335937261581421[0m   |
|       [0;34;40mvalidate/pred_loss[0m       |  [0;32;40m0.012774050235748291[0m  |
|    [0;34;40mvalidate/pred_loss_epoch[0m    |  [0;32;40m0.012774050235748291[0m  |
|      [0;34;40mvalidate/sigreg_loss[0m      |   [0;32;40m2.5305004119873047[0m   |
|   [0;34;40mvalidate/sigreg_loss_epoch[0m   |   [0;32;40m2.5305004119873047[0m   |
|    [0;34;40mvalidate/structured_loss[0m    |  [0;32;40m0.09304145723581314[0m   |
| [0;34;40mvalidate/structured_loss_epoch[0m |  [0;32;40m0.09304145723581314[0m   |
+--------------------------------+------------------------+
[Epoch 34/60] done in 125.6s
14:34:24 | INFO  | checkpoint_~|   Checking for non PyTorch modules to save
14:34:24 | INFO  | atomic_chec~| [atomic_save] → /data1/likun-share/junjxu/.cache_stable-pretraining/runs/20260722/131159/ad72a3772377/checkpoints/epoch=34-step=10815.ckpt
14:34:25 | INFO  | atomic_chec~| [atomic_save] ✓ epoch=34-step=10815.ckpt saved (206.8 MiB, serialise=0.31s write=0.27s rename=0.1ms)
14:34:25 | INFO  | checkpoint_~|   Checking for non PyTorch modules to save
14:34:25 | INFO  | atomic_chec~| [atomic_save] → /data1/likun-share/junjxu/.cache_stable-pretraining/runs/20260722/131159/ad72a3772377/checkpoints/last.ckpt
14:34:26 | INFO  | atomic_chec~| [atomic_save] ✓ last.ckpt saved (206.8 MiB, serialise=0.32s write=0.25s rename=26.4ms)
[Epoch 35/60] step 50/309 (2.6 it/s)
[Epoch 35/60] step 100/309 (2.7 it/s)
[Epoch 35/60] step 150/309 (2.8 it/s)
[Epoch 35/60] step 200/309 (2.9 it/s)
[Epoch 35/60] step 250/309 (2.9 it/s)
[Epoch 35/60] step 300/309 (2.9 it/s)
14:36:23 | INFO  | trainer_inf~| \n+--------------------------------+-----------------------+
|             Metric             |         Value         |
+--------------------------------+-----------------------+
|            [0;34;40mfit/loss[0m            |  [0;32;40m0.16470597684383392[0m  |
|         [0;34;40mfit/pred_loss[0m          |  [0;32;40m0.011997024528682232[0m |
|        [0;34;40mfit/sigreg_loss[0m         |       [0;32;40m1.4921875[0m       |
|      [0;34;40mfit/structured_loss[0m       |  [0;32;40m0.01794331707060337[0m  |
|      [0;34;40mhardware/cpu_percent[0m      |          [0;32;40m50.0[0m         |
|    [0;34;40mhardware/disk_read_mb_s[0m     |          [0;32;40m0.0[0m          |
|    [0;34;40mhardware/disk_write_mb_s[0m    |   [0;32;40m18.81500816345215[0m   |
|     [0;34;40mhardware/net_recv_mb_s[0m     |   [0;32;40m117.41790771484375[0m  |
|     [0;34;40mhardware/net_sent_mb_s[0m     |   [0;32;40m1.8523417711257935[0m  |
|      [0;34;40mhardware/ram_used_gb[0m      |   [0;32;40m266.4549560546875[0m   |
|     [0;34;40mhardware/ram_used_pct[0m      |          [0;32;40m26.5[0m         |
|      [0;34;40mhparams/lr_default_0[0m      | [0;32;40m7.030532287899405e-06[0m |
|         [0;34;40mvalidate/loss[0m          |  [0;32;40m0.22834868729114532[0m  |
|      [0;34;40mvalidate/loss_epoch[0m       |  [0;32;40m0.22834868729114532[0m  |
|       [0;34;40mvalidate/pred_loss[0m       |  [0;32;40m0.010373488068580627[0m |
|    [0;34;40mvalidate/pred_loss_epoch[0m    |  [0;32;40m0.010373488068580627[0m |
|      [0;34;40mvalidate/sigreg_loss[0m      |   [0;32;40m2.2275502681732178[0m  |
|   [0;34;40mvalidate/sigreg_loss_epoch[0m   |   [0;32;40m2.2275502681732178[0m  |
|    [0;34;40mvalidate/structured_loss[0m    |  [0;32;40m0.01744549162685871[0m  |
| [0;34;40mvalidate/structured_loss_epoch[0m |  [0;32;40m0.01744549162685871[0m  |
+--------------------------------+-----------------------+
[Epoch 35/60] done in 117.5s
14:36:23 | INFO  | checkpoint_~|   Checking for non PyTorch modules to save
14:36:23 | INFO  | atomic_chec~| [atomic_save] → /data1/likun-share/junjxu/.cache_stable-pretraining/runs/20260722/131159/ad72a3772377/checkpoints/epoch=35-step=11124.ckpt
14:36:24 | INFO  | atomic_chec~| [atomic_save] ✓ epoch=35-step=11124.ckpt saved (206.8 MiB, serialise=0.31s write=0.26s rename=0.1ms)
14:36:24 | INFO  | checkpoint_~|   Checking for non PyTorch modules to save
14:36:24 | INFO  | atomic_chec~| [atomic_save] → /data1/likun-share/junjxu/.cache_stable-pretraining/runs/20260722/131159/ad72a3772377/checkpoints/last.ckpt
14:36:24 | INFO  | atomic_chec~| [atomic_save] ✓ last.ckpt saved (206.8 MiB, serialise=0.34s write=0.26s rename=28.0ms)
[Epoch 36/60] step 50/309 (2.5 it/s)
[Epoch 36/60] step 100/309 (2.7 it/s)
[Epoch 36/60] step 150/309 (2.8 it/s)
[Epoch 36/60] step 200/309 (2.8 it/s)
[Epoch 36/60] step 250/309 (2.8 it/s)
[Epoch 36/60] step 300/309 (2.9 it/s)
14:38:24 | INFO  | trainer_inf~| \n+--------------------------------+-----------------------+
|             Metric             |         Value         |
+--------------------------------+-----------------------+
|            [0;34;40mfit/loss[0m            |   [0;32;40m0.1635434776544571[0m  |
|         [0;34;40mfit/pred_loss[0m          |  [0;32;40m0.010979007929563522[0m |
|        [0;34;40mfit/sigreg_loss[0m         |         [0;32;40m1.5625[0m        |
|      [0;34;40mfit/structured_loss[0m       |  [0;32;40m0.01193946786224842[0m  |
|      [0;34;40mhardware/cpu_percent[0m      |   [0;32;40m48.79999923706055[0m   |
|    [0;34;40mhardware/disk_read_mb_s[0m     | [0;32;40m0.0003905008779838681[0m |
|    [0;34;40mhardware/disk_write_mb_s[0m    |   [0;32;40m199.41708374023438[0m  |
|     [0;34;40mhardware/net_recv_mb_s[0m     |   [0;32;40m119.93203735351562[0m  |
|     [0;34;40mhardware/net_sent_mb_s[0m     |   [0;32;40m1.5230451822280884[0m  |
|      [0;34;40mhardware/ram_used_gb[0m      |   [0;32;40m269.0082092285156[0m   |
|     [0;34;40mhardware/ram_used_pct[0m      |   [0;32;40m26.700000762939453[0m  |
|      [0;34;40mhparams/lr_default_0[0m      | [0;32;40m6.529898655571742e-06[0m |
|         [0;34;40mvalidate/loss[0m          |  [0;32;40m0.23916566371917725[0m  |
|      [0;34;40mvalidate/loss_epoch[0m       |  [0;32;40m0.23916566371917725[0m  |
|       [0;34;40mvalidate/pred_loss[0m       |  [0;32;40m0.010944103822112083[0m |
|    [0;34;40mvalidate/pred_loss_epoch[0m    |  [0;32;40m0.010944103822112083[0m |
|      [0;34;40mvalidate/sigreg_loss[0m      |   [0;32;40m2.298619508743286[0m   |
|   [0;34;40mvalidate/sigreg_loss_epoch[0m   |   [0;32;40m2.298619508743286[0m   |
|    [0;34;40mvalidate/structured_loss[0m    |  [0;32;40m0.02127065882086754[0m  |
| [0;34;40mvalidate/structured_loss_epoch[0m |  [0;32;40m0.02127065882086754[0m  |
+--------------------------------+-----------------------+
[Epoch 36/60] done in 119.2s
14:38:24 | INFO  | checkpoint_~|   Checking for non PyTorch modules to save
14:38:24 | INFO  | atomic_chec~| [atomic_save] → /data1/likun-share/junjxu/.cache_stable-pretraining/runs/20260722/131159/ad72a3772377/checkpoints/epoch=36-step=11433.ckpt
14:38:24 | INFO  | atomic_chec~| [atomic_save] ✓ epoch=36-step=11433.ckpt saved (206.8 MiB, serialise=0.37s write=0.28s rename=0.1ms)
14:38:24 | INFO  | checkpoint_~|   Checking for non PyTorch modules to save
14:38:24 | INFO  | atomic_chec~| [atomic_save] → /data1/likun-share/junjxu/.cache_stable-pretraining/runs/20260722/131159/ad72a3772377/checkpoints/last.ckpt
14:38:25 | INFO  | atomic_chec~| [atomic_save] ✓ last.ckpt saved (206.8 MiB, serialise=0.38s write=0.28s rename=31.6ms)
[Epoch 37/60] step 50/309 (2.4 it/s)
[Epoch 37/60] step 100/309 (2.6 it/s)
[Epoch 37/60] step 150/309 (2.7 it/s)
[Epoch 37/60] step 200/309 (2.7 it/s)
[Epoch 37/60] step 250/309 (2.8 it/s)
[Epoch 37/60] step 300/309 (2.8 it/s)
14:40:28 | INFO  | trainer_inf~| \n+--------------------------------+-----------------------+
|             Metric             |         Value         |
+--------------------------------+-----------------------+
|            [0;34;40mfit/loss[0m            |  [0;32;40m0.16241952776908875[0m  |
|         [0;34;40mfit/pred_loss[0m          |  [0;32;40m0.011768369004130363[0m |
|        [0;34;40mfit/sigreg_loss[0m         |       [0;32;40m1.4609375[0m       |
|      [0;34;40mfit/structured_loss[0m       |  [0;32;40m0.018815217539668083[0m |
|      [0;34;40mhardware/cpu_percent[0m      |   [0;32;40m49.79999923706055[0m   |
|    [0;34;40mhardware/disk_read_mb_s[0m     |  [0;32;40m0.09137661010026932[0m  |
|    [0;34;40mhardware/disk_write_mb_s[0m    |   [0;32;40m53.716949462890625[0m  |
|     [0;34;40mhardware/net_recv_mb_s[0m     |   [0;32;40m119.5959243774414[0m   |
|     [0;34;40mhardware/net_sent_mb_s[0m     |   [0;32;40m1.516875982284546[0m   |
|      [0;34;40mhardware/ram_used_gb[0m      |    [0;32;40m271.519287109375[0m   |
|     [0;34;40mhardware/ram_used_pct[0m      |          [0;32;40m27.0[0m         |
|      [0;34;40mhparams/lr_default_0[0m      | [0;32;40m6.038969331711996e-06[0m |
|         [0;34;40mvalidate/loss[0m          |   [0;32;40m0.2142200767993927[0m  |
|      [0;34;40mvalidate/loss_epoch[0m       |   [0;32;40m0.2142200767993927[0m  |
|       [0;34;40mvalidate/pred_loss[0m       |  [0;32;40m0.00707152159884572[0m  |
|    [0;34;40mvalidate/pred_loss_epoch[0m    |  [0;32;40m0.00707152159884572[0m  |
|      [0;34;40mvalidate/sigreg_loss[0m      |   [0;32;40m2.1454672813415527[0m  |
|   [0;34;40mvalidate/sigreg_loss_epoch[0m   |   [0;32;40m2.1454672813415527[0m  |
|    [0;34;40mvalidate/structured_loss[0m    |  [0;32;40m0.014065408147871494[0m |
| [0;34;40mvalidate/structured_loss_epoch[0m |  [0;32;40m0.014065408147871494[0m |
+--------------------------------+-----------------------+
[Epoch 37/60] done in 122.6s
14:40:28 | INFO  | checkpoint_~|   Checking for non PyTorch modules to save
14:40:28 | INFO  | atomic_chec~| [atomic_save] → /data1/likun-share/junjxu/.cache_stable-pretraining/runs/20260722/131159/ad72a3772377/checkpoints/epoch=37-step=11742.ckpt
14:40:29 | INFO  | atomic_chec~| [atomic_save] ✓ epoch=37-step=11742.ckpt saved (206.8 MiB, serialise=0.53s write=0.28s rename=0.1ms)
14:40:29 | INFO  | checkpoint_~|   Checking for non PyTorch modules to save
14:40:29 | INFO  | atomic_chec~| [atomic_save] → /data1/likun-share/junjxu/.cache_stable-pretraining/runs/20260722/131159/ad72a3772377/checkpoints/last.ckpt
14:40:29 | INFO  | atomic_chec~| [atomic_save] ✓ last.ckpt saved (206.8 MiB, serialise=0.43s write=0.28s rename=31.9ms)
[Epoch 38/60] step 50/309 (2.4 it/s)
[Epoch 38/60] step 100/309 (2.6 it/s)
[Epoch 38/60] step 150/309 (2.7 it/s)
[Epoch 38/60] step 200/309 (2.8 it/s)
[Epoch 38/60] step 250/309 (2.8 it/s)
[Epoch 38/60] step 300/309 (2.9 it/s)
14:42:30 | INFO  | trainer_inf~| \n+--------------------------------+-----------------------+
|             Metric             |         Value         |
+--------------------------------+-----------------------+
|            [0;34;40mfit/loss[0m            |   [0;32;40m0.1766565889120102[0m  |
|         [0;34;40mfit/pred_loss[0m          |  [0;32;40m0.011540815234184265[0m |
|        [0;34;40mfit/sigreg_loss[0m         |       [0;32;40m1.6328125[0m       |
|      [0;34;40mfit/structured_loss[0m       |  [0;32;40m0.018631398677825928[0m |
|      [0;34;40mhardware/cpu_percent[0m      |   [0;32;40m47.29999923706055[0m   |
|    [0;34;40mhardware/disk_read_mb_s[0m     |  [0;32;40m0.000390470348065719[0m |
|    [0;34;40mhardware/disk_write_mb_s[0m    |   [0;32;40m260.9029235839844[0m   |
|     [0;34;40mhardware/net_recv_mb_s[0m     |   [0;32;40m119.02971649169922[0m  |
|     [0;34;40mhardware/net_sent_mb_s[0m     |   [0;32;40m1.5491387844085693[0m  |
|      [0;34;40mhardware/ram_used_gb[0m      |   [0;32;40m275.71966552734375[0m  |
|     [0;34;40mhardware/ram_used_pct[0m      |   [0;32;40m27.399999618530273[0m  |
|      [0;34;40mhparams/lr_default_0[0m      | [0;32;40m5.559117198572494e-06[0m |
|         [0;34;40mvalidate/loss[0m          |   [0;32;40m0.2747562527656555[0m  |
|      [0;34;40mvalidate/loss_epoch[0m       |   [0;32;40m0.2747562527656555[0m  |
|       [0;34;40mvalidate/pred_loss[0m       |  [0;32;40m0.021304955706000328[0m |
|    [0;34;40mvalidate/pred_loss_epoch[0m    |  [0;32;40m0.021304955706000328[0m |
|      [0;34;40mvalidate/sigreg_loss[0m      |   [0;32;40m2.6541147232055664[0m  |
|   [0;34;40mvalidate/sigreg_loss_epoch[0m   |   [0;32;40m2.6541147232055664[0m  |
|    [0;34;40mvalidate/structured_loss[0m    |  [0;32;40m0.014563426375389099[0m |
| [0;34;40mvalidate/structured_loss_epoch[0m |  [0;32;40m0.014563426375389099[0m |
+--------------------------------+-----------------------+
[Epoch 38/60] done in 120.5s
14:42:30 | INFO  | checkpoint_~|   Checking for non PyTorch modules to save
14:42:30 | INFO  | atomic_chec~| [atomic_save] → /data1/likun-share/junjxu/.cache_stable-pretraining/runs/20260722/131159/ad72a3772377/checkpoints/epoch=38-step=12051.ckpt
14:42:31 | INFO  | atomic_chec~| [atomic_save] ✓ epoch=38-step=12051.ckpt saved (206.8 MiB, serialise=0.41s write=0.30s rename=0.1ms)
14:42:31 | INFO  | checkpoint_~|   Checking for non PyTorch modules to save
14:42:31 | INFO  | atomic_chec~| [atomic_save] → /data1/likun-share/junjxu/.cache_stable-pretraining/runs/20260722/131159/ad72a3772377/checkpoints/last.ckpt
14:42:31 | INFO  | atomic_chec~| [atomic_save] ✓ last.ckpt saved (206.8 MiB, serialise=0.42s write=0.29s rename=33.6ms)
[Epoch 39/60] step 50/309 (2.4 it/s)
[Epoch 39/60] step 100/309 (2.6 it/s)
[Epoch 39/60] step 150/309 (2.8 it/s)
[Epoch 39/60] step 200/309 (2.9 it/s)
[Epoch 39/60] step 250/309 (2.9 it/s)
[Epoch 39/60] step 300/309 (3.0 it/s)
14:44:28 | INFO  | trainer_inf~| \n+--------------------------------+-----------------------+
|             Metric             |         Value         |
+--------------------------------+-----------------------+
|            [0;34;40mfit/loss[0m            |  [0;32;40m0.16716231405735016[0m  |
|         [0;34;40mfit/pred_loss[0m          |  [0;32;40m0.011527648195624352[0m |
|        [0;34;40mfit/sigreg_loss[0m         |        [0;32;40m1.65625[0m        |
|      [0;34;40mfit/structured_loss[0m       |  [0;32;40m0.006220607552677393[0m |
|      [0;34;40mhardware/cpu_percent[0m      |          [0;32;40m49.5[0m         |
|    [0;34;40mhardware/disk_read_mb_s[0m     |          [0;32;40m0.0[0m          |
|    [0;34;40mhardware/disk_write_mb_s[0m    |    [0;32;40m83.583740234375[0m    |
|     [0;34;40mhardware/net_recv_mb_s[0m     |    [0;32;40m118.679443359375[0m   |
|     [0;34;40mhardware/net_sent_mb_s[0m     |   [0;32;40m1.6289193630218506[0m  |
|      [0;34;40mhardware/ram_used_gb[0m      |   [0;32;40m277.35552978515625[0m  |
|     [0;34;40mhardware/ram_used_pct[0m      |          [0;32;40m27.5[0m         |
|      [0;34;40mhparams/lr_default_0[0m      | [0;32;40m5.091683306090999e-06[0m |
|         [0;34;40mvalidate/loss[0m          |  [0;32;40m0.22316759824752808[0m  |
|      [0;34;40mvalidate/loss_epoch[0m       |  [0;32;40m0.22316759824752808[0m  |
|       [0;34;40mvalidate/pred_loss[0m       |  [0;32;40m0.011821180582046509[0m |
|    [0;34;40mvalidate/pred_loss_epoch[0m    |  [0;32;40m0.011821180582046509[0m |
|      [0;34;40mvalidate/sigreg_loss[0m      |   [0;32;40m2.1800570487976074[0m  |
|   [0;34;40mvalidate/sigreg_loss_epoch[0m   |   [0;32;40m2.1800570487976074[0m  |
|    [0;34;40mvalidate/structured_loss[0m    |  [0;32;40m0.015141277574002743[0m |
| [0;34;40mvalidate/structured_loss_epoch[0m |  [0;32;40m0.015141277574002743[0m |
+--------------------------------+-----------------------+
[Epoch 39/60] done in 116.9s
14:44:28 | INFO  | checkpoint_~|   Checking for non PyTorch modules to save
14:44:28 | INFO  | atomic_chec~| [atomic_save] → /data1/likun-share/junjxu/.cache_stable-pretraining/runs/20260722/131159/ad72a3772377/checkpoints/epoch=39-step=12360.ckpt
14:44:29 | INFO  | atomic_chec~| [atomic_save] ✓ epoch=39-step=12360.ckpt saved (206.8 MiB, serialise=0.47s write=0.30s rename=0.1ms)
14:44:29 | INFO  | checkpoint_~|   Checking for non PyTorch modules to save
14:44:29 | INFO  | atomic_chec~| [atomic_save] → /data1/likun-share/junjxu/.cache_stable-pretraining/runs/20260722/131159/ad72a3772377/checkpoints/last.ckpt
14:44:30 | INFO  | atomic_chec~| [atomic_save] ✓ last.ckpt saved (206.8 MiB, serialise=0.35s write=0.32s rename=31.7ms)
[Epoch 40/60] step 50/309 (2.4 it/s)
[Epoch 40/60] step 100/309 (2.6 it/s)
[Epoch 40/60] step 150/309 (2.8 it/s)
[Epoch 40/60] step 200/309 (2.8 it/s)
[Epoch 40/60] step 250/309 (2.9 it/s)
[Epoch 40/60] step 300/309 (2.9 it/s)
14:46:29 | INFO  | trainer_inf~| \n+--------------------------------+-----------------------+
|             Metric             |         Value         |
+--------------------------------+-----------------------+
|            [0;34;40mfit/loss[0m            |  [0;32;40m0.15338671207427979[0m  |
|         [0;34;40mfit/pred_loss[0m          |  [0;32;40m0.01204382162541151[0m  |
|        [0;34;40mfit/sigreg_loss[0m         |       [0;32;40m1.5234375[0m       |
|      [0;34;40mfit/structured_loss[0m       |  [0;32;40m0.004624145571142435[0m |
|      [0;34;40mhardware/cpu_percent[0m      |   [0;32;40m51.900001525878906[0m  |
|    [0;34;40mhardware/disk_read_mb_s[0m     |          [0;32;40m0.0[0m          |
|    [0;34;40mhardware/disk_write_mb_s[0m    |   [0;32;40m54.579742431640625[0m  |
|     [0;34;40mhardware/net_recv_mb_s[0m     |   [0;32;40m119.03067779541016[0m  |
|     [0;34;40mhardware/net_sent_mb_s[0m     |   [0;32;40m1.8556110858917236[0m  |
|      [0;34;40mhardware/ram_used_gb[0m      |   [0;32;40m276.3341979980469[0m   |
|     [0;34;40mhardware/ram_used_pct[0m      |   [0;32;40m27.399999618530273[0m  |
|      [0;34;40mhparams/lr_default_0[0m      | [0;32;40m4.637975052901311e-06[0m |
|         [0;34;40mvalidate/loss[0m          |  [0;32;40m0.22557243704795837[0m  |
|      [0;34;40mvalidate/loss_epoch[0m       |  [0;32;40m0.22557243704795837[0m  |
|       [0;34;40mvalidate/pred_loss[0m       |  [0;32;40m0.007747861556708813[0m |
|    [0;34;40mvalidate/pred_loss_epoch[0m    |  [0;32;40m0.007747861556708813[0m |
|      [0;34;40mvalidate/sigreg_loss[0m      |   [0;32;40m2.190573215484619[0m   |
|   [0;34;40mvalidate/sigreg_loss_epoch[0m   |   [0;32;40m2.190573215484619[0m   |
|    [0;34;40mvalidate/structured_loss[0m    |  [0;32;40m0.020685257390141487[0m |
| [0;34;40mvalidate/structured_loss_epoch[0m |  [0;32;40m0.020685257390141487[0m |
+--------------------------------+-----------------------+
[Epoch 40/60] done in 119.1s
14:46:29 | INFO  | checkpoint_~|   Checking for non PyTorch modules to save
14:46:29 | INFO  | atomic_chec~| [atomic_save] → /data1/likun-share/junjxu/.cache_stable-pretraining/runs/20260722/131159/ad72a3772377/checkpoints/epoch=40-step=12669.ckpt
14:46:30 | INFO  | atomic_chec~| [atomic_save] ✓ epoch=40-step=12669.ckpt saved (206.8 MiB, serialise=0.41s write=0.29s rename=0.1ms)
14:46:30 | INFO  | checkpoint_~|   Checking for non PyTorch modules to save
14:46:30 | INFO  | atomic_chec~| [atomic_save] → /data1/likun-share/junjxu/.cache_stable-pretraining/runs/20260722/131159/ad72a3772377/checkpoints/last.ckpt
14:46:31 | INFO  | atomic_chec~| [atomic_save] ✓ last.ckpt saved (206.8 MiB, serialise=0.58s write=0.31s rename=37.4ms)
[Epoch 41/60] step 50/309 (2.6 it/s)
[Epoch 41/60] step 100/309 (2.8 it/s)
[Epoch 41/60] step 150/309 (2.8 it/s)
[Epoch 41/60] step 200/309 (2.9 it/s)
[Epoch 41/60] step 250/309 (2.9 it/s)
[Epoch 41/60] step 300/309 (2.9 it/s)
14:48:41 | INFO  | trainer_inf~| \n+--------------------------------+------------------------+
|             Metric             |         Value          |
+--------------------------------+------------------------+
|            [0;34;40mfit/loss[0m            |   [0;32;40m0.1626105159521103[0m   |
|         [0;34;40mfit/pred_loss[0m          |  [0;32;40m0.010515617206692696[0m  |
|        [0;34;40mfit/sigreg_loss[0m         |          [0;32;40m1.5[0m           |
|      [0;34;40mfit/structured_loss[0m       |  [0;32;40m0.017329271882772446[0m  |
|      [0;34;40mhardware/cpu_percent[0m      |          [0;32;40m45.0[0m          |
|    [0;34;40mhardware/disk_read_mb_s[0m     | [0;32;40m0.00039048882899805903[0m |
|    [0;34;40mhardware/disk_write_mb_s[0m    |   [0;32;40m124.9618911743164[0m    |
|     [0;34;40mhardware/net_recv_mb_s[0m     |   [0;32;40m118.44236755371094[0m   |
|     [0;34;40mhardware/net_sent_mb_s[0m     |   [0;32;40m1.790881633758545[0m    |
|      [0;34;40mhardware/ram_used_gb[0m      |   [0;32;40m333.0364074707031[0m    |
|     [0;34;40mhardware/ram_used_pct[0m      |   [0;32;40m33.099998474121094[0m   |
|      [0;34;40mhparams/lr_default_0[0m      | [0;32;40m4.1992620936071035e-06[0m |
|         [0;34;40mvalidate/loss[0m          |   [0;32;40m0.2664795219898224[0m   |
|      [0;34;40mvalidate/loss_epoch[0m       |   [0;32;40m0.2664795219898224[0m   |
|       [0;34;40mvalidate/pred_loss[0m       |  [0;32;40m0.008301468566060066[0m  |
|    [0;34;40mvalidate/pred_loss_epoch[0m    |  [0;32;40m0.008301468566060066[0m  |
|      [0;34;40mvalidate/sigreg_loss[0m      |   [0;32;40m2.313192844390869[0m    |
|   [0;34;40mvalidate/sigreg_loss_epoch[0m   |   [0;32;40m2.313192844390869[0m    |
|    [0;34;40mvalidate/structured_loss[0m    |  [0;32;40m0.05001126229763031[0m   |
| [0;34;40mvalidate/structured_loss_epoch[0m |  [0;32;40m0.05001126229763031[0m   |
+--------------------------------+------------------------+
[Epoch 41/60] done in 130.3s
14:48:41 | INFO  | checkpoint_~|   Checking for non PyTorch modules to save
14:48:41 | INFO  | atomic_chec~| [atomic_save] → /data1/likun-share/junjxu/.cache_stable-pretraining/runs/20260722/131159/ad72a3772377/checkpoints/epoch=41-step=12978.ckpt
14:48:42 | INFO  | atomic_chec~| [atomic_save] ✓ epoch=41-step=12978.ckpt saved (206.8 MiB, serialise=0.44s write=0.37s rename=0.1ms)
14:48:42 | INFO  | checkpoint_~|   Checking for non PyTorch modules to save
14:48:42 | INFO  | atomic_chec~| [atomic_save] → /data1/likun-share/junjxu/.cache_stable-pretraining/runs/20260722/131159/ad72a3772377/checkpoints/last.ckpt
14:48:43 | INFO  | atomic_chec~| [atomic_save] ✓ last.ckpt saved (206.8 MiB, serialise=0.47s write=0.37s rename=29.4ms)
[Epoch 42/60] step 50/309 (2.3 it/s)
[Epoch 42/60] step 100/309 (2.6 it/s)
[Epoch 42/60] step 150/309 (2.7 it/s)
[Epoch 42/60] step 200/309 (2.8 it/s)
[Epoch 42/60] step 250/309 (2.8 it/s)
[Epoch 42/60] step 300/309 (2.9 it/s)
14:50:43 | INFO  | trainer_inf~| \n+--------------------------------+------------------------+
|             Metric             |         Value          |
+--------------------------------+------------------------+
|            [0;34;40mfit/loss[0m            |  [0;32;40m0.15540426969528198[0m   |
|         [0;34;40mfit/pred_loss[0m          |  [0;32;40m0.012020528316497803[0m  |
|        [0;34;40mfit/sigreg_loss[0m         |       [0;32;40m1.4921875[0m        |
|      [0;34;40mfit/structured_loss[0m       |  [0;32;40m0.008618118241429329[0m  |
|      [0;34;40mhardware/cpu_percent[0m      |   [0;32;40m51.900001525878906[0m   |
|    [0;34;40mhardware/disk_read_mb_s[0m     | [0;32;40m0.0007807703223079443[0m  |
|    [0;34;40mhardware/disk_write_mb_s[0m    |   [0;32;40m162.1062774658203[0m    |
|     [0;34;40mhardware/net_recv_mb_s[0m     |   [0;32;40m119.11981964111328[0m   |
|     [0;34;40mhardware/net_sent_mb_s[0m     |   [0;32;40m2.136023759841919[0m    |
|      [0;34;40mhardware/ram_used_gb[0m      |   [0;32;40m280.1954345703125[0m    |
|     [0;34;40mhardware/ram_used_pct[0m      |   [0;32;40m27.799999237060547[0m   |
|      [0;34;40mhparams/lr_default_0[0m      | [0;32;40m3.7767699723190162e-06[0m |
|         [0;34;40mvalidate/loss[0m          |   [0;32;40m0.2333076447248459[0m   |
|      [0;34;40mvalidate/loss_epoch[0m       |   [0;32;40m0.2333076447248459[0m   |
|       [0;34;40mvalidate/pred_loss[0m       |  [0;32;40m0.009439634159207344[0m  |
|    [0;34;40mvalidate/pred_loss_epoch[0m    |  [0;32;40m0.009439634159207344[0m  |
|      [0;34;40mvalidate/sigreg_loss[0m      |   [0;32;40m2.334587335586548[0m    |
|   [0;34;40mvalidate/sigreg_loss_epoch[0m   |   [0;32;40m2.334587335586548[0m    |
|    [0;34;40mvalidate/structured_loss[0m    |  [0;32;40m0.013846660032868385[0m  |
| [0;34;40mvalidate/structured_loss_epoch[0m |  [0;32;40m0.013846660032868385[0m  |
+--------------------------------+------------------------+
[Epoch 42/60] done in 119.8s
14:50:43 | INFO  | checkpoint_~|   Checking for non PyTorch modules to save
14:50:43 | INFO  | atomic_chec~| [atomic_save] → /data1/likun-share/junjxu/.cache_stable-pretraining/runs/20260722/131159/ad72a3772377/checkpoints/epoch=42-step=13287.ckpt
14:50:43 | INFO  | atomic_chec~| [atomic_save] ✓ epoch=42-step=13287.ckpt saved (206.8 MiB, serialise=0.31s write=0.28s rename=0.1ms)
14:50:43 | INFO  | checkpoint_~|   Checking for non PyTorch modules to save
14:50:43 | INFO  | atomic_chec~| [atomic_save] → /data1/likun-share/junjxu/.cache_stable-pretraining/runs/20260722/131159/ad72a3772377/checkpoints/last.ckpt
14:50:44 | INFO  | atomic_chec~| [atomic_save] ✓ last.ckpt saved (206.8 MiB, serialise=0.34s write=0.28s rename=37.3ms)
[Epoch 43/60] step 50/309 (2.4 it/s)
[Epoch 43/60] step 100/309 (2.6 it/s)
[Epoch 43/60] step 150/309 (2.8 it/s)
[Epoch 43/60] step 200/309 (2.8 it/s)
[Epoch 43/60] step 250/309 (2.8 it/s)
[Epoch 43/60] step 300/309 (2.8 it/s)
14:52:47 | INFO  | trainer_inf~| \n+--------------------------------+-----------------------+
|             Metric             |         Value         |
+--------------------------------+-----------------------+
|            [0;34;40mfit/loss[0m            |  [0;32;40m0.16641084849834442[0m  |
|         [0;34;40mfit/pred_loss[0m          |  [0;32;40m0.011720268987119198[0m |
|        [0;34;40mfit/sigreg_loss[0m         |         [0;32;40m1.5625[0m        |
|      [0;34;40mfit/structured_loss[0m       |  [0;32;40m0.01406557485461235[0m  |
|      [0;34;40mhardware/cpu_percent[0m      |   [0;32;40m56.400001525878906[0m  |
|    [0;34;40mhardware/disk_read_mb_s[0m     | [0;32;40m0.0007810622337274253[0m |
|    [0;34;40mhardware/disk_write_mb_s[0m    |   [0;32;40m178.37664794921875[0m  |
|     [0;34;40mhardware/net_recv_mb_s[0m     |   [0;32;40m119.2769775390625[0m   |
|     [0;34;40mhardware/net_sent_mb_s[0m     |   [0;32;40m1.8189098834991455[0m  |
|      [0;34;40mhardware/ram_used_gb[0m      |   [0;32;40m310.07171630859375[0m  |
|     [0;34;40mhardware/ram_used_pct[0m      |   [0;32;40m30.799999237060547[0m  |
|      [0;34;40mhparams/lr_default_0[0m      | [0;32;40m3.371681032149354e-06[0m |
|         [0;34;40mvalidate/loss[0m          |   [0;32;40m0.2371266633272171[0m  |
|      [0;34;40mvalidate/loss_epoch[0m       |   [0;32;40m0.2371266633272171[0m  |
|       [0;34;40mvalidate/pred_loss[0m       |  [0;32;40m0.009843491949141026[0m |
|    [0;34;40mvalidate/pred_loss_epoch[0m    |  [0;32;40m0.009843491949141026[0m |
|      [0;34;40mvalidate/sigreg_loss[0m      |   [0;32;40m2.290238380432129[0m   |
|   [0;34;40mvalidate/sigreg_loss_epoch[0m   |   [0;32;40m2.290238380432129[0m   |
|    [0;34;40mvalidate/structured_loss[0m    |  [0;32;40m0.021102355793118477[0m |
| [0;34;40mvalidate/structured_loss_epoch[0m |  [0;32;40m0.021102355793118477[0m |
+--------------------------------+-----------------------+
[Epoch 43/60] done in 122.8s
14:52:47 | INFO  | checkpoint_~|   Checking for non PyTorch modules to save
14:52:47 | INFO  | atomic_chec~| [atomic_save] → /data1/likun-share/junjxu/.cache_stable-pretraining/runs/20260722/131159/ad72a3772377/checkpoints/epoch=43-step=13596.ckpt
14:52:47 | INFO  | atomic_chec~| [atomic_save] ✓ epoch=43-step=13596.ckpt saved (206.8 MiB, serialise=0.39s write=0.29s rename=0.1ms)
14:52:48 | INFO  | checkpoint_~|   Checking for non PyTorch modules to save
14:52:48 | INFO  | atomic_chec~| [atomic_save] → /data1/likun-share/junjxu/.cache_stable-pretraining/runs/20260722/131159/ad72a3772377/checkpoints/last.ckpt
14:52:48 | INFO  | atomic_chec~| [atomic_save] ✓ last.ckpt saved (206.8 MiB, serialise=0.37s write=0.32s rename=74.7ms)
[Epoch 44/60] step 50/309 (2.5 it/s)
[Epoch 44/60] step 100/309 (2.8 it/s)
[Epoch 44/60] step 150/309 (2.9 it/s)
[Epoch 44/60] step 200/309 (2.9 it/s)
[Epoch 44/60] step 250/309 (2.9 it/s)
[Epoch 44/60] step 300/309 (2.9 it/s)
14:54:49 | INFO  | trainer_inf~| \n+--------------------------------+------------------------+
|             Metric             |         Value          |
+--------------------------------+------------------------+
|            [0;34;40mfit/loss[0m            |  [0;32;40m0.18653196096420288[0m   |
|         [0;34;40mfit/pred_loss[0m          |  [0;32;40m0.010754294693470001[0m  |
|        [0;34;40mfit/sigreg_loss[0m         |        [0;32;40m1.578125[0m        |
|      [0;34;40mfit/structured_loss[0m       |  [0;32;40m0.03417611122131348[0m   |
|      [0;34;40mhardware/cpu_percent[0m      |   [0;32;40m49.70000076293945[0m    |
|    [0;34;40mhardware/disk_read_mb_s[0m     | [0;32;40m0.0019522012444213033[0m  |
|    [0;34;40mhardware/disk_write_mb_s[0m    |   [0;32;40m126.05245971679688[0m   |
|     [0;34;40mhardware/net_recv_mb_s[0m     |   [0;32;40m119.18618774414062[0m   |
|     [0;34;40mhardware/net_sent_mb_s[0m     |   [0;32;40m1.6363950967788696[0m   |
|      [0;34;40mhardware/ram_used_gb[0m      |   [0;32;40m274.5800476074219[0m    |
|     [0;34;40mhardware/ram_used_pct[0m      |   [0;32;40m27.299999237060547[0m   |
|      [0;34;40mhparams/lr_default_0[0m      | [0;32;40m2.9851278213754995e-06[0m |
|         [0;34;40mvalidate/loss[0m          |  [0;32;40m0.21656830608844757[0m   |
|      [0;34;40mvalidate/loss_epoch[0m       |  [0;32;40m0.21656830608844757[0m   |
|       [0;34;40mvalidate/pred_loss[0m       |  [0;32;40m0.007611947134137154[0m  |
|    [0;34;40mvalidate/pred_loss_epoch[0m    |  [0;32;40m0.007611947134137154[0m  |
|      [0;34;40mvalidate/sigreg_loss[0m      |   [0;32;40m2.105360507965088[0m    |
|   [0;34;40mvalidate/sigreg_loss_epoch[0m   |   [0;32;40m2.105360507965088[0m    |
|    [0;34;40mvalidate/structured_loss[0m    |  [0;32;40m0.019481472671031952[0m  |
| [0;34;40mvalidate/structured_loss_epoch[0m |  [0;32;40m0.019481472671031952[0m  |
+--------------------------------+------------------------+
[Epoch 44/60] done in 121.0s
14:54:49 | INFO  | checkpoint_~|   Checking for non PyTorch modules to save
14:54:49 | INFO  | atomic_chec~| [atomic_save] → /data1/likun-share/junjxu/.cache_stable-pretraining/runs/20260722/131159/ad72a3772377/checkpoints/epoch=44-step=13905.ckpt
14:54:50 | INFO  | atomic_chec~| [atomic_save] ✓ epoch=44-step=13905.ckpt saved (206.8 MiB, serialise=0.35s write=0.31s rename=0.1ms)
14:54:50 | INFO  | checkpoint_~|   Checking for non PyTorch modules to save
14:54:50 | INFO  | atomic_chec~| [atomic_save] → /data1/likun-share/junjxu/.cache_stable-pretraining/runs/20260722/131159/ad72a3772377/checkpoints/last.ckpt
14:54:51 | INFO  | atomic_chec~| [atomic_save] ✓ last.ckpt saved (206.8 MiB, serialise=0.38s write=0.34s rename=57.4ms)
[Epoch 45/60] step 50/309 (2.4 it/s)
[Epoch 45/60] step 100/309 (2.7 it/s)
[Epoch 45/60] step 150/309 (2.8 it/s)
[Epoch 45/60] step 200/309 (2.8 it/s)
[Epoch 45/60] step 250/309 (2.9 it/s)
[Epoch 45/60] step 300/309 (2.9 it/s)
14:56:52 | INFO  | trainer_inf~| \n+--------------------------------+------------------------+
|             Metric             |         Value          |
+--------------------------------+------------------------+
|            [0;34;40mfit/loss[0m            |   [0;32;40m0.1882258802652359[0m   |
|         [0;34;40mfit/pred_loss[0m          |  [0;32;40m0.013224753551185131[0m  |
|        [0;34;40mfit/sigreg_loss[0m         |        [0;32;40m1.609375[0m        |
|      [0;34;40mfit/structured_loss[0m       |  [0;32;40m0.03046988509595394[0m   |
|      [0;34;40mhardware/cpu_percent[0m      |          [0;32;40m51.5[0m          |
|    [0;34;40mhardware/disk_read_mb_s[0m     | [0;32;40m0.0007809743983671069[0m  |
|    [0;34;40mhardware/disk_write_mb_s[0m    |   [0;32;40m14.476531982421875[0m   |
|     [0;34;40mhardware/net_recv_mb_s[0m     |   [0;32;40m119.11331176757812[0m   |
|     [0;34;40mhardware/net_sent_mb_s[0m     |   [0;32;40m1.7615318298339844[0m   |
|      [0;34;40mhardware/ram_used_gb[0m      |   [0;32;40m276.32769775390625[0m   |
|     [0;34;40mhardware/ram_used_pct[0m      |   [0;32;40m27.399999618530273[0m   |
|      [0;34;40mhparams/lr_default_0[0m      | [0;32;40m2.6181915018241853e-06[0m |
|         [0;34;40mvalidate/loss[0m          |   [0;32;40m0.2035074532032013[0m   |
|      [0;34;40mvalidate/loss_epoch[0m       |   [0;32;40m0.2035074532032013[0m   |
|       [0;34;40mvalidate/pred_loss[0m       |  [0;32;40m0.007550546899437904[0m  |
|    [0;34;40mvalidate/pred_loss_epoch[0m    |  [0;32;40m0.007550546899437904[0m  |
|      [0;34;40mvalidate/sigreg_loss[0m      |   [0;32;40m2.0601019859313965[0m   |
|   [0;34;40mvalidate/sigreg_loss_epoch[0m   |   [0;32;40m2.0601019859313965[0m   |
|    [0;34;40mvalidate/structured_loss[0m    |  [0;32;40m0.010521484538912773[0m  |
| [0;34;40mvalidate/structured_loss_epoch[0m |  [0;32;40m0.010521484538912773[0m  |
+--------------------------------+------------------------+
[Epoch 45/60] done in 121.4s
14:56:52 | INFO  | checkpoint_~|   Checking for non PyTorch modules to save
14:56:52 | INFO  | atomic_chec~| [atomic_save] → /data1/likun-share/junjxu/.cache_stable-pretraining/runs/20260722/131159/ad72a3772377/checkpoints/epoch=45-step=14214.ckpt
14:56:53 | INFO  | atomic_chec~| [atomic_save] ✓ epoch=45-step=14214.ckpt saved (206.8 MiB, serialise=0.35s write=0.30s rename=0.1ms)
14:56:53 | INFO  | checkpoint_~|   Checking for non PyTorch modules to save
14:56:53 | INFO  | atomic_chec~| [atomic_save] → /data1/likun-share/junjxu/.cache_stable-pretraining/runs/20260722/131159/ad72a3772377/checkpoints/last.ckpt
14:56:54 | INFO  | atomic_chec~| [atomic_save] ✓ last.ckpt saved (206.8 MiB, serialise=0.36s write=0.30s rename=37.0ms)
[Epoch 46/60] step 50/309 (2.6 it/s)
[Epoch 46/60] step 100/309 (2.8 it/s)
[Epoch 46/60] step 150/309 (2.8 it/s)
[Epoch 46/60] step 200/309 (2.9 it/s)
[Epoch 46/60] step 250/309 (2.9 it/s)
[Epoch 46/60] step 300/309 (2.9 it/s)
14:58:55 | INFO  | trainer_inf~| \n+--------------------------------+------------------------+
|             Metric             |         Value          |
+--------------------------------+------------------------+
|            [0;34;40mfit/loss[0m            |  [0;32;40m0.23439446091651917[0m   |
|         [0;34;40mfit/pred_loss[0m          |  [0;32;40m0.01806548610329628[0m   |
|        [0;34;40mfit/sigreg_loss[0m         |       [0;32;40m1.6484375[0m        |
|      [0;34;40mfit/structured_loss[0m       |  [0;32;40m0.06789147108793259[0m   |
|      [0;34;40mhardware/cpu_percent[0m      |          [0;32;40m51.0[0m          |
|    [0;34;40mhardware/disk_read_mb_s[0m     | [0;32;40m0.0007809036178514361[0m  |
|    [0;34;40mhardware/disk_write_mb_s[0m    |   [0;32;40m112.45011901855469[0m   |
|     [0;34;40mhardware/net_recv_mb_s[0m     |   [0;32;40m119.57054901123047[0m   |
|     [0;34;40mhardware/net_sent_mb_s[0m     |   [0;32;40m1.6771692037582397[0m   |
|      [0;34;40mhardware/ram_used_gb[0m      |   [0;32;40m277.3196105957031[0m    |
|     [0;34;40mhardware/ram_used_pct[0m      |          [0;32;40m27.5[0m          |
|      [0;34;40mhparams/lr_default_0[0m      | [0;32;40m2.2718977561453357e-06[0m |
|         [0;34;40mvalidate/loss[0m          |   [0;32;40m0.2196178436279297[0m   |
|      [0;34;40mvalidate/loss_epoch[0m       |   [0;32;40m0.2196178436279297[0m   |
|       [0;34;40mvalidate/pred_loss[0m       |  [0;32;40m0.009945771656930447[0m  |
|    [0;34;40mvalidate/pred_loss_epoch[0m    |  [0;32;40m0.009945771656930447[0m  |
|      [0;34;40mvalidate/sigreg_loss[0m      |   [0;32;40m2.1434671878814697[0m   |
|   [0;34;40mvalidate/sigreg_loss_epoch[0m   |   [0;32;40m2.1434671878814697[0m   |
|    [0;34;40mvalidate/structured_loss[0m    |  [0;32;40m0.016828736290335655[0m  |
| [0;34;40mvalidate/structured_loss_epoch[0m |  [0;32;40m0.016828736290335655[0m  |
+--------------------------------+------------------------+
[Epoch 46/60] done in 121.1s
14:58:55 | INFO  | checkpoint_~|   Checking for non PyTorch modules to save
14:58:55 | INFO  | atomic_chec~| [atomic_save] → /data1/likun-share/junjxu/.cache_stable-pretraining/runs/20260722/131159/ad72a3772377/checkpoints/epoch=46-step=14523.ckpt
14:58:56 | INFO  | atomic_chec~| [atomic_save] ✓ epoch=46-step=14523.ckpt saved (206.8 MiB, serialise=0.79s write=0.30s rename=0.1ms)
14:58:56 | INFO  | checkpoint_~|   Checking for non PyTorch modules to save
14:58:56 | INFO  | atomic_chec~| [atomic_save] → /data1/likun-share/junjxu/.cache_stable-pretraining/runs/20260722/131159/ad72a3772377/checkpoints/last.ckpt
14:58:57 | INFO  | atomic_chec~| [atomic_save] ✓ last.ckpt saved (206.8 MiB, serialise=0.35s write=0.32s rename=50.3ms)
[Epoch 47/60] step 50/309 (2.5 it/s)
[Epoch 47/60] step 100/309 (2.8 it/s)
[Epoch 47/60] step 150/309 (2.8 it/s)
[Epoch 47/60] step 200/309 (2.9 it/s)
[Epoch 47/60] step 250/309 (2.9 it/s)
[Epoch 47/60] step 300/309 (2.9 it/s)
15:00:55 | INFO  | trainer_inf~| \n+--------------------------------+------------------------+
|             Metric             |         Value          |
+--------------------------------+------------------------+
|            [0;34;40mfit/loss[0m            |  [0;32;40m0.15476888418197632[0m   |
|         [0;34;40mfit/pred_loss[0m          |  [0;32;40m0.011567278765141964[0m  |
|        [0;34;40mfit/sigreg_loss[0m         |       [0;32;40m1.4140625[0m        |
|      [0;34;40mfit/structured_loss[0m       |  [0;32;40m0.016248483210802078[0m  |
|      [0;34;40mhardware/cpu_percent[0m      |   [0;32;40m49.29999923706055[0m    |
|    [0;34;40mhardware/disk_read_mb_s[0m     | [0;32;40m0.0011714515276253223[0m  |
|    [0;34;40mhardware/disk_write_mb_s[0m    |   [0;32;40m54.08513259887695[0m    |
|     [0;34;40mhardware/net_recv_mb_s[0m     |   [0;32;40m119.22256469726562[0m   |
|     [0;34;40mhardware/net_sent_mb_s[0m     |   [0;32;40m1.774638295173645[0m    |
|      [0;34;40mhardware/ram_used_gb[0m      |   [0;32;40m275.3176574707031[0m    |
|     [0;34;40mhardware/ram_used_pct[0m      |   [0;32;40m27.299999237060547[0m   |
|      [0;34;40mhparams/lr_default_0[0m      | [0;32;40m1.9472154235700145e-06[0m |
|         [0;34;40mvalidate/loss[0m          |  [0;32;40m0.19855047762393951[0m   |
|      [0;34;40mvalidate/loss_epoch[0m       |  [0;32;40m0.19855047762393951[0m   |
|       [0;34;40mvalidate/pred_loss[0m       |  [0;32;40m0.006392264738678932[0m  |
|    [0;34;40mvalidate/pred_loss_epoch[0m    |  [0;32;40m0.006392264738678932[0m  |
|      [0;34;40mvalidate/sigreg_loss[0m      |   [0;32;40m2.039776563644409[0m    |
|   [0;34;40mvalidate/sigreg_loss_epoch[0m   |   [0;32;40m2.039776563644409[0m    |
|    [0;34;40mvalidate/structured_loss[0m    |  [0;32;40m0.008568909019231796[0m  |
| [0;34;40mvalidate/structured_loss_epoch[0m |  [0;32;40m0.008568909019231796[0m  |
+--------------------------------+------------------------+
[Epoch 47/60] done in 118.8s
15:00:55 | INFO  | checkpoint_~|   Checking for non PyTorch modules to save
15:00:55 | INFO  | atomic_chec~| [atomic_save] → /data1/likun-share/junjxu/.cache_stable-pretraining/runs/20260722/131159/ad72a3772377/checkpoints/epoch=47-step=14832.ckpt
15:00:56 | INFO  | atomic_chec~| [atomic_save] ✓ epoch=47-step=14832.ckpt saved (206.8 MiB, serialise=0.34s write=0.36s rename=0.1ms)
15:00:56 | INFO  | checkpoint_~|   Checking for non PyTorch modules to save
15:00:56 | INFO  | atomic_chec~| [atomic_save] → /data1/likun-share/junjxu/.cache_stable-pretraining/runs/20260722/131159/ad72a3772377/checkpoints/last.ckpt
15:00:57 | INFO  | atomic_chec~| [atomic_save] ✓ last.ckpt saved (206.8 MiB, serialise=0.32s write=0.27s rename=54.0ms)
[Epoch 48/60] step 50/309 (2.6 it/s)
[Epoch 48/60] step 100/309 (2.9 it/s)
[Epoch 48/60] step 150/309 (2.9 it/s)
[Epoch 48/60] step 200/309 (3.0 it/s)
[Epoch 48/60] step 250/309 (3.0 it/s)
[Epoch 48/60] step 300/309 (3.0 it/s)
15:02:53 | INFO  | trainer_inf~| \n+--------------------------------+-----------------------+
|             Metric             |         Value         |
+--------------------------------+-----------------------+
|            [0;34;40mfit/loss[0m            |  [0;32;40m0.16781511902809143[0m  |
|         [0;34;40mfit/pred_loss[0m          |  [0;32;40m0.011207079514861107[0m |
|        [0;34;40mfit/sigreg_loss[0m         |       [0;32;40m1.5390625[0m       |
|      [0;34;40mfit/structured_loss[0m       |  [0;32;40m0.01793617382645607[0m  |
|      [0;34;40mhardware/cpu_percent[0m      |   [0;32;40m46.70000076293945[0m   |
|    [0;34;40mhardware/disk_read_mb_s[0m     | [0;32;40m0.0007809486705809832[0m |
|    [0;34;40mhardware/disk_write_mb_s[0m    |   [0;32;40m28.09150505065918[0m   |
|     [0;34;40mhardware/net_recv_mb_s[0m     |   [0;32;40m118.9518051147461[0m   |
|     [0;34;40mhardware/net_sent_mb_s[0m     |   [0;32;40m1.638527512550354[0m   |
|      [0;34;40mhardware/ram_used_gb[0m      |    [0;32;40m274.390380859375[0m   |
|     [0;34;40mhardware/ram_used_pct[0m      |   [0;32;40m27.200000762939453[0m  |
|      [0;34;40mhparams/lr_default_0[0m      | [0;32;40m1.645052179810591e-06[0m |
|         [0;34;40mvalidate/loss[0m          |  [0;32;40m0.20537453889846802[0m  |
|      [0;34;40mvalidate/loss_epoch[0m       |  [0;32;40m0.20537453889846802[0m  |
|       [0;34;40mvalidate/pred_loss[0m       |  [0;32;40m0.007461836561560631[0m |
|    [0;34;40mvalidate/pred_loss_epoch[0m    |  [0;32;40m0.007461836561560631[0m |
|      [0;34;40mvalidate/sigreg_loss[0m      |   [0;32;40m2.069406509399414[0m   |
|   [0;34;40mvalidate/sigreg_loss_epoch[0m   |   [0;32;40m2.069406509399414[0m   |
|    [0;34;40mvalidate/structured_loss[0m    |  [0;32;40m0.011650163680315018[0m |
| [0;34;40mvalidate/structured_loss_epoch[0m |  [0;32;40m0.011650163680315018[0m |
+--------------------------------+-----------------------+
[Epoch 48/60] done in 116.0s
15:02:53 | INFO  | checkpoint_~|   Checking for non PyTorch modules to save
15:02:53 | INFO  | atomic_chec~| [atomic_save] → /data1/likun-share/junjxu/.cache_stable-pretraining/runs/20260722/131159/ad72a3772377/checkpoints/epoch=48-step=15141.ckpt
15:02:54 | INFO  | atomic_chec~| [atomic_save] ✓ epoch=48-step=15141.ckpt saved (206.8 MiB, serialise=0.36s write=0.32s rename=0.1ms)
15:02:54 | INFO  | checkpoint_~|   Checking for non PyTorch modules to save
15:02:54 | INFO  | atomic_chec~| [atomic_save] → /data1/likun-share/junjxu/.cache_stable-pretraining/runs/20260722/131159/ad72a3772377/checkpoints/last.ckpt
15:02:54 | INFO  | atomic_chec~| [atomic_save] ✓ last.ckpt saved (206.8 MiB, serialise=0.37s write=0.33s rename=61.5ms)
[Epoch 49/60] step 50/309 (2.4 it/s)
[Epoch 49/60] step 100/309 (2.7 it/s)
[Epoch 49/60] step 150/309 (2.8 it/s)
[Epoch 49/60] step 200/309 (2.8 it/s)
[Epoch 49/60] step 250/309 (2.8 it/s)
[Epoch 49/60] step 300/309 (2.9 it/s)
15:04:55 | INFO  | trainer_inf~| \n+--------------------------------+------------------------+
|             Metric             |         Value          |
+--------------------------------+------------------------+
|            [0;34;40mfit/loss[0m            |  [0;32;40m0.15806587040424347[0m   |
|         [0;34;40mfit/pred_loss[0m          |  [0;32;40m0.011141208931803703[0m  |
|        [0;34;40mfit/sigreg_loss[0m         |        [0;32;40m1.53125[0m         |
|      [0;34;40mfit/structured_loss[0m       |  [0;32;40m0.009229340590536594[0m  |
|      [0;34;40mhardware/cpu_percent[0m      |   [0;32;40m48.29999923706055[0m    |
|    [0;34;40mhardware/disk_read_mb_s[0m     |   [0;32;40m1.7780506610870361[0m   |
|    [0;34;40mhardware/disk_write_mb_s[0m    |   [0;32;40m105.88008880615234[0m   |
|     [0;34;40mhardware/net_recv_mb_s[0m     |   [0;32;40m119.19265747070312[0m   |
|     [0;34;40mhardware/net_sent_mb_s[0m     |   [0;32;40m1.6997681856155396[0m   |
|      [0;34;40mhardware/ram_used_gb[0m      |   [0;32;40m273.4465026855469[0m    |
|     [0;34;40mhardware/ram_used_pct[0m      |   [0;32;40m27.100000381469727[0m   |
|      [0;34;40mhparams/lr_default_0[0m      | [0;32;40m1.3662531728186877e-06[0m |
|         [0;34;40mvalidate/loss[0m          |   [0;32;40m0.2002989798784256[0m   |
|      [0;34;40mvalidate/loss_epoch[0m       |   [0;32;40m0.2002989798784256[0m   |
|       [0;34;40mvalidate/pred_loss[0m       |  [0;32;40m0.006682939827442169[0m  |
|    [0;34;40mvalidate/pred_loss_epoch[0m    |  [0;32;40m0.006682939827442169[0m  |
|      [0;34;40mvalidate/sigreg_loss[0m      |   [0;32;40m2.067814826965332[0m    |
|   [0;34;40mvalidate/sigreg_loss_epoch[0m   |   [0;32;40m2.067814826965332[0m    |
|    [0;34;40mvalidate/structured_loss[0m    |  [0;32;40m0.007438775151968002[0m  |
| [0;34;40mvalidate/structured_loss_epoch[0m |  [0;32;40m0.007438775151968002[0m  |
+--------------------------------+------------------------+
[Epoch 49/60] done in 120.4s
15:04:55 | INFO  | checkpoint_~|   Checking for non PyTorch modules to save
15:04:55 | INFO  | atomic_chec~| [atomic_save] → /data1/likun-share/junjxu/.cache_stable-pretraining/runs/20260722/131159/ad72a3772377/checkpoints/epoch=49-step=15450.ckpt
15:04:55 | INFO  | atomic_chec~| [atomic_save] ✓ epoch=49-step=15450.ckpt saved (206.8 MiB, serialise=0.33s write=0.27s rename=0.1ms)
15:04:56 | INFO  | checkpoint_~|   Checking for non PyTorch modules to save
15:04:56 | INFO  | atomic_chec~| [atomic_save] → /data1/likun-share/junjxu/.cache_stable-pretraining/runs/20260722/131159/ad72a3772377/checkpoints/last.ckpt
15:04:56 | INFO  | atomic_chec~| [atomic_save] ✓ last.ckpt saved (206.8 MiB, serialise=0.34s write=0.28s rename=29.9ms)
[Epoch 50/60] step 50/309 (2.5 it/s)
[Epoch 50/60] step 100/309 (2.7 it/s)
[Epoch 50/60] step 150/309 (2.8 it/s)
[Epoch 50/60] step 200/309 (2.8 it/s)
[Epoch 50/60] step 250/309 (2.9 it/s)
[Epoch 50/60] step 300/309 (2.9 it/s)
15:06:55 | INFO  | trainer_inf~| \n+--------------------------------+------------------------+
|             Metric             |         Value          |
+--------------------------------+------------------------+
|            [0;34;40mfit/loss[0m            |  [0;32;40m0.15554194152355194[0m   |
|         [0;34;40mfit/pred_loss[0m          |  [0;32;40m0.00947931595146656[0m   |
|        [0;34;40mfit/sigreg_loss[0m         |       [0;32;40m1.4453125[0m        |
|      [0;34;40mfit/structured_loss[0m       |  [0;32;40m0.01617981493473053[0m   |
|      [0;34;40mhardware/cpu_percent[0m      |   [0;32;40m45.79999923706055[0m    |
|    [0;34;40mhardware/disk_read_mb_s[0m     | [0;32;40m0.0007810660172253847[0m  |
|    [0;34;40mhardware/disk_write_mb_s[0m    |   [0;32;40m46.71282196044922[0m    |
|     [0;34;40mhardware/net_recv_mb_s[0m     |   [0;32;40m119.17314147949219[0m   |
|     [0;34;40mhardware/net_sent_mb_s[0m     |   [0;32;40m1.9864699840545654[0m   |
|      [0;34;40mhardware/ram_used_gb[0m      |    [0;32;40m272.52490234375[0m     |
|     [0;34;40mhardware/ram_used_pct[0m      |   [0;32;40m27.100000381469727[0m   |
|      [0;34;40mhparams/lr_default_0[0m      | [0;32;40m1.1115979532405618e-06[0m |
|         [0;34;40mvalidate/loss[0m          |  [0;32;40m0.20083528757095337[0m   |
|      [0;34;40mvalidate/loss_epoch[0m       |  [0;32;40m0.20083528757095337[0m   |
|       [0;34;40mvalidate/pred_loss[0m       |  [0;32;40m0.006060223560780287[0m  |
|    [0;34;40mvalidate/pred_loss_epoch[0m    |  [0;32;40m0.006060223560780287[0m  |
|      [0;34;40mvalidate/sigreg_loss[0m      |    [0;32;40m2.07637357711792[0m    |
|   [0;34;40mvalidate/sigreg_loss_epoch[0m   |    [0;32;40m2.07637357711792[0m    |
|    [0;34;40mvalidate/structured_loss[0m    |  [0;32;40m0.007949195802211761[0m  |
| [0;34;40mvalidate/structured_loss_epoch[0m |  [0;32;40m0.007949195802211761[0m  |
+--------------------------------+------------------------+
[Epoch 50/60] done in 119.4s
15:06:56 | INFO  | checkpoint_~|   Checking for non PyTorch modules to save
15:06:56 | INFO  | atomic_chec~| [atomic_save] → /data1/likun-share/junjxu/.cache_stable-pretraining/runs/20260722/131159/ad72a3772377/checkpoints/epoch=50-step=15759.ckpt
15:06:56 | INFO  | atomic_chec~| [atomic_save] ✓ epoch=50-step=15759.ckpt saved (206.8 MiB, serialise=0.35s write=0.29s rename=0.1ms)
15:06:56 | INFO  | checkpoint_~|   Checking for non PyTorch modules to save
15:06:56 | INFO  | atomic_chec~| [atomic_save] → /data1/likun-share/junjxu/.cache_stable-pretraining/runs/20260722/131159/ad72a3772377/checkpoints/last.ckpt
15:06:57 | INFO  | atomic_chec~| [atomic_save] ✓ last.ckpt saved (206.8 MiB, serialise=0.37s write=0.31s rename=32.4ms)
[Epoch 51/60] step 50/309 (2.4 it/s)
[Epoch 51/60] step 100/309 (2.7 it/s)
[Epoch 51/60] step 150/309 (2.8 it/s)
[Epoch 51/60] step 200/309 (2.8 it/s)
[Epoch 51/60] step 250/309 (2.8 it/s)
[Epoch 51/60] step 300/309 (2.9 it/s)
15:08:58 | INFO  | trainer_inf~| \n+--------------------------------+-----------------------+
|             Metric             |         Value         |
+--------------------------------+-----------------------+
|            [0;34;40mfit/loss[0m            |   [0;32;40m0.1659969836473465[0m  |
|         [0;34;40mfit/pred_loss[0m          |  [0;32;40m0.012791072949767113[0m |
|        [0;34;40mfit/sigreg_loss[0m         |       [0;32;40m1.6484375[0m       |
|      [0;34;40mfit/structured_loss[0m       |  [0;32;40m0.004768411163240671[0m |
|      [0;34;40mhardware/cpu_percent[0m      |   [0;32;40m47.099998474121094[0m  |
|    [0;34;40mhardware/disk_read_mb_s[0m     |          [0;32;40m0.0[0m          |
|    [0;34;40mhardware/disk_write_mb_s[0m    |   [0;32;40m104.77904510498047[0m  |
|     [0;34;40mhardware/net_recv_mb_s[0m     |   [0;32;40m119.52876281738281[0m  |
|     [0;34;40mhardware/net_sent_mb_s[0m     |   [0;32;40m1.7092695236206055[0m  |
|      [0;34;40mhardware/ram_used_gb[0m      |    [0;32;40m275.968017578125[0m   |
|     [0;34;40mhardware/ram_used_pct[0m      |   [0;32;40m27.399999618530273[0m  |
|      [0;34;40mhparams/lr_default_0[0m      | [0;32;40m8.817987122711202e-07[0m |
|         [0;34;40mvalidate/loss[0m          |   [0;32;40m0.205046609044075[0m   |
|      [0;34;40mvalidate/loss_epoch[0m       |   [0;32;40m0.205046609044075[0m   |
|       [0;34;40mvalidate/pred_loss[0m       |  [0;32;40m0.008051056414842606[0m |
|    [0;34;40mvalidate/pred_loss_epoch[0m    |  [0;32;40m0.008051056414842606[0m |
|      [0;34;40mvalidate/sigreg_loss[0m      |   [0;32;40m2.0488717555999756[0m  |
|   [0;34;40mvalidate/sigreg_loss_epoch[0m   |   [0;32;40m2.0488717555999756[0m  |
|    [0;34;40mvalidate/structured_loss[0m    |  [0;32;40m0.01258199755102396[0m  |
| [0;34;40mvalidate/structured_loss_epoch[0m |  [0;32;40m0.01258199755102396[0m  |
+--------------------------------+-----------------------+
[Epoch 51/60] done in 121.3s
15:08:58 | INFO  | checkpoint_~|   Checking for non PyTorch modules to save
15:08:58 | INFO  | atomic_chec~| [atomic_save] → /data1/likun-share/junjxu/.cache_stable-pretraining/runs/20260722/131159/ad72a3772377/checkpoints/epoch=51-step=16068.ckpt
15:08:59 | INFO  | atomic_chec~| [atomic_save] ✓ epoch=51-step=16068.ckpt saved (206.8 MiB, serialise=0.41s write=0.33s rename=0.1ms)
15:08:59 | INFO  | checkpoint_~|   Checking for non PyTorch modules to save
15:08:59 | INFO  | atomic_chec~| [atomic_save] → /data1/likun-share/junjxu/.cache_stable-pretraining/runs/20260722/131159/ad72a3772377/checkpoints/last.ckpt
15:09:00 | INFO  | atomic_chec~| [atomic_save] ✓ last.ckpt saved (206.8 MiB, serialise=0.40s write=0.31s rename=30.8ms)
[Epoch 52/60] step 50/309 (2.4 it/s)
[Epoch 52/60] step 100/309 (2.6 it/s)
[Epoch 52/60] step 150/309 (2.7 it/s)
[Epoch 52/60] step 200/309 (2.8 it/s)
[Epoch 52/60] step 250/309 (2.8 it/s)
[Epoch 52/60] step 300/309 (2.9 it/s)
15:11:00 | INFO  | trainer_inf~| \n+--------------------------------+-----------------------+
|             Metric             |         Value         |
+--------------------------------+-----------------------+
|            [0;34;40mfit/loss[0m            |   [0;32;40m0.1745285987854004[0m  |
|         [0;34;40mfit/pred_loss[0m          |  [0;32;40m0.01198455598205328[0m  |
|        [0;34;40mfit/sigreg_loss[0m         |       [0;32;40m1.4765625[0m       |
|      [0;34;40mfit/structured_loss[0m       |  [0;32;40m0.02973153442144394[0m  |
|      [0;34;40mhardware/cpu_percent[0m      |   [0;32;40m51.29999923706055[0m   |
|    [0;34;40mhardware/disk_read_mb_s[0m     |          [0;32;40m0.0[0m          |
|    [0;34;40mhardware/disk_write_mb_s[0m    |   [0;32;40m61.250823974609375[0m  |
|     [0;34;40mhardware/net_recv_mb_s[0m     |   [0;32;40m119.2049331665039[0m   |
|     [0;34;40mhardware/net_sent_mb_s[0m     |   [0;32;40m1.6971428394317627[0m  |
|      [0;34;40mhardware/ram_used_gb[0m      |   [0;32;40m278.7033996582031[0m   |
|     [0;34;40mhardware/ram_used_pct[0m      |   [0;32;40m27.700000762939453[0m  |
|      [0;34;40mhparams/lr_default_0[0m      | [0;32;40m6.774980647605844e-07[0m |
|         [0;34;40mvalidate/loss[0m          |  [0;32;40m0.19915291666984558[0m  |
|      [0;34;40mvalidate/loss_epoch[0m       |  [0;32;40m0.19915291666984558[0m  |
|       [0;34;40mvalidate/pred_loss[0m       |  [0;32;40m0.006650558672845364[0m |
|    [0;34;40mvalidate/pred_loss_epoch[0m    |  [0;32;40m0.006650558672845364[0m |
|      [0;34;40mvalidate/sigreg_loss[0m      |   [0;32;40m2.043222665786743[0m   |
|   [0;34;40mvalidate/sigreg_loss_epoch[0m   |   [0;32;40m2.043222665786743[0m   |
|    [0;34;40mvalidate/structured_loss[0m    |  [0;32;40m0.008668145164847374[0m |
| [0;34;40mvalidate/structured_loss_epoch[0m |  [0;32;40m0.008668145164847374[0m |
+--------------------------------+-----------------------+
[Epoch 52/60] done in 120.6s
15:11:01 | INFO  | checkpoint_~|   Checking for non PyTorch modules to save
15:11:01 | INFO  | atomic_chec~| [atomic_save] → /data1/likun-share/junjxu/.cache_stable-pretraining/runs/20260722/131159/ad72a3772377/checkpoints/epoch=52-step=16377.ckpt
15:11:01 | INFO  | atomic_chec~| [atomic_save] ✓ epoch=52-step=16377.ckpt saved (206.8 MiB, serialise=0.35s write=0.32s rename=0.1ms)
15:11:01 | INFO  | checkpoint_~|   Checking for non PyTorch modules to save
15:11:01 | INFO  | atomic_chec~| [atomic_save] → /data1/likun-share/junjxu/.cache_stable-pretraining/runs/20260722/131159/ad72a3772377/checkpoints/last.ckpt
15:11:02 | INFO  | atomic_chec~| [atomic_save] ✓ last.ckpt saved (206.8 MiB, serialise=0.36s write=0.33s rename=44.3ms)
[Epoch 53/60] step 50/309 (2.5 it/s)
[Epoch 53/60] step 100/309 (2.7 it/s)
[Epoch 53/60] step 150/309 (2.7 it/s)
[Epoch 53/60] step 200/309 (2.8 it/s)
[Epoch 53/60] step 250/309 (2.8 it/s)
[Epoch 53/60] step 300/309 (2.9 it/s)
15:13:02 | INFO  | trainer_inf~| \n+--------------------------------+-----------------------+
|             Metric             |         Value         |
+--------------------------------+-----------------------+
|            [0;34;40mfit/loss[0m            |  [0;32;40m0.15182380378246307[0m  |
|         [0;34;40mfit/pred_loss[0m          |  [0;32;40m0.009257379919290543[0m |
|        [0;34;40mfit/sigreg_loss[0m         |       [0;32;40m1.4140625[0m       |
|      [0;34;40mfit/structured_loss[0m       |  [0;32;40m0.015613298863172531[0m |
|      [0;34;40mhardware/cpu_percent[0m      |   [0;32;40m53.900001525878906[0m  |
|    [0;34;40mhardware/disk_read_mb_s[0m     |          [0;32;40m0.0[0m          |
|    [0;34;40mhardware/disk_write_mb_s[0m    |   [0;32;40m60.58589172363281[0m   |
|     [0;34;40mhardware/net_recv_mb_s[0m     |   [0;32;40m120.27398681640625[0m  |
|     [0;34;40mhardware/net_sent_mb_s[0m     |   [0;32;40m1.6612428426742554[0m  |
|      [0;34;40mhardware/ram_used_gb[0m      |   [0;32;40m283.7293395996094[0m   |
|     [0;34;40mhardware/ram_used_pct[0m      |   [0;32;40m28.200000762939453[0m  |
|      [0;34;40mhparams/lr_default_0[0m      | [0;32;40m4.992672302250867e-07[0m |
|         [0;34;40mvalidate/loss[0m          |   [0;32;40m0.1957261711359024[0m  |
|      [0;34;40mvalidate/loss_epoch[0m       |   [0;32;40m0.1957261711359024[0m  |
|       [0;34;40mvalidate/pred_loss[0m       |  [0;32;40m0.005912544205784798[0m |
|    [0;34;40mvalidate/pred_loss_epoch[0m    |  [0;32;40m0.005912544205784798[0m |
|      [0;34;40mvalidate/sigreg_loss[0m      |   [0;32;40m2.024094820022583[0m   |
|   [0;34;40mvalidate/sigreg_loss_epoch[0m   |   [0;32;40m2.024094820022583[0m   |
|    [0;34;40mvalidate/structured_loss[0m    |  [0;32;40m0.007628561928868294[0m |
| [0;34;40mvalidate/structured_loss_epoch[0m |  [0;32;40m0.007628561928868294[0m |
+--------------------------------+-----------------------+
[Epoch 53/60] done in 120.5s
15:13:02 | INFO  | checkpoint_~|   Checking for non PyTorch modules to save
15:13:03 | INFO  | atomic_chec~| [atomic_save] → /data1/likun-share/junjxu/.cache_stable-pretraining/runs/20260722/131159/ad72a3772377/checkpoints/epoch=53-step=16686.ckpt
15:13:03 | INFO  | atomic_chec~| [atomic_save] ✓ epoch=53-step=16686.ckpt saved (206.8 MiB, serialise=0.34s write=0.28s rename=0.1ms)
15:13:03 | INFO  | checkpoint_~|   Checking for non PyTorch modules to save
15:13:03 | INFO  | atomic_chec~| [atomic_save] → /data1/likun-share/junjxu/.cache_stable-pretraining/runs/20260722/131159/ad72a3772377/checkpoints/last.ckpt
15:13:04 | INFO  | atomic_chec~| [atomic_save] ✓ last.ckpt saved (206.8 MiB, serialise=0.33s write=0.27s rename=29.6ms)
[Epoch 54/60] step 50/309 (2.5 it/s)
[Epoch 54/60] step 100/309 (2.7 it/s)
[Epoch 54/60] step 150/309 (2.8 it/s)
[Epoch 54/60] step 200/309 (2.8 it/s)
[Epoch 54/60] step 250/309 (2.8 it/s)
[Epoch 54/60] step 300/309 (2.8 it/s)
15:15:05 | INFO  | trainer_inf~| \n+--------------------------------+------------------------+
|             Metric             |         Value          |
+--------------------------------+------------------------+
|            [0;34;40mfit/loss[0m            |  [0;32;40m0.19366876780986786[0m   |
|         [0;34;40mfit/pred_loss[0m          |  [0;32;40m0.012892857193946838[0m  |
|        [0;34;40mfit/sigreg_loss[0m         |          [0;32;40m1.5[0m           |
|      [0;34;40mfit/structured_loss[0m       |  [0;32;40m0.04601028561592102[0m   |
|      [0;34;40mhardware/cpu_percent[0m      |   [0;32;40m53.20000076293945[0m    |
|    [0;34;40mhardware/disk_read_mb_s[0m     |          [0;32;40m0.0[0m           |
|    [0;34;40mhardware/disk_write_mb_s[0m    |   [0;32;40m27.167449951171875[0m   |
|     [0;34;40mhardware/net_recv_mb_s[0m     |   [0;32;40m120.21482849121094[0m   |
|     [0;34;40mhardware/net_sent_mb_s[0m     |   [0;32;40m1.6332427263259888[0m   |
|      [0;34;40mhardware/ram_used_gb[0m      |   [0;32;40m279.95648193359375[0m   |
|     [0;34;40mhardware/ram_used_pct[0m      |   [0;32;40m27.799999237060547[0m   |
|      [0;34;40mhparams/lr_default_0[0m      | [0;32;40m3.4760475386974576e-07[0m |
|         [0;34;40mvalidate/loss[0m          |  [0;32;40m0.19690671563148499[0m   |
|      [0;34;40mvalidate/loss_epoch[0m       |  [0;32;40m0.19690671563148499[0m   |
|       [0;34;40mvalidate/pred_loss[0m       |  [0;32;40m0.00603171531111002[0m   |
|    [0;34;40mvalidate/pred_loss_epoch[0m    |  [0;32;40m0.00603171531111002[0m   |
|      [0;34;40mvalidate/sigreg_loss[0m      |   [0;32;40m2.0399293899536133[0m   |
|   [0;34;40mvalidate/sigreg_loss_epoch[0m   |   [0;32;40m2.0399293899536133[0m   |
|    [0;34;40mvalidate/structured_loss[0m    | [0;32;40m0.0073023331351578236[0m  |
| [0;34;40mvalidate/structured_loss_epoch[0m | [0;32;40m0.0073023331351578236[0m  |
+--------------------------------+------------------------+
[Epoch 54/60] done in 121.7s
15:15:06 | INFO  | checkpoint_~|   Checking for non PyTorch modules to save
15:15:06 | INFO  | atomic_chec~| [atomic_save] → /data1/likun-share/junjxu/.cache_stable-pretraining/runs/20260722/131159/ad72a3772377/checkpoints/epoch=54-step=16995.ckpt
15:15:06 | INFO  | atomic_chec~| [atomic_save] ✓ epoch=54-step=16995.ckpt saved (206.8 MiB, serialise=0.32s write=0.28s rename=0.1ms)
15:15:06 | INFO  | checkpoint_~|   Checking for non PyTorch modules to save
15:15:06 | INFO  | atomic_chec~| [atomic_save] → /data1/likun-share/junjxu/.cache_stable-pretraining/runs/20260722/131159/ad72a3772377/checkpoints/last.ckpt
15:15:07 | INFO  | atomic_chec~| [atomic_save] ✓ last.ckpt saved (206.8 MiB, serialise=0.33s write=0.28s rename=27.9ms)
[Epoch 55/60] step 50/309 (2.3 it/s)
[Epoch 55/60] step 100/309 (2.5 it/s)
[Epoch 55/60] step 150/309 (2.6 it/s)
[Epoch 55/60] step 200/309 (2.7 it/s)
[Epoch 55/60] step 250/309 (2.7 it/s)
[Epoch 55/60] step 300/309 (2.8 it/s)
15:17:10 | INFO  | trainer_inf~| \n+--------------------------------+------------------------+
|             Metric             |         Value          |
+--------------------------------+------------------------+
|            [0;34;40mfit/loss[0m            |  [0;32;40m0.15949223935604095[0m   |
|         [0;34;40mfit/pred_loss[0m          |  [0;32;40m0.009582283906638622[0m  |
|        [0;34;40mfit/sigreg_loss[0m         |         [0;32;40m1.5625[0m         |
|      [0;34;40mfit/structured_loss[0m       |  [0;32;40m0.00928496103733778[0m   |
|      [0;34;40mhardware/cpu_percent[0m      |   [0;32;40m51.79999923706055[0m    |
|    [0;34;40mhardware/disk_read_mb_s[0m     |          [0;32;40m0.0[0m           |
|    [0;34;40mhardware/disk_write_mb_s[0m    |   [0;32;40m117.28086853027344[0m   |
|     [0;34;40mhardware/net_recv_mb_s[0m     |   [0;32;40m117.5840072631836[0m    |
|     [0;34;40mhardware/net_sent_mb_s[0m     |   [0;32;40m1.9700851440429688[0m   |
|      [0;34;40mhardware/ram_used_gb[0m      |   [0;32;40m276.3202209472656[0m    |
|     [0;34;40mhardware/ram_used_pct[0m      |   [0;32;40m27.399999618530273[0m   |
|      [0;34;40mhparams/lr_default_0[0m      | [0;32;40m2.2293467338840856e-07[0m |
|         [0;34;40mvalidate/loss[0m          |  [0;32;40m0.19482411444187164[0m   |
|      [0;34;40mvalidate/loss_epoch[0m       |  [0;32;40m0.19482411444187164[0m   |
|       [0;34;40mvalidate/pred_loss[0m       |  [0;32;40m0.005940099246799946[0m  |
|    [0;34;40mvalidate/pred_loss_epoch[0m    |  [0;32;40m0.005940099246799946[0m  |
|      [0;34;40mvalidate/sigreg_loss[0m      |   [0;32;40m2.0171384811401367[0m   |
|   [0;34;40mvalidate/sigreg_loss_epoch[0m   |   [0;32;40m2.0171384811401367[0m   |
|    [0;34;40mvalidate/structured_loss[0m    |  [0;32;40m0.007338847033679485[0m  |
| [0;34;40mvalidate/structured_loss_epoch[0m |  [0;32;40m0.007338847033679485[0m  |
+--------------------------------+------------------------+
[Epoch 55/60] done in 123.3s
15:17:10 | INFO  | checkpoint_~|   Checking for non PyTorch modules to save
15:17:10 | INFO  | atomic_chec~| [atomic_save] → /data1/likun-share/junjxu/.cache_stable-pretraining/runs/20260722/131159/ad72a3772377/checkpoints/epoch=55-step=17304.ckpt
15:17:11 | INFO  | atomic_chec~| [atomic_save] ✓ epoch=55-step=17304.ckpt saved (206.8 MiB, serialise=0.34s write=0.33s rename=0.1ms)
15:17:11 | INFO  | checkpoint_~|   Checking for non PyTorch modules to save
15:17:11 | INFO  | atomic_chec~| [atomic_save] → /data1/likun-share/junjxu/.cache_stable-pretraining/runs/20260722/131159/ad72a3772377/checkpoints/last.ckpt
15:17:12 | INFO  | atomic_chec~| [atomic_save] ✓ last.ckpt saved (206.8 MiB, serialise=0.36s write=0.29s rename=59.1ms)
[Epoch 56/60] step 50/309 (2.4 it/s)
[Epoch 56/60] step 100/309 (2.8 it/s)
[Epoch 56/60] step 150/309 (2.9 it/s)
[Epoch 56/60] step 200/309 (3.0 it/s)
[Epoch 56/60] step 250/309 (3.0 it/s)
[Epoch 56/60] step 300/309 (3.0 it/s)
15:19:07 | INFO  | trainer_inf~| \n+--------------------------------+------------------------+
|             Metric             |         Value          |
+--------------------------------+------------------------+
|            [0;34;40mfit/loss[0m            |   [0;32;40m0.1621871143579483[0m   |
|         [0;34;40mfit/pred_loss[0m          |  [0;32;40m0.01006283424794674[0m   |
|        [0;34;40mfit/sigreg_loss[0m         |        [0;32;40m1.546875[0m        |
|      [0;34;40mfit/structured_loss[0m       |  [0;32;40m0.012475844472646713[0m  |
|      [0;34;40mhardware/cpu_percent[0m      |   [0;32;40m49.70000076293945[0m    |
|    [0;34;40mhardware/disk_read_mb_s[0m     |  [0;32;40m0.000390424596844241[0m  |
|    [0;34;40mhardware/disk_write_mb_s[0m    |   [0;32;40m57.98234939575195[0m    |
|     [0;34;40mhardware/net_recv_mb_s[0m     |   [0;32;40m119.59190368652344[0m   |
|     [0;34;40mhardware/net_sent_mb_s[0m     |   [0;32;40m2.0764195919036865[0m   |
|      [0;34;40mhardware/ram_used_gb[0m      |    [0;32;40m275.868896484375[0m    |
|     [0;34;40mhardware/ram_used_pct[0m      |   [0;32;40m27.399999618530273[0m   |
|      [0;34;40mhparams/lr_default_0[0m      | [0;32;40m1.2560565210151253e-07[0m |
|         [0;34;40mvalidate/loss[0m          |  [0;32;40m0.19675402343273163[0m   |
|      [0;34;40mvalidate/loss_epoch[0m       |  [0;32;40m0.19675402343273163[0m   |
|       [0;34;40mvalidate/pred_loss[0m       |  [0;32;40m0.006021822802722454[0m  |
|    [0;34;40mvalidate/pred_loss_epoch[0m    |  [0;32;40m0.006021822802722454[0m  |
|      [0;34;40mvalidate/sigreg_loss[0m      |    [0;32;40m2.03908371925354[0m    |
|   [0;34;40mvalidate/sigreg_loss_epoch[0m   |    [0;32;40m2.03908371925354[0m    |
|    [0;34;40mvalidate/structured_loss[0m    |  [0;32;40m0.007203300483524799[0m  |
| [0;34;40mvalidate/structured_loss_epoch[0m |  [0;32;40m0.007203300483524799[0m  |
+--------------------------------+------------------------+
[Epoch 56/60] done in 115.4s
15:19:07 | INFO  | checkpoint_~|   Checking for non PyTorch modules to save
15:19:07 | INFO  | atomic_chec~| [atomic_save] → /data1/likun-share/junjxu/.cache_stable-pretraining/runs/20260722/131159/ad72a3772377/checkpoints/epoch=56-step=17613.ckpt
15:19:08 | INFO  | atomic_chec~| [atomic_save] ✓ epoch=56-step=17613.ckpt saved (206.8 MiB, serialise=0.33s write=0.28s rename=0.1ms)
15:19:08 | INFO  | checkpoint_~|   Checking for non PyTorch modules to save
15:19:08 | INFO  | atomic_chec~| [atomic_save] → /data1/likun-share/junjxu/.cache_stable-pretraining/runs/20260722/131159/ad72a3772377/checkpoints/last.ckpt
15:19:08 | INFO  | atomic_chec~| [atomic_save] ✓ last.ckpt saved (206.8 MiB, serialise=0.30s write=0.29s rename=41.8ms)
[Epoch 57/60] step 50/309 (2.4 it/s)
[Epoch 57/60] step 100/309 (2.7 it/s)
[Epoch 57/60] step 150/309 (2.8 it/s)
[Epoch 57/60] step 200/309 (2.8 it/s)
[Epoch 57/60] step 250/309 (2.9 it/s)
[Epoch 57/60] step 300/309 (2.9 it/s)
15:21:08 | INFO  | trainer_inf~| \n+--------------------------------+------------------------+
|             Metric             |         Value          |
+--------------------------------+------------------------+
|            [0;34;40mfit/loss[0m            |  [0;32;40m0.18694883584976196[0m   |
|         [0;34;40mfit/pred_loss[0m          |  [0;32;40m0.013197176158428192[0m  |
|        [0;34;40mfit/sigreg_loss[0m         |        [0;32;40m1.421875[0m        |
|      [0;34;40mfit/structured_loss[0m       |  [0;32;40m0.04582197219133377[0m   |
|      [0;34;40mhardware/cpu_percent[0m      |   [0;32;40m48.900001525878906[0m   |
|    [0;34;40mhardware/disk_read_mb_s[0m     | [0;32;40m0.00039045297307893634[0m |
|    [0;34;40mhardware/disk_write_mb_s[0m    |   [0;32;40m53.58576583862305[0m    |
|     [0;34;40mhardware/net_recv_mb_s[0m     |   [0;32;40m118.73583221435547[0m   |
|     [0;34;40mhardware/net_sent_mb_s[0m     |   [0;32;40m1.9045714139938354[0m   |
|      [0;34;40mhardware/ram_used_gb[0m      |    [0;32;40m274.266357421875[0m    |
|     [0;34;40mhardware/ram_used_pct[0m      |   [0;32;40m27.200000762939453[0m   |
|      [0;34;40mhparams/lr_default_0[0m      | [0;32;40m5.5889852745849566e-08[0m |
|         [0;34;40mvalidate/loss[0m          |  [0;32;40m0.19487185776233673[0m   |
|      [0;34;40mvalidate/loss_epoch[0m       |  [0;32;40m0.19487185776233673[0m   |
|       [0;34;40mvalidate/pred_loss[0m       |  [0;32;40m0.006100503262132406[0m  |
|    [0;34;40mvalidate/pred_loss_epoch[0m    |  [0;32;40m0.006100503262132406[0m  |
|      [0;34;40mvalidate/sigreg_loss[0m      |   [0;32;40m2.0157458782196045[0m   |
|   [0;34;40mvalidate/sigreg_loss_epoch[0m   |   [0;32;40m2.0157458782196045[0m   |
|    [0;34;40mvalidate/structured_loss[0m    |  [0;32;40m0.007283738348633051[0m  |
| [0;34;40mvalidate/structured_loss_epoch[0m |  [0;32;40m0.007283738348633051[0m  |
+--------------------------------+------------------------+
[Epoch 57/60] done in 119.5s
15:21:08 | INFO  | checkpoint_~|   Checking for non PyTorch modules to save
15:21:08 | INFO  | atomic_chec~| [atomic_save] → /data1/likun-share/junjxu/.cache_stable-pretraining/runs/20260722/131159/ad72a3772377/checkpoints/epoch=57-step=17922.ckpt
15:21:09 | INFO  | atomic_chec~| [atomic_save] ✓ epoch=57-step=17922.ckpt saved (206.8 MiB, serialise=0.30s write=0.40s rename=0.0ms)
15:21:09 | INFO  | checkpoint_~|   Checking for non PyTorch modules to save
15:21:09 | INFO  | atomic_chec~| [atomic_save] → /data1/likun-share/junjxu/.cache_stable-pretraining/runs/20260722/131159/ad72a3772377/checkpoints/last.ckpt
15:21:09 | INFO  | atomic_chec~| [atomic_save] ✓ last.ckpt saved (206.8 MiB, serialise=0.30s write=0.29s rename=34.8ms)
[Epoch 58/60] step 50/309 (2.6 it/s)
[Epoch 58/60] step 100/309 (2.7 it/s)
[Epoch 58/60] step 150/309 (2.8 it/s)
[Epoch 58/60] step 200/309 (2.9 it/s)
[Epoch 58/60] step 250/309 (2.9 it/s)
[Epoch 58/60] step 300/309 (2.9 it/s)
15:23:08 | INFO  | trainer_inf~| \n+--------------------------------+------------------------+
|             Metric             |         Value          |
+--------------------------------+------------------------+
|            [0;34;40mfit/loss[0m            |  [0;32;40m0.17351654171943665[0m   |
|         [0;34;40mfit/pred_loss[0m          |  [0;32;40m0.010761524550616741[0m  |
|        [0;34;40mfit/sigreg_loss[0m         |        [0;32;40m1.53125[0m         |
|      [0;34;40mfit/structured_loss[0m       |  [0;32;40m0.02505970373749733[0m   |
|      [0;34;40mhardware/cpu_percent[0m      |          [0;32;40m48.0[0m          |
|    [0;34;40mhardware/disk_read_mb_s[0m     |          [0;32;40m0.0[0m           |
|    [0;34;40mhardware/disk_write_mb_s[0m    |   [0;32;40m31.73400115966797[0m    |
|     [0;34;40mhardware/net_recv_mb_s[0m     |   [0;32;40m119.39630889892578[0m   |
|     [0;34;40mhardware/net_sent_mb_s[0m     |   [0;32;40m1.9148415327072144[0m   |
|      [0;34;40mhardware/ram_used_gb[0m      |   [0;32;40m271.8806457519531[0m    |
|     [0;34;40mhardware/ram_used_pct[0m      |          [0;32;40m27.0[0m          |
|      [0;34;40mhparams/lr_default_0[0m      | [0;32;40m1.3982238478149611e-08[0m |
|         [0;34;40mvalidate/loss[0m          |   [0;32;40m0.193686380982399[0m    |
|      [0;34;40mvalidate/loss_epoch[0m       |   [0;32;40m0.193686380982399[0m    |
|       [0;34;40mvalidate/pred_loss[0m       | [0;32;40m0.0060517145320773125[0m  |
|    [0;34;40mvalidate/pred_loss_epoch[0m    | [0;32;40m0.0060517145320773125[0m  |
|      [0;34;40mvalidate/sigreg_loss[0m      |   [0;32;40m1.9996660947799683[0m   |
|   [0;34;40mvalidate/sigreg_loss_epoch[0m   |   [0;32;40m1.9996660947799683[0m   |
|    [0;34;40mvalidate/structured_loss[0m    |  [0;32;40m0.007578360382467508[0m  |
| [0;34;40mvalidate/structured_loss_epoch[0m |  [0;32;40m0.007578360382467508[0m  |
+--------------------------------+------------------------+
[Epoch 58/60] done in 118.6s
15:23:08 | INFO  | checkpoint_~|   Checking for non PyTorch modules to save
15:23:08 | INFO  | atomic_chec~| [atomic_save] → /data1/likun-share/junjxu/.cache_stable-pretraining/runs/20260722/131159/ad72a3772377/checkpoints/epoch=58-step=18231.ckpt
15:23:08 | INFO  | atomic_chec~| [atomic_save] ✓ epoch=58-step=18231.ckpt saved (206.8 MiB, serialise=0.31s write=0.29s rename=0.1ms)
15:23:09 | INFO  | checkpoint_~|   Checking for non PyTorch modules to save
15:23:09 | INFO  | atomic_chec~| [atomic_save] → /data1/likun-share/junjxu/.cache_stable-pretraining/runs/20260722/131159/ad72a3772377/checkpoints/last.ckpt
15:23:09 | INFO  | atomic_chec~| [atomic_save] ✓ last.ckpt saved (206.8 MiB, serialise=0.33s write=0.30s rename=32.9ms)
[Epoch 59/60] step 50/309 (2.6 it/s)
[Epoch 59/60] step 100/309 (2.8 it/s)
[Epoch 59/60] step 150/309 (2.9 it/s)
[Epoch 59/60] step 200/309 (3.0 it/s)
[Epoch 59/60] step 250/309 (3.0 it/s)
[Epoch 59/60] step 300/309 (3.0 it/s)
15:25:02 | INFO  | trainer_inf~| \n+--------------------------------+----------------------+
|             Metric             |        Value         |
+--------------------------------+----------------------+
|            [0;34;40mfit/loss[0m            | [0;32;40m0.15907922387123108[0m  |
|         [0;34;40mfit/pred_loss[0m          | [0;32;40m0.013799714855849743[0m |
|        [0;34;40mfit/sigreg_loss[0m         |      [0;32;40m1.4453125[0m       |
|      [0;34;40mfit/structured_loss[0m       | [0;32;40m0.015396703965961933[0m |
|      [0;34;40mhardware/cpu_percent[0m      |  [0;32;40m48.900001525878906[0m  |
|    [0;34;40mhardware/disk_read_mb_s[0m     |  [0;32;40m1.5920723676681519[0m  |
|    [0;34;40mhardware/disk_write_mb_s[0m    |  [0;32;40m10.484169960021973[0m  |
|     [0;34;40mhardware/net_recv_mb_s[0m     |  [0;32;40m120.92530822753906[0m  |
|     [0;34;40mhardware/net_sent_mb_s[0m     |  [0;32;40m2.0332062244415283[0m  |
|      [0;34;40mhardware/ram_used_gb[0m      |  [0;32;40m245.60610961914062[0m  |
|     [0;34;40mhardware/ram_used_pct[0m      |  [0;32;40m24.399999618530273[0m  |
|      [0;34;40mhparams/lr_default_0[0m      |         [0;32;40m0.0[0m          |
|         [0;34;40mvalidate/loss[0m          | [0;32;40m0.19774603843688965[0m  |
|      [0;34;40mvalidate/loss_epoch[0m       | [0;32;40m0.19774603843688965[0m  |
|       [0;34;40mvalidate/pred_loss[0m       | [0;32;40m0.006017023231834173[0m |
|    [0;34;40mvalidate/pred_loss_epoch[0m    | [0;32;40m0.006017023231834173[0m |
|      [0;34;40mvalidate/sigreg_loss[0m      |  [0;32;40m2.0352468490600586[0m  |
|   [0;34;40mvalidate/sigreg_loss_epoch[0m   |  [0;32;40m2.0352468490600586[0m  |
|    [0;34;40mvalidate/structured_loss[0m    | [0;32;40m0.008545582182705402[0m |
| [0;34;40mvalidate/structured_loss_epoch[0m | [0;32;40m0.008545582182705402[0m |
+--------------------------------+----------------------+
[Epoch 59/60] done in 112.9s
15:25:02 | INFO  | checkpoint_~|   Checking for non PyTorch modules to save
15:25:02 | INFO  | atomic_chec~| [atomic_save] → /data1/likun-share/junjxu/.cache_stable-pretraining/runs/20260722/131159/ad72a3772377/checkpoints/epoch=59-step=18540.ckpt
15:25:03 | INFO  | atomic_chec~| [atomic_save] ✓ epoch=59-step=18540.ckpt saved (206.8 MiB, serialise=0.33s write=0.29s rename=0.1ms)
15:25:03 | INFO  | checkpoint_~|   Checking for non PyTorch modules to save
15:25:03 | INFO  | atomic_chec~| [atomic_save] → /data1/likun-share/junjxu/.cache_stable-pretraining/runs/20260722/131159/ad72a3772377/checkpoints/last.ckpt
15:25:03 | INFO  | atomic_chec~| [atomic_save] ✓ last.ckpt saved (206.8 MiB, serialise=0.31s write=0.29s rename=33.1ms)
`Trainer.fit` stopped: `max_epochs=60` reached.
Epoch 59/59 ━━━━━━━━━━━━━━━━━━━━━━━━━━━━━━━ 309/309 0:01:41 • 0:00:00 3.22it/s 
15:25:04 | INFO  | utils.py    | ── SignalHandlers (after Trainer.fit() returned) ──
15:25:04 | INFO  | manager.py  |   SIGUSR1  → SIG_DFL (default OS action — terminate process)
15:25:04 | INFO  | manager.py  |   SIGUSR2  → SIG_DFL (default OS action — terminate process)
15:25:04 | INFO  | manager.py  |   SIGCONT  → SIG_DFL (default OS action — terminate process)
15:25:04 | INFO  | manager.py  |   SIGTERM  → SIG_DFL (default OS action — terminate process)
[W722 15:25:06.518197449 AllocatorConfig.cpp:28] Warning: PYTORCH_CUDA_ALLOC_CONF is deprecated, use PYTORCH_ALLOC_CONF instead (function operator())
